<annotation>
	<folder>my-project-name</folder>
	<filename>sp01_img08.jpg</filename>
	<path>/my-project-name/sp01_img08.jpg</path>
	<source>
		<database>Unspecified</database>
	</source>
	<size>
		<width>2969</width>
		<height>2965</height>
		<depth>3</depth>
	</size>
	<object>
		<name>sp01</name>
		<pose>Unspecified</pose>
		<truncated>0</truncated>
		<difficult>0</difficult>
		<bndbox>
			<xmin>1260</xmin>
			<ymin>364</ymin>
			<xmax>1415</xmax>
			<ymax>505</ymax>
		</bndbox>
	</object>
	<object>
		<name>sp01</name>
		<pose>Unspecified</pose>
		<truncated>0</truncated>
		<difficult>0</difficult>
		<bndbox>
			<xmin>1280</xmin>
			<ymin>888</ymin>
			<xmax>1400</xmax>
			<ymax>1029</ymax>
		</bndbox>
	</object>
	<object>
		<name>sp01</name>
		<pose>Unspecified</pose>
		<truncated>0</truncated>
		<difficult>0</difficult>
		<bndbox>
			<xmin>2036</xmin>
			<ymin>799</ymin>
			<xmax>2166</xmax>
			<ymax>925</ymax>
		</bndbox>
	</object>
	<object>
		<name>sp01</name>
		<pose>Unspecified</pose>
		<truncated>0</truncated>
		<difficult>0</difficult>
		<bndbox>
			<xmin>1895</xmin>
			<ymin>947</ymin>
			<xmax>1971</xmax>
			<ymax>1025</ymax>
		</bndbox>
	</object>
	<object>
		<name>sp01</name>
		<pose>Unspecified</pose>
		<truncated>0</truncated>
		<difficult>0</difficult>
		<bndbox>
			<xmin>1846</xmin>
			<ymin>923</ymin>
			<xmax>1906</xmax>
			<ymax>1009</ymax>
		</bndbox>
	</object>
	<object>
		<name>sp01</name>
		<pose>Unspecified</pose>
		<truncated>0</truncated>
		<difficult>0</difficult>
		<bndbox>
			<xmin>1809</xmin>
			<ymin>725</ymin>
			<xmax>1949</xmax>
			<ymax>865</ymax>
		</bndbox>
	</object>
	<object>
		<name>sp01</name>
		<pose>Unspecified</pose>
		<truncated>0</truncated>
		<difficult>0</difficult>
		<bndbox>
			<xmin>1720</xmin>
			<ymin>903</ymin>
			<xmax>1825</xmax>
			<ymax>1000</ymax>
		</bndbox>
	</object>
	<object>
		<name>sp01</name>
		<pose>Unspecified</pose>
		<truncated>0</truncated>
		<difficult>0</difficult>
		<bndbox>
			<xmin>1708</xmin>
			<ymin>1050</ymin>
			<xmax>1809</xmax>
			<ymax>1140</ymax>
		</bndbox>
	</object>
	<object>
		<name>sp01</name>
		<pose>Unspecified</pose>
		<truncated>0</truncated>
		<difficult>0</difficult>
		<bndbox>
			<xmin>1631</xmin>
			<ymin>982</ymin>
			<xmax>1751</xmax>
			<ymax>1078</ymax>
		</bndbox>
	</object>
	<object>
		<name>sp01</name>
		<pose>Unspecified</pose>
		<truncated>0</truncated>
		<difficult>0</difficult>
		<bndbox>
			<xmin>1463</xmin>
			<ymin>967</ymin>
			<xmax>1573</xmax>
			<ymax>1063</ymax>
		</bndbox>
	</object>
	<object>
		<name>sp01</name>
		<pose>Unspecified</pose>
		<truncated>0</truncated>
		<difficult>0</difficult>
		<bndbox>
			<xmin>1468</xmin>
			<ymin>1041</ymin>
			<xmax>1578</xmax>
			<ymax>1122</ymax>
		</bndbox>
	</object>
	<object>
		<name>sp01</name>
		<pose>Unspecified</pose>
		<truncated>0</truncated>
		<difficult>0</difficult>
		<bndbox>
			<xmin>1497</xmin>
			<ymin>1091</ymin>
			<xmax>1603</xmax>
			<ymax>1162</ymax>
		</bndbox>
	</object>
	<object>
		<name>sp01</name>
		<pose>Unspecified</pose>
		<truncated>0</truncated>
		<difficult>0</difficult>
		<bndbox>
			<xmin>1616</xmin>
			<ymin>1190</ymin>
			<xmax>1702</xmax>
			<ymax>1276</ymax>
		</bndbox>
	</object>
	<object>
		<name>sp01</name>
		<pose>Unspecified</pose>
		<truncated>0</truncated>
		<difficult>0</difficult>
		<bndbox>
			<xmin>1389</xmin>
			<ymin>1190</ymin>
			<xmax>1479</xmax>
			<ymax>1295</ymax>
		</bndbox>
	</object>
	<object>
		<name>sp01</name>
		<pose>Unspecified</pose>
		<truncated>0</truncated>
		<difficult>0</difficult>
		<bndbox>
			<xmin>1191</xmin>
			<ymin>1022</ymin>
			<xmax>1316</xmax>
			<ymax>1132</ymax>
		</bndbox>
	</object>
	<object>
		<name>sp01</name>
		<pose>Unspecified</pose>
		<truncated>0</truncated>
		<difficult>0</difficult>
		<bndbox>
			<xmin>974</xmin>
			<ymin>1175</ymin>
			<xmax>1119</xmax>
			<ymax>1300</ymax>
		</bndbox>
	</object>
	<object>
		<name>sp01</name>
		<pose>Unspecified</pose>
		<truncated>0</truncated>
		<difficult>0</difficult>
		<bndbox>
			<xmin>460</xmin>
			<ymin>705</ymin>
			<xmax>595</xmax>
			<ymax>831</ymax>
		</bndbox>
	</object>
	<object>
		<name>sp01</name>
		<pose>Unspecified</pose>
		<truncated>0</truncated>
		<difficult>0</difficult>
		<bndbox>
			<xmin>287</xmin>
			<ymin>829</ymin>
			<xmax>392</xmax>
			<ymax>969</ymax>
		</bndbox>
	</object>
	<object>
		<name>sp01</name>
		<pose>Unspecified</pose>
		<truncated>0</truncated>
		<difficult>0</difficult>
		<bndbox>
			<xmin>1542</xmin>
			<ymin>1348</ymin>
			<xmax>1657</xmax>
			<ymax>1468</ymax>
		</bndbox>
	</object>
	<object>
		<name>sp01</name>
		<pose>Unspecified</pose>
		<truncated>0</truncated>
		<difficult>0</difficult>
		<bndbox>
			<xmin>1384</xmin>
			<ymin>1402</ymin>
			<xmax>1524</xmax>
			<ymax>1537</ymax>
		</bndbox>
	</object>
	<object>
		<name>sp01</name>
		<pose>Unspecified</pose>
		<truncated>0</truncated>
		<difficult>0</difficult>
		<bndbox>
			<xmin>1809</xmin>
			<ymin>1521</ymin>
			<xmax>1929</xmax>
			<ymax>1641</ymax>
		</bndbox>
	</object>
	<object>
		<name>sp01</name>
		<pose>Unspecified</pose>
		<truncated>0</truncated>
		<difficult>0</difficult>
		<bndbox>
			<xmin>1641</xmin>
			<ymin>1555</ymin>
			<xmax>1776</xmax>
			<ymax>1666</ymax>
		</bndbox>
	</object>
	<object>
		<name>sp01</name>
		<pose>Unspecified</pose>
		<truncated>0</truncated>
		<difficult>0</difficult>
		<bndbox>
			<xmin>1947</xmin>
			<ymin>1610</ymin>
			<xmax>2082</xmax>
			<ymax>1696</ymax>
		</bndbox>
	</object>
	<object>
		<name>sp01</name>
		<pose>Unspecified</pose>
		<truncated>0</truncated>
		<difficult>0</difficult>
		<bndbox>
			<xmin>1858</xmin>
			<ymin>1624</ymin>
			<xmax>1974</xmax>
			<ymax>1735</ymax>
		</bndbox>
	</object>
	<object>
		<name>sp01</name>
		<pose>Unspecified</pose>
		<truncated>0</truncated>
		<difficult>0</difficult>
		<bndbox>
			<xmin>1907</xmin>
			<ymin>1694</ymin>
			<xmax>2028</xmax>
			<ymax>1814</ymax>
		</bndbox>
	</object>
	<object>
		<name>sp01</name>
		<pose>Unspecified</pose>
		<truncated>0</truncated>
		<difficult>0</difficult>
		<bndbox>
			<xmin>1710</xmin>
			<ymin>1728</ymin>
			<xmax>1825</xmax>
			<ymax>1839</ymax>
		</bndbox>
	</object>
	<object>
		<name>sp01</name>
		<pose>Unspecified</pose>
		<truncated>0</truncated>
		<difficult>0</difficult>
		<bndbox>
			<xmin>1596</xmin>
			<ymin>1694</ymin>
			<xmax>1717</xmax>
			<ymax>1829</ymax>
		</bndbox>
	</object>
	<object>
		<name>sp01</name>
		<pose>Unspecified</pose>
		<truncated>0</truncated>
		<difficult>0</difficult>
		<bndbox>
			<xmin>1675</xmin>
			<ymin>1931</ymin>
			<xmax>1815</xmax>
			<ymax>2061</ymax>
		</bndbox>
	</object>
	<object>
		<name>sp01</name>
		<pose>Unspecified</pose>
		<truncated>0</truncated>
		<difficult>0</difficult>
		<bndbox>
			<xmin>1715</xmin>
			<ymin>2163</ymin>
			<xmax>1830</xmax>
			<ymax>2274</ymax>
		</bndbox>
	</object>
	<object>
		<name>sp01</name>
		<pose>Unspecified</pose>
		<truncated>0</truncated>
		<difficult>0</difficult>
		<bndbox>
			<xmin>1245</xmin>
			<ymin>1876</ymin>
			<xmax>1386</xmax>
			<ymax>1972</ymax>
		</bndbox>
	</object>
	<object>
		<name>sp01</name>
		<pose>Unspecified</pose>
		<truncated>0</truncated>
		<difficult>0</difficult>
		<bndbox>
			<xmin>1250</xmin>
			<ymin>1931</ymin>
			<xmax>1336</xmax>
			<ymax>2027</ymax>
		</bndbox>
	</object>
	<object>
		<name>sp01</name>
		<pose>Unspecified</pose>
		<truncated>0</truncated>
		<difficult>0</difficult>
		<bndbox>
			<xmin>1280</xmin>
			<ymin>1980</ymin>
			<xmax>1381</xmax>
			<ymax>2066</ymax>
		</bndbox>
	</object>
	<object>
		<name>sp01</name>
		<pose>Unspecified</pose>
		<truncated>0</truncated>
		<difficult>0</difficult>
		<bndbox>
			<xmin>1394</xmin>
			<ymin>2114</ymin>
			<xmax>1544</xmax>
			<ymax>2214</ymax>
		</bndbox>
	</object>
	<object>
		<name>sp01</name>
		<pose>Unspecified</pose>
		<truncated>0</truncated>
		<difficult>0</difficult>
		<bndbox>
			<xmin>1621</xmin>
			<ymin>2168</ymin>
			<xmax>1727</xmax>
			<ymax>2298</ymax>
		</bndbox>
	</object>
	<object>
		<name>sp01</name>
		<pose>Unspecified</pose>
		<truncated>0</truncated>
		<difficult>0</difficult>
		<bndbox>
			<xmin>1522</xmin>
			<ymin>2203</ymin>
			<xmax>1623</xmax>
			<ymax>2289</ymax>
		</bndbox>
	</object>
	<object>
		<name>sp01</name>
		<pose>Unspecified</pose>
		<truncated>0</truncated>
		<difficult>0</difficult>
		<bndbox>
			<xmin>1438</xmin>
			<ymin>2252</ymin>
			<xmax>1529</xmax>
			<ymax>2358</ymax>
		</bndbox>
	</object>
	<object>
		<name>sp01</name>
		<pose>Unspecified</pose>
		<truncated>0</truncated>
		<difficult>0</difficult>
		<bndbox>
			<xmin>1403</xmin>
			<ymin>2301</ymin>
			<xmax>1494</xmax>
			<ymax>2392</ymax>
		</bndbox>
	</object>
	<object>
		<name>sp01</name>
		<pose>Unspecified</pose>
		<truncated>0</truncated>
		<difficult>0</difficult>
		<bndbox>
			<xmin>1473</xmin>
			<ymin>2326</ymin>
			<xmax>1593</xmax>
			<ymax>2432</ymax>
		</bndbox>
	</object>
	<object>
		<name>sp01</name>
		<pose>Unspecified</pose>
		<truncated>0</truncated>
		<difficult>0</difficult>
		<bndbox>
			<xmin>1408</xmin>
			<ymin>2415</ymin>
			<xmax>1549</xmax>
			<ymax>2521</ymax>
		</bndbox>
	</object>
	<object>
		<name>sp01</name>
		<pose>Unspecified</pose>
		<truncated>0</truncated>
		<difficult>0</difficult>
		<bndbox>
			<xmin>1290</xmin>
			<ymin>2361</ymin>
			<xmax>1410</xmax>
			<ymax>2486</ymax>
		</bndbox>
	</object>
	<object>
		<name>sp01</name>
		<pose>Unspecified</pose>
		<truncated>0</truncated>
		<difficult>0</difficult>
		<bndbox>
			<xmin>1739</xmin>
			<ymin>2687</ymin>
			<xmax>1855</xmax>
			<ymax>2817</ymax>
		</bndbox>
	</object>
	<object>
		<name>sp01</name>
		<pose>Unspecified</pose>
		<truncated>0</truncated>
		<difficult>0</difficult>
		<bndbox>
			<xmin>1878</xmin>
			<ymin>2632</ymin>
			<xmax>2028</xmax>
			<ymax>2773</ymax>
		</bndbox>
	</object>
	<object>
		<name>sp01</name>
		<pose>Unspecified</pose>
		<truncated>0</truncated>
		<difficult>0</difficult>
		<bndbox>
			<xmin>1156</xmin>
			<ymin>2405</ymin>
			<xmax>1292</xmax>
			<ymax>2506</ymax>
		</bndbox>
	</object>
	<object>
		<name>sp01</name>
		<pose>Unspecified</pose>
		<truncated>0</truncated>
		<difficult>0</difficult>
		<bndbox>
			<xmin>1211</xmin>
			<ymin>2603</ymin>
			<xmax>1336</xmax>
			<ymax>2723</ymax>
		</bndbox>
	</object>
	<object>
		<name>sp01</name>
		<pose>Unspecified</pose>
		<truncated>0</truncated>
		<difficult>0</difficult>
		<bndbox>
			<xmin>1206</xmin>
			<ymin>2712</ymin>
			<xmax>1336</xmax>
			<ymax>2807</ymax>
		</bndbox>
	</object>
	<object>
		<name>sp01</name>
		<pose>Unspecified</pose>
		<truncated>0</truncated>
		<difficult>0</difficult>
		<bndbox>
			<xmin>1107</xmin>
			<ymin>2489</ymin>
			<xmax>1223</xmax>
			<ymax>2600</ymax>
		</bndbox>
	</object>
	<object>
		<name>sp01</name>
		<pose>Unspecified</pose>
		<truncated>0</truncated>
		<difficult>0</difficult>
		<bndbox>
			<xmin>1028</xmin>
			<ymin>2484</ymin>
			<xmax>1134</xmax>
			<ymax>2620</ymax>
		</bndbox>
	</object>
	<object>
		<name>sp01</name>
		<pose>Unspecified</pose>
		<truncated>0</truncated>
		<difficult>0</difficult>
		<bndbox>
			<xmin>1003</xmin>
			<ymin>2603</ymin>
			<xmax>1129</xmax>
			<ymax>2699</ymax>
		</bndbox>
	</object>
	<object>
		<name>sp01</name>
		<pose>Unspecified</pose>
		<truncated>0</truncated>
		<difficult>0</difficult>
		<bndbox>
			<xmin>726</xmin>
			<ymin>2504</ymin>
			<xmax>832</xmax>
			<ymax>2629</ymax>
		</bndbox>
	</object>
	<object>
		<name>sp01</name>
		<pose>Unspecified</pose>
		<truncated>0</truncated>
		<difficult>0</difficult>
		<bndbox>
			<xmin>628</xmin>
			<ymin>2519</ymin>
			<xmax>728</xmax>
			<ymax>2634</ymax>
		</bndbox>
	</object>
	<object>
		<name>sp01</name>
		<pose>Unspecified</pose>
		<truncated>0</truncated>
		<difficult>0</difficult>
		<bndbox>
			<xmin>143</xmin>
			<ymin>1733</ymin>
			<xmax>289</xmax>
			<ymax>1859</ymax>
		</bndbox>
	</object>
	<object>
		<name>sp01</name>
		<pose>Unspecified</pose>
		<truncated>0</truncated>
		<difficult>0</difficult>
		<bndbox>
			<xmin>94</xmin>
			<ymin>1461</ymin>
			<xmax>234</xmax>
			<ymax>1597</ymax>
		</bndbox>
	</object>
	<object>
		<name>sp01</name>
		<pose>Unspecified</pose>
		<truncated>0</truncated>
		<difficult>0</difficult>
		<bndbox>
			<xmin>119</xmin>
			<ymin>1318</ymin>
			<xmax>239</xmax>
			<ymax>1444</ymax>
		</bndbox>
	</object>
	<object>
		<name>sp01</name>
		<pose>Unspecified</pose>
		<truncated>0</truncated>
		<difficult>0</difficult>
		<bndbox>
			<xmin>2268</xmin>
			<ymin>2469</ymin>
			<xmax>2389</xmax>
			<ymax>2595</ymax>
		</bndbox>
	</object>
</annotation>