<annotation>
	<folder>my-project-name</folder>
	<filename>sp01_img03.jpg</filename>
	<path>/my-project-name/sp01_img03.jpg</path>
	<source>
		<database>Unspecified</database>
	</source>
	<size>
		<width>2867</width>
		<height>2879</height>
		<depth>3</depth>
	</size>
	<object>
		<name>sp01</name>
		<pose>Unspecified</pose>
		<truncated>0</truncated>
		<difficult>0</difficult>
		<bndbox>
			<xmin>1495</xmin>
			<ymin>653</ymin>
			<xmax>1654</xmax>
			<ymax>795</ymax>
		</bndbox>
	</object>
	<object>
		<name>sp01</name>
		<pose>Unspecified</pose>
		<truncated>0</truncated>
		<difficult>0</difficult>
		<bndbox>
			<xmin>1495</xmin>
			<ymin>869</ymin>
			<xmax>1663</xmax>
			<ymax>1030</ymax>
		</bndbox>
	</object>
	<object>
		<name>sp01</name>
		<pose>Unspecified</pose>
		<truncated>0</truncated>
		<difficult>0</difficult>
		<bndbox>
			<xmin>1512</xmin>
			<ymin>2159</ymin>
			<xmax>1657</xmax>
			<ymax>2301</ymax>
		</bndbox>
	</object>
	<object>
		<name>sp01</name>
		<pose>Unspecified</pose>
		<truncated>0</truncated>
		<difficult>0</difficult>
		<bndbox>
			<xmin>192</xmin>
			<ymin>1791</ymin>
			<xmax>344</xmax>
			<ymax>1914</ymax>
		</bndbox>
	</object>
	<object>
		<name>sp01</name>
		<pose>Unspecified</pose>
		<truncated>0</truncated>
		<difficult>0</difficult>
		<bndbox>
			<xmin>131</xmin>
			<ymin>1540</ymin>
			<xmax>247</xmax>
			<ymax>1656</ymax>
		</bndbox>
	</object>
</annotation>