<annotation>
	<folder>my-project-name</folder>
	<filename>sp01_img01.jpg</filename>
	<path>/my-project-name/sp01_img01.jpg</path>
	<source>
		<database>Unspecified</database>
	</source>
	<size>
		<width>3001</width>
		<height>2960</height>
		<depth>3</depth>
	</size>
	<object>
		<name>sp01</name>
		<pose>Unspecified</pose>
		<truncated>0</truncated>
		<difficult>0</difficult>
		<bndbox>
			<xmin>1316</xmin>
			<ymin>1600</ymin>
			<xmax>1461</xmax>
			<ymax>1715</ymax>
		</bndbox>
	</object>
	<object>
		<name>sp01</name>
		<pose>Unspecified</pose>
		<truncated>0</truncated>
		<difficult>0</difficult>
		<bndbox>
			<xmin>2601</xmin>
			<ymin>1970</ymin>
			<xmax>2751</xmax>
			<ymax>2086</ymax>
		</bndbox>
	</object>
	<object>
		<name>sp01</name>
		<pose>Unspecified</pose>
		<truncated>0</truncated>
		<difficult>0</difficult>
		<bndbox>
			<xmin>2032</xmin>
			<ymin>908</ymin>
			<xmax>2163</xmax>
			<ymax>1053</ymax>
		</bndbox>
	</object>
	<object>
		<name>sp01</name>
		<pose>Unspecified</pose>
		<truncated>0</truncated>
		<difficult>0</difficult>
		<bndbox>
			<xmin>1133</xmin>
			<ymin>532</ymin>
			<xmax>1283</xmax>
			<ymax>688</ymax>
		</bndbox>
	</object>
</annotation>