<annotation>
	<folder>my-project-name</folder>
	<filename>sp02_img09.jpg</filename>
	<path>/my-project-name/sp02_img09.jpg</path>
	<source>
		<database>Unspecified</database>
	</source>
	<size>
		<width>2737</width>
		<height>2729</height>
		<depth>3</depth>
	</size>
	<object>
		<name>sp02</name>
		<pose>Unspecified</pose>
		<truncated>0</truncated>
		<difficult>0</difficult>
		<bndbox>
			<xmin>861</xmin>
			<ymin>1038</ymin>
			<xmax>950</xmax>
			<ymax>1146</ymax>
		</bndbox>
	</object>
	<object>
		<name>sp02</name>
		<pose>Unspecified</pose>
		<truncated>0</truncated>
		<difficult>0</difficult>
		<bndbox>
			<xmin>826</xmin>
			<ymin>645</ymin>
			<xmax>911</xmax>
			<ymax>713</ymax>
		</bndbox>
	</object>
	<object>
		<name>sp02</name>
		<pose>Unspecified</pose>
		<truncated>0</truncated>
		<difficult>0</difficult>
		<bndbox>
			<xmin>815</xmin>
			<ymin>697</ymin>
			<xmax>896</xmax>
			<ymax>762</ymax>
		</bndbox>
	</object>
	<object>
		<name>sp02</name>
		<pose>Unspecified</pose>
		<truncated>0</truncated>
		<difficult>0</difficult>
		<bndbox>
			<xmin>865</xmin>
			<ymin>675</ymin>
			<xmax>931</xmax>
			<ymax>749</ymax>
		</bndbox>
	</object>
	<object>
		<name>sp02</name>
		<pose>Unspecified</pose>
		<truncated>0</truncated>
		<difficult>0</difficult>
		<bndbox>
			<xmin>913</xmin>
			<ymin>684</ymin>
			<xmax>990</xmax>
			<ymax>752</ymax>
		</bndbox>
	</object>
	<object>
		<name>sp02</name>
		<pose>Unspecified</pose>
		<truncated>0</truncated>
		<difficult>0</difficult>
		<bndbox>
			<xmin>903</xmin>
			<ymin>628</ymin>
			<xmax>989</xmax>
			<ymax>705</ymax>
		</bndbox>
	</object>
	<object>
		<name>sp02</name>
		<pose>Unspecified</pose>
		<truncated>0</truncated>
		<difficult>0</difficult>
		<bndbox>
			<xmin>1009</xmin>
			<ymin>622</ymin>
			<xmax>1109</xmax>
			<ymax>715</ymax>
		</bndbox>
	</object>
	<object>
		<name>sp02</name>
		<pose>Unspecified</pose>
		<truncated>0</truncated>
		<difficult>0</difficult>
		<bndbox>
			<xmin>992</xmin>
			<ymin>708</ymin>
			<xmax>1065</xmax>
			<ymax>781</ymax>
		</bndbox>
	</object>
	<object>
		<name>sp02</name>
		<pose>Unspecified</pose>
		<truncated>0</truncated>
		<difficult>0</difficult>
		<bndbox>
			<xmin>1088</xmin>
			<ymin>716</ymin>
			<xmax>1162</xmax>
			<ymax>788</ymax>
		</bndbox>
	</object>
	<object>
		<name>sp02</name>
		<pose>Unspecified</pose>
		<truncated>0</truncated>
		<difficult>0</difficult>
		<bndbox>
			<xmin>1105</xmin>
			<ymin>674</ymin>
			<xmax>1181</xmax>
			<ymax>753</ymax>
		</bndbox>
	</object>
	<object>
		<name>sp02</name>
		<pose>Unspecified</pose>
		<truncated>0</truncated>
		<difficult>0</difficult>
		<bndbox>
			<xmin>1165</xmin>
			<ymin>718</ymin>
			<xmax>1239</xmax>
			<ymax>784</ymax>
		</bndbox>
	</object>
	<object>
		<name>sp02</name>
		<pose>Unspecified</pose>
		<truncated>0</truncated>
		<difficult>0</difficult>
		<bndbox>
			<xmin>1224</xmin>
			<ymin>674</ymin>
			<xmax>1302</xmax>
			<ymax>755</ymax>
		</bndbox>
	</object>
	<object>
		<name>sp02</name>
		<pose>Unspecified</pose>
		<truncated>0</truncated>
		<difficult>0</difficult>
		<bndbox>
			<xmin>1271</xmin>
			<ymin>625</ymin>
			<xmax>1355</xmax>
			<ymax>713</ymax>
		</bndbox>
	</object>
	<object>
		<name>sp02</name>
		<pose>Unspecified</pose>
		<truncated>0</truncated>
		<difficult>0</difficult>
		<bndbox>
			<xmin>1366</xmin>
			<ymin>658</ymin>
			<xmax>1447</xmax>
			<ymax>749</ymax>
		</bndbox>
	</object>
	<object>
		<name>sp02</name>
		<pose>Unspecified</pose>
		<truncated>0</truncated>
		<difficult>0</difficult>
		<bndbox>
			<xmin>1324</xmin>
			<ymin>745</ymin>
			<xmax>1399</xmax>
			<ymax>820</ymax>
		</bndbox>
	</object>
	<object>
		<name>sp02</name>
		<pose>Unspecified</pose>
		<truncated>0</truncated>
		<difficult>0</difficult>
		<bndbox>
			<xmin>1285</xmin>
			<ymin>791</ymin>
			<xmax>1358</xmax>
			<ymax>863</ymax>
		</bndbox>
	</object>
	<object>
		<name>sp02</name>
		<pose>Unspecified</pose>
		<truncated>0</truncated>
		<difficult>0</difficult>
		<bndbox>
			<xmin>1203</xmin>
			<ymin>803</ymin>
			<xmax>1271</xmax>
			<ymax>867</ymax>
		</bndbox>
	</object>
	<object>
		<name>sp02</name>
		<pose>Unspecified</pose>
		<truncated>0</truncated>
		<difficult>0</difficult>
		<bndbox>
			<xmin>1193</xmin>
			<ymin>847</ymin>
			<xmax>1255</xmax>
			<ymax>905</ymax>
		</bndbox>
	</object>
	<object>
		<name>sp02</name>
		<pose>Unspecified</pose>
		<truncated>0</truncated>
		<difficult>0</difficult>
		<bndbox>
			<xmin>1170</xmin>
			<ymin>875</ymin>
			<xmax>1226</xmax>
			<ymax>937</ymax>
		</bndbox>
	</object>
	<object>
		<name>sp02</name>
		<pose>Unspecified</pose>
		<truncated>0</truncated>
		<difficult>0</difficult>
		<bndbox>
			<xmin>1141</xmin>
			<ymin>932</ymin>
			<xmax>1206</xmax>
			<ymax>997</ymax>
		</bndbox>
	</object>
	<object>
		<name>sp02</name>
		<pose>Unspecified</pose>
		<truncated>0</truncated>
		<difficult>0</difficult>
		<bndbox>
			<xmin>1097</xmin>
			<ymin>951</ymin>
			<xmax>1149</xmax>
			<ymax>1004</ymax>
		</bndbox>
	</object>
	<object>
		<name>sp02</name>
		<pose>Unspecified</pose>
		<truncated>0</truncated>
		<difficult>0</difficult>
		<bndbox>
			<xmin>1111</xmin>
			<ymin>910</ymin>
			<xmax>1168</xmax>
			<ymax>957</ymax>
		</bndbox>
	</object>
	<object>
		<name>sp02</name>
		<pose>Unspecified</pose>
		<truncated>0</truncated>
		<difficult>0</difficult>
		<bndbox>
			<xmin>1044</xmin>
			<ymin>947</ymin>
			<xmax>1107</xmax>
			<ymax>1005</ymax>
		</bndbox>
	</object>
	<object>
		<name>sp02</name>
		<pose>Unspecified</pose>
		<truncated>0</truncated>
		<difficult>0</difficult>
		<bndbox>
			<xmin>1048</xmin>
			<ymin>905</ymin>
			<xmax>1100</xmax>
			<ymax>950</ymax>
		</bndbox>
	</object>
	<object>
		<name>sp02</name>
		<pose>Unspecified</pose>
		<truncated>0</truncated>
		<difficult>0</difficult>
		<bndbox>
			<xmin>1076</xmin>
			<ymin>916</ymin>
			<xmax>1115</xmax>
			<ymax>965</ymax>
		</bndbox>
	</object>
	<object>
		<name>sp02</name>
		<pose>Unspecified</pose>
		<truncated>0</truncated>
		<difficult>0</difficult>
		<bndbox>
			<xmin>1095</xmin>
			<ymin>857</ymin>
			<xmax>1152</xmax>
			<ymax>914</ymax>
		</bndbox>
	</object>
	<object>
		<name>sp02</name>
		<pose>Unspecified</pose>
		<truncated>0</truncated>
		<difficult>0</difficult>
		<bndbox>
			<xmin>1145</xmin>
			<ymin>866</ymin>
			<xmax>1182</xmax>
			<ymax>916</ymax>
		</bndbox>
	</object>
	<object>
		<name>sp02</name>
		<pose>Unspecified</pose>
		<truncated>0</truncated>
		<difficult>0</difficult>
		<bndbox>
			<xmin>1135</xmin>
			<ymin>833</ymin>
			<xmax>1190</xmax>
			<ymax>870</ymax>
		</bndbox>
	</object>
	<object>
		<name>sp02</name>
		<pose>Unspecified</pose>
		<truncated>0</truncated>
		<difficult>0</difficult>
		<bndbox>
			<xmin>1137</xmin>
			<ymin>789</ymin>
			<xmax>1185</xmax>
			<ymax>856</ymax>
		</bndbox>
	</object>
	<object>
		<name>sp02</name>
		<pose>Unspecified</pose>
		<truncated>0</truncated>
		<difficult>0</difficult>
		<bndbox>
			<xmin>1098</xmin>
			<ymin>783</ymin>
			<xmax>1158</xmax>
			<ymax>852</ymax>
		</bndbox>
	</object>
	<object>
		<name>sp02</name>
		<pose>Unspecified</pose>
		<truncated>0</truncated>
		<difficult>0</difficult>
		<bndbox>
			<xmin>1035</xmin>
			<ymin>806</ymin>
			<xmax>1103</xmax>
			<ymax>871</ymax>
		</bndbox>
	</object>
	<object>
		<name>sp02</name>
		<pose>Unspecified</pose>
		<truncated>0</truncated>
		<difficult>0</difficult>
		<bndbox>
			<xmin>993</xmin>
			<ymin>829</ymin>
			<xmax>1056</xmax>
			<ymax>892</ymax>
		</bndbox>
	</object>
	<object>
		<name>sp02</name>
		<pose>Unspecified</pose>
		<truncated>0</truncated>
		<difficult>0</difficult>
		<bndbox>
			<xmin>1004</xmin>
			<ymin>878</ymin>
			<xmax>1064</xmax>
			<ymax>950</ymax>
		</bndbox>
	</object>
	<object>
		<name>sp02</name>
		<pose>Unspecified</pose>
		<truncated>0</truncated>
		<difficult>0</difficult>
		<bndbox>
			<xmin>977</xmin>
			<ymin>930</ymin>
			<xmax>1034</xmax>
			<ymax>973</ymax>
		</bndbox>
	</object>
	<object>
		<name>sp02</name>
		<pose>Unspecified</pose>
		<truncated>0</truncated>
		<difficult>0</difficult>
		<bndbox>
			<xmin>972</xmin>
			<ymin>898</ymin>
			<xmax>1028</xmax>
			<ymax>934</ymax>
		</bndbox>
	</object>
	<object>
		<name>sp02</name>
		<pose>Unspecified</pose>
		<truncated>0</truncated>
		<difficult>0</difficult>
		<bndbox>
			<xmin>961</xmin>
			<ymin>870</ymin>
			<xmax>1012</xmax>
			<ymax>907</ymax>
		</bndbox>
	</object>
	<object>
		<name>sp02</name>
		<pose>Unspecified</pose>
		<truncated>0</truncated>
		<difficult>0</difficult>
		<bndbox>
			<xmin>953</xmin>
			<ymin>828</ymin>
			<xmax>1007</xmax>
			<ymax>891</ymax>
		</bndbox>
	</object>
	<object>
		<name>sp02</name>
		<pose>Unspecified</pose>
		<truncated>0</truncated>
		<difficult>0</difficult>
		<bndbox>
			<xmin>938</xmin>
			<ymin>743</ymin>
			<xmax>996</xmax>
			<ymax>811</ymax>
		</bndbox>
	</object>
	<object>
		<name>sp02</name>
		<pose>Unspecified</pose>
		<truncated>0</truncated>
		<difficult>0</difficult>
		<bndbox>
			<xmin>882</xmin>
			<ymin>747</ymin>
			<xmax>948</xmax>
			<ymax>814</ymax>
		</bndbox>
	</object>
	<object>
		<name>sp02</name>
		<pose>Unspecified</pose>
		<truncated>0</truncated>
		<difficult>0</difficult>
		<bndbox>
			<xmin>918</xmin>
			<ymin>809</ymin>
			<xmax>966</xmax>
			<ymax>859</ymax>
		</bndbox>
	</object>
	<object>
		<name>sp02</name>
		<pose>Unspecified</pose>
		<truncated>0</truncated>
		<difficult>0</difficult>
		<bndbox>
			<xmin>910</xmin>
			<ymin>845</ymin>
			<xmax>969</xmax>
			<ymax>889</ymax>
		</bndbox>
	</object>
	<object>
		<name>sp02</name>
		<pose>Unspecified</pose>
		<truncated>0</truncated>
		<difficult>0</difficult>
		<bndbox>
			<xmin>864</xmin>
			<ymin>877</ymin>
			<xmax>927</xmax>
			<ymax>942</ymax>
		</bndbox>
	</object>
	<object>
		<name>sp02</name>
		<pose>Unspecified</pose>
		<truncated>0</truncated>
		<difficult>0</difficult>
		<bndbox>
			<xmin>923</xmin>
			<ymin>878</ymin>
			<xmax>975</xmax>
			<ymax>935</ymax>
		</bndbox>
	</object>
	<object>
		<name>sp02</name>
		<pose>Unspecified</pose>
		<truncated>0</truncated>
		<difficult>0</difficult>
		<bndbox>
			<xmin>913</xmin>
			<ymin>921</ymin>
			<xmax>974</xmax>
			<ymax>974</ymax>
		</bndbox>
	</object>
	<object>
		<name>sp02</name>
		<pose>Unspecified</pose>
		<truncated>0</truncated>
		<difficult>0</difficult>
		<bndbox>
			<xmin>928</xmin>
			<ymin>951</ymin>
			<xmax>995</xmax>
			<ymax>1014</ymax>
		</bndbox>
	</object>
	<object>
		<name>sp02</name>
		<pose>Unspecified</pose>
		<truncated>0</truncated>
		<difficult>0</difficult>
		<bndbox>
			<xmin>842</xmin>
			<ymin>939</ymin>
			<xmax>931</xmax>
			<ymax>1021</ymax>
		</bndbox>
	</object>
	<object>
		<name>sp02</name>
		<pose>Unspecified</pose>
		<truncated>0</truncated>
		<difficult>0</difficult>
		<bndbox>
			<xmin>790</xmin>
			<ymin>891</ymin>
			<xmax>882</xmax>
			<ymax>982</ymax>
		</bndbox>
	</object>
	<object>
		<name>sp02</name>
		<pose>Unspecified</pose>
		<truncated>0</truncated>
		<difficult>0</difficult>
		<bndbox>
			<xmin>823</xmin>
			<ymin>819</ymin>
			<xmax>898</xmax>
			<ymax>890</ymax>
		</bndbox>
	</object>
	<object>
		<name>sp02</name>
		<pose>Unspecified</pose>
		<truncated>0</truncated>
		<difficult>0</difficult>
		<bndbox>
			<xmin>846</xmin>
			<ymin>794</ymin>
			<xmax>918</xmax>
			<ymax>860</ymax>
		</bndbox>
	</object>
	<object>
		<name>sp02</name>
		<pose>Unspecified</pose>
		<truncated>0</truncated>
		<difficult>0</difficult>
		<bndbox>
			<xmin>676</xmin>
			<ymin>828</ymin>
			<xmax>792</xmax>
			<ymax>937</ymax>
		</bndbox>
	</object>
	<object>
		<name>sp02</name>
		<pose>Unspecified</pose>
		<truncated>0</truncated>
		<difficult>0</difficult>
		<bndbox>
			<xmin>953</xmin>
			<ymin>1136</ymin>
			<xmax>1056</xmax>
			<ymax>1228</ymax>
		</bndbox>
	</object>
	<object>
		<name>sp02</name>
		<pose>Unspecified</pose>
		<truncated>0</truncated>
		<difficult>0</difficult>
		<bndbox>
			<xmin>949</xmin>
			<ymin>1028</ymin>
			<xmax>1032</xmax>
			<ymax>1106</ymax>
		</bndbox>
	</object>
	<object>
		<name>sp02</name>
		<pose>Unspecified</pose>
		<truncated>0</truncated>
		<difficult>0</difficult>
		<bndbox>
			<xmin>1040</xmin>
			<ymin>1038</ymin>
			<xmax>1116</xmax>
			<ymax>1114</ymax>
		</bndbox>
	</object>
	<object>
		<name>sp02</name>
		<pose>Unspecified</pose>
		<truncated>0</truncated>
		<difficult>0</difficult>
		<bndbox>
			<xmin>995</xmin>
			<ymin>1064</ymin>
			<xmax>1066</xmax>
			<ymax>1131</ymax>
		</bndbox>
	</object>
	<object>
		<name>sp02</name>
		<pose>Unspecified</pose>
		<truncated>0</truncated>
		<difficult>0</difficult>
		<bndbox>
			<xmin>995</xmin>
			<ymin>1109</ymin>
			<xmax>1065</xmax>
			<ymax>1180</ymax>
		</bndbox>
	</object>
	<object>
		<name>sp02</name>
		<pose>Unspecified</pose>
		<truncated>0</truncated>
		<difficult>0</difficult>
		<bndbox>
			<xmin>1263</xmin>
			<ymin>876</ymin>
			<xmax>1321</xmax>
			<ymax>959</ymax>
		</bndbox>
	</object>
	<object>
		<name>sp02</name>
		<pose>Unspecified</pose>
		<truncated>0</truncated>
		<difficult>0</difficult>
		<bndbox>
			<xmin>1311</xmin>
			<ymin>890</ymin>
			<xmax>1340</xmax>
			<ymax>972</ymax>
		</bndbox>
	</object>
	<object>
		<name>sp02</name>
		<pose>Unspecified</pose>
		<truncated>0</truncated>
		<difficult>0</difficult>
		<bndbox>
			<xmin>1335</xmin>
			<ymin>894</ymin>
			<xmax>1381</xmax>
			<ymax>973</ymax>
		</bndbox>
	</object>
	<object>
		<name>sp02</name>
		<pose>Unspecified</pose>
		<truncated>0</truncated>
		<difficult>0</difficult>
		<bndbox>
			<xmin>1328</xmin>
			<ymin>943</ymin>
			<xmax>1408</xmax>
			<ymax>1013</ymax>
		</bndbox>
	</object>
	<object>
		<name>sp02</name>
		<pose>Unspecified</pose>
		<truncated>0</truncated>
		<difficult>0</difficult>
		<bndbox>
			<xmin>1376</xmin>
			<ymin>903</ymin>
			<xmax>1440</xmax>
			<ymax>963</ymax>
		</bndbox>
	</object>
	<object>
		<name>sp02</name>
		<pose>Unspecified</pose>
		<truncated>0</truncated>
		<difficult>0</difficult>
		<bndbox>
			<xmin>1362</xmin>
			<ymin>870</ymin>
			<xmax>1426</xmax>
			<ymax>920</ymax>
		</bndbox>
	</object>
	<object>
		<name>sp02</name>
		<pose>Unspecified</pose>
		<truncated>0</truncated>
		<difficult>0</difficult>
		<bndbox>
			<xmin>1419</xmin>
			<ymin>793</ymin>
			<xmax>1485</xmax>
			<ymax>871</ymax>
		</bndbox>
	</object>
	<object>
		<name>sp02</name>
		<pose>Unspecified</pose>
		<truncated>0</truncated>
		<difficult>0</difficult>
		<bndbox>
			<xmin>1396</xmin>
			<ymin>838</ymin>
			<xmax>1457</xmax>
			<ymax>906</ymax>
		</bndbox>
	</object>
	<object>
		<name>sp02</name>
		<pose>Unspecified</pose>
		<truncated>0</truncated>
		<difficult>0</difficult>
		<bndbox>
			<xmin>1439</xmin>
			<ymin>708</ymin>
			<xmax>1521</xmax>
			<ymax>792</ymax>
		</bndbox>
	</object>
	<object>
		<name>sp02</name>
		<pose>Unspecified</pose>
		<truncated>0</truncated>
		<difficult>0</difficult>
		<bndbox>
			<xmin>1494</xmin>
			<ymin>870</ymin>
			<xmax>1556</xmax>
			<ymax>950</ymax>
		</bndbox>
	</object>
	<object>
		<name>sp02</name>
		<pose>Unspecified</pose>
		<truncated>0</truncated>
		<difficult>0</difficult>
		<bndbox>
			<xmin>1442</xmin>
			<ymin>864</ymin>
			<xmax>1509</xmax>
			<ymax>951</ymax>
		</bndbox>
	</object>
	<object>
		<name>sp02</name>
		<pose>Unspecified</pose>
		<truncated>0</truncated>
		<difficult>0</difficult>
		<bndbox>
			<xmin>1568</xmin>
			<ymin>951</ymin>
			<xmax>1635</xmax>
			<ymax>1016</ymax>
		</bndbox>
	</object>
	<object>
		<name>sp02</name>
		<pose>Unspecified</pose>
		<truncated>0</truncated>
		<difficult>0</difficult>
		<bndbox>
			<xmin>1588</xmin>
			<ymin>816</ymin>
			<xmax>1677</xmax>
			<ymax>897</ymax>
		</bndbox>
	</object>
	<object>
		<name>sp02</name>
		<pose>Unspecified</pose>
		<truncated>0</truncated>
		<difficult>0</difficult>
		<bndbox>
			<xmin>1586</xmin>
			<ymin>753</ymin>
			<xmax>1663</xmax>
			<ymax>838</ymax>
		</bndbox>
	</object>
	<object>
		<name>sp02</name>
		<pose>Unspecified</pose>
		<truncated>0</truncated>
		<difficult>0</difficult>
		<bndbox>
			<xmin>1530</xmin>
			<ymin>744</ymin>
			<xmax>1599</xmax>
			<ymax>832</ymax>
		</bndbox>
	</object>
	<object>
		<name>sp02</name>
		<pose>Unspecified</pose>
		<truncated>0</truncated>
		<difficult>0</difficult>
		<bndbox>
			<xmin>1503</xmin>
			<ymin>790</ymin>
			<xmax>1576</xmax>
			<ymax>873</ymax>
		</bndbox>
	</object>
	<object>
		<name>sp02</name>
		<pose>Unspecified</pose>
		<truncated>0</truncated>
		<difficult>0</difficult>
		<bndbox>
			<xmin>1472</xmin>
			<ymin>805</ymin>
			<xmax>1524</xmax>
			<ymax>881</ymax>
		</bndbox>
	</object>
	<object>
		<name>sp02</name>
		<pose>Unspecified</pose>
		<truncated>0</truncated>
		<difficult>0</difficult>
		<bndbox>
			<xmin>1665</xmin>
			<ymin>679</ymin>
			<xmax>1770</xmax>
			<ymax>790</ymax>
		</bndbox>
	</object>
	<object>
		<name>sp02</name>
		<pose>Unspecified</pose>
		<truncated>0</truncated>
		<difficult>0</difficult>
		<bndbox>
			<xmin>1464</xmin>
			<ymin>1052</ymin>
			<xmax>1579</xmax>
			<ymax>1171</ymax>
		</bndbox>
	</object>
	<object>
		<name>sp02</name>
		<pose>Unspecified</pose>
		<truncated>0</truncated>
		<difficult>0</difficult>
		<bndbox>
			<xmin>1231</xmin>
			<ymin>1001</ymin>
			<xmax>1306</xmax>
			<ymax>1068</ymax>
		</bndbox>
	</object>
	<object>
		<name>sp02</name>
		<pose>Unspecified</pose>
		<truncated>0</truncated>
		<difficult>0</difficult>
		<bndbox>
			<xmin>1203</xmin>
			<ymin>1024</ymin>
			<xmax>1280</xmax>
			<ymax>1086</ymax>
		</bndbox>
	</object>
	<object>
		<name>sp02</name>
		<pose>Unspecified</pose>
		<truncated>0</truncated>
		<difficult>0</difficult>
		<bndbox>
			<xmin>1191</xmin>
			<ymin>1069</ymin>
			<xmax>1299</xmax>
			<ymax>1206</ymax>
		</bndbox>
	</object>
	<object>
		<name>sp02</name>
		<pose>Unspecified</pose>
		<truncated>0</truncated>
		<difficult>0</difficult>
		<bndbox>
			<xmin>1366</xmin>
			<ymin>1066</ymin>
			<xmax>1421</xmax>
			<ymax>1135</ymax>
		</bndbox>
	</object>
	<object>
		<name>sp02</name>
		<pose>Unspecified</pose>
		<truncated>0</truncated>
		<difficult>0</difficult>
		<bndbox>
			<xmin>1285</xmin>
			<ymin>1099</ymin>
			<xmax>1409</xmax>
			<ymax>1297</ymax>
		</bndbox>
	</object>
	<object>
		<name>sp02</name>
		<pose>Unspecified</pose>
		<truncated>0</truncated>
		<difficult>0</difficult>
		<bndbox>
			<xmin>1316</xmin>
			<ymin>1072</ymin>
			<xmax>1385</xmax>
			<ymax>1174</ymax>
		</bndbox>
	</object>
	<object>
		<name>sp02</name>
		<pose>Unspecified</pose>
		<truncated>0</truncated>
		<difficult>0</difficult>
		<bndbox>
			<xmin>1385</xmin>
			<ymin>1071</ymin>
			<xmax>1461</xmax>
			<ymax>1175</ymax>
		</bndbox>
	</object>
	<object>
		<name>sp02</name>
		<pose>Unspecified</pose>
		<truncated>0</truncated>
		<difficult>0</difficult>
		<bndbox>
			<xmin>836</xmin>
			<ymin>421</ymin>
			<xmax>960</xmax>
			<ymax>535</ymax>
		</bndbox>
	</object>
	<object>
		<name>sp02</name>
		<pose>Unspecified</pose>
		<truncated>0</truncated>
		<difficult>0</difficult>
		<bndbox>
			<xmin>1169</xmin>
			<ymin>299</ymin>
			<xmax>1283</xmax>
			<ymax>401</ymax>
		</bndbox>
	</object>
	<object>
		<name>sp02</name>
		<pose>Unspecified</pose>
		<truncated>0</truncated>
		<difficult>0</difficult>
		<bndbox>
			<xmin>1114</xmin>
			<ymin>519</ymin>
			<xmax>1226</xmax>
			<ymax>630</ymax>
		</bndbox>
	</object>
	<object>
		<name>sp02</name>
		<pose>Unspecified</pose>
		<truncated>0</truncated>
		<difficult>0</difficult>
		<bndbox>
			<xmin>1306</xmin>
			<ymin>482</ymin>
			<xmax>1392</xmax>
			<ymax>576</ymax>
		</bndbox>
	</object>
	<object>
		<name>sp02</name>
		<pose>Unspecified</pose>
		<truncated>0</truncated>
		<difficult>0</difficult>
		<bndbox>
			<xmin>1360</xmin>
			<ymin>472</ymin>
			<xmax>1431</xmax>
			<ymax>568</ymax>
		</bndbox>
	</object>
	<object>
		<name>sp02</name>
		<pose>Unspecified</pose>
		<truncated>0</truncated>
		<difficult>0</difficult>
		<bndbox>
			<xmin>1407</xmin>
			<ymin>493</ymin>
			<xmax>1499</xmax>
			<ymax>585</ymax>
		</bndbox>
	</object>
	<object>
		<name>sp02</name>
		<pose>Unspecified</pose>
		<truncated>0</truncated>
		<difficult>0</difficult>
		<bndbox>
			<xmin>1439</xmin>
			<ymin>440</ymin>
			<xmax>1526</xmax>
			<ymax>535</ymax>
		</bndbox>
	</object>
	<object>
		<name>sp02</name>
		<pose>Unspecified</pose>
		<truncated>0</truncated>
		<difficult>0</difficult>
		<bndbox>
			<xmin>1528</xmin>
			<ymin>468</ymin>
			<xmax>1625</xmax>
			<ymax>567</ymax>
		</bndbox>
	</object>
	<object>
		<name>sp02</name>
		<pose>Unspecified</pose>
		<truncated>0</truncated>
		<difficult>0</difficult>
		<bndbox>
			<xmin>1541</xmin>
			<ymin>539</ymin>
			<xmax>1632</xmax>
			<ymax>604</ymax>
		</bndbox>
	</object>
	<object>
		<name>sp02</name>
		<pose>Unspecified</pose>
		<truncated>0</truncated>
		<difficult>0</difficult>
		<bndbox>
			<xmin>1813</xmin>
			<ymin>354</ymin>
			<xmax>1948</xmax>
			<ymax>495</ymax>
		</bndbox>
	</object>
	<object>
		<name>sp02</name>
		<pose>Unspecified</pose>
		<truncated>0</truncated>
		<difficult>0</difficult>
		<bndbox>
			<xmin>1808</xmin>
			<ymin>557</ymin>
			<xmax>1923</xmax>
			<ymax>655</ymax>
		</bndbox>
	</object>
	<object>
		<name>sp02</name>
		<pose>Unspecified</pose>
		<truncated>0</truncated>
		<difficult>0</difficult>
		<bndbox>
			<xmin>1814</xmin>
			<ymin>624</ymin>
			<xmax>1929</xmax>
			<ymax>706</ymax>
		</bndbox>
	</object>
	<object>
		<name>sp02</name>
		<pose>Unspecified</pose>
		<truncated>0</truncated>
		<difficult>0</difficult>
		<bndbox>
			<xmin>1795</xmin>
			<ymin>656</ymin>
			<xmax>1904</xmax>
			<ymax>741</ymax>
		</bndbox>
	</object>
	<object>
		<name>sp02</name>
		<pose>Unspecified</pose>
		<truncated>0</truncated>
		<difficult>0</difficult>
		<bndbox>
			<xmin>2000</xmin>
			<ymin>597</ymin>
			<xmax>2133</xmax>
			<ymax>722</ymax>
		</bndbox>
	</object>
	<object>
		<name>sp02</name>
		<pose>Unspecified</pose>
		<truncated>0</truncated>
		<difficult>0</difficult>
		<bndbox>
			<xmin>1751</xmin>
			<ymin>1082</ymin>
			<xmax>1882</xmax>
			<ymax>1196</ymax>
		</bndbox>
	</object>
	<object>
		<name>sp02</name>
		<pose>Unspecified</pose>
		<truncated>0</truncated>
		<difficult>0</difficult>
		<bndbox>
			<xmin>1911</xmin>
			<ymin>1026</ymin>
			<xmax>2024</xmax>
			<ymax>1151</ymax>
		</bndbox>
	</object>
	<object>
		<name>sp02</name>
		<pose>Unspecified</pose>
		<truncated>0</truncated>
		<difficult>0</difficult>
		<bndbox>
			<xmin>2169</xmin>
			<ymin>907</ymin>
			<xmax>2294</xmax>
			<ymax>1033</ymax>
		</bndbox>
	</object>
	<object>
		<name>sp02</name>
		<pose>Unspecified</pose>
		<truncated>0</truncated>
		<difficult>0</difficult>
		<bndbox>
			<xmin>2199</xmin>
			<ymin>1044</ymin>
			<xmax>2307</xmax>
			<ymax>1151</ymax>
		</bndbox>
	</object>
	<object>
		<name>sp02</name>
		<pose>Unspecified</pose>
		<truncated>0</truncated>
		<difficult>0</difficult>
		<bndbox>
			<xmin>2095</xmin>
			<ymin>1068</ymin>
			<xmax>2194</xmax>
			<ymax>1178</ymax>
		</bndbox>
	</object>
	<object>
		<name>sp02</name>
		<pose>Unspecified</pose>
		<truncated>0</truncated>
		<difficult>0</difficult>
		<bndbox>
			<xmin>2074</xmin>
			<ymin>1148</ymin>
			<xmax>2172</xmax>
			<ymax>1258</ymax>
		</bndbox>
	</object>
	<object>
		<name>sp02</name>
		<pose>Unspecified</pose>
		<truncated>0</truncated>
		<difficult>0</difficult>
		<bndbox>
			<xmin>1978</xmin>
			<ymin>1253</ymin>
			<xmax>2078</xmax>
			<ymax>1341</ymax>
		</bndbox>
	</object>
	<object>
		<name>sp02</name>
		<pose>Unspecified</pose>
		<truncated>0</truncated>
		<difficult>0</difficult>
		<bndbox>
			<xmin>2243</xmin>
			<ymin>1203</ymin>
			<xmax>2316</xmax>
			<ymax>1268</ymax>
		</bndbox>
	</object>
	<object>
		<name>sp02</name>
		<pose>Unspecified</pose>
		<truncated>0</truncated>
		<difficult>0</difficult>
		<bndbox>
			<xmin>2183</xmin>
			<ymin>1261</ymin>
			<xmax>2273</xmax>
			<ymax>1363</ymax>
		</bndbox>
	</object>
	<object>
		<name>sp02</name>
		<pose>Unspecified</pose>
		<truncated>0</truncated>
		<difficult>0</difficult>
		<bndbox>
			<xmin>2265</xmin>
			<ymin>1242</ymin>
			<xmax>2359</xmax>
			<ymax>1342</ymax>
		</bndbox>
	</object>
	<object>
		<name>sp02</name>
		<pose>Unspecified</pose>
		<truncated>0</truncated>
		<difficult>0</difficult>
		<bndbox>
			<xmin>2228</xmin>
			<ymin>1307</ymin>
			<xmax>2337</xmax>
			<ymax>1396</ymax>
		</bndbox>
	</object>
	<object>
		<name>sp02</name>
		<pose>Unspecified</pose>
		<truncated>0</truncated>
		<difficult>0</difficult>
		<bndbox>
			<xmin>2312</xmin>
			<ymin>1281</ymin>
			<xmax>2421</xmax>
			<ymax>1387</ymax>
		</bndbox>
	</object>
	<object>
		<name>sp02</name>
		<pose>Unspecified</pose>
		<truncated>0</truncated>
		<difficult>0</difficult>
		<bndbox>
			<xmin>2288</xmin>
			<ymin>1378</ymin>
			<xmax>2391</xmax>
			<ymax>1467</ymax>
		</bndbox>
	</object>
	<object>
		<name>sp02</name>
		<pose>Unspecified</pose>
		<truncated>0</truncated>
		<difficult>0</difficult>
		<bndbox>
			<xmin>2278</xmin>
			<ymin>1525</ymin>
			<xmax>2403</xmax>
			<ymax>1633</ymax>
		</bndbox>
	</object>
	<object>
		<name>sp02</name>
		<pose>Unspecified</pose>
		<truncated>0</truncated>
		<difficult>0</difficult>
		<bndbox>
			<xmin>2341</xmin>
			<ymin>1477</ymin>
			<xmax>2447</xmax>
			<ymax>1579</ymax>
		</bndbox>
	</object>
	<object>
		<name>sp02</name>
		<pose>Unspecified</pose>
		<truncated>0</truncated>
		<difficult>0</difficult>
		<bndbox>
			<xmin>2250</xmin>
			<ymin>1739</ymin>
			<xmax>2372</xmax>
			<ymax>1856</ymax>
		</bndbox>
	</object>
	<object>
		<name>sp02</name>
		<pose>Unspecified</pose>
		<truncated>0</truncated>
		<difficult>0</difficult>
		<bndbox>
			<xmin>1807</xmin>
			<ymin>1647</ymin>
			<xmax>1919</xmax>
			<ymax>1726</ymax>
		</bndbox>
	</object>
	<object>
		<name>sp02</name>
		<pose>Unspecified</pose>
		<truncated>0</truncated>
		<difficult>0</difficult>
		<bndbox>
			<xmin>1802</xmin>
			<ymin>1597</ymin>
			<xmax>1887</xmax>
			<ymax>1697</ymax>
		</bndbox>
	</object>
	<object>
		<name>sp02</name>
		<pose>Unspecified</pose>
		<truncated>0</truncated>
		<difficult>0</difficult>
		<bndbox>
			<xmin>1747</xmin>
			<ymin>1584</ymin>
			<xmax>1831</xmax>
			<ymax>1697</ymax>
		</bndbox>
	</object>
	<object>
		<name>sp02</name>
		<pose>Unspecified</pose>
		<truncated>0</truncated>
		<difficult>0</difficult>
		<bndbox>
			<xmin>1696</xmin>
			<ymin>1562</ymin>
			<xmax>1777</xmax>
			<ymax>1660</ymax>
		</bndbox>
	</object>
	<object>
		<name>sp02</name>
		<pose>Unspecified</pose>
		<truncated>0</truncated>
		<difficult>0</difficult>
		<bndbox>
			<xmin>1730</xmin>
			<ymin>1784</ymin>
			<xmax>1847</xmax>
			<ymax>1878</ymax>
		</bndbox>
	</object>
	<object>
		<name>sp02</name>
		<pose>Unspecified</pose>
		<truncated>0</truncated>
		<difficult>0</difficult>
		<bndbox>
			<xmin>1730</xmin>
			<ymin>1713</ymin>
			<xmax>1827</xmax>
			<ymax>1792</ymax>
		</bndbox>
	</object>
	<object>
		<name>sp02</name>
		<pose>Unspecified</pose>
		<truncated>0</truncated>
		<difficult>0</difficult>
		<bndbox>
			<xmin>1673</xmin>
			<ymin>1682</ymin>
			<xmax>1749</xmax>
			<ymax>1771</ymax>
		</bndbox>
	</object>
	<object>
		<name>sp02</name>
		<pose>Unspecified</pose>
		<truncated>0</truncated>
		<difficult>0</difficult>
		<bndbox>
			<xmin>1638</xmin>
			<ymin>1647</ymin>
			<xmax>1713</xmax>
			<ymax>1711</ymax>
		</bndbox>
	</object>
	<object>
		<name>sp02</name>
		<pose>Unspecified</pose>
		<truncated>0</truncated>
		<difficult>0</difficult>
		<bndbox>
			<xmin>1616</xmin>
			<ymin>1590</ymin>
			<xmax>1706</xmax>
			<ymax>1671</ymax>
		</bndbox>
	</object>
	<object>
		<name>sp02</name>
		<pose>Unspecified</pose>
		<truncated>0</truncated>
		<difficult>0</difficult>
		<bndbox>
			<xmin>1567</xmin>
			<ymin>1564</ymin>
			<xmax>1645</xmax>
			<ymax>1665</ymax>
		</bndbox>
	</object>
	<object>
		<name>sp02</name>
		<pose>Unspecified</pose>
		<truncated>0</truncated>
		<difficult>0</difficult>
		<bndbox>
			<xmin>1505</xmin>
			<ymin>1571</ymin>
			<xmax>1592</xmax>
			<ymax>1666</ymax>
		</bndbox>
	</object>
	<object>
		<name>sp02</name>
		<pose>Unspecified</pose>
		<truncated>0</truncated>
		<difficult>0</difficult>
		<bndbox>
			<xmin>1480</xmin>
			<ymin>1615</ymin>
			<xmax>1553</xmax>
			<ymax>1687</ymax>
		</bndbox>
	</object>
	<object>
		<name>sp02</name>
		<pose>Unspecified</pose>
		<truncated>0</truncated>
		<difficult>0</difficult>
		<bndbox>
			<xmin>1557</xmin>
			<ymin>1676</ymin>
			<xmax>1628</xmax>
			<ymax>1749</ymax>
		</bndbox>
	</object>
	<object>
		<name>sp02</name>
		<pose>Unspecified</pose>
		<truncated>0</truncated>
		<difficult>0</difficult>
		<bndbox>
			<xmin>1600</xmin>
			<ymin>1736</ymin>
			<xmax>1658</xmax>
			<ymax>1816</ymax>
		</bndbox>
	</object>
	<object>
		<name>sp02</name>
		<pose>Unspecified</pose>
		<truncated>0</truncated>
		<difficult>0</difficult>
		<bndbox>
			<xmin>1557</xmin>
			<ymin>1733</ymin>
			<xmax>1618</xmax>
			<ymax>1814</ymax>
		</bndbox>
	</object>
	<object>
		<name>sp02</name>
		<pose>Unspecified</pose>
		<truncated>0</truncated>
		<difficult>0</difficult>
		<bndbox>
			<xmin>1518</xmin>
			<ymin>1740</ymin>
			<xmax>1582</xmax>
			<ymax>1815</ymax>
		</bndbox>
	</object>
	<object>
		<name>sp02</name>
		<pose>Unspecified</pose>
		<truncated>0</truncated>
		<difficult>0</difficult>
		<bndbox>
			<xmin>1580</xmin>
			<ymin>1825</ymin>
			<xmax>1682</xmax>
			<ymax>1925</ymax>
		</bndbox>
	</object>
	<object>
		<name>sp02</name>
		<pose>Unspecified</pose>
		<truncated>0</truncated>
		<difficult>0</difficult>
		<bndbox>
			<xmin>1483</xmin>
			<ymin>1847</ymin>
			<xmax>1564</xmax>
			<ymax>1909</ymax>
		</bndbox>
	</object>
	<object>
		<name>sp02</name>
		<pose>Unspecified</pose>
		<truncated>0</truncated>
		<difficult>0</difficult>
		<bndbox>
			<xmin>1514</xmin>
			<ymin>1806</ymin>
			<xmax>1575</xmax>
			<ymax>1873</ymax>
		</bndbox>
	</object>
	<object>
		<name>sp02</name>
		<pose>Unspecified</pose>
		<truncated>0</truncated>
		<difficult>0</difficult>
		<bndbox>
			<xmin>1469</xmin>
			<ymin>1796</ymin>
			<xmax>1532</xmax>
			<ymax>1859</ymax>
		</bndbox>
	</object>
	<object>
		<name>sp02</name>
		<pose>Unspecified</pose>
		<truncated>0</truncated>
		<difficult>0</difficult>
		<bndbox>
			<xmin>1414</xmin>
			<ymin>1838</ymin>
			<xmax>1489</xmax>
			<ymax>1899</ymax>
		</bndbox>
	</object>
	<object>
		<name>sp02</name>
		<pose>Unspecified</pose>
		<truncated>0</truncated>
		<difficult>0</difficult>
		<bndbox>
			<xmin>1420</xmin>
			<ymin>1789</ymin>
			<xmax>1490</xmax>
			<ymax>1855</ymax>
		</bndbox>
	</object>
	<object>
		<name>sp02</name>
		<pose>Unspecified</pose>
		<truncated>0</truncated>
		<difficult>0</difficult>
		<bndbox>
			<xmin>1442</xmin>
			<ymin>1748</ymin>
			<xmax>1515</xmax>
			<ymax>1817</ymax>
		</bndbox>
	</object>
	<object>
		<name>sp02</name>
		<pose>Unspecified</pose>
		<truncated>0</truncated>
		<difficult>0</difficult>
		<bndbox>
			<xmin>1500</xmin>
			<ymin>1721</ymin>
			<xmax>1548</xmax>
			<ymax>1771</ymax>
		</bndbox>
	</object>
	<object>
		<name>sp02</name>
		<pose>Unspecified</pose>
		<truncated>0</truncated>
		<difficult>0</difficult>
		<bndbox>
			<xmin>1467</xmin>
			<ymin>1720</ymin>
			<xmax>1514</xmax>
			<ymax>1781</ymax>
		</bndbox>
	</object>
	<object>
		<name>sp02</name>
		<pose>Unspecified</pose>
		<truncated>0</truncated>
		<difficult>0</difficult>
		<bndbox>
			<xmin>1479</xmin>
			<ymin>1674</ymin>
			<xmax>1540</xmax>
			<ymax>1736</ymax>
		</bndbox>
	</object>
	<object>
		<name>sp02</name>
		<pose>Unspecified</pose>
		<truncated>0</truncated>
		<difficult>0</difficult>
		<bndbox>
			<xmin>1447</xmin>
			<ymin>1656</ymin>
			<xmax>1495</xmax>
			<ymax>1725</ymax>
		</bndbox>
	</object>
	<object>
		<name>sp02</name>
		<pose>Unspecified</pose>
		<truncated>0</truncated>
		<difficult>0</difficult>
		<bndbox>
			<xmin>1389</xmin>
			<ymin>1653</ymin>
			<xmax>1470</xmax>
			<ymax>1736</ymax>
		</bndbox>
	</object>
	<object>
		<name>sp02</name>
		<pose>Unspecified</pose>
		<truncated>0</truncated>
		<difficult>0</difficult>
		<bndbox>
			<xmin>1381</xmin>
			<ymin>1538</ymin>
			<xmax>1485</xmax>
			<ymax>1636</ymax>
		</bndbox>
	</object>
	<object>
		<name>sp02</name>
		<pose>Unspecified</pose>
		<truncated>0</truncated>
		<difficult>0</difficult>
		<bndbox>
			<xmin>2079</xmin>
			<ymin>2300</ymin>
			<xmax>2155</xmax>
			<ymax>2390</ymax>
		</bndbox>
	</object>
	<object>
		<name>sp02</name>
		<pose>Unspecified</pose>
		<truncated>0</truncated>
		<difficult>0</difficult>
		<bndbox>
			<xmin>2014</xmin>
			<ymin>2175</ymin>
			<xmax>2099</xmax>
			<ymax>2284</ymax>
		</bndbox>
	</object>
	<object>
		<name>sp02</name>
		<pose>Unspecified</pose>
		<truncated>0</truncated>
		<difficult>0</difficult>
		<bndbox>
			<xmin>1974</xmin>
			<ymin>2219</ymin>
			<xmax>2050</xmax>
			<ymax>2312</ymax>
		</bndbox>
	</object>
	<object>
		<name>sp02</name>
		<pose>Unspecified</pose>
		<truncated>0</truncated>
		<difficult>0</difficult>
		<bndbox>
			<xmin>1930</xmin>
			<ymin>2202</ymin>
			<xmax>2007</xmax>
			<ymax>2290</ymax>
		</bndbox>
	</object>
	<object>
		<name>sp02</name>
		<pose>Unspecified</pose>
		<truncated>0</truncated>
		<difficult>0</difficult>
		<bndbox>
			<xmin>1959</xmin>
			<ymin>2136</ymin>
			<xmax>2057</xmax>
			<ymax>2222</ymax>
		</bndbox>
	</object>
	<object>
		<name>sp02</name>
		<pose>Unspecified</pose>
		<truncated>0</truncated>
		<difficult>0</difficult>
		<bndbox>
			<xmin>1884</xmin>
			<ymin>2013</ymin>
			<xmax>1995</xmax>
			<ymax>2117</ymax>
		</bndbox>
	</object>
	<object>
		<name>sp02</name>
		<pose>Unspecified</pose>
		<truncated>0</truncated>
		<difficult>0</difficult>
		<bndbox>
			<xmin>1796</xmin>
			<ymin>2009</ymin>
			<xmax>1875</xmax>
			<ymax>2100</ymax>
		</bndbox>
	</object>
	<object>
		<name>sp02</name>
		<pose>Unspecified</pose>
		<truncated>0</truncated>
		<difficult>0</difficult>
		<bndbox>
			<xmin>1719</xmin>
			<ymin>2039</ymin>
			<xmax>1811</xmax>
			<ymax>2118</ymax>
		</bndbox>
	</object>
	<object>
		<name>sp02</name>
		<pose>Unspecified</pose>
		<truncated>0</truncated>
		<difficult>0</difficult>
		<bndbox>
			<xmin>1897</xmin>
			<ymin>2130</ymin>
			<xmax>1961</xmax>
			<ymax>2204</ymax>
		</bndbox>
	</object>
	<object>
		<name>sp02</name>
		<pose>Unspecified</pose>
		<truncated>0</truncated>
		<difficult>0</difficult>
		<bndbox>
			<xmin>1864</xmin>
			<ymin>2174</ymin>
			<xmax>1937</xmax>
			<ymax>2249</ymax>
		</bndbox>
	</object>
	<object>
		<name>sp02</name>
		<pose>Unspecified</pose>
		<truncated>0</truncated>
		<difficult>0</difficult>
		<bndbox>
			<xmin>1832</xmin>
			<ymin>2129</ymin>
			<xmax>1907</xmax>
			<ymax>2199</ymax>
		</bndbox>
	</object>
	<object>
		<name>sp02</name>
		<pose>Unspecified</pose>
		<truncated>0</truncated>
		<difficult>0</difficult>
		<bndbox>
			<xmin>1828</xmin>
			<ymin>2102</ymin>
			<xmax>1887</xmax>
			<ymax>2172</ymax>
		</bndbox>
	</object>
	<object>
		<name>sp02</name>
		<pose>Unspecified</pose>
		<truncated>0</truncated>
		<difficult>0</difficult>
		<bndbox>
			<xmin>1796</xmin>
			<ymin>2113</ymin>
			<xmax>1847</xmax>
			<ymax>2183</ymax>
		</bndbox>
	</object>
	<object>
		<name>sp02</name>
		<pose>Unspecified</pose>
		<truncated>0</truncated>
		<difficult>0</difficult>
		<bndbox>
			<xmin>1765</xmin>
			<ymin>2103</ymin>
			<xmax>1823</xmax>
			<ymax>2176</ymax>
		</bndbox>
	</object>
	<object>
		<name>sp02</name>
		<pose>Unspecified</pose>
		<truncated>0</truncated>
		<difficult>0</difficult>
		<bndbox>
			<xmin>1740</xmin>
			<ymin>2137</ymin>
			<xmax>1805</xmax>
			<ymax>2198</ymax>
		</bndbox>
	</object>
	<object>
		<name>sp02</name>
		<pose>Unspecified</pose>
		<truncated>0</truncated>
		<difficult>0</difficult>
		<bndbox>
			<xmin>1698</xmin>
			<ymin>2174</ymin>
			<xmax>1770</xmax>
			<ymax>2243</ymax>
		</bndbox>
	</object>
	<object>
		<name>sp02</name>
		<pose>Unspecified</pose>
		<truncated>0</truncated>
		<difficult>0</difficult>
		<bndbox>
			<xmin>1777</xmin>
			<ymin>2220</ymin>
			<xmax>1852</xmax>
			<ymax>2288</ymax>
		</bndbox>
	</object>
	<object>
		<name>sp02</name>
		<pose>Unspecified</pose>
		<truncated>0</truncated>
		<difficult>0</difficult>
		<bndbox>
			<xmin>1825</xmin>
			<ymin>2264</ymin>
			<xmax>1884</xmax>
			<ymax>2318</ymax>
		</bndbox>
	</object>
	<object>
		<name>sp02</name>
		<pose>Unspecified</pose>
		<truncated>0</truncated>
		<difficult>0</difficult>
		<bndbox>
			<xmin>1793</xmin>
			<ymin>2285</ymin>
			<xmax>1864</xmax>
			<ymax>2345</ymax>
		</bndbox>
	</object>
	<object>
		<name>sp02</name>
		<pose>Unspecified</pose>
		<truncated>0</truncated>
		<difficult>0</difficult>
		<bndbox>
			<xmin>1768</xmin>
			<ymin>2297</ymin>
			<xmax>1833</xmax>
			<ymax>2370</ymax>
		</bndbox>
	</object>
	<object>
		<name>sp02</name>
		<pose>Unspecified</pose>
		<truncated>0</truncated>
		<difficult>0</difficult>
		<bndbox>
			<xmin>1743</xmin>
			<ymin>2320</ymin>
			<xmax>1810</xmax>
			<ymax>2387</ymax>
		</bndbox>
	</object>
	<object>
		<name>sp02</name>
		<pose>Unspecified</pose>
		<truncated>0</truncated>
		<difficult>0</difficult>
		<bndbox>
			<xmin>1726</xmin>
			<ymin>2227</ymin>
			<xmax>1784</xmax>
			<ymax>2272</ymax>
		</bndbox>
	</object>
	<object>
		<name>sp02</name>
		<pose>Unspecified</pose>
		<truncated>0</truncated>
		<difficult>0</difficult>
		<bndbox>
			<xmin>1730</xmin>
			<ymin>2256</ymin>
			<xmax>1788</xmax>
			<ymax>2307</ymax>
		</bndbox>
	</object>
	<object>
		<name>sp02</name>
		<pose>Unspecified</pose>
		<truncated>0</truncated>
		<difficult>0</difficult>
		<bndbox>
			<xmin>1706</xmin>
			<ymin>2293</ymin>
			<xmax>1787</xmax>
			<ymax>2349</ymax>
		</bndbox>
	</object>
	<object>
		<name>sp02</name>
		<pose>Unspecified</pose>
		<truncated>0</truncated>
		<difficult>0</difficult>
		<bndbox>
			<xmin>1690</xmin>
			<ymin>2248</ymin>
			<xmax>1753</xmax>
			<ymax>2306</ymax>
		</bndbox>
	</object>
	<object>
		<name>sp02</name>
		<pose>Unspecified</pose>
		<truncated>0</truncated>
		<difficult>0</difficult>
		<bndbox>
			<xmin>1631</xmin>
			<ymin>2280</ymin>
			<xmax>1706</xmax>
			<ymax>2344</ymax>
		</bndbox>
	</object>
	<object>
		<name>sp02</name>
		<pose>Unspecified</pose>
		<truncated>0</truncated>
		<difficult>0</difficult>
		<bndbox>
			<xmin>1660</xmin>
			<ymin>2333</ymin>
			<xmax>1738</xmax>
			<ymax>2386</ymax>
		</bndbox>
	</object>
	<object>
		<name>sp02</name>
		<pose>Unspecified</pose>
		<truncated>0</truncated>
		<difficult>0</difficult>
		<bndbox>
			<xmin>1663</xmin>
			<ymin>2373</ymin>
			<xmax>1749</xmax>
			<ymax>2454</ymax>
		</bndbox>
	</object>
	<object>
		<name>sp02</name>
		<pose>Unspecified</pose>
		<truncated>0</truncated>
		<difficult>0</difficult>
		<bndbox>
			<xmin>1641</xmin>
			<ymin>2207</ymin>
			<xmax>1702</xmax>
			<ymax>2262</ymax>
		</bndbox>
	</object>
	<object>
		<name>sp02</name>
		<pose>Unspecified</pose>
		<truncated>0</truncated>
		<difficult>0</difficult>
		<bndbox>
			<xmin>1678</xmin>
			<ymin>2119</ymin>
			<xmax>1735</xmax>
			<ymax>2173</ymax>
		</bndbox>
	</object>
	<object>
		<name>sp02</name>
		<pose>Unspecified</pose>
		<truncated>0</truncated>
		<difficult>0</difficult>
		<bndbox>
			<xmin>1699</xmin>
			<ymin>2099</ymin>
			<xmax>1762</xmax>
			<ymax>2162</ymax>
		</bndbox>
	</object>
	<object>
		<name>sp02</name>
		<pose>Unspecified</pose>
		<truncated>0</truncated>
		<difficult>0</difficult>
		<bndbox>
			<xmin>1628</xmin>
			<ymin>2071</ymin>
			<xmax>1714</xmax>
			<ymax>2147</ymax>
		</bndbox>
	</object>
	<object>
		<name>sp02</name>
		<pose>Unspecified</pose>
		<truncated>0</truncated>
		<difficult>0</difficult>
		<bndbox>
			<xmin>1543</xmin>
			<ymin>2062</ymin>
			<xmax>1630</xmax>
			<ymax>2141</ymax>
		</bndbox>
	</object>
	<object>
		<name>sp02</name>
		<pose>Unspecified</pose>
		<truncated>0</truncated>
		<difficult>0</difficult>
		<bndbox>
			<xmin>1647</xmin>
			<ymin>2148</ymin>
			<xmax>1693</xmax>
			<ymax>2197</ymax>
		</bndbox>
	</object>
	<object>
		<name>sp02</name>
		<pose>Unspecified</pose>
		<truncated>0</truncated>
		<difficult>0</difficult>
		<bndbox>
			<xmin>1598</xmin>
			<ymin>2132</ymin>
			<xmax>1659</xmax>
			<ymax>2185</ymax>
		</bndbox>
	</object>
	<object>
		<name>sp02</name>
		<pose>Unspecified</pose>
		<truncated>0</truncated>
		<difficult>0</difficult>
		<bndbox>
			<xmin>1612</xmin>
			<ymin>2183</ymin>
			<xmax>1677</xmax>
			<ymax>2241</ymax>
		</bndbox>
	</object>
	<object>
		<name>sp02</name>
		<pose>Unspecified</pose>
		<truncated>0</truncated>
		<difficult>0</difficult>
		<bndbox>
			<xmin>1567</xmin>
			<ymin>2167</ymin>
			<xmax>1625</xmax>
			<ymax>2240</ymax>
		</bndbox>
	</object>
	<object>
		<name>sp02</name>
		<pose>Unspecified</pose>
		<truncated>0</truncated>
		<difficult>0</difficult>
		<bndbox>
			<xmin>1557</xmin>
			<ymin>2195</ymin>
			<xmax>1617</xmax>
			<ymax>2270</ymax>
		</bndbox>
	</object>
	<object>
		<name>sp02</name>
		<pose>Unspecified</pose>
		<truncated>0</truncated>
		<difficult>0</difficult>
		<bndbox>
			<xmin>1503</xmin>
			<ymin>2199</ymin>
			<xmax>1574</xmax>
			<ymax>2272</ymax>
		</bndbox>
	</object>
	<object>
		<name>sp02</name>
		<pose>Unspecified</pose>
		<truncated>0</truncated>
		<difficult>0</difficult>
		<bndbox>
			<xmin>1467</xmin>
			<ymin>2164</ymin>
			<xmax>1526</xmax>
			<ymax>2232</ymax>
		</bndbox>
	</object>
	<object>
		<name>sp02</name>
		<pose>Unspecified</pose>
		<truncated>0</truncated>
		<difficult>0</difficult>
		<bndbox>
			<xmin>1436</xmin>
			<ymin>2204</ymin>
			<xmax>1517</xmax>
			<ymax>2262</ymax>
		</bndbox>
	</object>
	<object>
		<name>sp02</name>
		<pose>Unspecified</pose>
		<truncated>0</truncated>
		<difficult>0</difficult>
		<bndbox>
			<xmin>1399</xmin>
			<ymin>2152</ymin>
			<xmax>1480</xmax>
			<ymax>2237</ymax>
		</bndbox>
	</object>
	<object>
		<name>sp02</name>
		<pose>Unspecified</pose>
		<truncated>0</truncated>
		<difficult>0</difficult>
		<bndbox>
			<xmin>1334</xmin>
			<ymin>2071</ymin>
			<xmax>1426</xmax>
			<ymax>2155</ymax>
		</bndbox>
	</object>
	<object>
		<name>sp02</name>
		<pose>Unspecified</pose>
		<truncated>0</truncated>
		<difficult>0</difficult>
		<bndbox>
			<xmin>1323</xmin>
			<ymin>2156</ymin>
			<xmax>1407</xmax>
			<ymax>2221</ymax>
		</bndbox>
	</object>
	<object>
		<name>sp02</name>
		<pose>Unspecified</pose>
		<truncated>0</truncated>
		<difficult>0</difficult>
		<bndbox>
			<xmin>1291</xmin>
			<ymin>2128</ymin>
			<xmax>1373</xmax>
			<ymax>2199</ymax>
		</bndbox>
	</object>
	<object>
		<name>sp02</name>
		<pose>Unspecified</pose>
		<truncated>0</truncated>
		<difficult>0</difficult>
		<bndbox>
			<xmin>1249</xmin>
			<ymin>2159</ymin>
			<xmax>1338</xmax>
			<ymax>2241</ymax>
		</bndbox>
	</object>
	<object>
		<name>sp02</name>
		<pose>Unspecified</pose>
		<truncated>0</truncated>
		<difficult>0</difficult>
		<bndbox>
			<xmin>1353</xmin>
			<ymin>2250</ymin>
			<xmax>1441</xmax>
			<ymax>2331</ymax>
		</bndbox>
	</object>
	<object>
		<name>sp02</name>
		<pose>Unspecified</pose>
		<truncated>0</truncated>
		<difficult>0</difficult>
		<bndbox>
			<xmin>1443</xmin>
			<ymin>2016</ymin>
			<xmax>1523</xmax>
			<ymax>2087</ymax>
		</bndbox>
	</object>
	<object>
		<name>sp02</name>
		<pose>Unspecified</pose>
		<truncated>0</truncated>
		<difficult>0</difficult>
		<bndbox>
			<xmin>1403</xmin>
			<ymin>1995</ymin>
			<xmax>1468</xmax>
			<ymax>2065</ymax>
		</bndbox>
	</object>
	<object>
		<name>sp02</name>
		<pose>Unspecified</pose>
		<truncated>0</truncated>
		<difficult>0</difficult>
		<bndbox>
			<xmin>1453</xmin>
			<ymin>1946</ymin>
			<xmax>1525</xmax>
			<ymax>2022</ymax>
		</bndbox>
	</object>
	<object>
		<name>sp02</name>
		<pose>Unspecified</pose>
		<truncated>0</truncated>
		<difficult>0</difficult>
		<bndbox>
			<xmin>1403</xmin>
			<ymin>1946</ymin>
			<xmax>1474</xmax>
			<ymax>2009</ymax>
		</bndbox>
	</object>
	<object>
		<name>sp02</name>
		<pose>Unspecified</pose>
		<truncated>0</truncated>
		<difficult>0</difficult>
		<bndbox>
			<xmin>1477</xmin>
			<ymin>2293</ymin>
			<xmax>1578</xmax>
			<ymax>2392</ymax>
		</bndbox>
	</object>
	<object>
		<name>sp02</name>
		<pose>Unspecified</pose>
		<truncated>0</truncated>
		<difficult>0</difficult>
		<bndbox>
			<xmin>1566</xmin>
			<ymin>2342</ymin>
			<xmax>1629</xmax>
			<ymax>2419</ymax>
		</bndbox>
	</object>
	<object>
		<name>sp02</name>
		<pose>Unspecified</pose>
		<truncated>0</truncated>
		<difficult>0</difficult>
		<bndbox>
			<xmin>1151</xmin>
			<ymin>2197</ymin>
			<xmax>1259</xmax>
			<ymax>2291</ymax>
		</bndbox>
	</object>
	<object>
		<name>sp02</name>
		<pose>Unspecified</pose>
		<truncated>0</truncated>
		<difficult>0</difficult>
		<bndbox>
			<xmin>1252</xmin>
			<ymin>2262</ymin>
			<xmax>1342</xmax>
			<ymax>2327</ymax>
		</bndbox>
	</object>
	<object>
		<name>sp02</name>
		<pose>Unspecified</pose>
		<truncated>0</truncated>
		<difficult>0</difficult>
		<bndbox>
			<xmin>1307</xmin>
			<ymin>2364</ymin>
			<xmax>1441</xmax>
			<ymax>2458</ymax>
		</bndbox>
	</object>
	<object>
		<name>sp02</name>
		<pose>Unspecified</pose>
		<truncated>0</truncated>
		<difficult>0</difficult>
		<bndbox>
			<xmin>1300</xmin>
			<ymin>2315</ymin>
			<xmax>1413</xmax>
			<ymax>2384</ymax>
		</bndbox>
	</object>
	<object>
		<name>sp02</name>
		<pose>Unspecified</pose>
		<truncated>0</truncated>
		<difficult>0</difficult>
		<bndbox>
			<xmin>1271</xmin>
			<ymin>2299</ymin>
			<xmax>1351</xmax>
			<ymax>2358</ymax>
		</bndbox>
	</object>
	<object>
		<name>sp02</name>
		<pose>Unspecified</pose>
		<truncated>0</truncated>
		<difficult>0</difficult>
		<bndbox>
			<xmin>1136</xmin>
			<ymin>2289</ymin>
			<xmax>1231</xmax>
			<ymax>2369</ymax>
		</bndbox>
	</object>
	<object>
		<name>sp02</name>
		<pose>Unspecified</pose>
		<truncated>0</truncated>
		<difficult>0</difficult>
		<bndbox>
			<xmin>1309</xmin>
			<ymin>1963</ymin>
			<xmax>1381</xmax>
			<ymax>2036</ymax>
		</bndbox>
	</object>
	<object>
		<name>sp02</name>
		<pose>Unspecified</pose>
		<truncated>0</truncated>
		<difficult>0</difficult>
		<bndbox>
			<xmin>1744</xmin>
			<ymin>2450</ymin>
			<xmax>1829</xmax>
			<ymax>2555</ymax>
		</bndbox>
	</object>
	<object>
		<name>sp02</name>
		<pose>Unspecified</pose>
		<truncated>0</truncated>
		<difficult>0</difficult>
		<bndbox>
			<xmin>1663</xmin>
			<ymin>2445</ymin>
			<xmax>1750</xmax>
			<ymax>2527</ymax>
		</bndbox>
	</object>
	<object>
		<name>sp02</name>
		<pose>Unspecified</pose>
		<truncated>0</truncated>
		<difficult>0</difficult>
		<bndbox>
			<xmin>1355</xmin>
			<ymin>2558</ymin>
			<xmax>1466</xmax>
			<ymax>2641</ymax>
		</bndbox>
	</object>
	<object>
		<name>sp02</name>
		<pose>Unspecified</pose>
		<truncated>0</truncated>
		<difficult>0</difficult>
		<bndbox>
			<xmin>1119</xmin>
			<ymin>2338</ymin>
			<xmax>1221</xmax>
			<ymax>2436</ymax>
		</bndbox>
	</object>
	<object>
		<name>sp02</name>
		<pose>Unspecified</pose>
		<truncated>0</truncated>
		<difficult>0</difficult>
		<bndbox>
			<xmin>1066</xmin>
			<ymin>2349</ymin>
			<xmax>1148</xmax>
			<ymax>2455</ymax>
		</bndbox>
	</object>
	<object>
		<name>sp02</name>
		<pose>Unspecified</pose>
		<truncated>0</truncated>
		<difficult>0</difficult>
		<bndbox>
			<xmin>809</xmin>
			<ymin>2469</ymin>
			<xmax>909</xmax>
			<ymax>2550</ymax>
		</bndbox>
	</object>
	<object>
		<name>sp02</name>
		<pose>Unspecified</pose>
		<truncated>0</truncated>
		<difficult>0</difficult>
		<bndbox>
			<xmin>984</xmin>
			<ymin>2356</ymin>
			<xmax>1074</xmax>
			<ymax>2423</ymax>
		</bndbox>
	</object>
	<object>
		<name>sp02</name>
		<pose>Unspecified</pose>
		<truncated>0</truncated>
		<difficult>0</difficult>
		<bndbox>
			<xmin>968</xmin>
			<ymin>2294</ymin>
			<xmax>1061</xmax>
			<ymax>2374</ymax>
		</bndbox>
	</object>
	<object>
		<name>sp02</name>
		<pose>Unspecified</pose>
		<truncated>0</truncated>
		<difficult>0</difficult>
		<bndbox>
			<xmin>909</xmin>
			<ymin>2339</ymin>
			<xmax>984</xmax>
			<ymax>2425</ymax>
		</bndbox>
	</object>
	<object>
		<name>sp02</name>
		<pose>Unspecified</pose>
		<truncated>0</truncated>
		<difficult>0</difficult>
		<bndbox>
			<xmin>897</xmin>
			<ymin>2301</ymin>
			<xmax>959</xmax>
			<ymax>2379</ymax>
		</bndbox>
	</object>
	<object>
		<name>sp02</name>
		<pose>Unspecified</pose>
		<truncated>0</truncated>
		<difficult>0</difficult>
		<bndbox>
			<xmin>843</xmin>
			<ymin>2320</ymin>
			<xmax>925</xmax>
			<ymax>2403</ymax>
		</bndbox>
	</object>
	<object>
		<name>sp02</name>
		<pose>Unspecified</pose>
		<truncated>0</truncated>
		<difficult>0</difficult>
		<bndbox>
			<xmin>836</xmin>
			<ymin>2238</ymin>
			<xmax>939</xmax>
			<ymax>2337</ymax>
		</bndbox>
	</object>
	<object>
		<name>sp02</name>
		<pose>Unspecified</pose>
		<truncated>0</truncated>
		<difficult>0</difficult>
		<bndbox>
			<xmin>744</xmin>
			<ymin>2261</ymin>
			<xmax>849</xmax>
			<ymax>2334</ymax>
		</bndbox>
	</object>
	<object>
		<name>sp02</name>
		<pose>Unspecified</pose>
		<truncated>0</truncated>
		<difficult>0</difficult>
		<bndbox>
			<xmin>759</xmin>
			<ymin>2232</ymin>
			<xmax>864</xmax>
			<ymax>2273</ymax>
		</bndbox>
	</object>
	<object>
		<name>sp02</name>
		<pose>Unspecified</pose>
		<truncated>0</truncated>
		<difficult>0</difficult>
		<bndbox>
			<xmin>778</xmin>
			<ymin>2169</ymin>
			<xmax>863</xmax>
			<ymax>2244</ymax>
		</bndbox>
	</object>
	<object>
		<name>sp02</name>
		<pose>Unspecified</pose>
		<truncated>0</truncated>
		<difficult>0</difficult>
		<bndbox>
			<xmin>710</xmin>
			<ymin>2164</ymin>
			<xmax>790</xmax>
			<ymax>2264</ymax>
		</bndbox>
	</object>
	<object>
		<name>sp02</name>
		<pose>Unspecified</pose>
		<truncated>0</truncated>
		<difficult>0</difficult>
		<bndbox>
			<xmin>652</xmin>
			<ymin>2150</ymin>
			<xmax>758</xmax>
			<ymax>2243</ymax>
		</bndbox>
	</object>
	<object>
		<name>sp02</name>
		<pose>Unspecified</pose>
		<truncated>0</truncated>
		<difficult>0</difficult>
		<bndbox>
			<xmin>614</xmin>
			<ymin>2117</ymin>
			<xmax>732</xmax>
			<ymax>2207</ymax>
		</bndbox>
	</object>
	<object>
		<name>sp02</name>
		<pose>Unspecified</pose>
		<truncated>0</truncated>
		<difficult>0</difficult>
		<bndbox>
			<xmin>620</xmin>
			<ymin>2065</ymin>
			<xmax>727</xmax>
			<ymax>2159</ymax>
		</bndbox>
	</object>
	<object>
		<name>sp02</name>
		<pose>Unspecified</pose>
		<truncated>0</truncated>
		<difficult>0</difficult>
		<bndbox>
			<xmin>910</xmin>
			<ymin>1982</ymin>
			<xmax>1037</xmax>
			<ymax>2096</ymax>
		</bndbox>
	</object>
	<object>
		<name>sp02</name>
		<pose>Unspecified</pose>
		<truncated>0</truncated>
		<difficult>0</difficult>
		<bndbox>
			<xmin>981</xmin>
			<ymin>1889</ymin>
			<xmax>1105</xmax>
			<ymax>1999</ymax>
		</bndbox>
	</object>
	<object>
		<name>sp02</name>
		<pose>Unspecified</pose>
		<truncated>0</truncated>
		<difficult>0</difficult>
		<bndbox>
			<xmin>1214</xmin>
			<ymin>1498</ymin>
			<xmax>1330</xmax>
			<ymax>1623</ymax>
		</bndbox>
	</object>
	<object>
		<name>sp02</name>
		<pose>Unspecified</pose>
		<truncated>0</truncated>
		<difficult>0</difficult>
		<bndbox>
			<xmin>887</xmin>
			<ymin>1421</ymin>
			<xmax>1009</xmax>
			<ymax>1536</ymax>
		</bndbox>
	</object>
	<object>
		<name>sp02</name>
		<pose>Unspecified</pose>
		<truncated>0</truncated>
		<difficult>0</difficult>
		<bndbox>
			<xmin>777</xmin>
			<ymin>1527</ymin>
			<xmax>909</xmax>
			<ymax>1645</ymax>
		</bndbox>
	</object>
	<object>
		<name>sp02</name>
		<pose>Unspecified</pose>
		<truncated>0</truncated>
		<difficult>0</difficult>
		<bndbox>
			<xmin>1037</xmin>
			<ymin>1121</ymin>
			<xmax>1127</xmax>
			<ymax>1199</ymax>
		</bndbox>
	</object>
	<object>
		<name>sp02</name>
		<pose>Unspecified</pose>
		<truncated>0</truncated>
		<difficult>0</difficult>
		<bndbox>
			<xmin>1062</xmin>
			<ymin>1725</ymin>
			<xmax>1179</xmax>
			<ymax>1834</ymax>
		</bndbox>
	</object>
	<object>
		<name>sp02</name>
		<pose>Unspecified</pose>
		<truncated>0</truncated>
		<difficult>0</difficult>
		<bndbox>
			<xmin>896</xmin>
			<ymin>1732</ymin>
			<xmax>1024</xmax>
			<ymax>1854</ymax>
		</bndbox>
	</object>
	<object>
		<name>sp02</name>
		<pose>Unspecified</pose>
		<truncated>0</truncated>
		<difficult>0</difficult>
		<bndbox>
			<xmin>1209</xmin>
			<ymin>1804</ymin>
			<xmax>1299</xmax>
			<ymax>1903</ymax>
		</bndbox>
	</object>
	<object>
		<name>sp02</name>
		<pose>Unspecified</pose>
		<truncated>0</truncated>
		<difficult>0</difficult>
		<bndbox>
			<xmin>1200</xmin>
			<ymin>1870</ymin>
			<xmax>1252</xmax>
			<ymax>1963</ymax>
		</bndbox>
	</object>
	<object>
		<name>sp02</name>
		<pose>Unspecified</pose>
		<truncated>0</truncated>
		<difficult>0</difficult>
		<bndbox>
			<xmin>1152</xmin>
			<ymin>1857</ymin>
			<xmax>1226</xmax>
			<ymax>1964</ymax>
		</bndbox>
	</object>
	<object>
		<name>sp02</name>
		<pose>Unspecified</pose>
		<truncated>0</truncated>
		<difficult>0</difficult>
		<bndbox>
			<xmin>1082</xmin>
			<ymin>1875</ymin>
			<xmax>1163</xmax>
			<ymax>1983</ymax>
		</bndbox>
	</object>
	<object>
		<name>sp02</name>
		<pose>Unspecified</pose>
		<truncated>0</truncated>
		<difficult>0</difficult>
		<bndbox>
			<xmin>1342</xmin>
			<ymin>1855</ymin>
			<xmax>1417</xmax>
			<ymax>1915</ymax>
		</bndbox>
	</object>
	<object>
		<name>sp02</name>
		<pose>Unspecified</pose>
		<truncated>0</truncated>
		<difficult>0</difficult>
		<bndbox>
			<xmin>1345</xmin>
			<ymin>1822</ymin>
			<xmax>1420</xmax>
			<ymax>1879</ymax>
		</bndbox>
	</object>
	<object>
		<name>sp02</name>
		<pose>Unspecified</pose>
		<truncated>0</truncated>
		<difficult>0</difficult>
		<bndbox>
			<xmin>1346</xmin>
			<ymin>1748</ymin>
			<xmax>1400</xmax>
			<ymax>1805</ymax>
		</bndbox>
	</object>
	<object>
		<name>sp02</name>
		<pose>Unspecified</pose>
		<truncated>0</truncated>
		<difficult>0</difficult>
		<bndbox>
			<xmin>1382</xmin>
			<ymin>1743</ymin>
			<xmax>1450</xmax>
			<ymax>1821</ymax>
		</bndbox>
	</object>
	<object>
		<name>sp02</name>
		<pose>Unspecified</pose>
		<truncated>0</truncated>
		<difficult>0</difficult>
		<bndbox>
			<xmin>1332</xmin>
			<ymin>1684</ymin>
			<xmax>1413</xmax>
			<ymax>1770</ymax>
		</bndbox>
	</object>
	<object>
		<name>sp02</name>
		<pose>Unspecified</pose>
		<truncated>0</truncated>
		<difficult>0</difficult>
		<bndbox>
			<xmin>1287</xmin>
			<ymin>1712</ymin>
			<xmax>1370</xmax>
			<ymax>1783</ymax>
		</bndbox>
	</object>
	<object>
		<name>sp02</name>
		<pose>Unspecified</pose>
		<truncated>0</truncated>
		<difficult>0</difficult>
		<bndbox>
			<xmin>1310</xmin>
			<ymin>1766</ymin>
			<xmax>1355</xmax>
			<ymax>1817</ymax>
		</bndbox>
	</object>
	<object>
		<name>sp02</name>
		<pose>Unspecified</pose>
		<truncated>0</truncated>
		<difficult>0</difficult>
		<bndbox>
			<xmin>611</xmin>
			<ymin>1708</ymin>
			<xmax>747</xmax>
			<ymax>1821</ymax>
		</bndbox>
	</object>
	<object>
		<name>sp02</name>
		<pose>Unspecified</pose>
		<truncated>0</truncated>
		<difficult>0</difficult>
		<bndbox>
			<xmin>611</xmin>
			<ymin>1860</ymin>
			<xmax>727</xmax>
			<ymax>1966</ymax>
		</bndbox>
	</object>
	<object>
		<name>sp02</name>
		<pose>Unspecified</pose>
		<truncated>0</truncated>
		<difficult>0</difficult>
		<bndbox>
			<xmin>467</xmin>
			<ymin>1995</ymin>
			<xmax>576</xmax>
			<ymax>2077</ymax>
		</bndbox>
	</object>
	<object>
		<name>sp02</name>
		<pose>Unspecified</pose>
		<truncated>0</truncated>
		<difficult>0</difficult>
		<bndbox>
			<xmin>479</xmin>
			<ymin>1947</ymin>
			<xmax>570</xmax>
			<ymax>2016</ymax>
		</bndbox>
	</object>
	<object>
		<name>sp02</name>
		<pose>Unspecified</pose>
		<truncated>0</truncated>
		<difficult>0</difficult>
		<bndbox>
			<xmin>535</xmin>
			<ymin>1914</ymin>
			<xmax>616</xmax>
			<ymax>1995</ymax>
		</bndbox>
	</object>
	<object>
		<name>sp02</name>
		<pose>Unspecified</pose>
		<truncated>0</truncated>
		<difficult>0</difficult>
		<bndbox>
			<xmin>513</xmin>
			<ymin>1882</ymin>
			<xmax>591</xmax>
			<ymax>1945</ymax>
		</bndbox>
	</object>
	<object>
		<name>sp02</name>
		<pose>Unspecified</pose>
		<truncated>0</truncated>
		<difficult>0</difficult>
		<bndbox>
			<xmin>485</xmin>
			<ymin>1847</ymin>
			<xmax>566</xmax>
			<ymax>1913</ymax>
		</bndbox>
	</object>
	<object>
		<name>sp02</name>
		<pose>Unspecified</pose>
		<truncated>0</truncated>
		<difficult>0</difficult>
		<bndbox>
			<xmin>483</xmin>
			<ymin>1794</ymin>
			<xmax>570</xmax>
			<ymax>1877</ymax>
		</bndbox>
	</object>
	<object>
		<name>sp02</name>
		<pose>Unspecified</pose>
		<truncated>0</truncated>
		<difficult>0</difficult>
		<bndbox>
			<xmin>472</xmin>
			<ymin>1903</ymin>
			<xmax>540</xmax>
			<ymax>1978</ymax>
		</bndbox>
	</object>
	<object>
		<name>sp02</name>
		<pose>Unspecified</pose>
		<truncated>0</truncated>
		<difficult>0</difficult>
		<bndbox>
			<xmin>414</xmin>
			<ymin>1890</ymin>
			<xmax>516</xmax>
			<ymax>1970</ymax>
		</bndbox>
	</object>
	<object>
		<name>sp02</name>
		<pose>Unspecified</pose>
		<truncated>0</truncated>
		<difficult>0</difficult>
		<bndbox>
			<xmin>440</xmin>
			<ymin>1833</ymin>
			<xmax>518</xmax>
			<ymax>1916</ymax>
		</bndbox>
	</object>
	<object>
		<name>sp02</name>
		<pose>Unspecified</pose>
		<truncated>0</truncated>
		<difficult>0</difficult>
		<bndbox>
			<xmin>429</xmin>
			<ymin>1755</ymin>
			<xmax>533</xmax>
			<ymax>1862</ymax>
		</bndbox>
	</object>
	<object>
		<name>sp02</name>
		<pose>Unspecified</pose>
		<truncated>0</truncated>
		<difficult>0</difficult>
		<bndbox>
			<xmin>384</xmin>
			<ymin>1700</ymin>
			<xmax>485</xmax>
			<ymax>1795</ymax>
		</bndbox>
	</object>
	<object>
		<name>sp02</name>
		<pose>Unspecified</pose>
		<truncated>0</truncated>
		<difficult>0</difficult>
		<bndbox>
			<xmin>263</xmin>
			<ymin>1742</ymin>
			<xmax>370</xmax>
			<ymax>1842</ymax>
		</bndbox>
	</object>
	<object>
		<name>sp02</name>
		<pose>Unspecified</pose>
		<truncated>0</truncated>
		<difficult>0</difficult>
		<bndbox>
			<xmin>183</xmin>
			<ymin>1781</ymin>
			<xmax>287</xmax>
			<ymax>1869</ymax>
		</bndbox>
	</object>
	<object>
		<name>sp02</name>
		<pose>Unspecified</pose>
		<truncated>0</truncated>
		<difficult>0</difficult>
		<bndbox>
			<xmin>167</xmin>
			<ymin>1732</ymin>
			<xmax>266</xmax>
			<ymax>1808</ymax>
		</bndbox>
	</object>
	<object>
		<name>sp02</name>
		<pose>Unspecified</pose>
		<truncated>0</truncated>
		<difficult>0</difficult>
		<bndbox>
			<xmin>235</xmin>
			<ymin>1593</ymin>
			<xmax>340</xmax>
			<ymax>1713</ymax>
		</bndbox>
	</object>
	<object>
		<name>sp02</name>
		<pose>Unspecified</pose>
		<truncated>0</truncated>
		<difficult>0</difficult>
		<bndbox>
			<xmin>128</xmin>
			<ymin>1559</ymin>
			<xmax>226</xmax>
			<ymax>1645</ymax>
		</bndbox>
	</object>
	<object>
		<name>sp02</name>
		<pose>Unspecified</pose>
		<truncated>0</truncated>
		<difficult>0</difficult>
		<bndbox>
			<xmin>138</xmin>
			<ymin>1621</ymin>
			<xmax>235</xmax>
			<ymax>1714</ymax>
		</bndbox>
	</object>
	<object>
		<name>sp02</name>
		<pose>Unspecified</pose>
		<truncated>0</truncated>
		<difficult>0</difficult>
		<bndbox>
			<xmin>355</xmin>
			<ymin>1616</ymin>
			<xmax>450</xmax>
			<ymax>1707</ymax>
		</bndbox>
	</object>
	<object>
		<name>sp02</name>
		<pose>Unspecified</pose>
		<truncated>0</truncated>
		<difficult>0</difficult>
		<bndbox>
			<xmin>461</xmin>
			<ymin>1502</ymin>
			<xmax>545</xmax>
			<ymax>1605</ymax>
		</bndbox>
	</object>
	<object>
		<name>sp02</name>
		<pose>Unspecified</pose>
		<truncated>0</truncated>
		<difficult>0</difficult>
		<bndbox>
			<xmin>503</xmin>
			<ymin>1537</ymin>
			<xmax>592</xmax>
			<ymax>1631</ymax>
		</bndbox>
	</object>
	<object>
		<name>sp02</name>
		<pose>Unspecified</pose>
		<truncated>0</truncated>
		<difficult>0</difficult>
		<bndbox>
			<xmin>387</xmin>
			<ymin>1581</ymin>
			<xmax>481</xmax>
			<ymax>1659</ymax>
		</bndbox>
	</object>
	<object>
		<name>sp02</name>
		<pose>Unspecified</pose>
		<truncated>0</truncated>
		<difficult>0</difficult>
		<bndbox>
			<xmin>398</xmin>
			<ymin>1532</ymin>
			<xmax>474</xmax>
			<ymax>1605</ymax>
		</bndbox>
	</object>
	<object>
		<name>sp02</name>
		<pose>Unspecified</pose>
		<truncated>0</truncated>
		<difficult>0</difficult>
		<bndbox>
			<xmin>326</xmin>
			<ymin>1507</ymin>
			<xmax>404</xmax>
			<ymax>1587</ymax>
		</bndbox>
	</object>
	<object>
		<name>sp02</name>
		<pose>Unspecified</pose>
		<truncated>0</truncated>
		<difficult>0</difficult>
		<bndbox>
			<xmin>335</xmin>
			<ymin>1430</ymin>
			<xmax>448</xmax>
			<ymax>1514</ymax>
		</bndbox>
	</object>
	<object>
		<name>sp02</name>
		<pose>Unspecified</pose>
		<truncated>0</truncated>
		<difficult>0</difficult>
		<bndbox>
			<xmin>373</xmin>
			<ymin>1498</ymin>
			<xmax>459</xmax>
			<ymax>1570</ymax>
		</bndbox>
	</object>
	<object>
		<name>sp02</name>
		<pose>Unspecified</pose>
		<truncated>0</truncated>
		<difficult>0</difficult>
		<bndbox>
			<xmin>637</xmin>
			<ymin>1189</ymin>
			<xmax>764</xmax>
			<ymax>1310</ymax>
		</bndbox>
	</object>
	<object>
		<name>sp02</name>
		<pose>Unspecified</pose>
		<truncated>0</truncated>
		<difficult>0</difficult>
		<bndbox>
			<xmin>779</xmin>
			<ymin>1280</ymin>
			<xmax>901</xmax>
			<ymax>1390</ymax>
		</bndbox>
	</object>
	<object>
		<name>sp02</name>
		<pose>Unspecified</pose>
		<truncated>0</truncated>
		<difficult>0</difficult>
		<bndbox>
			<xmin>223</xmin>
			<ymin>1365</ymin>
			<xmax>326</xmax>
			<ymax>1471</ymax>
		</bndbox>
	</object>
	<object>
		<name>sp02</name>
		<pose>Unspecified</pose>
		<truncated>0</truncated>
		<difficult>0</difficult>
		<bndbox>
			<xmin>121</xmin>
			<ymin>1385</ymin>
			<xmax>238</xmax>
			<ymax>1485</ymax>
		</bndbox>
	</object>
	<object>
		<name>sp02</name>
		<pose>Unspecified</pose>
		<truncated>0</truncated>
		<difficult>0</difficult>
		<bndbox>
			<xmin>202</xmin>
			<ymin>1265</ymin>
			<xmax>291</xmax>
			<ymax>1354</ymax>
		</bndbox>
	</object>
	<object>
		<name>sp02</name>
		<pose>Unspecified</pose>
		<truncated>0</truncated>
		<difficult>0</difficult>
		<bndbox>
			<xmin>247</xmin>
			<ymin>1300</ymin>
			<xmax>335</xmax>
			<ymax>1387</ymax>
		</bndbox>
	</object>
	<object>
		<name>sp02</name>
		<pose>Unspecified</pose>
		<truncated>0</truncated>
		<difficult>0</difficult>
		<bndbox>
			<xmin>117</xmin>
			<ymin>1310</ymin>
			<xmax>191</xmax>
			<ymax>1377</ymax>
		</bndbox>
	</object>
	<object>
		<name>sp02</name>
		<pose>Unspecified</pose>
		<truncated>0</truncated>
		<difficult>0</difficult>
		<bndbox>
			<xmin>100</xmin>
			<ymin>1235</ymin>
			<xmax>152</xmax>
			<ymax>1297</ymax>
		</bndbox>
	</object>
	<object>
		<name>sp02</name>
		<pose>Unspecified</pose>
		<truncated>0</truncated>
		<difficult>0</difficult>
		<bndbox>
			<xmin>144</xmin>
			<ymin>1252</ymin>
			<xmax>208</xmax>
			<ymax>1330</ymax>
		</bndbox>
	</object>
	<object>
		<name>sp02</name>
		<pose>Unspecified</pose>
		<truncated>0</truncated>
		<difficult>0</difficult>
		<bndbox>
			<xmin>155</xmin>
			<ymin>1218</ymin>
			<xmax>234</xmax>
			<ymax>1292</ymax>
		</bndbox>
	</object>
	<object>
		<name>sp02</name>
		<pose>Unspecified</pose>
		<truncated>0</truncated>
		<difficult>0</difficult>
		<bndbox>
			<xmin>173</xmin>
			<ymin>1191</ymin>
			<xmax>278</xmax>
			<ymax>1257</ymax>
		</bndbox>
	</object>
	<object>
		<name>sp02</name>
		<pose>Unspecified</pose>
		<truncated>0</truncated>
		<difficult>0</difficult>
		<bndbox>
			<xmin>168</xmin>
			<ymin>1146</ymin>
			<xmax>270</xmax>
			<ymax>1213</ymax>
		</bndbox>
	</object>
	<object>
		<name>sp02</name>
		<pose>Unspecified</pose>
		<truncated>0</truncated>
		<difficult>0</difficult>
		<bndbox>
			<xmin>126</xmin>
			<ymin>1116</ymin>
			<xmax>214</xmax>
			<ymax>1193</ymax>
		</bndbox>
	</object>
	<object>
		<name>sp02</name>
		<pose>Unspecified</pose>
		<truncated>0</truncated>
		<difficult>0</difficult>
		<bndbox>
			<xmin>170</xmin>
			<ymin>1060</ymin>
			<xmax>216</xmax>
			<ymax>1110</ymax>
		</bndbox>
	</object>
	<object>
		<name>sp02</name>
		<pose>Unspecified</pose>
		<truncated>0</truncated>
		<difficult>0</difficult>
		<bndbox>
			<xmin>142</xmin>
			<ymin>1018</ymin>
			<xmax>204</xmax>
			<ymax>1069</ymax>
		</bndbox>
	</object>
	<object>
		<name>sp02</name>
		<pose>Unspecified</pose>
		<truncated>0</truncated>
		<difficult>0</difficult>
		<bndbox>
			<xmin>218</xmin>
			<ymin>1043</ymin>
			<xmax>283</xmax>
			<ymax>1120</ymax>
		</bndbox>
	</object>
	<object>
		<name>sp02</name>
		<pose>Unspecified</pose>
		<truncated>0</truncated>
		<difficult>0</difficult>
		<bndbox>
			<xmin>193</xmin>
			<ymin>998</ymin>
			<xmax>272</xmax>
			<ymax>1070</ymax>
		</bndbox>
	</object>
	<object>
		<name>sp02</name>
		<pose>Unspecified</pose>
		<truncated>0</truncated>
		<difficult>0</difficult>
		<bndbox>
			<xmin>290</xmin>
			<ymin>730</ymin>
			<xmax>398</xmax>
			<ymax>832</ymax>
		</bndbox>
	</object>
	<object>
		<name>sp02</name>
		<pose>Unspecified</pose>
		<truncated>0</truncated>
		<difficult>0</difficult>
		<bndbox>
			<xmin>264</xmin>
			<ymin>842</ymin>
			<xmax>362</xmax>
			<ymax>926</ymax>
		</bndbox>
	</object>
	<object>
		<name>sp02</name>
		<pose>Unspecified</pose>
		<truncated>0</truncated>
		<difficult>0</difficult>
		<bndbox>
			<xmin>202</xmin>
			<ymin>907</ymin>
			<xmax>266</xmax>
			<ymax>978</ymax>
		</bndbox>
	</object>
	<object>
		<name>sp02</name>
		<pose>Unspecified</pose>
		<truncated>0</truncated>
		<difficult>0</difficult>
		<bndbox>
			<xmin>234</xmin>
			<ymin>894</ymin>
			<xmax>312</xmax>
			<ymax>968</ymax>
		</bndbox>
	</object>
	<object>
		<name>sp02</name>
		<pose>Unspecified</pose>
		<truncated>0</truncated>
		<difficult>0</difficult>
		<bndbox>
			<xmin>515</xmin>
			<ymin>407</ymin>
			<xmax>625</xmax>
			<ymax>507</ymax>
		</bndbox>
	</object>
	<object>
		<name>sp02</name>
		<pose>Unspecified</pose>
		<truncated>0</truncated>
		<difficult>0</difficult>
		<bndbox>
			<xmin>970</xmin>
			<ymin>151</ymin>
			<xmax>1078</xmax>
			<ymax>253</ymax>
		</bndbox>
	</object>
	<object>
		<name>sp02</name>
		<pose>Unspecified</pose>
		<truncated>0</truncated>
		<difficult>0</difficult>
		<bndbox>
			<xmin>1262</xmin>
			<ymin>105</ymin>
			<xmax>1387</xmax>
			<ymax>220</ymax>
		</bndbox>
	</object>
</annotation>