<annotation>
	<folder>my-project-name</folder>
	<filename>sp02_img07.jpg</filename>
	<path>/my-project-name/sp02_img07.jpg</path>
	<source>
		<database>Unspecified</database>
	</source>
	<size>
		<width>2781</width>
		<height>2772</height>
		<depth>3</depth>
	</size>
	<object>
		<name>sp02</name>
		<pose>Unspecified</pose>
		<truncated>0</truncated>
		<difficult>0</difficult>
		<bndbox>
			<xmin>1285</xmin>
			<ymin>208</ymin>
			<xmax>1428</xmax>
			<ymax>326</ymax>
		</bndbox>
	</object>
	<object>
		<name>sp02</name>
		<pose>Unspecified</pose>
		<truncated>0</truncated>
		<difficult>0</difficult>
		<bndbox>
			<xmin>1120</xmin>
			<ymin>219</ymin>
			<xmax>1224</xmax>
			<ymax>337</ymax>
		</bndbox>
	</object>
	<object>
		<name>sp02</name>
		<pose>Unspecified</pose>
		<truncated>0</truncated>
		<difficult>0</difficult>
		<bndbox>
			<xmin>1183</xmin>
			<ymin>194</ymin>
			<xmax>1292</xmax>
			<ymax>318</ymax>
		</bndbox>
	</object>
	<object>
		<name>sp02</name>
		<pose>Unspecified</pose>
		<truncated>0</truncated>
		<difficult>0</difficult>
		<bndbox>
			<xmin>1221</xmin>
			<ymin>79</ymin>
			<xmax>1337</xmax>
			<ymax>157</ymax>
		</bndbox>
	</object>
	<object>
		<name>sp02</name>
		<pose>Unspecified</pose>
		<truncated>0</truncated>
		<difficult>0</difficult>
		<bndbox>
			<xmin>1627</xmin>
			<ymin>270</ymin>
			<xmax>1755</xmax>
			<ymax>401</ymax>
		</bndbox>
	</object>
	<object>
		<name>sp02</name>
		<pose>Unspecified</pose>
		<truncated>0</truncated>
		<difficult>0</difficult>
		<bndbox>
			<xmin>1744</xmin>
			<ymin>282</ymin>
			<xmax>1855</xmax>
			<ymax>399</ymax>
		</bndbox>
	</object>
	<object>
		<name>sp02</name>
		<pose>Unspecified</pose>
		<truncated>0</truncated>
		<difficult>0</difficult>
		<bndbox>
			<xmin>1938</xmin>
			<ymin>260</ymin>
			<xmax>2050</xmax>
			<ymax>378</ymax>
		</bndbox>
	</object>
	<object>
		<name>sp02</name>
		<pose>Unspecified</pose>
		<truncated>0</truncated>
		<difficult>0</difficult>
		<bndbox>
			<xmin>1834</xmin>
			<ymin>381</ymin>
			<xmax>1961</xmax>
			<ymax>512</ymax>
		</bndbox>
	</object>
	<object>
		<name>sp02</name>
		<pose>Unspecified</pose>
		<truncated>0</truncated>
		<difficult>0</difficult>
		<bndbox>
			<xmin>1675</xmin>
			<ymin>182</ymin>
			<xmax>1765</xmax>
			<ymax>258</ymax>
		</bndbox>
	</object>
	<object>
		<name>sp02</name>
		<pose>Unspecified</pose>
		<truncated>0</truncated>
		<difficult>0</difficult>
		<bndbox>
			<xmin>1737</xmin>
			<ymin>154</ymin>
			<xmax>1811</xmax>
			<ymax>254</ymax>
		</bndbox>
	</object>
	<object>
		<name>sp02</name>
		<pose>Unspecified</pose>
		<truncated>0</truncated>
		<difficult>0</difficult>
		<bndbox>
			<xmin>1696</xmin>
			<ymin>140</ymin>
			<xmax>1759</xmax>
			<ymax>199</ymax>
		</bndbox>
	</object>
	<object>
		<name>sp02</name>
		<pose>Unspecified</pose>
		<truncated>0</truncated>
		<difficult>0</difficult>
		<bndbox>
			<xmin>1444</xmin>
			<ymin>533</ymin>
			<xmax>1580</xmax>
			<ymax>656</ymax>
		</bndbox>
	</object>
	<object>
		<name>sp02</name>
		<pose>Unspecified</pose>
		<truncated>0</truncated>
		<difficult>0</difficult>
		<bndbox>
			<xmin>1486</xmin>
			<ymin>629</ymin>
			<xmax>1606</xmax>
			<ymax>730</ymax>
		</bndbox>
	</object>
	<object>
		<name>sp02</name>
		<pose>Unspecified</pose>
		<truncated>0</truncated>
		<difficult>0</difficult>
		<bndbox>
			<xmin>1673</xmin>
			<ymin>664</ymin>
			<xmax>1788</xmax>
			<ymax>801</ymax>
		</bndbox>
	</object>
	<object>
		<name>sp02</name>
		<pose>Unspecified</pose>
		<truncated>0</truncated>
		<difficult>0</difficult>
		<bndbox>
			<xmin>1890</xmin>
			<ymin>670</ymin>
			<xmax>1986</xmax>
			<ymax>763</ymax>
		</bndbox>
	</object>
	<object>
		<name>sp02</name>
		<pose>Unspecified</pose>
		<truncated>0</truncated>
		<difficult>0</difficult>
		<bndbox>
			<xmin>1811</xmin>
			<ymin>723</ymin>
			<xmax>1941</xmax>
			<ymax>840</ymax>
		</bndbox>
	</object>
	<object>
		<name>sp02</name>
		<pose>Unspecified</pose>
		<truncated>0</truncated>
		<difficult>0</difficult>
		<bndbox>
			<xmin>1950</xmin>
			<ymin>446</ymin>
			<xmax>2071</xmax>
			<ymax>574</ymax>
		</bndbox>
	</object>
	<object>
		<name>sp02</name>
		<pose>Unspecified</pose>
		<truncated>0</truncated>
		<difficult>0</difficult>
		<bndbox>
			<xmin>2082</xmin>
			<ymin>487</ymin>
			<xmax>2192</xmax>
			<ymax>606</ymax>
		</bndbox>
	</object>
	<object>
		<name>sp02</name>
		<pose>Unspecified</pose>
		<truncated>0</truncated>
		<difficult>0</difficult>
		<bndbox>
			<xmin>2054</xmin>
			<ymin>585</ymin>
			<xmax>2195</xmax>
			<ymax>716</ymax>
		</bndbox>
	</object>
	<object>
		<name>sp02</name>
		<pose>Unspecified</pose>
		<truncated>0</truncated>
		<difficult>0</difficult>
		<bndbox>
			<xmin>1286</xmin>
			<ymin>668</ymin>
			<xmax>1393</xmax>
			<ymax>777</ymax>
		</bndbox>
	</object>
	<object>
		<name>sp02</name>
		<pose>Unspecified</pose>
		<truncated>0</truncated>
		<difficult>0</difficult>
		<bndbox>
			<xmin>1356</xmin>
			<ymin>691</ymin>
			<xmax>1458</xmax>
			<ymax>798</ymax>
		</bndbox>
	</object>
	<object>
		<name>sp02</name>
		<pose>Unspecified</pose>
		<truncated>0</truncated>
		<difficult>0</difficult>
		<bndbox>
			<xmin>1020</xmin>
			<ymin>587</ymin>
			<xmax>1148</xmax>
			<ymax>706</ymax>
		</bndbox>
	</object>
	<object>
		<name>sp02</name>
		<pose>Unspecified</pose>
		<truncated>0</truncated>
		<difficult>0</difficult>
		<bndbox>
			<xmin>868</xmin>
			<ymin>529</ymin>
			<xmax>1017</xmax>
			<ymax>660</ymax>
		</bndbox>
	</object>
	<object>
		<name>sp02</name>
		<pose>Unspecified</pose>
		<truncated>0</truncated>
		<difficult>0</difficult>
		<bndbox>
			<xmin>793</xmin>
			<ymin>211</ymin>
			<xmax>884</xmax>
			<ymax>323</ymax>
		</bndbox>
	</object>
	<object>
		<name>sp02</name>
		<pose>Unspecified</pose>
		<truncated>0</truncated>
		<difficult>0</difficult>
		<bndbox>
			<xmin>872</xmin>
			<ymin>209</ymin>
			<xmax>962</xmax>
			<ymax>323</ymax>
		</bndbox>
	</object>
	<object>
		<name>sp02</name>
		<pose>Unspecified</pose>
		<truncated>0</truncated>
		<difficult>0</difficult>
		<bndbox>
			<xmin>2197</xmin>
			<ymin>533</ymin>
			<xmax>2286</xmax>
			<ymax>642</ymax>
		</bndbox>
	</object>
	<object>
		<name>sp02</name>
		<pose>Unspecified</pose>
		<truncated>0</truncated>
		<difficult>0</difficult>
		<bndbox>
			<xmin>2264</xmin>
			<ymin>498</ymin>
			<xmax>2351</xmax>
			<ymax>588</ymax>
		</bndbox>
	</object>
	<object>
		<name>sp02</name>
		<pose>Unspecified</pose>
		<truncated>0</truncated>
		<difficult>0</difficult>
		<bndbox>
			<xmin>2351</xmin>
			<ymin>651</ymin>
			<xmax>2454</xmax>
			<ymax>763</ymax>
		</bndbox>
	</object>
	<object>
		<name>sp02</name>
		<pose>Unspecified</pose>
		<truncated>0</truncated>
		<difficult>0</difficult>
		<bndbox>
			<xmin>2276</xmin>
			<ymin>730</ymin>
			<xmax>2379</xmax>
			<ymax>822</ymax>
		</bndbox>
	</object>
	<object>
		<name>sp02</name>
		<pose>Unspecified</pose>
		<truncated>0</truncated>
		<difficult>0</difficult>
		<bndbox>
			<xmin>2279</xmin>
			<ymin>795</ymin>
			<xmax>2378</xmax>
			<ymax>881</ymax>
		</bndbox>
	</object>
	<object>
		<name>sp02</name>
		<pose>Unspecified</pose>
		<truncated>0</truncated>
		<difficult>0</difficult>
		<bndbox>
			<xmin>2440</xmin>
			<ymin>785</ymin>
			<xmax>2544</xmax>
			<ymax>894</ymax>
		</bndbox>
	</object>
	<object>
		<name>sp02</name>
		<pose>Unspecified</pose>
		<truncated>0</truncated>
		<difficult>0</difficult>
		<bndbox>
			<xmin>2354</xmin>
			<ymin>801</ymin>
			<xmax>2441</xmax>
			<ymax>894</ymax>
		</bndbox>
	</object>
	<object>
		<name>sp02</name>
		<pose>Unspecified</pose>
		<truncated>0</truncated>
		<difficult>0</difficult>
		<bndbox>
			<xmin>2354</xmin>
			<ymin>877</ymin>
			<xmax>2457</xmax>
			<ymax>946</ymax>
		</bndbox>
	</object>
	<object>
		<name>sp02</name>
		<pose>Unspecified</pose>
		<truncated>0</truncated>
		<difficult>0</difficult>
		<bndbox>
			<xmin>2290</xmin>
			<ymin>956</ymin>
			<xmax>2413</xmax>
			<ymax>1078</ymax>
		</bndbox>
	</object>
	<object>
		<name>sp02</name>
		<pose>Unspecified</pose>
		<truncated>0</truncated>
		<difficult>0</difficult>
		<bndbox>
			<xmin>2354</xmin>
			<ymin>921</ymin>
			<xmax>2433</xmax>
			<ymax>990</ymax>
		</bndbox>
	</object>
	<object>
		<name>sp02</name>
		<pose>Unspecified</pose>
		<truncated>0</truncated>
		<difficult>0</difficult>
		<bndbox>
			<xmin>2403</xmin>
			<ymin>912</ymin>
			<xmax>2492</xmax>
			<ymax>1045</ymax>
		</bndbox>
	</object>
	<object>
		<name>sp02</name>
		<pose>Unspecified</pose>
		<truncated>0</truncated>
		<difficult>0</difficult>
		<bndbox>
			<xmin>2479</xmin>
			<ymin>992</ymin>
			<xmax>2595</xmax>
			<ymax>1115</ymax>
		</bndbox>
	</object>
	<object>
		<name>sp02</name>
		<pose>Unspecified</pose>
		<truncated>0</truncated>
		<difficult>0</difficult>
		<bndbox>
			<xmin>1885</xmin>
			<ymin>853</ymin>
			<xmax>1982</xmax>
			<ymax>933</ymax>
		</bndbox>
	</object>
	<object>
		<name>sp02</name>
		<pose>Unspecified</pose>
		<truncated>0</truncated>
		<difficult>0</difficult>
		<bndbox>
			<xmin>1903</xmin>
			<ymin>901</ymin>
			<xmax>2020</xmax>
			<ymax>997</ymax>
		</bndbox>
	</object>
	<object>
		<name>sp02</name>
		<pose>Unspecified</pose>
		<truncated>0</truncated>
		<difficult>0</difficult>
		<bndbox>
			<xmin>1804</xmin>
			<ymin>898</ymin>
			<xmax>1907</xmax>
			<ymax>998</ymax>
		</bndbox>
	</object>
	<object>
		<name>sp02</name>
		<pose>Unspecified</pose>
		<truncated>0</truncated>
		<difficult>0</difficult>
		<bndbox>
			<xmin>1728</xmin>
			<ymin>866</ymin>
			<xmax>1837</xmax>
			<ymax>963</ymax>
		</bndbox>
	</object>
	<object>
		<name>sp02</name>
		<pose>Unspecified</pose>
		<truncated>0</truncated>
		<difficult>0</difficult>
		<bndbox>
			<xmin>1721</xmin>
			<ymin>939</ymin>
			<xmax>1819</xmax>
			<ymax>1026</ymax>
		</bndbox>
	</object>
	<object>
		<name>sp02</name>
		<pose>Unspecified</pose>
		<truncated>0</truncated>
		<difficult>0</difficult>
		<bndbox>
			<xmin>1752</xmin>
			<ymin>985</ymin>
			<xmax>1864</xmax>
			<ymax>1088</ymax>
		</bndbox>
	</object>
	<object>
		<name>sp02</name>
		<pose>Unspecified</pose>
		<truncated>0</truncated>
		<difficult>0</difficult>
		<bndbox>
			<xmin>1538</xmin>
			<ymin>968</ymin>
			<xmax>1664</xmax>
			<ymax>1087</ymax>
		</bndbox>
	</object>
	<object>
		<name>sp02</name>
		<pose>Unspecified</pose>
		<truncated>0</truncated>
		<difficult>0</difficult>
		<bndbox>
			<xmin>1499</xmin>
			<ymin>894</ymin>
			<xmax>1614</xmax>
			<ymax>1011</ymax>
		</bndbox>
	</object>
	<object>
		<name>sp02</name>
		<pose>Unspecified</pose>
		<truncated>0</truncated>
		<difficult>0</difficult>
		<bndbox>
			<xmin>1490</xmin>
			<ymin>763</ymin>
			<xmax>1593</xmax>
			<ymax>859</ymax>
		</bndbox>
	</object>
	<object>
		<name>sp02</name>
		<pose>Unspecified</pose>
		<truncated>0</truncated>
		<difficult>0</difficult>
		<bndbox>
			<xmin>1432</xmin>
			<ymin>787</ymin>
			<xmax>1535</xmax>
			<ymax>881</ymax>
		</bndbox>
	</object>
	<object>
		<name>sp02</name>
		<pose>Unspecified</pose>
		<truncated>0</truncated>
		<difficult>0</difficult>
		<bndbox>
			<xmin>1420</xmin>
			<ymin>856</ymin>
			<xmax>1524</xmax>
			<ymax>960</ymax>
		</bndbox>
	</object>
	<object>
		<name>sp02</name>
		<pose>Unspecified</pose>
		<truncated>0</truncated>
		<difficult>0</difficult>
		<bndbox>
			<xmin>1390</xmin>
			<ymin>946</ymin>
			<xmax>1503</xmax>
			<ymax>1049</ymax>
		</bndbox>
	</object>
	<object>
		<name>sp02</name>
		<pose>Unspecified</pose>
		<truncated>0</truncated>
		<difficult>0</difficult>
		<bndbox>
			<xmin>1099</xmin>
			<ymin>890</ymin>
			<xmax>1220</xmax>
			<ymax>1007</ymax>
		</bndbox>
	</object>
	<object>
		<name>sp02</name>
		<pose>Unspecified</pose>
		<truncated>0</truncated>
		<difficult>0</difficult>
		<bndbox>
			<xmin>1107</xmin>
			<ymin>1033</ymin>
			<xmax>1239</xmax>
			<ymax>1150</ymax>
		</bndbox>
	</object>
	<object>
		<name>sp02</name>
		<pose>Unspecified</pose>
		<truncated>0</truncated>
		<difficult>0</difficult>
		<bndbox>
			<xmin>1285</xmin>
			<ymin>1088</ymin>
			<xmax>1399</xmax>
			<ymax>1190</ymax>
		</bndbox>
	</object>
	<object>
		<name>sp02</name>
		<pose>Unspecified</pose>
		<truncated>0</truncated>
		<difficult>0</difficult>
		<bndbox>
			<xmin>1821</xmin>
			<ymin>1097</ymin>
			<xmax>1904</xmax>
			<ymax>1204</ymax>
		</bndbox>
	</object>
	<object>
		<name>sp02</name>
		<pose>Unspecified</pose>
		<truncated>0</truncated>
		<difficult>0</difficult>
		<bndbox>
			<xmin>1349</xmin>
			<ymin>1129</ymin>
			<xmax>1452</xmax>
			<ymax>1223</ymax>
		</bndbox>
	</object>
	<object>
		<name>sp02</name>
		<pose>Unspecified</pose>
		<truncated>0</truncated>
		<difficult>0</difficult>
		<bndbox>
			<xmin>1469</xmin>
			<ymin>1081</ymin>
			<xmax>1586</xmax>
			<ymax>1195</ymax>
		</bndbox>
	</object>
	<object>
		<name>sp02</name>
		<pose>Unspecified</pose>
		<truncated>0</truncated>
		<difficult>0</difficult>
		<bndbox>
			<xmin>1749</xmin>
			<ymin>1138</ymin>
			<xmax>1871</xmax>
			<ymax>1246</ymax>
		</bndbox>
	</object>
	<object>
		<name>sp02</name>
		<pose>Unspecified</pose>
		<truncated>0</truncated>
		<difficult>0</difficult>
		<bndbox>
			<xmin>1888</xmin>
			<ymin>1091</ymin>
			<xmax>1942</xmax>
			<ymax>1188</ymax>
		</bndbox>
	</object>
	<object>
		<name>sp02</name>
		<pose>Unspecified</pose>
		<truncated>0</truncated>
		<difficult>0</difficult>
		<bndbox>
			<xmin>1916</xmin>
			<ymin>1104</ymin>
			<xmax>1985</xmax>
			<ymax>1201</ymax>
		</bndbox>
	</object>
	<object>
		<name>sp02</name>
		<pose>Unspecified</pose>
		<truncated>0</truncated>
		<difficult>0</difficult>
		<bndbox>
			<xmin>1930</xmin>
			<ymin>1035</ymin>
			<xmax>2024</xmax>
			<ymax>1122</ymax>
		</bndbox>
	</object>
	<object>
		<name>sp02</name>
		<pose>Unspecified</pose>
		<truncated>0</truncated>
		<difficult>0</difficult>
		<bndbox>
			<xmin>1964</xmin>
			<ymin>1073</ymin>
			<xmax>2075</xmax>
			<ymax>1174</ymax>
		</bndbox>
	</object>
	<object>
		<name>sp02</name>
		<pose>Unspecified</pose>
		<truncated>0</truncated>
		<difficult>0</difficult>
		<bndbox>
			<xmin>2048</xmin>
			<ymin>1125</ymin>
			<xmax>2172</xmax>
			<ymax>1249</ymax>
		</bndbox>
	</object>
	<object>
		<name>sp02</name>
		<pose>Unspecified</pose>
		<truncated>0</truncated>
		<difficult>0</difficult>
		<bndbox>
			<xmin>1530</xmin>
			<ymin>1176</ymin>
			<xmax>1626</xmax>
			<ymax>1263</ymax>
		</bndbox>
	</object>
	<object>
		<name>sp02</name>
		<pose>Unspecified</pose>
		<truncated>0</truncated>
		<difficult>0</difficult>
		<bndbox>
			<xmin>1558</xmin>
			<ymin>1207</ymin>
			<xmax>1661</xmax>
			<ymax>1308</ymax>
		</bndbox>
	</object>
	<object>
		<name>sp02</name>
		<pose>Unspecified</pose>
		<truncated>0</truncated>
		<difficult>0</difficult>
		<bndbox>
			<xmin>2536</xmin>
			<ymin>1167</ymin>
			<xmax>2644</xmax>
			<ymax>1259</ymax>
		</bndbox>
	</object>
	<object>
		<name>sp02</name>
		<pose>Unspecified</pose>
		<truncated>0</truncated>
		<difficult>0</difficult>
		<bndbox>
			<xmin>2496</xmin>
			<ymin>1207</ymin>
			<xmax>2585</xmax>
			<ymax>1322</ymax>
		</bndbox>
	</object>
	<object>
		<name>sp02</name>
		<pose>Unspecified</pose>
		<truncated>0</truncated>
		<difficult>0</difficult>
		<bndbox>
			<xmin>2571</xmin>
			<ymin>1232</ymin>
			<xmax>2658</xmax>
			<ymax>1332</ymax>
		</bndbox>
	</object>
	<object>
		<name>sp02</name>
		<pose>Unspecified</pose>
		<truncated>0</truncated>
		<difficult>0</difficult>
		<bndbox>
			<xmin>2541</xmin>
			<ymin>1322</ymin>
			<xmax>2651</xmax>
			<ymax>1449</ymax>
		</bndbox>
	</object>
	<object>
		<name>sp02</name>
		<pose>Unspecified</pose>
		<truncated>0</truncated>
		<difficult>0</difficult>
		<bndbox>
			<xmin>2486</xmin>
			<ymin>1598</ymin>
			<xmax>2593</xmax>
			<ymax>1718</ymax>
		</bndbox>
	</object>
	<object>
		<name>sp02</name>
		<pose>Unspecified</pose>
		<truncated>0</truncated>
		<difficult>0</difficult>
		<bndbox>
			<xmin>1931</xmin>
			<ymin>1264</ymin>
			<xmax>2031</xmax>
			<ymax>1356</ymax>
		</bndbox>
	</object>
	<object>
		<name>sp02</name>
		<pose>Unspecified</pose>
		<truncated>0</truncated>
		<difficult>0</difficult>
		<bndbox>
			<xmin>1865</xmin>
			<ymin>1294</ymin>
			<xmax>1958</xmax>
			<ymax>1390</ymax>
		</bndbox>
	</object>
	<object>
		<name>sp02</name>
		<pose>Unspecified</pose>
		<truncated>0</truncated>
		<difficult>0</difficult>
		<bndbox>
			<xmin>1954</xmin>
			<ymin>1305</ymin>
			<xmax>2062</xmax>
			<ymax>1388</ymax>
		</bndbox>
	</object>
	<object>
		<name>sp02</name>
		<pose>Unspecified</pose>
		<truncated>0</truncated>
		<difficult>0</difficult>
		<bndbox>
			<xmin>1959</xmin>
			<ymin>1364</ymin>
			<xmax>2058</xmax>
			<ymax>1428</ymax>
		</bndbox>
	</object>
	<object>
		<name>sp02</name>
		<pose>Unspecified</pose>
		<truncated>0</truncated>
		<difficult>0</difficult>
		<bndbox>
			<xmin>1955</xmin>
			<ymin>1401</ymin>
			<xmax>2074</xmax>
			<ymax>1494</ymax>
		</bndbox>
	</object>
	<object>
		<name>sp02</name>
		<pose>Unspecified</pose>
		<truncated>0</truncated>
		<difficult>0</difficult>
		<bndbox>
			<xmin>1879</xmin>
			<ymin>1407</ymin>
			<xmax>1985</xmax>
			<ymax>1502</ymax>
		</bndbox>
	</object>
	<object>
		<name>sp02</name>
		<pose>Unspecified</pose>
		<truncated>0</truncated>
		<difficult>0</difficult>
		<bndbox>
			<xmin>1820</xmin>
			<ymin>1446</ymin>
			<xmax>1923</xmax>
			<ymax>1542</ymax>
		</bndbox>
	</object>
	<object>
		<name>sp02</name>
		<pose>Unspecified</pose>
		<truncated>0</truncated>
		<difficult>0</difficult>
		<bndbox>
			<xmin>1771</xmin>
			<ymin>1415</ymin>
			<xmax>1866</xmax>
			<ymax>1497</ymax>
		</bndbox>
	</object>
	<object>
		<name>sp02</name>
		<pose>Unspecified</pose>
		<truncated>0</truncated>
		<difficult>0</difficult>
		<bndbox>
			<xmin>1761</xmin>
			<ymin>1331</ymin>
			<xmax>1851</xmax>
			<ymax>1424</ymax>
		</bndbox>
	</object>
	<object>
		<name>sp02</name>
		<pose>Unspecified</pose>
		<truncated>0</truncated>
		<difficult>0</difficult>
		<bndbox>
			<xmin>1728</xmin>
			<ymin>1277</ymin>
			<xmax>1819</xmax>
			<ymax>1362</ymax>
		</bndbox>
	</object>
	<object>
		<name>sp02</name>
		<pose>Unspecified</pose>
		<truncated>0</truncated>
		<difficult>0</difficult>
		<bndbox>
			<xmin>1696</xmin>
			<ymin>1308</ymin>
			<xmax>1773</xmax>
			<ymax>1395</ymax>
		</bndbox>
	</object>
	<object>
		<name>sp02</name>
		<pose>Unspecified</pose>
		<truncated>0</truncated>
		<difficult>0</difficult>
		<bndbox>
			<xmin>1631</xmin>
			<ymin>1332</ymin>
			<xmax>1738</xmax>
			<ymax>1431</ymax>
		</bndbox>
	</object>
	<object>
		<name>sp02</name>
		<pose>Unspecified</pose>
		<truncated>0</truncated>
		<difficult>0</difficult>
		<bndbox>
			<xmin>1678</xmin>
			<ymin>1414</ymin>
			<xmax>1764</xmax>
			<ymax>1502</ymax>
		</bndbox>
	</object>
	<object>
		<name>sp02</name>
		<pose>Unspecified</pose>
		<truncated>0</truncated>
		<difficult>0</difficult>
		<bndbox>
			<xmin>1924</xmin>
			<ymin>1521</ymin>
			<xmax>2038</xmax>
			<ymax>1640</ymax>
		</bndbox>
	</object>
	<object>
		<name>sp02</name>
		<pose>Unspecified</pose>
		<truncated>0</truncated>
		<difficult>0</difficult>
		<bndbox>
			<xmin>1479</xmin>
			<ymin>1250</ymin>
			<xmax>1571</xmax>
			<ymax>1322</ymax>
		</bndbox>
	</object>
	<object>
		<name>sp02</name>
		<pose>Unspecified</pose>
		<truncated>0</truncated>
		<difficult>0</difficult>
		<bndbox>
			<xmin>1504</xmin>
			<ymin>1281</ymin>
			<xmax>1589</xmax>
			<ymax>1366</ymax>
		</bndbox>
	</object>
	<object>
		<name>sp02</name>
		<pose>Unspecified</pose>
		<truncated>0</truncated>
		<difficult>0</difficult>
		<bndbox>
			<xmin>1463</xmin>
			<ymin>1360</ymin>
			<xmax>1572</xmax>
			<ymax>1446</ymax>
		</bndbox>
	</object>
	<object>
		<name>sp02</name>
		<pose>Unspecified</pose>
		<truncated>0</truncated>
		<difficult>0</difficult>
		<bndbox>
			<xmin>1435</xmin>
			<ymin>1394</ymin>
			<xmax>1504</xmax>
			<ymax>1463</ymax>
		</bndbox>
	</object>
	<object>
		<name>sp02</name>
		<pose>Unspecified</pose>
		<truncated>0</truncated>
		<difficult>0</difficult>
		<bndbox>
			<xmin>1475</xmin>
			<ymin>1422</ymin>
			<xmax>1555</xmax>
			<ymax>1508</ymax>
		</bndbox>
	</object>
	<object>
		<name>sp02</name>
		<pose>Unspecified</pose>
		<truncated>0</truncated>
		<difficult>0</difficult>
		<bndbox>
			<xmin>1549</xmin>
			<ymin>1371</ymin>
			<xmax>1651</xmax>
			<ymax>1474</ymax>
		</bndbox>
	</object>
	<object>
		<name>sp02</name>
		<pose>Unspecified</pose>
		<truncated>0</truncated>
		<difficult>0</difficult>
		<bndbox>
			<xmin>1559</xmin>
			<ymin>1486</ymin>
			<xmax>1655</xmax>
			<ymax>1588</ymax>
		</bndbox>
	</object>
	<object>
		<name>sp02</name>
		<pose>Unspecified</pose>
		<truncated>0</truncated>
		<difficult>0</difficult>
		<bndbox>
			<xmin>1616</xmin>
			<ymin>1460</ymin>
			<xmax>1693</xmax>
			<ymax>1567</ymax>
		</bndbox>
	</object>
	<object>
		<name>sp02</name>
		<pose>Unspecified</pose>
		<truncated>0</truncated>
		<difficult>0</difficult>
		<bndbox>
			<xmin>1675</xmin>
			<ymin>1516</ymin>
			<xmax>1776</xmax>
			<ymax>1615</ymax>
		</bndbox>
	</object>
	<object>
		<name>sp02</name>
		<pose>Unspecified</pose>
		<truncated>0</truncated>
		<difficult>0</difficult>
		<bndbox>
			<xmin>1634</xmin>
			<ymin>1586</ymin>
			<xmax>1738</xmax>
			<ymax>1670</ymax>
		</bndbox>
	</object>
	<object>
		<name>sp02</name>
		<pose>Unspecified</pose>
		<truncated>0</truncated>
		<difficult>0</difficult>
		<bndbox>
			<xmin>1618</xmin>
			<ymin>1662</ymin>
			<xmax>1733</xmax>
			<ymax>1786</ymax>
		</bndbox>
	</object>
	<object>
		<name>sp02</name>
		<pose>Unspecified</pose>
		<truncated>0</truncated>
		<difficult>0</difficult>
		<bndbox>
			<xmin>1686</xmin>
			<ymin>1612</ymin>
			<xmax>1762</xmax>
			<ymax>1695</ymax>
		</bndbox>
	</object>
	<object>
		<name>sp02</name>
		<pose>Unspecified</pose>
		<truncated>0</truncated>
		<difficult>0</difficult>
		<bndbox>
			<xmin>1735</xmin>
			<ymin>1640</ymin>
			<xmax>1842</xmax>
			<ymax>1728</ymax>
		</bndbox>
	</object>
	<object>
		<name>sp02</name>
		<pose>Unspecified</pose>
		<truncated>0</truncated>
		<difficult>0</difficult>
		<bndbox>
			<xmin>1830</xmin>
			<ymin>1611</ymin>
			<xmax>1944</xmax>
			<ymax>1725</ymax>
		</bndbox>
	</object>
	<object>
		<name>sp02</name>
		<pose>Unspecified</pose>
		<truncated>0</truncated>
		<difficult>0</difficult>
		<bndbox>
			<xmin>1740</xmin>
			<ymin>1700</ymin>
			<xmax>1862</xmax>
			<ymax>1794</ymax>
		</bndbox>
	</object>
	<object>
		<name>sp02</name>
		<pose>Unspecified</pose>
		<truncated>0</truncated>
		<difficult>0</difficult>
		<bndbox>
			<xmin>1348</xmin>
			<ymin>1443</ymin>
			<xmax>1452</xmax>
			<ymax>1542</ymax>
		</bndbox>
	</object>
	<object>
		<name>sp02</name>
		<pose>Unspecified</pose>
		<truncated>0</truncated>
		<difficult>0</difficult>
		<bndbox>
			<xmin>1341</xmin>
			<ymin>1393</ymin>
			<xmax>1437</xmax>
			<ymax>1463</ymax>
		</bndbox>
	</object>
	<object>
		<name>sp02</name>
		<pose>Unspecified</pose>
		<truncated>0</truncated>
		<difficult>0</difficult>
		<bndbox>
			<xmin>1313</xmin>
			<ymin>1343</ymin>
			<xmax>1420</xmax>
			<ymax>1422</ymax>
		</bndbox>
	</object>
	<object>
		<name>sp02</name>
		<pose>Unspecified</pose>
		<truncated>0</truncated>
		<difficult>0</difficult>
		<bndbox>
			<xmin>1247</xmin>
			<ymin>1283</ymin>
			<xmax>1340</xmax>
			<ymax>1373</ymax>
		</bndbox>
	</object>
	<object>
		<name>sp02</name>
		<pose>Unspecified</pose>
		<truncated>0</truncated>
		<difficult>0</difficult>
		<bndbox>
			<xmin>1252</xmin>
			<ymin>1204</ymin>
			<xmax>1338</xmax>
			<ymax>1305</ymax>
		</bndbox>
	</object>
	<object>
		<name>sp02</name>
		<pose>Unspecified</pose>
		<truncated>0</truncated>
		<difficult>0</difficult>
		<bndbox>
			<xmin>1208</xmin>
			<ymin>1208</ymin>
			<xmax>1273</xmax>
			<ymax>1305</ymax>
		</bndbox>
	</object>
	<object>
		<name>sp02</name>
		<pose>Unspecified</pose>
		<truncated>0</truncated>
		<difficult>0</difficult>
		<bndbox>
			<xmin>1165</xmin>
			<ymin>1240</ymin>
			<xmax>1248</xmax>
			<ymax>1318</ymax>
		</bndbox>
	</object>
	<object>
		<name>sp02</name>
		<pose>Unspecified</pose>
		<truncated>0</truncated>
		<difficult>0</difficult>
		<bndbox>
			<xmin>1180</xmin>
			<ymin>1300</ymin>
			<xmax>1255</xmax>
			<ymax>1374</ymax>
		</bndbox>
	</object>
	<object>
		<name>sp02</name>
		<pose>Unspecified</pose>
		<truncated>0</truncated>
		<difficult>0</difficult>
		<bndbox>
			<xmin>1156</xmin>
			<ymin>1345</ymin>
			<xmax>1252</xmax>
			<ymax>1438</ymax>
		</bndbox>
	</object>
	<object>
		<name>sp02</name>
		<pose>Unspecified</pose>
		<truncated>0</truncated>
		<difficult>0</difficult>
		<bndbox>
			<xmin>1110</xmin>
			<ymin>1266</ymin>
			<xmax>1189</xmax>
			<ymax>1352</ymax>
		</bndbox>
	</object>
	<object>
		<name>sp02</name>
		<pose>Unspecified</pose>
		<truncated>0</truncated>
		<difficult>0</difficult>
		<bndbox>
			<xmin>1013</xmin>
			<ymin>1136</ymin>
			<xmax>1128</xmax>
			<ymax>1249</ymax>
		</bndbox>
	</object>
	<object>
		<name>sp02</name>
		<pose>Unspecified</pose>
		<truncated>0</truncated>
		<difficult>0</difficult>
		<bndbox>
			<xmin>1021</xmin>
			<ymin>1305</ymin>
			<xmax>1130</xmax>
			<ymax>1390</ymax>
		</bndbox>
	</object>
	<object>
		<name>sp02</name>
		<pose>Unspecified</pose>
		<truncated>0</truncated>
		<difficult>0</difficult>
		<bndbox>
			<xmin>1065</xmin>
			<ymin>1238</ymin>
			<xmax>1134</xmax>
			<ymax>1316</ymax>
		</bndbox>
	</object>
	<object>
		<name>sp02</name>
		<pose>Unspecified</pose>
		<truncated>0</truncated>
		<difficult>0</difficult>
		<bndbox>
			<xmin>1025</xmin>
			<ymin>1223</ymin>
			<xmax>1083</xmax>
			<ymax>1278</ymax>
		</bndbox>
	</object>
	<object>
		<name>sp02</name>
		<pose>Unspecified</pose>
		<truncated>0</truncated>
		<difficult>0</difficult>
		<bndbox>
			<xmin>1023</xmin>
			<ymin>1263</ymin>
			<xmax>1082</xmax>
			<ymax>1322</ymax>
		</bndbox>
	</object>
	<object>
		<name>sp02</name>
		<pose>Unspecified</pose>
		<truncated>0</truncated>
		<difficult>0</difficult>
		<bndbox>
			<xmin>1132</xmin>
			<ymin>1477</ymin>
			<xmax>1241</xmax>
			<ymax>1581</ymax>
		</bndbox>
	</object>
	<object>
		<name>sp02</name>
		<pose>Unspecified</pose>
		<truncated>0</truncated>
		<difficult>0</difficult>
		<bndbox>
			<xmin>1044</xmin>
			<ymin>1401</ymin>
			<xmax>1130</xmax>
			<ymax>1486</ymax>
		</bndbox>
	</object>
	<object>
		<name>sp02</name>
		<pose>Unspecified</pose>
		<truncated>0</truncated>
		<difficult>0</difficult>
		<bndbox>
			<xmin>989</xmin>
			<ymin>1429</ymin>
			<xmax>1077</xmax>
			<ymax>1519</ymax>
		</bndbox>
	</object>
	<object>
		<name>sp02</name>
		<pose>Unspecified</pose>
		<truncated>0</truncated>
		<difficult>0</difficult>
		<bndbox>
			<xmin>1070</xmin>
			<ymin>1449</ymin>
			<xmax>1165</xmax>
			<ymax>1553</ymax>
		</bndbox>
	</object>
	<object>
		<name>sp02</name>
		<pose>Unspecified</pose>
		<truncated>0</truncated>
		<difficult>0</difficult>
		<bndbox>
			<xmin>1077</xmin>
			<ymin>1542</ymin>
			<xmax>1161</xmax>
			<ymax>1640</ymax>
		</bndbox>
	</object>
	<object>
		<name>sp02</name>
		<pose>Unspecified</pose>
		<truncated>0</truncated>
		<difficult>0</difficult>
		<bndbox>
			<xmin>1127</xmin>
			<ymin>1559</ymin>
			<xmax>1217</xmax>
			<ymax>1642</ymax>
		</bndbox>
	</object>
	<object>
		<name>sp02</name>
		<pose>Unspecified</pose>
		<truncated>0</truncated>
		<difficult>0</difficult>
		<bndbox>
			<xmin>1147</xmin>
			<ymin>1590</ymin>
			<xmax>1256</xmax>
			<ymax>1688</ymax>
		</bndbox>
	</object>
	<object>
		<name>sp02</name>
		<pose>Unspecified</pose>
		<truncated>0</truncated>
		<difficult>0</difficult>
		<bndbox>
			<xmin>1015</xmin>
			<ymin>1563</ymin>
			<xmax>1101</xmax>
			<ymax>1670</ymax>
		</bndbox>
	</object>
	<object>
		<name>sp02</name>
		<pose>Unspecified</pose>
		<truncated>0</truncated>
		<difficult>0</difficult>
		<bndbox>
			<xmin>2048</xmin>
			<ymin>1748</ymin>
			<xmax>2185</xmax>
			<ymax>1874</ymax>
		</bndbox>
	</object>
	<object>
		<name>sp02</name>
		<pose>Unspecified</pose>
		<truncated>0</truncated>
		<difficult>0</difficult>
		<bndbox>
			<xmin>2105</xmin>
			<ymin>1833</ymin>
			<xmax>2241</xmax>
			<ymax>1959</ymax>
		</bndbox>
	</object>
	<object>
		<name>sp02</name>
		<pose>Unspecified</pose>
		<truncated>0</truncated>
		<difficult>0</difficult>
		<bndbox>
			<xmin>1934</xmin>
			<ymin>2190</ymin>
			<xmax>2092</xmax>
			<ymax>2328</ymax>
		</bndbox>
	</object>
	<object>
		<name>sp02</name>
		<pose>Unspecified</pose>
		<truncated>0</truncated>
		<difficult>0</difficult>
		<bndbox>
			<xmin>1795</xmin>
			<ymin>1793</ymin>
			<xmax>1904</xmax>
			<ymax>1894</ymax>
		</bndbox>
	</object>
	<object>
		<name>sp02</name>
		<pose>Unspecified</pose>
		<truncated>0</truncated>
		<difficult>0</difficult>
		<bndbox>
			<xmin>1844</xmin>
			<ymin>1841</ymin>
			<xmax>1958</xmax>
			<ymax>1950</ymax>
		</bndbox>
	</object>
	<object>
		<name>sp02</name>
		<pose>Unspecified</pose>
		<truncated>0</truncated>
		<difficult>0</difficult>
		<bndbox>
			<xmin>1782</xmin>
			<ymin>1880</ymin>
			<xmax>1899</xmax>
			<ymax>1965</ymax>
		</bndbox>
	</object>
	<object>
		<name>sp02</name>
		<pose>Unspecified</pose>
		<truncated>0</truncated>
		<difficult>0</difficult>
		<bndbox>
			<xmin>1782</xmin>
			<ymin>1932</ymin>
			<xmax>1903</xmax>
			<ymax>2026</ymax>
		</bndbox>
	</object>
	<object>
		<name>sp02</name>
		<pose>Unspecified</pose>
		<truncated>0</truncated>
		<difficult>0</difficult>
		<bndbox>
			<xmin>1685</xmin>
			<ymin>1870</ymin>
			<xmax>1773</xmax>
			<ymax>1936</ymax>
		</bndbox>
	</object>
	<object>
		<name>sp02</name>
		<pose>Unspecified</pose>
		<truncated>0</truncated>
		<difficult>0</difficult>
		<bndbox>
			<xmin>1709</xmin>
			<ymin>1915</ymin>
			<xmax>1778</xmax>
			<ymax>1974</ymax>
		</bndbox>
	</object>
	<object>
		<name>sp02</name>
		<pose>Unspecified</pose>
		<truncated>0</truncated>
		<difficult>0</difficult>
		<bndbox>
			<xmin>1647</xmin>
			<ymin>1898</ymin>
			<xmax>1721</xmax>
			<ymax>1957</ymax>
		</bndbox>
	</object>
	<object>
		<name>sp02</name>
		<pose>Unspecified</pose>
		<truncated>0</truncated>
		<difficult>0</difficult>
		<bndbox>
			<xmin>1648</xmin>
			<ymin>1939</ymin>
			<xmax>1731</xmax>
			<ymax>1994</ymax>
		</bndbox>
	</object>
	<object>
		<name>sp02</name>
		<pose>Unspecified</pose>
		<truncated>0</truncated>
		<difficult>0</difficult>
		<bndbox>
			<xmin>1651</xmin>
			<ymin>1969</ymin>
			<xmax>1735</xmax>
			<ymax>2028</ymax>
		</bndbox>
	</object>
	<object>
		<name>sp02</name>
		<pose>Unspecified</pose>
		<truncated>0</truncated>
		<difficult>0</difficult>
		<bndbox>
			<xmin>1633</xmin>
			<ymin>2003</ymin>
			<xmax>1711</xmax>
			<ymax>2067</ymax>
		</bndbox>
	</object>
	<object>
		<name>sp02</name>
		<pose>Unspecified</pose>
		<truncated>0</truncated>
		<difficult>0</difficult>
		<bndbox>
			<xmin>1544</xmin>
			<ymin>1957</ymin>
			<xmax>1655</xmax>
			<ymax>2067</ymax>
		</bndbox>
	</object>
	<object>
		<name>sp02</name>
		<pose>Unspecified</pose>
		<truncated>0</truncated>
		<difficult>0</difficult>
		<bndbox>
			<xmin>1703</xmin>
			<ymin>1984</ymin>
			<xmax>1764</xmax>
			<ymax>2055</ymax>
		</bndbox>
	</object>
	<object>
		<name>sp02</name>
		<pose>Unspecified</pose>
		<truncated>0</truncated>
		<difficult>0</difficult>
		<bndbox>
			<xmin>1724</xmin>
			<ymin>2010</ymin>
			<xmax>1817</xmax>
			<ymax>2111</ymax>
		</bndbox>
	</object>
	<object>
		<name>sp02</name>
		<pose>Unspecified</pose>
		<truncated>0</truncated>
		<difficult>0</difficult>
		<bndbox>
			<xmin>1673</xmin>
			<ymin>2039</ymin>
			<xmax>1749</xmax>
			<ymax>2103</ymax>
		</bndbox>
	</object>
	<object>
		<name>sp02</name>
		<pose>Unspecified</pose>
		<truncated>0</truncated>
		<difficult>0</difficult>
		<bndbox>
			<xmin>1651</xmin>
			<ymin>2063</ymin>
			<xmax>1735</xmax>
			<ymax>2134</ymax>
		</bndbox>
	</object>
	<object>
		<name>sp02</name>
		<pose>Unspecified</pose>
		<truncated>0</truncated>
		<difficult>0</difficult>
		<bndbox>
			<xmin>1620</xmin>
			<ymin>2100</ymin>
			<xmax>1709</xmax>
			<ymax>2194</ymax>
		</bndbox>
	</object>
	<object>
		<name>sp02</name>
		<pose>Unspecified</pose>
		<truncated>0</truncated>
		<difficult>0</difficult>
		<bndbox>
			<xmin>1697</xmin>
			<ymin>2101</ymin>
			<xmax>1780</xmax>
			<ymax>2184</ymax>
		</bndbox>
	</object>
	<object>
		<name>sp02</name>
		<pose>Unspecified</pose>
		<truncated>0</truncated>
		<difficult>0</difficult>
		<bndbox>
			<xmin>1671</xmin>
			<ymin>2145</ymin>
			<xmax>1749</xmax>
			<ymax>2215</ymax>
		</bndbox>
	</object>
	<object>
		<name>sp02</name>
		<pose>Unspecified</pose>
		<truncated>0</truncated>
		<difficult>0</difficult>
		<bndbox>
			<xmin>1552</xmin>
			<ymin>2125</ymin>
			<xmax>1654</xmax>
			<ymax>2191</ymax>
		</bndbox>
	</object>
	<object>
		<name>sp02</name>
		<pose>Unspecified</pose>
		<truncated>0</truncated>
		<difficult>0</difficult>
		<bndbox>
			<xmin>1555</xmin>
			<ymin>2163</ymin>
			<xmax>1664</xmax>
			<ymax>2220</ymax>
		</bndbox>
	</object>
	<object>
		<name>sp02</name>
		<pose>Unspecified</pose>
		<truncated>0</truncated>
		<difficult>0</difficult>
		<bndbox>
			<xmin>1551</xmin>
			<ymin>2197</ymin>
			<xmax>1655</xmax>
			<ymax>2274</ymax>
		</bndbox>
	</object>
	<object>
		<name>sp02</name>
		<pose>Unspecified</pose>
		<truncated>0</truncated>
		<difficult>0</difficult>
		<bndbox>
			<xmin>1565</xmin>
			<ymin>2232</ymin>
			<xmax>1682</xmax>
			<ymax>2334</ymax>
		</bndbox>
	</object>
	<object>
		<name>sp02</name>
		<pose>Unspecified</pose>
		<truncated>0</truncated>
		<difficult>0</difficult>
		<bndbox>
			<xmin>1396</xmin>
			<ymin>1957</ymin>
			<xmax>1483</xmax>
			<ymax>2045</ymax>
		</bndbox>
	</object>
	<object>
		<name>sp02</name>
		<pose>Unspecified</pose>
		<truncated>0</truncated>
		<difficult>0</difficult>
		<bndbox>
			<xmin>1314</xmin>
			<ymin>1939</ymin>
			<xmax>1421</xmax>
			<ymax>2042</ymax>
		</bndbox>
	</object>
	<object>
		<name>sp02</name>
		<pose>Unspecified</pose>
		<truncated>0</truncated>
		<difficult>0</difficult>
		<bndbox>
			<xmin>1340</xmin>
			<ymin>2011</ymin>
			<xmax>1472</xmax>
			<ymax>2114</ymax>
		</bndbox>
	</object>
	<object>
		<name>sp02</name>
		<pose>Unspecified</pose>
		<truncated>0</truncated>
		<difficult>0</difficult>
		<bndbox>
			<xmin>1201</xmin>
			<ymin>2046</ymin>
			<xmax>1332</xmax>
			<ymax>2163</ymax>
		</bndbox>
	</object>
	<object>
		<name>sp02</name>
		<pose>Unspecified</pose>
		<truncated>0</truncated>
		<difficult>0</difficult>
		<bndbox>
			<xmin>1062</xmin>
			<ymin>2017</ymin>
			<xmax>1185</xmax>
			<ymax>2124</ymax>
		</bndbox>
	</object>
	<object>
		<name>sp02</name>
		<pose>Unspecified</pose>
		<truncated>0</truncated>
		<difficult>0</difficult>
		<bndbox>
			<xmin>1294</xmin>
			<ymin>2229</ymin>
			<xmax>1411</xmax>
			<ymax>2348</ymax>
		</bndbox>
	</object>
	<object>
		<name>sp02</name>
		<pose>Unspecified</pose>
		<truncated>0</truncated>
		<difficult>0</difficult>
		<bndbox>
			<xmin>1425</xmin>
			<ymin>2310</ymin>
			<xmax>1538</xmax>
			<ymax>2422</ymax>
		</bndbox>
	</object>
	<object>
		<name>sp02</name>
		<pose>Unspecified</pose>
		<truncated>0</truncated>
		<difficult>0</difficult>
		<bndbox>
			<xmin>1487</xmin>
			<ymin>2359</ymin>
			<xmax>1589</xmax>
			<ymax>2476</ymax>
		</bndbox>
	</object>
	<object>
		<name>sp02</name>
		<pose>Unspecified</pose>
		<truncated>0</truncated>
		<difficult>0</difficult>
		<bndbox>
			<xmin>1203</xmin>
			<ymin>2207</ymin>
			<xmax>1296</xmax>
			<ymax>2317</ymax>
		</bndbox>
	</object>
	<object>
		<name>sp02</name>
		<pose>Unspecified</pose>
		<truncated>0</truncated>
		<difficult>0</difficult>
		<bndbox>
			<xmin>1139</xmin>
			<ymin>2224</ymin>
			<xmax>1232</xmax>
			<ymax>2317</ymax>
		</bndbox>
	</object>
	<object>
		<name>sp02</name>
		<pose>Unspecified</pose>
		<truncated>0</truncated>
		<difficult>0</difficult>
		<bndbox>
			<xmin>1206</xmin>
			<ymin>2332</ymin>
			<xmax>1293</xmax>
			<ymax>2435</ymax>
		</bndbox>
	</object>
	<object>
		<name>sp02</name>
		<pose>Unspecified</pose>
		<truncated>0</truncated>
		<difficult>0</difficult>
		<bndbox>
			<xmin>1141</xmin>
			<ymin>2308</ymin>
			<xmax>1227</xmax>
			<ymax>2401</ymax>
		</bndbox>
	</object>
	<object>
		<name>sp02</name>
		<pose>Unspecified</pose>
		<truncated>0</truncated>
		<difficult>0</difficult>
		<bndbox>
			<xmin>1032</xmin>
			<ymin>2346</ymin>
			<xmax>1155</xmax>
			<ymax>2455</ymax>
		</bndbox>
	</object>
	<object>
		<name>sp02</name>
		<pose>Unspecified</pose>
		<truncated>0</truncated>
		<difficult>0</difficult>
		<bndbox>
			<xmin>1044</xmin>
			<ymin>2265</ymin>
			<xmax>1156</xmax>
			<ymax>2351</ymax>
		</bndbox>
	</object>
	<object>
		<name>sp02</name>
		<pose>Unspecified</pose>
		<truncated>0</truncated>
		<difficult>0</difficult>
		<bndbox>
			<xmin>1039</xmin>
			<ymin>2186</ymin>
			<xmax>1149</xmax>
			<ymax>2290</ymax>
		</bndbox>
	</object>
	<object>
		<name>sp02</name>
		<pose>Unspecified</pose>
		<truncated>0</truncated>
		<difficult>0</difficult>
		<bndbox>
			<xmin>918</xmin>
			<ymin>2125</ymin>
			<xmax>1037</xmax>
			<ymax>2211</ymax>
		</bndbox>
	</object>
	<object>
		<name>sp02</name>
		<pose>Unspecified</pose>
		<truncated>0</truncated>
		<difficult>0</difficult>
		<bndbox>
			<xmin>923</xmin>
			<ymin>2193</ymin>
			<xmax>1039</xmax>
			<ymax>2265</ymax>
		</bndbox>
	</object>
	<object>
		<name>sp02</name>
		<pose>Unspecified</pose>
		<truncated>0</truncated>
		<difficult>0</difficult>
		<bndbox>
			<xmin>915</xmin>
			<ymin>2229</ymin>
			<xmax>1027</xmax>
			<ymax>2310</ymax>
		</bndbox>
	</object>
	<object>
		<name>sp02</name>
		<pose>Unspecified</pose>
		<truncated>0</truncated>
		<difficult>0</difficult>
		<bndbox>
			<xmin>893</xmin>
			<ymin>2263</ymin>
			<xmax>992</xmax>
			<ymax>2335</ymax>
		</bndbox>
	</object>
	<object>
		<name>sp02</name>
		<pose>Unspecified</pose>
		<truncated>0</truncated>
		<difficult>0</difficult>
		<bndbox>
			<xmin>907</xmin>
			<ymin>2310</ymin>
			<xmax>1017</xmax>
			<ymax>2394</ymax>
		</bndbox>
	</object>
	<object>
		<name>sp02</name>
		<pose>Unspecified</pose>
		<truncated>0</truncated>
		<difficult>0</difficult>
		<bndbox>
			<xmin>708</xmin>
			<ymin>2298</ymin>
			<xmax>839</xmax>
			<ymax>2427</ymax>
		</bndbox>
	</object>
	<object>
		<name>sp02</name>
		<pose>Unspecified</pose>
		<truncated>0</truncated>
		<difficult>0</difficult>
		<bndbox>
			<xmin>822</xmin>
			<ymin>1812</ymin>
			<xmax>955</xmax>
			<ymax>1934</ymax>
		</bndbox>
	</object>
	<object>
		<name>sp02</name>
		<pose>Unspecified</pose>
		<truncated>0</truncated>
		<difficult>0</difficult>
		<bndbox>
			<xmin>944</xmin>
			<ymin>1832</ymin>
			<xmax>1073</xmax>
			<ymax>1948</ymax>
		</bndbox>
	</object>
	<object>
		<name>sp02</name>
		<pose>Unspecified</pose>
		<truncated>0</truncated>
		<difficult>0</difficult>
		<bndbox>
			<xmin>1058</xmin>
			<ymin>1749</ymin>
			<xmax>1169</xmax>
			<ymax>1859</ymax>
		</bndbox>
	</object>
	<object>
		<name>sp02</name>
		<pose>Unspecified</pose>
		<truncated>0</truncated>
		<difficult>0</difficult>
		<bndbox>
			<xmin>986</xmin>
			<ymin>1756</ymin>
			<xmax>1082</xmax>
			<ymax>1852</ymax>
		</bndbox>
	</object>
	<object>
		<name>sp02</name>
		<pose>Unspecified</pose>
		<truncated>0</truncated>
		<difficult>0</difficult>
		<bndbox>
			<xmin>624</xmin>
			<ymin>2224</ymin>
			<xmax>760</xmax>
			<ymax>2359</ymax>
		</bndbox>
	</object>
	<object>
		<name>sp02</name>
		<pose>Unspecified</pose>
		<truncated>0</truncated>
		<difficult>0</difficult>
		<bndbox>
			<xmin>290</xmin>
			<ymin>1624</ymin>
			<xmax>441</xmax>
			<ymax>1743</ymax>
		</bndbox>
	</object>
	<object>
		<name>sp02</name>
		<pose>Unspecified</pose>
		<truncated>0</truncated>
		<difficult>0</difficult>
		<bndbox>
			<xmin>896</xmin>
			<ymin>1638</ymin>
			<xmax>1006</xmax>
			<ymax>1760</ymax>
		</bndbox>
	</object>
	<object>
		<name>sp02</name>
		<pose>Unspecified</pose>
		<truncated>0</truncated>
		<difficult>0</difficult>
		<bndbox>
			<xmin>990</xmin>
			<ymin>1660</ymin>
			<xmax>1085</xmax>
			<ymax>1748</ymax>
		</bndbox>
	</object>
	<object>
		<name>sp02</name>
		<pose>Unspecified</pose>
		<truncated>0</truncated>
		<difficult>0</difficult>
		<bndbox>
			<xmin>996</xmin>
			<ymin>1701</ymin>
			<xmax>1108</xmax>
			<ymax>1776</ymax>
		</bndbox>
	</object>
	<object>
		<name>sp02</name>
		<pose>Unspecified</pose>
		<truncated>0</truncated>
		<difficult>0</difficult>
		<bndbox>
			<xmin>169</xmin>
			<ymin>1564</ymin>
			<xmax>307</xmax>
			<ymax>1697</ymax>
		</bndbox>
	</object>
	<object>
		<name>sp02</name>
		<pose>Unspecified</pose>
		<truncated>0</truncated>
		<difficult>0</difficult>
		<bndbox>
			<xmin>284</xmin>
			<ymin>1469</ymin>
			<xmax>407</xmax>
			<ymax>1583</ymax>
		</bndbox>
	</object>
	<object>
		<name>sp02</name>
		<pose>Unspecified</pose>
		<truncated>0</truncated>
		<difficult>0</difficult>
		<bndbox>
			<xmin>403</xmin>
			<ymin>1388</ymin>
			<xmax>505</xmax>
			<ymax>1497</ymax>
		</bndbox>
	</object>
	<object>
		<name>sp02</name>
		<pose>Unspecified</pose>
		<truncated>0</truncated>
		<difficult>0</difficult>
		<bndbox>
			<xmin>365</xmin>
			<ymin>1326</ymin>
			<xmax>466</xmax>
			<ymax>1407</ymax>
		</bndbox>
	</object>
	<object>
		<name>sp02</name>
		<pose>Unspecified</pose>
		<truncated>0</truncated>
		<difficult>0</difficult>
		<bndbox>
			<xmin>334</xmin>
			<ymin>1371</ymin>
			<xmax>422</xmax>
			<ymax>1464</ymax>
		</bndbox>
	</object>
	<object>
		<name>sp02</name>
		<pose>Unspecified</pose>
		<truncated>0</truncated>
		<difficult>0</difficult>
		<bndbox>
			<xmin>219</xmin>
			<ymin>1398</ymin>
			<xmax>346</xmax>
			<ymax>1497</ymax>
		</bndbox>
	</object>
	<object>
		<name>sp02</name>
		<pose>Unspecified</pose>
		<truncated>0</truncated>
		<difficult>0</difficult>
		<bndbox>
			<xmin>217</xmin>
			<ymin>1302</ymin>
			<xmax>334</xmax>
			<ymax>1408</ymax>
		</bndbox>
	</object>
	<object>
		<name>sp02</name>
		<pose>Unspecified</pose>
		<truncated>0</truncated>
		<difficult>0</difficult>
		<bndbox>
			<xmin>255</xmin>
			<ymin>1238</ymin>
			<xmax>382</xmax>
			<ymax>1345</ymax>
		</bndbox>
	</object>
	<object>
		<name>sp02</name>
		<pose>Unspecified</pose>
		<truncated>0</truncated>
		<difficult>0</difficult>
		<bndbox>
			<xmin>958</xmin>
			<ymin>1567</ymin>
			<xmax>1059</xmax>
			<ymax>1666</ymax>
		</bndbox>
	</object>
	<object>
		<name>sp02</name>
		<pose>Unspecified</pose>
		<truncated>0</truncated>
		<difficult>0</difficult>
		<bndbox>
			<xmin>890</xmin>
			<ymin>1528</ymin>
			<xmax>982</xmax>
			<ymax>1601</ymax>
		</bndbox>
	</object>
	<object>
		<name>sp02</name>
		<pose>Unspecified</pose>
		<truncated>0</truncated>
		<difficult>0</difficult>
		<bndbox>
			<xmin>962</xmin>
			<ymin>1229</ymin>
			<xmax>1055</xmax>
			<ymax>1325</ymax>
		</bndbox>
	</object>
	<object>
		<name>sp02</name>
		<pose>Unspecified</pose>
		<truncated>0</truncated>
		<difficult>0</difficult>
		<bndbox>
			<xmin>791</xmin>
			<ymin>1271</ymin>
			<xmax>921</xmax>
			<ymax>1388</ymax>
		</bndbox>
	</object>
	<object>
		<name>sp02</name>
		<pose>Unspecified</pose>
		<truncated>0</truncated>
		<difficult>0</difficult>
		<bndbox>
			<xmin>839</xmin>
			<ymin>1160</ymin>
			<xmax>952</xmax>
			<ymax>1274</ymax>
		</bndbox>
	</object>
	<object>
		<name>sp02</name>
		<pose>Unspecified</pose>
		<truncated>0</truncated>
		<difficult>0</difficult>
		<bndbox>
			<xmin>583</xmin>
			<ymin>1154</ymin>
			<xmax>701</xmax>
			<ymax>1273</ymax>
		</bndbox>
	</object>
	<object>
		<name>sp02</name>
		<pose>Unspecified</pose>
		<truncated>0</truncated>
		<difficult>0</difficult>
		<bndbox>
			<xmin>662</xmin>
			<ymin>1102</ymin>
			<xmax>749</xmax>
			<ymax>1198</ymax>
		</bndbox>
	</object>
	<object>
		<name>sp02</name>
		<pose>Unspecified</pose>
		<truncated>0</truncated>
		<difficult>0</difficult>
		<bndbox>
			<xmin>713</xmin>
			<ymin>1125</ymin>
			<xmax>783</xmax>
			<ymax>1228</ymax>
		</bndbox>
	</object>
	<object>
		<name>sp02</name>
		<pose>Unspecified</pose>
		<truncated>0</truncated>
		<difficult>0</difficult>
		<bndbox>
			<xmin>758</xmin>
			<ymin>1140</ymin>
			<xmax>844</xmax>
			<ymax>1254</ymax>
		</bndbox>
	</object>
	<object>
		<name>sp02</name>
		<pose>Unspecified</pose>
		<truncated>0</truncated>
		<difficult>0</difficult>
		<bndbox>
			<xmin>693</xmin>
			<ymin>988</ymin>
			<xmax>787</xmax>
			<ymax>1097</ymax>
		</bndbox>
	</object>
	<object>
		<name>sp02</name>
		<pose>Unspecified</pose>
		<truncated>0</truncated>
		<difficult>0</difficult>
		<bndbox>
			<xmin>760</xmin>
			<ymin>1008</ymin>
			<xmax>841</xmax>
			<ymax>1114</ymax>
		</bndbox>
	</object>
	<object>
		<name>sp02</name>
		<pose>Unspecified</pose>
		<truncated>0</truncated>
		<difficult>0</difficult>
		<bndbox>
			<xmin>497</xmin>
			<ymin>1102</ymin>
			<xmax>586</xmax>
			<ymax>1201</ymax>
		</bndbox>
	</object>
	<object>
		<name>sp02</name>
		<pose>Unspecified</pose>
		<truncated>0</truncated>
		<difficult>0</difficult>
		<bndbox>
			<xmin>446</xmin>
			<ymin>1085</ymin>
			<xmax>522</xmax>
			<ymax>1160</ymax>
		</bndbox>
	</object>
	<object>
		<name>sp02</name>
		<pose>Unspecified</pose>
		<truncated>0</truncated>
		<difficult>0</difficult>
		<bndbox>
			<xmin>453</xmin>
			<ymin>1154</ymin>
			<xmax>534</xmax>
			<ymax>1209</ymax>
		</bndbox>
	</object>
	<object>
		<name>sp02</name>
		<pose>Unspecified</pose>
		<truncated>0</truncated>
		<difficult>0</difficult>
		<bndbox>
			<xmin>477</xmin>
			<ymin>1192</ymin>
			<xmax>559</xmax>
			<ymax>1266</ymax>
		</bndbox>
	</object>
	<object>
		<name>sp02</name>
		<pose>Unspecified</pose>
		<truncated>0</truncated>
		<difficult>0</difficult>
		<bndbox>
			<xmin>432</xmin>
			<ymin>1181</ymin>
			<xmax>494</xmax>
			<ymax>1271</ymax>
		</bndbox>
	</object>
	<object>
		<name>sp02</name>
		<pose>Unspecified</pose>
		<truncated>0</truncated>
		<difficult>0</difficult>
		<bndbox>
			<xmin>363</xmin>
			<ymin>1184</ymin>
			<xmax>456</xmax>
			<ymax>1273</ymax>
		</bndbox>
	</object>
	<object>
		<name>sp02</name>
		<pose>Unspecified</pose>
		<truncated>0</truncated>
		<difficult>0</difficult>
		<bndbox>
			<xmin>355</xmin>
			<ymin>1136</ymin>
			<xmax>452</xmax>
			<ymax>1214</ymax>
		</bndbox>
	</object>
	<object>
		<name>sp02</name>
		<pose>Unspecified</pose>
		<truncated>0</truncated>
		<difficult>0</difficult>
		<bndbox>
			<xmin>338</xmin>
			<ymin>1111</ymin>
			<xmax>400</xmax>
			<ymax>1200</ymax>
		</bndbox>
	</object>
	<object>
		<name>sp02</name>
		<pose>Unspecified</pose>
		<truncated>0</truncated>
		<difficult>0</difficult>
		<bndbox>
			<xmin>300</xmin>
			<ymin>1133</ymin>
			<xmax>367</xmax>
			<ymax>1212</ymax>
		</bndbox>
	</object>
	<object>
		<name>sp02</name>
		<pose>Unspecified</pose>
		<truncated>0</truncated>
		<difficult>0</difficult>
		<bndbox>
			<xmin>211</xmin>
			<ymin>1126</ymin>
			<xmax>324</xmax>
			<ymax>1233</ymax>
		</bndbox>
	</object>
	<object>
		<name>sp02</name>
		<pose>Unspecified</pose>
		<truncated>0</truncated>
		<difficult>0</difficult>
		<bndbox>
			<xmin>269</xmin>
			<ymin>1078</ymin>
			<xmax>370</xmax>
			<ymax>1164</ymax>
		</bndbox>
	</object>
	<object>
		<name>sp02</name>
		<pose>Unspecified</pose>
		<truncated>0</truncated>
		<difficult>0</difficult>
		<bndbox>
			<xmin>355</xmin>
			<ymin>1060</ymin>
			<xmax>462</xmax>
			<ymax>1135</ymax>
		</bndbox>
	</object>
	<object>
		<name>sp02</name>
		<pose>Unspecified</pose>
		<truncated>0</truncated>
		<difficult>0</difficult>
		<bndbox>
			<xmin>349</xmin>
			<ymin>998</ymin>
			<xmax>453</xmax>
			<ymax>1076</ymax>
		</bndbox>
	</object>
	<object>
		<name>sp02</name>
		<pose>Unspecified</pose>
		<truncated>0</truncated>
		<difficult>0</difficult>
		<bndbox>
			<xmin>714</xmin>
			<ymin>885</ymin>
			<xmax>806</xmax>
			<ymax>999</ymax>
		</bndbox>
	</object>
	<object>
		<name>sp02</name>
		<pose>Unspecified</pose>
		<truncated>0</truncated>
		<difficult>0</difficult>
		<bndbox>
			<xmin>784</xmin>
			<ymin>885</ymin>
			<xmax>851</xmax>
			<ymax>1009</ymax>
		</bndbox>
	</object>
	<object>
		<name>sp02</name>
		<pose>Unspecified</pose>
		<truncated>0</truncated>
		<difficult>0</difficult>
		<bndbox>
			<xmin>841</xmin>
			<ymin>894</ymin>
			<xmax>938</xmax>
			<ymax>1018</ymax>
		</bndbox>
	</object>
	<object>
		<name>sp02</name>
		<pose>Unspecified</pose>
		<truncated>0</truncated>
		<difficult>0</difficult>
		<bndbox>
			<xmin>614</xmin>
			<ymin>649</ymin>
			<xmax>710</xmax>
			<ymax>747</ymax>
		</bndbox>
	</object>
	<object>
		<name>sp02</name>
		<pose>Unspecified</pose>
		<truncated>0</truncated>
		<difficult>0</difficult>
		<bndbox>
			<xmin>558</xmin>
			<ymin>661</ymin>
			<xmax>631</xmax>
			<ymax>753</ymax>
		</bndbox>
	</object>
	<object>
		<name>sp02</name>
		<pose>Unspecified</pose>
		<truncated>0</truncated>
		<difficult>0</difficult>
		<bndbox>
			<xmin>577</xmin>
			<ymin>628</ymin>
			<xmax>658</xmax>
			<ymax>675</ymax>
		</bndbox>
	</object>
	<object>
		<name>sp02</name>
		<pose>Unspecified</pose>
		<truncated>0</truncated>
		<difficult>0</difficult>
		<bndbox>
			<xmin>586</xmin>
			<ymin>567</ymin>
			<xmax>672</xmax>
			<ymax>653</ymax>
		</bndbox>
	</object>
	<object>
		<name>sp02</name>
		<pose>Unspecified</pose>
		<truncated>0</truncated>
		<difficult>0</difficult>
		<bndbox>
			<xmin>538</xmin>
			<ymin>580</ymin>
			<xmax>607</xmax>
			<ymax>661</ymax>
		</bndbox>
	</object>
	<object>
		<name>sp02</name>
		<pose>Unspecified</pose>
		<truncated>0</truncated>
		<difficult>0</difficult>
		<bndbox>
			<xmin>483</xmin>
			<ymin>606</ymin>
			<xmax>583</xmax>
			<ymax>712</ymax>
		</bndbox>
	</object>
	<object>
		<name>sp02</name>
		<pose>Unspecified</pose>
		<truncated>0</truncated>
		<difficult>0</difficult>
		<bndbox>
			<xmin>345</xmin>
			<ymin>575</ymin>
			<xmax>452</xmax>
			<ymax>675</ymax>
		</bndbox>
	</object>
	<object>
		<name>sp02</name>
		<pose>Unspecified</pose>
		<truncated>0</truncated>
		<difficult>0</difficult>
		<bndbox>
			<xmin>456</xmin>
			<ymin>513</ymin>
			<xmax>555</xmax>
			<ymax>605</ymax>
		</bndbox>
	</object>
	<object>
		<name>sp02</name>
		<pose>Unspecified</pose>
		<truncated>0</truncated>
		<difficult>0</difficult>
		<bndbox>
			<xmin>553</xmin>
			<ymin>485</ymin>
			<xmax>649</xmax>
			<ymax>571</ymax>
		</bndbox>
	</object>
	<object>
		<name>sp02</name>
		<pose>Unspecified</pose>
		<truncated>0</truncated>
		<difficult>0</difficult>
		<bndbox>
			<xmin>566</xmin>
			<ymin>409</ymin>
			<xmax>655</xmax>
			<ymax>508</ymax>
		</bndbox>
	</object>
	<object>
		<name>sp02</name>
		<pose>Unspecified</pose>
		<truncated>0</truncated>
		<difficult>0</difficult>
		<bndbox>
			<xmin>500</xmin>
			<ymin>415</ymin>
			<xmax>579</xmax>
			<ymax>488</ymax>
		</bndbox>
	</object>
	<object>
		<name>sp02</name>
		<pose>Unspecified</pose>
		<truncated>0</truncated>
		<difficult>0</difficult>
		<bndbox>
			<xmin>508</xmin>
			<ymin>470</ymin>
			<xmax>577</xmax>
			<ymax>549</ymax>
		</bndbox>
	</object>
</annotation>