<annotation>
	<folder>my-project-name</folder>
	<filename>sp02_img03.jpg</filename>
	<path>/my-project-name/sp02_img03.jpg</path>
	<source>
		<database>Unspecified</database>
	</source>
	<size>
		<width>2550</width>
		<height>2562</height>
		<depth>3</depth>
	</size>
	<object>
		<name>sp02</name>
		<pose>Unspecified</pose>
		<truncated>0</truncated>
		<difficult>0</difficult>
		<bndbox>
			<xmin>766</xmin>
			<ymin>232</ymin>
			<xmax>887</xmax>
			<ymax>328</ymax>
		</bndbox>
	</object>
	<object>
		<name>sp02</name>
		<pose>Unspecified</pose>
		<truncated>0</truncated>
		<difficult>0</difficult>
		<bndbox>
			<xmin>1077</xmin>
			<ymin>133</ymin>
			<xmax>1158</xmax>
			<ymax>239</ymax>
		</bndbox>
	</object>
	<object>
		<name>sp02</name>
		<pose>Unspecified</pose>
		<truncated>0</truncated>
		<difficult>0</difficult>
		<bndbox>
			<xmin>1147</xmin>
			<ymin>83</ymin>
			<xmax>1218</xmax>
			<ymax>160</ymax>
		</bndbox>
	</object>
	<object>
		<name>sp02</name>
		<pose>Unspecified</pose>
		<truncated>0</truncated>
		<difficult>0</difficult>
		<bndbox>
			<xmin>1176</xmin>
			<ymin>128</ymin>
			<xmax>1272</xmax>
			<ymax>234</ymax>
		</bndbox>
	</object>
	<object>
		<name>sp02</name>
		<pose>Unspecified</pose>
		<truncated>0</truncated>
		<difficult>0</difficult>
		<bndbox>
			<xmin>2001</xmin>
			<ymin>395</ymin>
			<xmax>2107</xmax>
			<ymax>510</ymax>
		</bndbox>
	</object>
	<object>
		<name>sp02</name>
		<pose>Unspecified</pose>
		<truncated>0</truncated>
		<difficult>0</difficult>
		<bndbox>
			<xmin>1992</xmin>
			<ymin>474</ymin>
			<xmax>2112</xmax>
			<ymax>575</ymax>
		</bndbox>
	</object>
	<object>
		<name>sp02</name>
		<pose>Unspecified</pose>
		<truncated>0</truncated>
		<difficult>0</difficult>
		<bndbox>
			<xmin>850</xmin>
			<ymin>607</ymin>
			<xmax>976</xmax>
			<ymax>723</ymax>
		</bndbox>
	</object>
	<object>
		<name>sp02</name>
		<pose>Unspecified</pose>
		<truncated>0</truncated>
		<difficult>0</difficult>
		<bndbox>
			<xmin>904</xmin>
			<ymin>815</ymin>
			<xmax>1015</xmax>
			<ymax>920</ymax>
		</bndbox>
	</object>
	<object>
		<name>sp02</name>
		<pose>Unspecified</pose>
		<truncated>0</truncated>
		<difficult>0</difficult>
		<bndbox>
			<xmin>603</xmin>
			<ymin>1121</ymin>
			<xmax>709</xmax>
			<ymax>1247</ymax>
		</bndbox>
	</object>
	<object>
		<name>sp02</name>
		<pose>Unspecified</pose>
		<truncated>0</truncated>
		<difficult>0</difficult>
		<bndbox>
			<xmin>213</xmin>
			<ymin>1383</ymin>
			<xmax>333</xmax>
			<ymax>1504</ymax>
		</bndbox>
	</object>
	<object>
		<name>sp02</name>
		<pose>Unspecified</pose>
		<truncated>0</truncated>
		<difficult>0</difficult>
		<bndbox>
			<xmin>371</xmin>
			<ymin>1487</ymin>
			<xmax>496</xmax>
			<ymax>1583</ymax>
		</bndbox>
	</object>
	<object>
		<name>sp02</name>
		<pose>Unspecified</pose>
		<truncated>0</truncated>
		<difficult>0</difficult>
		<bndbox>
			<xmin>628</xmin>
			<ymin>2030</ymin>
			<xmax>758</xmax>
			<ymax>2151</ymax>
		</bndbox>
	</object>
	<object>
		<name>sp02</name>
		<pose>Unspecified</pose>
		<truncated>0</truncated>
		<difficult>0</difficult>
		<bndbox>
			<xmin>816</xmin>
			<ymin>2208</ymin>
			<xmax>936</xmax>
			<ymax>2334</ymax>
		</bndbox>
	</object>
	<object>
		<name>sp02</name>
		<pose>Unspecified</pose>
		<truncated>0</truncated>
		<difficult>0</difficult>
		<bndbox>
			<xmin>1039</xmin>
			<ymin>2134</ymin>
			<xmax>1113</xmax>
			<ymax>2250</ymax>
		</bndbox>
	</object>
	<object>
		<name>sp02</name>
		<pose>Unspecified</pose>
		<truncated>0</truncated>
		<difficult>0</difficult>
		<bndbox>
			<xmin>1118</xmin>
			<ymin>2124</ymin>
			<xmax>1203</xmax>
			<ymax>2225</ymax>
		</bndbox>
	</object>
	<object>
		<name>sp02</name>
		<pose>Unspecified</pose>
		<truncated>0</truncated>
		<difficult>0</difficult>
		<bndbox>
			<xmin>1517</xmin>
			<ymin>2159</ymin>
			<xmax>1633</xmax>
			<ymax>2255</ymax>
		</bndbox>
	</object>
	<object>
		<name>sp02</name>
		<pose>Unspecified</pose>
		<truncated>0</truncated>
		<difficult>0</difficult>
		<bndbox>
			<xmin>1250</xmin>
			<ymin>2228</ymin>
			<xmax>1376</xmax>
			<ymax>2319</ymax>
		</bndbox>
	</object>
	<object>
		<name>sp02</name>
		<pose>Unspecified</pose>
		<truncated>0</truncated>
		<difficult>0</difficult>
		<bndbox>
			<xmin>1488</xmin>
			<ymin>1492</ymin>
			<xmax>1603</xmax>
			<ymax>1617</ymax>
		</bndbox>
	</object>
	<object>
		<name>sp02</name>
		<pose>Unspecified</pose>
		<truncated>0</truncated>
		<difficult>0</difficult>
		<bndbox>
			<xmin>1589</xmin>
			<ymin>1492</ymin>
			<xmax>1676</xmax>
			<ymax>1612</ymax>
		</bndbox>
	</object>
	<object>
		<name>sp02</name>
		<pose>Unspecified</pose>
		<truncated>0</truncated>
		<difficult>0</difficult>
		<bndbox>
			<xmin>1384</xmin>
			<ymin>1595</ymin>
			<xmax>1534</xmax>
			<ymax>1736</ymax>
		</bndbox>
	</object>
	<object>
		<name>sp02</name>
		<pose>Unspecified</pose>
		<truncated>0</truncated>
		<difficult>0</difficult>
		<bndbox>
			<xmin>1473</xmin>
			<ymin>1828</ymin>
			<xmax>1573</xmax>
			<ymax>1929</ymax>
		</bndbox>
	</object>
	<object>
		<name>sp02</name>
		<pose>Unspecified</pose>
		<truncated>0</truncated>
		<difficult>0</difficult>
		<bndbox>
			<xmin>1418</xmin>
			<ymin>1991</ymin>
			<xmax>1529</xmax>
			<ymax>2077</ymax>
		</bndbox>
	</object>
	<object>
		<name>sp02</name>
		<pose>Unspecified</pose>
		<truncated>0</truncated>
		<difficult>0</difficult>
		<bndbox>
			<xmin>1438</xmin>
			<ymin>2085</ymin>
			<xmax>1554</xmax>
			<ymax>2180</ymax>
		</bndbox>
	</object>
	<object>
		<name>sp02</name>
		<pose>Unspecified</pose>
		<truncated>0</truncated>
		<difficult>0</difficult>
		<bndbox>
			<xmin>1576</xmin>
			<ymin>1605</ymin>
			<xmax>1692</xmax>
			<ymax>1706</ymax>
		</bndbox>
	</object>
	<object>
		<name>sp02</name>
		<pose>Unspecified</pose>
		<truncated>0</truncated>
		<difficult>0</difficult>
		<bndbox>
			<xmin>1660</xmin>
			<ymin>1605</ymin>
			<xmax>1776</xmax>
			<ymax>1726</ymax>
		</bndbox>
	</object>
	<object>
		<name>sp02</name>
		<pose>Unspecified</pose>
		<truncated>0</truncated>
		<difficult>0</difficult>
		<bndbox>
			<xmin>1942</xmin>
			<ymin>1744</ymin>
			<xmax>2063</xmax>
			<ymax>1884</ymax>
		</bndbox>
	</object>
	<object>
		<name>sp02</name>
		<pose>Unspecified</pose>
		<truncated>0</truncated>
		<difficult>0</difficult>
		<bndbox>
			<xmin>1705</xmin>
			<ymin>1724</ymin>
			<xmax>1796</xmax>
			<ymax>1830</ymax>
		</bndbox>
	</object>
	<object>
		<name>sp02</name>
		<pose>Unspecified</pose>
		<truncated>0</truncated>
		<difficult>0</difficult>
		<bndbox>
			<xmin>1458</xmin>
			<ymin>1121</ymin>
			<xmax>1613</xmax>
			<ymax>1291</ymax>
		</bndbox>
	</object>
	<object>
		<name>sp02</name>
		<pose>Unspecified</pose>
		<truncated>0</truncated>
		<difficult>0</difficult>
		<bndbox>
			<xmin>1646</xmin>
			<ymin>1047</ymin>
			<xmax>1786</xmax>
			<ymax>1197</ymax>
		</bndbox>
	</object>
	<object>
		<name>sp02</name>
		<pose>Unspecified</pose>
		<truncated>0</truncated>
		<difficult>0</difficult>
		<bndbox>
			<xmin>244</xmin>
			<ymin>611</ymin>
			<xmax>366</xmax>
			<ymax>715</ymax>
		</bndbox>
	</object>
	<object>
		<name>sp02</name>
		<pose>Unspecified</pose>
		<truncated>0</truncated>
		<difficult>0</difficult>
		<bndbox>
			<xmin>149</xmin>
			<ymin>913</ymin>
			<xmax>253</xmax>
			<ymax>1030</ymax>
		</bndbox>
	</object>
	<object>
		<name>sp02</name>
		<pose>Unspecified</pose>
		<truncated>0</truncated>
		<difficult>0</difficult>
		<bndbox>
			<xmin>108</xmin>
			<ymin>1044</ymin>
			<xmax>225</xmax>
			<ymax>1152</ymax>
		</bndbox>
	</object>
	<object>
		<name>sp02</name>
		<pose>Unspecified</pose>
		<truncated>0</truncated>
		<difficult>0</difficult>
		<bndbox>
			<xmin>54</xmin>
			<ymin>1288</ymin>
			<xmax>149</xmax>
			<ymax>1387</ymax>
		</bndbox>
	</object>
	<object>
		<name>sp02</name>
		<pose>Unspecified</pose>
		<truncated>0</truncated>
		<difficult>0</difficult>
		<bndbox>
			<xmin>86</xmin>
			<ymin>1405</ymin>
			<xmax>158</xmax>
			<ymax>1504</ymax>
		</bndbox>
	</object>
	<object>
		<name>sp02</name>
		<pose>Unspecified</pose>
		<truncated>0</truncated>
		<difficult>0</difficult>
		<bndbox>
			<xmin>113</xmin>
			<ymin>1513</ymin>
			<xmax>208</xmax>
			<ymax>1608</ymax>
		</bndbox>
	</object>
	<object>
		<name>sp02</name>
		<pose>Unspecified</pose>
		<truncated>0</truncated>
		<difficult>0</difficult>
		<bndbox>
			<xmin>131</xmin>
			<ymin>1617</ymin>
			<xmax>226</xmax>
			<ymax>1707</ymax>
		</bndbox>
	</object>
</annotation>