<annotation>
	<folder>my-project-name</folder>
	<filename>sp03_img10.jpg</filename>
	<path>/my-project-name/sp03_img10.jpg</path>
	<source>
		<database>Unspecified</database>
	</source>
	<size>
		<width>2852</width>
		<height>2836</height>
		<depth>3</depth>
	</size>
	<object>
		<name>sp03</name>
		<pose>Unspecified</pose>
		<truncated>0</truncated>
		<difficult>0</difficult>
		<bndbox>
			<xmin>1603</xmin>
			<ymin>492</ymin>
			<xmax>1703</xmax>
			<ymax>619</ymax>
		</bndbox>
	</object>
	<object>
		<name>sp03</name>
		<pose>Unspecified</pose>
		<truncated>0</truncated>
		<difficult>0</difficult>
		<bndbox>
			<xmin>1728</xmin>
			<ymin>617</ymin>
			<xmax>1828</xmax>
			<ymax>724</ymax>
		</bndbox>
	</object>
	<object>
		<name>sp03</name>
		<pose>Unspecified</pose>
		<truncated>0</truncated>
		<difficult>0</difficult>
		<bndbox>
			<xmin>1701</xmin>
			<ymin>940</ymin>
			<xmax>1782</xmax>
			<ymax>1014</ymax>
		</bndbox>
	</object>
	<object>
		<name>sp03</name>
		<pose>Unspecified</pose>
		<truncated>0</truncated>
		<difficult>0</difficult>
		<bndbox>
			<xmin>1675</xmin>
			<ymin>999</ymin>
			<xmax>1776</xmax>
			<ymax>1086</ymax>
		</bndbox>
	</object>
	<object>
		<name>sp03</name>
		<pose>Unspecified</pose>
		<truncated>0</truncated>
		<difficult>0</difficult>
		<bndbox>
			<xmin>1563</xmin>
			<ymin>847</ymin>
			<xmax>1657</xmax>
			<ymax>935</ymax>
		</bndbox>
	</object>
	<object>
		<name>sp03</name>
		<pose>Unspecified</pose>
		<truncated>0</truncated>
		<difficult>0</difficult>
		<bndbox>
			<xmin>1464</xmin>
			<ymin>999</ymin>
			<xmax>1552</xmax>
			<ymax>1100</ymax>
		</bndbox>
	</object>
	<object>
		<name>sp03</name>
		<pose>Unspecified</pose>
		<truncated>0</truncated>
		<difficult>0</difficult>
		<bndbox>
			<xmin>1319</xmin>
			<ymin>973</ymin>
			<xmax>1407</xmax>
			<ymax>1080</ymax>
		</bndbox>
	</object>
	<object>
		<name>sp03</name>
		<pose>Unspecified</pose>
		<truncated>0</truncated>
		<difficult>0</difficult>
		<bndbox>
			<xmin>1214</xmin>
			<ymin>893</ymin>
			<xmax>1295</xmax>
			<ymax>988</ymax>
		</bndbox>
	</object>
	<object>
		<name>sp03</name>
		<pose>Unspecified</pose>
		<truncated>0</truncated>
		<difficult>0</difficult>
		<bndbox>
			<xmin>1220</xmin>
			<ymin>623</ymin>
			<xmax>1301</xmax>
			<ymax>724</ymax>
		</bndbox>
	</object>
	<object>
		<name>sp03</name>
		<pose>Unspecified</pose>
		<truncated>0</truncated>
		<difficult>0</difficult>
		<bndbox>
			<xmin>1108</xmin>
			<ymin>696</ymin>
			<xmax>1183</xmax>
			<ymax>783</ymax>
		</bndbox>
	</object>
	<object>
		<name>sp03</name>
		<pose>Unspecified</pose>
		<truncated>0</truncated>
		<difficult>0</difficult>
		<bndbox>
			<xmin>1069</xmin>
			<ymin>590</ymin>
			<xmax>1170</xmax>
			<ymax>678</ymax>
		</bndbox>
	</object>
	<object>
		<name>sp03</name>
		<pose>Unspecified</pose>
		<truncated>0</truncated>
		<difficult>0</difficult>
		<bndbox>
			<xmin>957</xmin>
			<ymin>637</ymin>
			<xmax>1064</xmax>
			<ymax>737</ymax>
		</bndbox>
	</object>
	<object>
		<name>sp03</name>
		<pose>Unspecified</pose>
		<truncated>0</truncated>
		<difficult>0</difficult>
		<bndbox>
			<xmin>937</xmin>
			<ymin>472</ymin>
			<xmax>1044</xmax>
			<ymax>559</ymax>
		</bndbox>
	</object>
	<object>
		<name>sp03</name>
		<pose>Unspecified</pose>
		<truncated>0</truncated>
		<difficult>0</difficult>
		<bndbox>
			<xmin>871</xmin>
			<ymin>933</ymin>
			<xmax>959</xmax>
			<ymax>1034</ymax>
		</bndbox>
	</object>
	<object>
		<name>sp03</name>
		<pose>Unspecified</pose>
		<truncated>0</truncated>
		<difficult>0</difficult>
		<bndbox>
			<xmin>1023</xmin>
			<ymin>1058</ymin>
			<xmax>1137</xmax>
			<ymax>1185</ymax>
		</bndbox>
	</object>
	<object>
		<name>sp03</name>
		<pose>Unspecified</pose>
		<truncated>0</truncated>
		<difficult>0</difficult>
		<bndbox>
			<xmin>1616</xmin>
			<ymin>1691</ymin>
			<xmax>1710</xmax>
			<ymax>1818</ymax>
		</bndbox>
	</object>
	<object>
		<name>sp03</name>
		<pose>Unspecified</pose>
		<truncated>0</truncated>
		<difficult>0</difficult>
		<bndbox>
			<xmin>680</xmin>
			<ymin>1473</ymin>
			<xmax>788</xmax>
			<ymax>1594</ymax>
		</bndbox>
	</object>
	<object>
		<name>sp03</name>
		<pose>Unspecified</pose>
		<truncated>0</truncated>
		<difficult>0</difficult>
		<bndbox>
			<xmin>285</xmin>
			<ymin>1539</ymin>
			<xmax>405</xmax>
			<ymax>1653</ymax>
		</bndbox>
	</object>
	<object>
		<name>sp03</name>
		<pose>Unspecified</pose>
		<truncated>0</truncated>
		<difficult>0</difficult>
		<bndbox>
			<xmin>81</xmin>
			<ymin>1355</ymin>
			<xmax>201</xmax>
			<ymax>1462</ymax>
		</bndbox>
	</object>
	<object>
		<name>sp03</name>
		<pose>Unspecified</pose>
		<truncated>0</truncated>
		<difficult>0</difficult>
		<bndbox>
			<xmin>153</xmin>
			<ymin>1691</ymin>
			<xmax>274</xmax>
			<ymax>1798</ymax>
		</bndbox>
	</object>
	<object>
		<name>sp03</name>
		<pose>Unspecified</pose>
		<truncated>0</truncated>
		<difficult>0</difficult>
		<bndbox>
			<xmin>232</xmin>
			<ymin>1908</ymin>
			<xmax>340</xmax>
			<ymax>2022</ymax>
		</bndbox>
	</object>
	<object>
		<name>sp03</name>
		<pose>Unspecified</pose>
		<truncated>0</truncated>
		<difficult>0</difficult>
		<bndbox>
			<xmin>568</xmin>
			<ymin>2040</ymin>
			<xmax>669</xmax>
			<ymax>2127</ymax>
		</bndbox>
	</object>
	<object>
		<name>sp03</name>
		<pose>Unspecified</pose>
		<truncated>0</truncated>
		<difficult>0</difficult>
		<bndbox>
			<xmin>384</xmin>
			<ymin>1987</ymin>
			<xmax>491</xmax>
			<ymax>2101</ymax>
		</bndbox>
	</object>
	<object>
		<name>sp03</name>
		<pose>Unspecified</pose>
		<truncated>0</truncated>
		<difficult>0</difficult>
		<bndbox>
			<xmin>911</xmin>
			<ymin>1875</ymin>
			<xmax>1012</xmax>
			<ymax>1976</ymax>
		</bndbox>
	</object>
	<object>
		<name>sp03</name>
		<pose>Unspecified</pose>
		<truncated>0</truncated>
		<difficult>0</difficult>
		<bndbox>
			<xmin>805</xmin>
			<ymin>2000</ymin>
			<xmax>886</xmax>
			<ymax>2088</ymax>
		</bndbox>
	</object>
	<object>
		<name>sp03</name>
		<pose>Unspecified</pose>
		<truncated>0</truncated>
		<difficult>0</difficult>
		<bndbox>
			<xmin>792</xmin>
			<ymin>2132</ymin>
			<xmax>880</xmax>
			<ymax>2233</ymax>
		</bndbox>
	</object>
	<object>
		<name>sp03</name>
		<pose>Unspecified</pose>
		<truncated>0</truncated>
		<difficult>0</difficult>
		<bndbox>
			<xmin>1095</xmin>
			<ymin>2000</ymin>
			<xmax>1170</xmax>
			<ymax>2081</ymax>
		</bndbox>
	</object>
	<object>
		<name>sp03</name>
		<pose>Unspecified</pose>
		<truncated>0</truncated>
		<difficult>0</difficult>
		<bndbox>
			<xmin>1069</xmin>
			<ymin>1948</ymin>
			<xmax>1137</xmax>
			<ymax>2035</ymax>
		</bndbox>
	</object>
	<object>
		<name>sp03</name>
		<pose>Unspecified</pose>
		<truncated>0</truncated>
		<difficult>0</difficult>
		<bndbox>
			<xmin>891</xmin>
			<ymin>1967</ymin>
			<xmax>985</xmax>
			<ymax>2022</ymax>
		</bndbox>
	</object>
	<object>
		<name>sp03</name>
		<pose>Unspecified</pose>
		<truncated>0</truncated>
		<difficult>0</difficult>
		<bndbox>
			<xmin>911</xmin>
			<ymin>2000</ymin>
			<xmax>972</xmax>
			<ymax>2075</ymax>
		</bndbox>
	</object>
	<object>
		<name>sp03</name>
		<pose>Unspecified</pose>
		<truncated>0</truncated>
		<difficult>0</difficult>
		<bndbox>
			<xmin>832</xmin>
			<ymin>2211</ymin>
			<xmax>919</xmax>
			<ymax>2305</ymax>
		</bndbox>
	</object>
	<object>
		<name>sp03</name>
		<pose>Unspecified</pose>
		<truncated>0</truncated>
		<difficult>0</difficult>
		<bndbox>
			<xmin>990</xmin>
			<ymin>1994</ymin>
			<xmax>1051</xmax>
			<ymax>2068</ymax>
		</bndbox>
	</object>
	<object>
		<name>sp03</name>
		<pose>Unspecified</pose>
		<truncated>0</truncated>
		<difficult>0</difficult>
		<bndbox>
			<xmin>641</xmin>
			<ymin>2349</ymin>
			<xmax>748</xmax>
			<ymax>2457</ymax>
		</bndbox>
	</object>
	<object>
		<name>sp03</name>
		<pose>Unspecified</pose>
		<truncated>0</truncated>
		<difficult>0</difficult>
		<bndbox>
			<xmin>1148</xmin>
			<ymin>2376</ymin>
			<xmax>1282</xmax>
			<ymax>2496</ymax>
		</bndbox>
	</object>
	<object>
		<name>sp03</name>
		<pose>Unspecified</pose>
		<truncated>0</truncated>
		<difficult>0</difficult>
		<bndbox>
			<xmin>779</xmin>
			<ymin>2455</ymin>
			<xmax>900</xmax>
			<ymax>2589</ymax>
		</bndbox>
	</object>
	<object>
		<name>sp03</name>
		<pose>Unspecified</pose>
		<truncated>0</truncated>
		<difficult>0</difficult>
		<bndbox>
			<xmin>1392</xmin>
			<ymin>2013</ymin>
			<xmax>1479</xmax>
			<ymax>2147</ymax>
		</bndbox>
	</object>
	<object>
		<name>sp03</name>
		<pose>Unspecified</pose>
		<truncated>0</truncated>
		<difficult>0</difficult>
		<bndbox>
			<xmin>1820</xmin>
			<ymin>2145</ymin>
			<xmax>1934</xmax>
			<ymax>2239</ymax>
		</bndbox>
	</object>
	<object>
		<name>sp03</name>
		<pose>Unspecified</pose>
		<truncated>0</truncated>
		<difficult>0</difficult>
		<bndbox>
			<xmin>1616</xmin>
			<ymin>2198</ymin>
			<xmax>1749</xmax>
			<ymax>2345</ymax>
		</bndbox>
	</object>
	<object>
		<name>sp03</name>
		<pose>Unspecified</pose>
		<truncated>0</truncated>
		<difficult>0</difficult>
		<bndbox>
			<xmin>1629</xmin>
			<ymin>2343</ymin>
			<xmax>1730</xmax>
			<ymax>2424</ymax>
		</bndbox>
	</object>
	<object>
		<name>sp03</name>
		<pose>Unspecified</pose>
		<truncated>0</truncated>
		<difficult>0</difficult>
		<bndbox>
			<xmin>1609</xmin>
			<ymin>2429</ymin>
			<xmax>1703</xmax>
			<ymax>2529</ymax>
		</bndbox>
	</object>
	<object>
		<name>sp03</name>
		<pose>Unspecified</pose>
		<truncated>0</truncated>
		<difficult>0</difficult>
		<bndbox>
			<xmin>199</xmin>
			<ymin>834</ymin>
			<xmax>320</xmax>
			<ymax>935</ymax>
		</bndbox>
	</object>
	<object>
		<name>sp03</name>
		<pose>Unspecified</pose>
		<truncated>0</truncated>
		<difficult>0</difficult>
		<bndbox>
			<xmin>133</xmin>
			<ymin>940</ymin>
			<xmax>241</xmax>
			<ymax>1047</ymax>
		</bndbox>
	</object>
	<object>
		<name>sp03</name>
		<pose>Unspecified</pose>
		<truncated>0</truncated>
		<difficult>0</difficult>
		<bndbox>
			<xmin>127</xmin>
			<ymin>1091</ymin>
			<xmax>221</xmax>
			<ymax>1205</ymax>
		</bndbox>
	</object>
	<object>
		<name>sp03</name>
		<pose>Unspecified</pose>
		<truncated>0</truncated>
		<difficult>0</difficult>
		<bndbox>
			<xmin>107</xmin>
			<ymin>1177</ymin>
			<xmax>195</xmax>
			<ymax>1264</ymax>
		</bndbox>
	</object>
	<object>
		<name>sp03</name>
		<pose>Unspecified</pose>
		<truncated>0</truncated>
		<difficult>0</difficult>
		<bndbox>
			<xmin>87</xmin>
			<ymin>1262</ymin>
			<xmax>188</xmax>
			<ymax>1317</ymax>
		</bndbox>
	</object>
</annotation>