<annotation>
	<folder>my-project-name</folder>
	<filename>sp03_img04.jpg</filename>
	<path>/my-project-name/sp03_img04.jpg</path>
	<source>
		<database>Unspecified</database>
	</source>
	<size>
		<width>2924</width>
		<height>2929</height>
		<depth>3</depth>
	</size>
	<object>
		<name>sp03</name>
		<pose>Unspecified</pose>
		<truncated>0</truncated>
		<difficult>0</difficult>
		<bndbox>
			<xmin>1438</xmin>
			<ymin>1237</ymin>
			<xmax>1690</xmax>
			<ymax>1470</ymax>
		</bndbox>
	</object>
	<object>
		<name>sp03</name>
		<pose>Unspecified</pose>
		<truncated>0</truncated>
		<difficult>0</difficult>
		<bndbox>
			<xmin>1161</xmin>
			<ymin>1507</ymin>
			<xmax>1367</xmax>
			<ymax>1707</ymax>
		</bndbox>
	</object>
	<object>
		<name>sp03</name>
		<pose>Unspecified</pose>
		<truncated>0</truncated>
		<difficult>0</difficult>
		<bndbox>
			<xmin>759</xmin>
			<ymin>1633</ymin>
			<xmax>1025</xmax>
			<ymax>1858</ymax>
		</bndbox>
	</object>
	<object>
		<name>sp03</name>
		<pose>Unspecified</pose>
		<truncated>0</truncated>
		<difficult>0</difficult>
		<bndbox>
			<xmin>1174</xmin>
			<ymin>2028</ymin>
			<xmax>1433</xmax>
			<ymax>2234</ymax>
		</bndbox>
	</object>
	<object>
		<name>sp03</name>
		<pose>Unspecified</pose>
		<truncated>0</truncated>
		<difficult>0</difficult>
		<bndbox>
			<xmin>1622</xmin>
			<ymin>1982</ymin>
			<xmax>1802</xmax>
			<ymax>2188</ymax>
		</bndbox>
	</object>
</annotation>