<annotation>
	<folder>my-project-name</folder>
	<filename>sp03_img01.jpg</filename>
	<path>/my-project-name/sp03_img01.jpg</path>
	<source>
		<database>Unspecified</database>
	</source>
	<size>
		<width>2931</width>
		<height>2922</height>
		<depth>3</depth>
	</size>
	<object>
		<name>sp03</name>
		<pose>Unspecified</pose>
		<truncated>0</truncated>
		<difficult>0</difficult>
		<bndbox>
			<xmin>1598</xmin>
			<ymin>931</ymin>
			<xmax>1797</xmax>
			<ymax>1096</ymax>
		</bndbox>
	</object>
	<object>
		<name>sp03</name>
		<pose>Unspecified</pose>
		<truncated>0</truncated>
		<difficult>0</difficult>
		<bndbox>
			<xmin>1790</xmin>
			<ymin>1040</ymin>
			<xmax>1960</xmax>
			<ymax>1225</ymax>
		</bndbox>
	</object>
</annotation>