<annotation>
	<folder>my-project-name</folder>
	<filename>sp04_img06.jpg</filename>
	<path>/my-project-name/sp04_img06.jpg</path>
	<source>
		<database>Unspecified</database>
	</source>
	<size>
		<width>2513</width>
		<height>2498</height>
		<depth>3</depth>
	</size>
	<object>
		<name>sp04</name>
		<pose>Unspecified</pose>
		<truncated>0</truncated>
		<difficult>0</difficult>
		<bndbox>
			<xmin>1310</xmin>
			<ymin>141</ymin>
			<xmax>1694</xmax>
			<ymax>507</ymax>
		</bndbox>
	</object>
	<object>
		<name>sp04</name>
		<pose>Unspecified</pose>
		<truncated>0</truncated>
		<difficult>0</difficult>
		<bndbox>
			<xmin>1850</xmin>
			<ymin>888</ymin>
			<xmax>2260</xmax>
			<ymax>1318</ymax>
		</bndbox>
	</object>
	<object>
		<name>sp04</name>
		<pose>Unspecified</pose>
		<truncated>0</truncated>
		<difficult>0</difficult>
		<bndbox>
			<xmin>370</xmin>
			<ymin>985</ymin>
			<xmax>700</xmax>
			<ymax>1328</ymax>
		</bndbox>
	</object>
	<object>
		<name>sp04</name>
		<pose>Unspecified</pose>
		<truncated>0</truncated>
		<difficult>0</difficult>
		<bndbox>
			<xmin>939</xmin>
			<ymin>121</ymin>
			<xmax>1323</xmax>
			<ymax>448</ymax>
		</bndbox>
	</object>
	<object>
		<name>sp04</name>
		<pose>Unspecified</pose>
		<truncated>0</truncated>
		<difficult>0</difficult>
		<bndbox>
			<xmin>748</xmin>
			<ymin>541</ymin>
			<xmax>1188</xmax>
			<ymax>980</ymax>
		</bndbox>
	</object>
	<object>
		<name>sp04</name>
		<pose>Unspecified</pose>
		<truncated>0</truncated>
		<difficult>0</difficult>
		<bndbox>
			<xmin>1201</xmin>
			<ymin>1097</ymin>
			<xmax>1729</xmax>
			<ymax>1467</ymax>
		</bndbox>
	</object>
	<object>
		<name>sp04</name>
		<pose>Unspecified</pose>
		<truncated>0</truncated>
		<difficult>0</difficult>
		<bndbox>
			<xmin>1272</xmin>
			<ymin>2191</ymin>
			<xmax>1515</xmax>
			<ymax>2402</ymax>
		</bndbox>
	</object>
	<object>
		<name>sp04</name>
		<pose>Unspecified</pose>
		<truncated>0</truncated>
		<difficult>0</difficult>
		<bndbox>
			<xmin>1929</xmin>
			<ymin>485</ymin>
			<xmax>2356</xmax>
			<ymax>965</ymax>
		</bndbox>
	</object>
	<object>
		<name>sp04</name>
		<pose>Unspecified</pose>
		<truncated>0</truncated>
		<difficult>0</difficult>
		<bndbox>
			<xmin>475</xmin>
			<ymin>356</ymin>
			<xmax>857</xmax>
			<ymax>710</ymax>
		</bndbox>
	</object>
	<object>
		<name>sp04</name>
		<pose>Unspecified</pose>
		<truncated>0</truncated>
		<difficult>0</difficult>
		<bndbox>
			<xmin>245</xmin>
			<ymin>1626</ymin>
			<xmax>695</xmax>
			<ymax>2115</ymax>
		</bndbox>
	</object>
	<object>
		<name>sp04</name>
		<pose>Unspecified</pose>
		<truncated>0</truncated>
		<difficult>0</difficult>
		<bndbox>
			<xmin>89</xmin>
			<ymin>1078</ymin>
			<xmax>270</xmax>
			<ymax>1238</ymax>
		</bndbox>
	</object>
	<object>
		<name>sp04</name>
		<pose>Unspecified</pose>
		<truncated>0</truncated>
		<difficult>0</difficult>
		<bndbox>
			<xmin>1181</xmin>
			<ymin>1715</ymin>
			<xmax>1490</xmax>
			<ymax>2079</ymax>
		</bndbox>
	</object>
	<object>
		<name>sp04</name>
		<pose>Unspecified</pose>
		<truncated>0</truncated>
		<difficult>0</difficult>
		<bndbox>
			<xmin>199</xmin>
			<ymin>1275</ymin>
			<xmax>590</xmax>
			<ymax>1678</ymax>
		</bndbox>
	</object>
	<object>
		<name>sp04</name>
		<pose>Unspecified</pose>
		<truncated>0</truncated>
		<difficult>0</difficult>
		<bndbox>
			<xmin>1419</xmin>
			<ymin>1423</ymin>
			<xmax>1797</xmax>
			<ymax>1729</ymax>
		</bndbox>
	</object>
	<object>
		<name>sp04</name>
		<pose>Unspecified</pose>
		<truncated>0</truncated>
		<difficult>0</difficult>
		<bndbox>
			<xmin>2054</xmin>
			<ymin>986</ymin>
			<xmax>2406</xmax>
			<ymax>1347</ymax>
		</bndbox>
	</object>
	<object>
		<name>sp04</name>
		<pose>Unspecified</pose>
		<truncated>0</truncated>
		<difficult>0</difficult>
		<bndbox>
			<xmin>1474</xmin>
			<ymin>2166</ymin>
			<xmax>1665</xmax>
			<ymax>2377</ymax>
		</bndbox>
	</object>
	<object>
		<name>sp04</name>
		<pose>Unspecified</pose>
		<truncated>0</truncated>
		<difficult>0</difficult>
		<bndbox>
			<xmin>1614</xmin>
			<ymin>1247</ymin>
			<xmax>1913</xmax>
			<ymax>1565</ymax>
		</bndbox>
	</object>
	<object>
		<name>sp04</name>
		<pose>Unspecified</pose>
		<truncated>0</truncated>
		<difficult>0</difficult>
		<bndbox>
			<xmin>2109</xmin>
			<ymin>1521</ymin>
			<xmax>2364</xmax>
			<ymax>1749</ymax>
		</bndbox>
	</object>
	<object>
		<name>sp04</name>
		<pose>Unspecified</pose>
		<truncated>0</truncated>
		<difficult>0</difficult>
		<bndbox>
			<xmin>627</xmin>
			<ymin>798</ymin>
			<xmax>1066</xmax>
			<ymax>1241</ymax>
		</bndbox>
	</object>
	<object>
		<name>sp04</name>
		<pose>Unspecified</pose>
		<truncated>0</truncated>
		<difficult>0</difficult>
		<bndbox>
			<xmin>737</xmin>
			<ymin>1683</ymin>
			<xmax>1210</xmax>
			<ymax>2104</ymax>
		</bndbox>
	</object>
	<object>
		<name>sp04</name>
		<pose>Unspecified</pose>
		<truncated>0</truncated>
		<difficult>0</difficult>
		<bndbox>
			<xmin>1817</xmin>
			<ymin>2012</ymin>
			<xmax>2075</xmax>
			<ymax>2264</ymax>
		</bndbox>
	</object>
	<object>
		<name>sp04</name>
		<pose>Unspecified</pose>
		<truncated>0</truncated>
		<difficult>0</difficult>
		<bndbox>
			<xmin>1434</xmin>
			<ymin>1723</ymin>
			<xmax>1720</xmax>
			<ymax>1976</ymax>
		</bndbox>
	</object>
	<object>
		<name>sp04</name>
		<pose>Unspecified</pose>
		<truncated>0</truncated>
		<difficult>0</difficult>
		<bndbox>
			<xmin>95</xmin>
			<ymin>1379</ymin>
			<xmax>431</xmax>
			<ymax>1715</ymax>
		</bndbox>
	</object>
	<object>
		<name>sp04</name>
		<pose>Unspecified</pose>
		<truncated>0</truncated>
		<difficult>0</difficult>
		<bndbox>
			<xmin>1131</xmin>
			<ymin>455</ymin>
			<xmax>1462</xmax>
			<ymax>809</ymax>
		</bndbox>
	</object>
	<object>
		<name>sp04</name>
		<pose>Unspecified</pose>
		<truncated>0</truncated>
		<difficult>0</difficult>
		<bndbox>
			<xmin>1598</xmin>
			<ymin>2082</ymin>
			<xmax>1826</xmax>
			<ymax>2334</ymax>
		</bndbox>
	</object>
	<object>
		<name>sp04</name>
		<pose>Unspecified</pose>
		<truncated>0</truncated>
		<difficult>0</difficult>
		<bndbox>
			<xmin>2094</xmin>
			<ymin>1327</ymin>
			<xmax>2406</xmax>
			<ymax>1591</ymax>
		</bndbox>
	</object>
	<object>
		<name>sp04</name>
		<pose>Unspecified</pose>
		<truncated>0</truncated>
		<difficult>0</difficult>
		<bndbox>
			<xmin>1193</xmin>
			<ymin>786</ymin>
			<xmax>1564</xmax>
			<ymax>1171</ymax>
		</bndbox>
	</object>
	<object>
		<name>sp04</name>
		<pose>Unspecified</pose>
		<truncated>0</truncated>
		<difficult>0</difficult>
		<bndbox>
			<xmin>2058</xmin>
			<ymin>1709</ymin>
			<xmax>2275</xmax>
			<ymax>1990</ymax>
		</bndbox>
	</object>
	<object>
		<name>sp04</name>
		<pose>Unspecified</pose>
		<truncated>0</truncated>
		<difficult>0</difficult>
		<bndbox>
			<xmin>1820</xmin>
			<ymin>1334</ymin>
			<xmax>2103</xmax>
			<ymax>1647</ymax>
		</bndbox>
	</object>
	<object>
		<name>sp04</name>
		<pose>Unspecified</pose>
		<truncated>0</truncated>
		<difficult>0</difficult>
		<bndbox>
			<xmin>652</xmin>
			<ymin>204</ymin>
			<xmax>966</xmax>
			<ymax>555</ymax>
		</bndbox>
	</object>
	<object>
		<name>sp04</name>
		<pose>Unspecified</pose>
		<truncated>0</truncated>
		<difficult>0</difficult>
		<bndbox>
			<xmin>1103</xmin>
			<ymin>2033</ymin>
			<xmax>1289</xmax>
			<ymax>2273</ymax>
		</bndbox>
	</object>
	<object>
		<name>sp04</name>
		<pose>Unspecified</pose>
		<truncated>0</truncated>
		<difficult>0</difficult>
		<bndbox>
			<xmin>862</xmin>
			<ymin>2187</ymin>
			<xmax>1174</xmax>
			<ymax>2420</ymax>
		</bndbox>
	</object>
	<object>
		<name>sp04</name>
		<pose>Unspecified</pose>
		<truncated>0</truncated>
		<difficult>0</difficult>
		<bndbox>
			<xmin>1004</xmin>
			<ymin>382</ymin>
			<xmax>1326</xmax>
			<ymax>652</ymax>
		</bndbox>
	</object>
	<object>
		<name>sp04</name>
		<pose>Unspecified</pose>
		<truncated>0</truncated>
		<difficult>0</difficult>
		<bndbox>
			<xmin>1537</xmin>
			<ymin>318</ymin>
			<xmax>1957</xmax>
			<ymax>756</ymax>
		</bndbox>
	</object>
	<object>
		<name>sp04</name>
		<pose>Unspecified</pose>
		<truncated>0</truncated>
		<difficult>0</difficult>
		<bndbox>
			<xmin>1536</xmin>
			<ymin>1940</ymin>
			<xmax>1765</xmax>
			<ymax>2104</ymax>
		</bndbox>
	</object>
	<object>
		<name>sp04</name>
		<pose>Unspecified</pose>
		<truncated>0</truncated>
		<difficult>0</difficult>
		<bndbox>
			<xmin>888</xmin>
			<ymin>2083</ymin>
			<xmax>1164</xmax>
			<ymax>2289</ymax>
		</bndbox>
	</object>
	<object>
		<name>sp04</name>
		<pose>Unspecified</pose>
		<truncated>0</truncated>
		<difficult>0</difficult>
		<bndbox>
			<xmin>1257</xmin>
			<ymin>2038</ymin>
			<xmax>1429</xmax>
			<ymax>2214</ymax>
		</bndbox>
	</object>
	<object>
		<name>sp04</name>
		<pose>Unspecified</pose>
		<truncated>0</truncated>
		<difficult>0</difficult>
		<bndbox>
			<xmin>1852</xmin>
			<ymin>1829</ymin>
			<xmax>2081</xmax>
			<ymax>2053</ymax>
		</bndbox>
	</object>
	<object>
		<name>sp04</name>
		<pose>Unspecified</pose>
		<truncated>0</truncated>
		<difficult>0</difficult>
		<bndbox>
			<xmin>481</xmin>
			<ymin>794</ymin>
			<xmax>698</xmax>
			<ymax>1076</ymax>
		</bndbox>
	</object>
	<object>
		<name>sp04</name>
		<pose>Unspecified</pose>
		<truncated>0</truncated>
		<difficult>0</difficult>
		<bndbox>
			<xmin>1481</xmin>
			<ymin>728</ymin>
			<xmax>1889</xmax>
			<ymax>1086</ymax>
		</bndbox>
	</object>
	<object>
		<name>sp04</name>
		<pose>Unspecified</pose>
		<truncated>0</truncated>
		<difficult>0</difficult>
		<bndbox>
			<xmin>1169</xmin>
			<ymin>2276</ymin>
			<xmax>1416</xmax>
			<ymax>2448</ymax>
		</bndbox>
	</object>
	<object>
		<name>sp04</name>
		<pose>Unspecified</pose>
		<truncated>0</truncated>
		<difficult>0</difficult>
		<bndbox>
			<xmin>584</xmin>
			<ymin>1932</ymin>
			<xmax>920</xmax>
			<ymax>2303</ymax>
		</bndbox>
	</object>
	<object>
		<name>sp04</name>
		<pose>Unspecified</pose>
		<truncated>0</truncated>
		<difficult>0</difficult>
		<bndbox>
			<xmin>1738</xmin>
			<ymin>1566</ymin>
			<xmax>1910</xmax>
			<ymax>1723</ymax>
		</bndbox>
	</object>
	<object>
		<name>sp04</name>
		<pose>Unspecified</pose>
		<truncated>0</truncated>
		<difficult>0</difficult>
		<bndbox>
			<xmin>273</xmin>
			<ymin>560</ymin>
			<xmax>637</xmax>
			<ymax>849</ymax>
		</bndbox>
	</object>
	<object>
		<name>sp04</name>
		<pose>Unspecified</pose>
		<truncated>0</truncated>
		<difficult>0</difficult>
		<bndbox>
			<xmin>1356</xmin>
			<ymin>1962</ymin>
			<xmax>1540</xmax>
			<ymax>2125</ymax>
		</bndbox>
	</object>
	<object>
		<name>sp04</name>
		<pose>Unspecified</pose>
		<truncated>0</truncated>
		<difficult>0</difficult>
		<bndbox>
			<xmin>1828</xmin>
			<ymin>1649</ymin>
			<xmax>2101</xmax>
			<ymax>1862</ymax>
		</bndbox>
	</object>
	<object>
		<name>sp04</name>
		<pose>Unspecified</pose>
		<truncated>0</truncated>
		<difficult>0</difficult>
		<bndbox>
			<xmin>1711</xmin>
			<ymin>1844</ymin>
			<xmax>1926</xmax>
			<ymax>2094</ymax>
		</bndbox>
	</object>
	<object>
		<name>sp04</name>
		<pose>Unspecified</pose>
		<truncated>0</truncated>
		<difficult>0</difficult>
		<bndbox>
			<xmin>133</xmin>
			<ymin>916</ymin>
			<xmax>344</xmax>
			<ymax>1119</ymax>
		</bndbox>
	</object>
	<object>
		<name>sp04</name>
		<pose>Unspecified</pose>
		<truncated>0</truncated>
		<difficult>0</difficult>
		<bndbox>
			<xmin>249</xmin>
			<ymin>1071</ymin>
			<xmax>460</xmax>
			<ymax>1283</ymax>
		</bndbox>
	</object>
	<object>
		<name>sp04</name>
		<pose>Unspecified</pose>
		<truncated>0</truncated>
		<difficult>0</difficult>
		<bndbox>
			<xmin>319</xmin>
			<ymin>854</ymin>
			<xmax>481</xmax>
			<ymax>1014</ymax>
		</bndbox>
	</object>
	<object>
		<name>sp04</name>
		<pose>Unspecified</pose>
		<truncated>0</truncated>
		<difficult>0</difficult>
		<bndbox>
			<xmin>1626</xmin>
			<ymin>1676</ymin>
			<xmax>1831</xmax>
			<ymax>1848</ymax>
		</bndbox>
	</object>
	<object>
		<name>sp04</name>
		<pose>Unspecified</pose>
		<truncated>0</truncated>
		<difficult>0</difficult>
		<bndbox>
			<xmin>87</xmin>
			<ymin>1203</ymin>
			<xmax>375</xmax>
			<ymax>1404</ymax>
		</bndbox>
	</object>
	<object>
		<name>sp04</name>
		<pose>Unspecified</pose>
		<truncated>0</truncated>
		<difficult>0</difficult>
		<bndbox>
			<xmin>1470</xmin>
			<ymin>307</ymin>
			<xmax>1801</xmax>
			<ymax>719</ymax>
		</bndbox>
	</object>
	<object>
		<name>sp04</name>
		<pose>Unspecified</pose>
		<truncated>0</truncated>
		<difficult>0</difficult>
		<bndbox>
			<xmin>217</xmin>
			<ymin>856</ymin>
			<xmax>407</xmax>
			<ymax>1010</ymax>
		</bndbox>
	</object>
	<object>
		<name>sp04</name>
		<pose>Unspecified</pose>
		<truncated>0</truncated>
		<difficult>0</difficult>
		<bndbox>
			<xmin>1513</xmin>
			<ymin>894</ymin>
			<xmax>1817</xmax>
			<ymax>1178</ymax>
		</bndbox>
	</object>
	<object>
		<name>sp04</name>
		<pose>Unspecified</pose>
		<truncated>0</truncated>
		<difficult>0</difficult>
		<bndbox>
			<xmin>269</xmin>
			<ymin>702</ymin>
			<xmax>497</xmax>
			<ymax>885</ymax>
		</bndbox>
	</object>
	<object>
		<name>sp04</name>
		<pose>Unspecified</pose>
		<truncated>0</truncated>
		<difficult>0</difficult>
		<bndbox>
			<xmin>1434</xmin>
			<ymin>2117</ymin>
			<xmax>1592</xmax>
			<ymax>2262</ymax>
		</bndbox>
	</object>
	<object>
		<name>sp04</name>
		<pose>Unspecified</pose>
		<truncated>0</truncated>
		<difficult>0</difficult>
		<bndbox>
			<xmin>1495</xmin>
			<ymin>2023</ymin>
			<xmax>1645</xmax>
			<ymax>2189</ymax>
		</bndbox>
	</object>
</annotation>