<annotation>
	<folder>my-project-name</folder>
	<filename>sp04_img03.jpg</filename>
	<path>/my-project-name/sp04_img03.jpg</path>
	<source>
		<database>Unspecified</database>
	</source>
	<size>
		<width>2373</width>
		<height>2385</height>
		<depth>3</depth>
	</size>
	<object>
		<name>sp04</name>
		<pose>Unspecified</pose>
		<truncated>0</truncated>
		<difficult>0</difficult>
		<bndbox>
			<xmin>1888</xmin>
			<ymin>1604</ymin>
			<xmax>2152</xmax>
			<ymax>1932</ymax>
		</bndbox>
	</object>
	<object>
		<name>sp04</name>
		<pose>Unspecified</pose>
		<truncated>0</truncated>
		<difficult>0</difficult>
		<bndbox>
			<xmin>2085</xmin>
			<ymin>1233</ymin>
			<xmax>2290</xmax>
			<ymax>1497</ymax>
		</bndbox>
	</object>
	<object>
		<name>sp04</name>
		<pose>Unspecified</pose>
		<truncated>0</truncated>
		<difficult>0</difficult>
		<bndbox>
			<xmin>1838</xmin>
			<ymin>1302</ymin>
			<xmax>2186</xmax>
			<ymax>1606</ymax>
		</bndbox>
	</object>
	<object>
		<name>sp04</name>
		<pose>Unspecified</pose>
		<truncated>0</truncated>
		<difficult>0</difficult>
		<bndbox>
			<xmin>1804</xmin>
			<ymin>1559</ymin>
			<xmax>2008</xmax>
			<ymax>1759</ymax>
		</bndbox>
	</object>
	<object>
		<name>sp04</name>
		<pose>Unspecified</pose>
		<truncated>0</truncated>
		<difficult>0</difficult>
		<bndbox>
			<xmin>1517</xmin>
			<ymin>1584</ymin>
			<xmax>1919</xmax>
			<ymax>1858</ymax>
		</bndbox>
	</object>
	<object>
		<name>sp04</name>
		<pose>Unspecified</pose>
		<truncated>0</truncated>
		<difficult>0</difficult>
		<bndbox>
			<xmin>2001</xmin>
			<ymin>1115</ymin>
			<xmax>2260</xmax>
			<ymax>1359</ymax>
		</bndbox>
	</object>
	<object>
		<name>sp04</name>
		<pose>Unspecified</pose>
		<truncated>0</truncated>
		<difficult>0</difficult>
		<bndbox>
			<xmin>2071</xmin>
			<ymin>907</ymin>
			<xmax>2270</xmax>
			<ymax>1102</ymax>
		</bndbox>
	</object>
	<object>
		<name>sp04</name>
		<pose>Unspecified</pose>
		<truncated>0</truncated>
		<difficult>0</difficult>
		<bndbox>
			<xmin>1794</xmin>
			<ymin>1070</ymin>
			<xmax>2038</xmax>
			<ymax>1294</ymax>
		</bndbox>
	</object>
	<object>
		<name>sp04</name>
		<pose>Unspecified</pose>
		<truncated>0</truncated>
		<difficult>0</difficult>
		<bndbox>
			<xmin>1848</xmin>
			<ymin>947</ymin>
			<xmax>2122</xmax>
			<ymax>1181</ymax>
		</bndbox>
	</object>
	<object>
		<name>sp04</name>
		<pose>Unspecified</pose>
		<truncated>0</truncated>
		<difficult>0</difficult>
		<bndbox>
			<xmin>1804</xmin>
			<ymin>556</ymin>
			<xmax>2231</xmax>
			<ymax>1013</ymax>
		</bndbox>
	</object>
	<object>
		<name>sp04</name>
		<pose>Unspecified</pose>
		<truncated>0</truncated>
		<difficult>0</difficult>
		<bndbox>
			<xmin>1572</xmin>
			<ymin>191</ymin>
			<xmax>2018</xmax>
			<ymax>588</ymax>
		</bndbox>
	</object>
	<object>
		<name>sp04</name>
		<pose>Unspecified</pose>
		<truncated>0</truncated>
		<difficult>0</difficult>
		<bndbox>
			<xmin>1394</xmin>
			<ymin>339</ymin>
			<xmax>1825</xmax>
			<ymax>721</ymax>
		</bndbox>
	</object>
	<object>
		<name>sp04</name>
		<pose>Unspecified</pose>
		<truncated>0</truncated>
		<difficult>0</difficult>
		<bndbox>
			<xmin>1473</xmin>
			<ymin>749</ymin>
			<xmax>1840</xmax>
			<ymax>1077</ymax>
		</bndbox>
	</object>
	<object>
		<name>sp04</name>
		<pose>Unspecified</pose>
		<truncated>0</truncated>
		<difficult>0</difficult>
		<bndbox>
			<xmin>1621</xmin>
			<ymin>1065</ymin>
			<xmax>1776</xmax>
			<ymax>1181</ymax>
		</bndbox>
	</object>
	<object>
		<name>sp04</name>
		<pose>Unspecified</pose>
		<truncated>0</truncated>
		<difficult>0</difficult>
		<bndbox>
			<xmin>1507</xmin>
			<ymin>1045</ymin>
			<xmax>1638</xmax>
			<ymax>1176</ymax>
		</bndbox>
	</object>
	<object>
		<name>sp04</name>
		<pose>Unspecified</pose>
		<truncated>0</truncated>
		<difficult>0</difficult>
		<bndbox>
			<xmin>1542</xmin>
			<ymin>1139</ymin>
			<xmax>1727</xmax>
			<ymax>1255</ymax>
		</bndbox>
	</object>
	<object>
		<name>sp04</name>
		<pose>Unspecified</pose>
		<truncated>0</truncated>
		<difficult>0</difficult>
		<bndbox>
			<xmin>1680</xmin>
			<ymin>1248</ymin>
			<xmax>1830</xmax>
			<ymax>1423</ymax>
		</bndbox>
	</object>
	<object>
		<name>sp04</name>
		<pose>Unspecified</pose>
		<truncated>0</truncated>
		<difficult>0</difficult>
		<bndbox>
			<xmin>1636</xmin>
			<ymin>1371</ymin>
			<xmax>1880</xmax>
			<ymax>1606</ymax>
		</bndbox>
	</object>
	<object>
		<name>sp04</name>
		<pose>Unspecified</pose>
		<truncated>0</truncated>
		<difficult>0</difficult>
		<bndbox>
			<xmin>1453</xmin>
			<ymin>1278</ymin>
			<xmax>1712</xmax>
			<ymax>1606</ymax>
		</bndbox>
	</object>
	<object>
		<name>sp04</name>
		<pose>Unspecified</pose>
		<truncated>0</truncated>
		<difficult>0</difficult>
		<bndbox>
			<xmin>1379</xmin>
			<ymin>1208</ymin>
			<xmax>1524</xmax>
			<ymax>1393</ymax>
		</bndbox>
	</object>
	<object>
		<name>sp04</name>
		<pose>Unspecified</pose>
		<truncated>0</truncated>
		<difficult>0</difficult>
		<bndbox>
			<xmin>1408</xmin>
			<ymin>1090</ymin>
			<xmax>1559</xmax>
			<ymax>1245</ymax>
		</bndbox>
	</object>
	<object>
		<name>sp04</name>
		<pose>Unspecified</pose>
		<truncated>0</truncated>
		<difficult>0</difficult>
		<bndbox>
			<xmin>1181</xmin>
			<ymin>1011</ymin>
			<xmax>1420</xmax>
			<ymax>1265</ymax>
		</bndbox>
	</object>
	<object>
		<name>sp04</name>
		<pose>Unspecified</pose>
		<truncated>0</truncated>
		<difficult>0</difficult>
		<bndbox>
			<xmin>1221</xmin>
			<ymin>863</ymin>
			<xmax>1544</xmax>
			<ymax>1131</ymax>
		</bndbox>
	</object>
	<object>
		<name>sp04</name>
		<pose>Unspecified</pose>
		<truncated>0</truncated>
		<difficult>0</difficult>
		<bndbox>
			<xmin>1117</xmin>
			<ymin>517</ymin>
			<xmax>1643</xmax>
			<ymax>899</ymax>
		</bndbox>
	</object>
	<object>
		<name>sp04</name>
		<pose>Unspecified</pose>
		<truncated>0</truncated>
		<difficult>0</difficult>
		<bndbox>
			<xmin>1310</xmin>
			<ymin>151</ymin>
			<xmax>1603</xmax>
			<ymax>533</ymax>
		</bndbox>
	</object>
	<object>
		<name>sp04</name>
		<pose>Unspecified</pose>
		<truncated>0</truncated>
		<difficult>0</difficult>
		<bndbox>
			<xmin>904</xmin>
			<ymin>141</ymin>
			<xmax>1445</xmax>
			<ymax>568</ymax>
		</bndbox>
	</object>
	<object>
		<name>sp04</name>
		<pose>Unspecified</pose>
		<truncated>0</truncated>
		<difficult>0</difficult>
		<bndbox>
			<xmin>880</xmin>
			<ymin>67</ymin>
			<xmax>1282</xmax>
			<ymax>326</ymax>
		</bndbox>
	</object>
	<object>
		<name>sp04</name>
		<pose>Unspecified</pose>
		<truncated>0</truncated>
		<difficult>0</difficult>
		<bndbox>
			<xmin>484</xmin>
			<ymin>131</ymin>
			<xmax>921</xmax>
			<ymax>459</ymax>
		</bndbox>
	</object>
	<object>
		<name>sp04</name>
		<pose>Unspecified</pose>
		<truncated>0</truncated>
		<difficult>0</difficult>
		<bndbox>
			<xmin>386</xmin>
			<ymin>418</ymin>
			<xmax>837</xmax>
			<ymax>672</ymax>
		</bndbox>
	</object>
	<object>
		<name>sp04</name>
		<pose>Unspecified</pose>
		<truncated>0</truncated>
		<difficult>0</difficult>
		<bndbox>
			<xmin>598</xmin>
			<ymin>477</ymin>
			<xmax>1124</xmax>
			<ymax>894</ymax>
		</bndbox>
	</object>
	<object>
		<name>sp04</name>
		<pose>Unspecified</pose>
		<truncated>0</truncated>
		<difficult>0</difficult>
		<bndbox>
			<xmin>1107</xmin>
			<ymin>1263</ymin>
			<xmax>1465</xmax>
			<ymax>1655</ymax>
		</bndbox>
	</object>
	<object>
		<name>sp04</name>
		<pose>Unspecified</pose>
		<truncated>0</truncated>
		<difficult>0</difficult>
		<bndbox>
			<xmin>914</xmin>
			<ymin>1100</ymin>
			<xmax>1341</xmax>
			<ymax>1561</ymax>
		</bndbox>
	</object>
	<object>
		<name>sp04</name>
		<pose>Unspecified</pose>
		<truncated>0</truncated>
		<difficult>0</difficult>
		<bndbox>
			<xmin>870</xmin>
			<ymin>823</ymin>
			<xmax>1178</xmax>
			<ymax>1280</ymax>
		</bndbox>
	</object>
	<object>
		<name>sp04</name>
		<pose>Unspecified</pose>
		<truncated>0</truncated>
		<difficult>0</difficult>
		<bndbox>
			<xmin>648</xmin>
			<ymin>863</ymin>
			<xmax>901</xmax>
			<ymax>1280</ymax>
		</bndbox>
	</object>
	<object>
		<name>sp04</name>
		<pose>Unspecified</pose>
		<truncated>0</truncated>
		<difficult>0</difficult>
		<bndbox>
			<xmin>519</xmin>
			<ymin>882</ymin>
			<xmax>679</xmax>
			<ymax>1131</ymax>
		</bndbox>
	</object>
	<object>
		<name>sp04</name>
		<pose>Unspecified</pose>
		<truncated>0</truncated>
		<difficult>0</difficult>
		<bndbox>
			<xmin>415</xmin>
			<ymin>922</ymin>
			<xmax>684</xmax>
			<ymax>1359</ymax>
		</bndbox>
	</object>
	<object>
		<name>sp04</name>
		<pose>Unspecified</pose>
		<truncated>0</truncated>
		<difficult>0</difficult>
		<bndbox>
			<xmin>356</xmin>
			<ymin>813</ymin>
			<xmax>496</xmax>
			<ymax>998</ymax>
		</bndbox>
	</object>
	<object>
		<name>sp04</name>
		<pose>Unspecified</pose>
		<truncated>0</truncated>
		<difficult>0</difficult>
		<bndbox>
			<xmin>252</xmin>
			<ymin>680</ymin>
			<xmax>481</xmax>
			<ymax>850</ymax>
		</bndbox>
	</object>
	<object>
		<name>sp04</name>
		<pose>Unspecified</pose>
		<truncated>0</truncated>
		<difficult>0</difficult>
		<bndbox>
			<xmin>129</xmin>
			<ymin>724</ymin>
			<xmax>383</xmax>
			<ymax>958</ymax>
		</bndbox>
	</object>
	<object>
		<name>sp04</name>
		<pose>Unspecified</pose>
		<truncated>0</truncated>
		<difficult>0</difficult>
		<bndbox>
			<xmin>129</xmin>
			<ymin>912</ymin>
			<xmax>383</xmax>
			<ymax>1107</ymax>
		</bndbox>
	</object>
	<object>
		<name>sp04</name>
		<pose>Unspecified</pose>
		<truncated>0</truncated>
		<difficult>0</difficult>
		<bndbox>
			<xmin>257</xmin>
			<ymin>1021</ymin>
			<xmax>447</xmax>
			<ymax>1270</ymax>
		</bndbox>
	</object>
	<object>
		<name>sp04</name>
		<pose>Unspecified</pose>
		<truncated>0</truncated>
		<difficult>0</difficult>
		<bndbox>
			<xmin>84</xmin>
			<ymin>1055</ymin>
			<xmax>427</xmax>
			<ymax>1522</ymax>
		</bndbox>
	</object>
	<object>
		<name>sp04</name>
		<pose>Unspecified</pose>
		<truncated>0</truncated>
		<difficult>0</difficult>
		<bndbox>
			<xmin>307</xmin>
			<ymin>1287</ymin>
			<xmax>877</xmax>
			<ymax>1734</ymax>
		</bndbox>
	</object>
	<object>
		<name>sp04</name>
		<pose>Unspecified</pose>
		<truncated>0</truncated>
		<difficult>0</difficult>
		<bndbox>
			<xmin>1458</xmin>
			<ymin>1698</ymin>
			<xmax>1919</xmax>
			<ymax>2184</ymax>
		</bndbox>
	</object>
	<object>
		<name>sp04</name>
		<pose>Unspecified</pose>
		<truncated>0</truncated>
		<difficult>0</difficult>
		<bndbox>
			<xmin>1275</xmin>
			<ymin>1698</ymin>
			<xmax>1657</xmax>
			<ymax>2268</ymax>
		</bndbox>
	</object>
	<object>
		<name>sp04</name>
		<pose>Unspecified</pose>
		<truncated>0</truncated>
		<difficult>0</difficult>
		<bndbox>
			<xmin>1181</xmin>
			<ymin>1693</ymin>
			<xmax>1425</xmax>
			<ymax>2233</ymax>
		</bndbox>
	</object>
	<object>
		<name>sp04</name>
		<pose>Unspecified</pose>
		<truncated>0</truncated>
		<difficult>0</difficult>
		<bndbox>
			<xmin>959</xmin>
			<ymin>1698</ymin>
			<xmax>1297</xmax>
			<ymax>2258</ymax>
		</bndbox>
	</object>
	<object>
		<name>sp04</name>
		<pose>Unspecified</pose>
		<truncated>0</truncated>
		<difficult>0</difficult>
		<bndbox>
			<xmin>727</xmin>
			<ymin>1619</ymin>
			<xmax>1129</xmax>
			<ymax>2199</ymax>
		</bndbox>
	</object>
	<object>
		<name>sp04</name>
		<pose>Unspecified</pose>
		<truncated>0</truncated>
		<difficult>0</difficult>
		<bndbox>
			<xmin>593</xmin>
			<ymin>1584</ymin>
			<xmax>951</xmax>
			<ymax>2095</ymax>
		</bndbox>
	</object>
	<object>
		<name>sp04</name>
		<pose>Unspecified</pose>
		<truncated>0</truncated>
		<difficult>0</difficult>
		<bndbox>
			<xmin>292</xmin>
			<ymin>1653</ymin>
			<xmax>709</xmax>
			<ymax>2075</ymax>
		</bndbox>
	</object>
</annotation>