<annotation>
	<folder>my-project-name</folder>
	<filename>sp04_img04.jpg</filename>
	<path>/my-project-name/sp04_img04.jpg</path>
	<source>
		<database>Unspecified</database>
	</source>
	<size>
		<width>2143</width>
		<height>2134</height>
		<depth>3</depth>
	</size>
	<object>
		<name>sp04</name>
		<pose>Unspecified</pose>
		<truncated>0</truncated>
		<difficult>0</difficult>
		<bndbox>
			<xmin>1894</xmin>
			<ymin>1078</ymin>
			<xmax>2081</xmax>
			<ymax>1508</ymax>
		</bndbox>
	</object>
	<object>
		<name>sp04</name>
		<pose>Unspecified</pose>
		<truncated>0</truncated>
		<difficult>0</difficult>
		<bndbox>
			<xmin>1861</xmin>
			<ymin>729</ymin>
			<xmax>2094</xmax>
			<ymax>1087</ymax>
		</bndbox>
	</object>
	<object>
		<name>sp04</name>
		<pose>Unspecified</pose>
		<truncated>0</truncated>
		<difficult>0</difficult>
		<bndbox>
			<xmin>1598</xmin>
			<ymin>1118</ymin>
			<xmax>1982</xmax>
			<ymax>1548</ymax>
		</bndbox>
	</object>
	<object>
		<name>sp04</name>
		<pose>Unspecified</pose>
		<truncated>0</truncated>
		<difficult>0</difficult>
		<bndbox>
			<xmin>1604</xmin>
			<ymin>1401</ymin>
			<xmax>1896</xmax>
			<ymax>1759</ymax>
		</bndbox>
	</object>
	<object>
		<name>sp04</name>
		<pose>Unspecified</pose>
		<truncated>0</truncated>
		<difficult>0</difficult>
		<bndbox>
			<xmin>1314</xmin>
			<ymin>1711</ymin>
			<xmax>1824</xmax>
			<ymax>2022</ymax>
		</bndbox>
	</object>
	<object>
		<name>sp04</name>
		<pose>Unspecified</pose>
		<truncated>0</truncated>
		<difficult>0</difficult>
		<bndbox>
			<xmin>1341</xmin>
			<ymin>1454</ymin>
			<xmax>1685</xmax>
			<ymax>1785</ymax>
		</bndbox>
	</object>
	<object>
		<name>sp04</name>
		<pose>Unspecified</pose>
		<truncated>0</truncated>
		<difficult>0</difficult>
		<bndbox>
			<xmin>1248</xmin>
			<ymin>1151</ymin>
			<xmax>1586</xmax>
			<ymax>1594</ymax>
		</bndbox>
	</object>
	<object>
		<name>sp04</name>
		<pose>Unspecified</pose>
		<truncated>0</truncated>
		<difficult>0</difficult>
		<bndbox>
			<xmin>1716</xmin>
			<ymin>709</ymin>
			<xmax>1936</xmax>
			<ymax>922</ymax>
		</bndbox>
	</object>
	<object>
		<name>sp04</name>
		<pose>Unspecified</pose>
		<truncated>0</truncated>
		<difficult>0</difficult>
		<bndbox>
			<xmin>1696</xmin>
			<ymin>637</ymin>
			<xmax>1929</xmax>
			<ymax>770</ymax>
		</bndbox>
	</object>
	<object>
		<name>sp04</name>
		<pose>Unspecified</pose>
		<truncated>0</truncated>
		<difficult>0</difficult>
		<bndbox>
			<xmin>1664</xmin>
			<ymin>472</ymin>
			<xmax>1889</xmax>
			<ymax>718</ymax>
		</bndbox>
	</object>
	<object>
		<name>sp04</name>
		<pose>Unspecified</pose>
		<truncated>0</truncated>
		<difficult>0</difficult>
		<bndbox>
			<xmin>1584</xmin>
			<ymin>426</ymin>
			<xmax>1777</xmax>
			<ymax>573</ymax>
		</bndbox>
	</object>
	<object>
		<name>sp04</name>
		<pose>Unspecified</pose>
		<truncated>0</truncated>
		<difficult>0</difficult>
		<bndbox>
			<xmin>1472</xmin>
			<ymin>426</ymin>
			<xmax>1679</xmax>
			<ymax>672</ymax>
		</bndbox>
	</object>
	<object>
		<name>sp04</name>
		<pose>Unspecified</pose>
		<truncated>0</truncated>
		<difficult>0</difficult>
		<bndbox>
			<xmin>1538</xmin>
			<ymin>288</ymin>
			<xmax>1712</xmax>
			<ymax>434</ymax>
		</bndbox>
	</object>
	<object>
		<name>sp04</name>
		<pose>Unspecified</pose>
		<truncated>0</truncated>
		<difficult>0</difficult>
		<bndbox>
			<xmin>1242</xmin>
			<ymin>261</ymin>
			<xmax>1580</xmax>
			<ymax>461</ymax>
		</bndbox>
	</object>
	<object>
		<name>sp04</name>
		<pose>Unspecified</pose>
		<truncated>0</truncated>
		<difficult>0</difficult>
		<bndbox>
			<xmin>1051</xmin>
			<ymin>97</ymin>
			<xmax>1501</xmax>
			<ymax>395</ymax>
		</bndbox>
	</object>
	<object>
		<name>sp04</name>
		<pose>Unspecified</pose>
		<truncated>0</truncated>
		<difficult>0</difficult>
		<bndbox>
			<xmin>1130</xmin>
			<ymin>400</ymin>
			<xmax>1494</xmax>
			<ymax>652</ymax>
		</bndbox>
	</object>
	<object>
		<name>sp04</name>
		<pose>Unspecified</pose>
		<truncated>0</truncated>
		<difficult>0</difficult>
		<bndbox>
			<xmin>1354</xmin>
			<ymin>584</ymin>
			<xmax>1501</xmax>
			<ymax>711</ymax>
		</bndbox>
	</object>
	<object>
		<name>sp04</name>
		<pose>Unspecified</pose>
		<truncated>0</truncated>
		<difficult>0</difficult>
		<bndbox>
			<xmin>1420</xmin>
			<ymin>736</ymin>
			<xmax>1646</xmax>
			<ymax>882</ymax>
		</bndbox>
	</object>
	<object>
		<name>sp04</name>
		<pose>Unspecified</pose>
		<truncated>0</truncated>
		<difficult>0</difficult>
		<bndbox>
			<xmin>1360</xmin>
			<ymin>815</ymin>
			<xmax>1731</xmax>
			<ymax>1113</ymax>
		</bndbox>
	</object>
	<object>
		<name>sp04</name>
		<pose>Unspecified</pose>
		<truncated>0</truncated>
		<difficult>0</difficult>
		<bndbox>
			<xmin>1143</xmin>
			<ymin>657</ymin>
			<xmax>1507</xmax>
			<ymax>942</ymax>
		</bndbox>
	</object>
	<object>
		<name>sp04</name>
		<pose>Unspecified</pose>
		<truncated>0</truncated>
		<difficult>0</difficult>
		<bndbox>
			<xmin>1143</xmin>
			<ymin>841</ymin>
			<xmax>1422</xmax>
			<ymax>1106</ymax>
		</bndbox>
	</object>
	<object>
		<name>sp04</name>
		<pose>Unspecified</pose>
		<truncated>0</truncated>
		<difficult>0</difficult>
		<bndbox>
			<xmin>1038</xmin>
			<ymin>1236</ymin>
			<xmax>1217</xmax>
			<ymax>1416</ymax>
		</bndbox>
	</object>
	<object>
		<name>sp04</name>
		<pose>Unspecified</pose>
		<truncated>0</truncated>
		<difficult>0</difficult>
		<bndbox>
			<xmin>959</xmin>
			<ymin>1124</ymin>
			<xmax>1178</xmax>
			<ymax>1291</ymax>
		</bndbox>
	</object>
	<object>
		<name>sp04</name>
		<pose>Unspecified</pose>
		<truncated>0</truncated>
		<difficult>0</difficult>
		<bndbox>
			<xmin>965</xmin>
			<ymin>1421</ymin>
			<xmax>1277</xmax>
			<ymax>1713</ymax>
		</bndbox>
	</object>
	<object>
		<name>sp04</name>
		<pose>Unspecified</pose>
		<truncated>0</truncated>
		<difficult>0</difficult>
		<bndbox>
			<xmin>952</xmin>
			<ymin>1750</ymin>
			<xmax>1303</xmax>
			<ymax>2075</ymax>
		</bndbox>
	</object>
	<object>
		<name>sp04</name>
		<pose>Unspecified</pose>
		<truncated>0</truncated>
		<difficult>0</difficult>
		<bndbox>
			<xmin>774</xmin>
			<ymin>1869</ymin>
			<xmax>1026</xmax>
			<ymax>2049</ymax>
		</bndbox>
	</object>
	<object>
		<name>sp04</name>
		<pose>Unspecified</pose>
		<truncated>0</truncated>
		<difficult>0</difficult>
		<bndbox>
			<xmin>814</xmin>
			<ymin>1724</ymin>
			<xmax>1000</xmax>
			<ymax>1904</ymax>
		</bndbox>
	</object>
	<object>
		<name>sp04</name>
		<pose>Unspecified</pose>
		<truncated>0</truncated>
		<difficult>0</difficult>
		<bndbox>
			<xmin>741</xmin>
			<ymin>1651</ymin>
			<xmax>954</xmax>
			<ymax>1811</ymax>
		</bndbox>
	</object>
	<object>
		<name>sp04</name>
		<pose>Unspecified</pose>
		<truncated>0</truncated>
		<difficult>0</difficult>
		<bndbox>
			<xmin>629</xmin>
			<ymin>1737</ymin>
			<xmax>862</xmax>
			<ymax>1983</ymax>
		</bndbox>
	</object>
	<object>
		<name>sp04</name>
		<pose>Unspecified</pose>
		<truncated>0</truncated>
		<difficult>0</difficult>
		<bndbox>
			<xmin>445</xmin>
			<ymin>1750</ymin>
			<xmax>750</xmax>
			<ymax>1996</ymax>
		</bndbox>
	</object>
	<object>
		<name>sp04</name>
		<pose>Unspecified</pose>
		<truncated>0</truncated>
		<difficult>0</difficult>
		<bndbox>
			<xmin>445</xmin>
			<ymin>1546</ymin>
			<xmax>763</xmax>
			<ymax>1785</ymax>
		</bndbox>
	</object>
	<object>
		<name>sp04</name>
		<pose>Unspecified</pose>
		<truncated>0</truncated>
		<difficult>0</difficult>
		<bndbox>
			<xmin>893</xmin>
			<ymin>1454</ymin>
			<xmax>980</xmax>
			<ymax>1541</ymax>
		</bndbox>
	</object>
	<object>
		<name>sp04</name>
		<pose>Unspecified</pose>
		<truncated>0</truncated>
		<difficult>0</difficult>
		<bndbox>
			<xmin>893</xmin>
			<ymin>1335</ymin>
			<xmax>1020</xmax>
			<ymax>1436</ymax>
		</bndbox>
	</object>
	<object>
		<name>sp04</name>
		<pose>Unspecified</pose>
		<truncated>0</truncated>
		<difficult>0</difficult>
		<bndbox>
			<xmin>800</xmin>
			<ymin>1170</ymin>
			<xmax>980</xmax>
			<ymax>1350</ymax>
		</bndbox>
	</object>
	<object>
		<name>sp04</name>
		<pose>Unspecified</pose>
		<truncated>0</truncated>
		<difficult>0</difficult>
		<bndbox>
			<xmin>807</xmin>
			<ymin>782</ymin>
			<xmax>1158</xmax>
			<ymax>1212</ymax>
		</bndbox>
	</object>
	<object>
		<name>sp04</name>
		<pose>Unspecified</pose>
		<truncated>0</truncated>
		<difficult>0</difficult>
		<bndbox>
			<xmin>609</xmin>
			<ymin>927</ymin>
			<xmax>961</xmax>
			<ymax>1218</ymax>
		</bndbox>
	</object>
	<object>
		<name>sp04</name>
		<pose>Unspecified</pose>
		<truncated>0</truncated>
		<difficult>0</difficult>
		<bndbox>
			<xmin>748</xmin>
			<ymin>1361</ymin>
			<xmax>842</xmax>
			<ymax>1475</ymax>
		</bndbox>
	</object>
	<object>
		<name>sp04</name>
		<pose>Unspecified</pose>
		<truncated>0</truncated>
		<difficult>0</difficult>
		<bndbox>
			<xmin>702</xmin>
			<ymin>1236</ymin>
			<xmax>816</xmax>
			<ymax>1410</ymax>
		</bndbox>
	</object>
	<object>
		<name>sp04</name>
		<pose>Unspecified</pose>
		<truncated>0</truncated>
		<difficult>0</difficult>
		<bndbox>
			<xmin>603</xmin>
			<ymin>1256</ymin>
			<xmax>783</xmax>
			<ymax>1410</ymax>
		</bndbox>
	</object>
	<object>
		<name>sp04</name>
		<pose>Unspecified</pose>
		<truncated>0</truncated>
		<difficult>0</difficult>
		<bndbox>
			<xmin>524</xmin>
			<ymin>1342</ymin>
			<xmax>868</xmax>
			<ymax>1561</ymax>
		</bndbox>
	</object>
	<object>
		<name>sp04</name>
		<pose>Unspecified</pose>
		<truncated>0</truncated>
		<difficult>0</difficult>
		<bndbox>
			<xmin>326</xmin>
			<ymin>1467</ymin>
			<xmax>592</xmax>
			<ymax>1620</ymax>
		</bndbox>
	</object>
	<object>
		<name>sp04</name>
		<pose>Unspecified</pose>
		<truncated>0</truncated>
		<difficult>0</difficult>
		<bndbox>
			<xmin>128</xmin>
			<ymin>1441</ymin>
			<xmax>493</xmax>
			<ymax>1765</ymax>
		</bndbox>
	</object>
	<object>
		<name>sp04</name>
		<pose>Unspecified</pose>
		<truncated>0</truncated>
		<difficult>0</difficult>
		<bndbox>
			<xmin>293</xmin>
			<ymin>1210</ymin>
			<xmax>605</xmax>
			<ymax>1502</ymax>
		</bndbox>
	</object>
	<object>
		<name>sp04</name>
		<pose>Unspecified</pose>
		<truncated>0</truncated>
		<difficult>0</difficult>
		<bndbox>
			<xmin>82</xmin>
			<ymin>1137</ymin>
			<xmax>519</xmax>
			<ymax>1456</ymax>
		</bndbox>
	</object>
	<object>
		<name>sp04</name>
		<pose>Unspecified</pose>
		<truncated>0</truncated>
		<difficult>0</difficult>
		<bndbox>
			<xmin>82</xmin>
			<ymin>821</ymin>
			<xmax>506</xmax>
			<ymax>1186</ymax>
		</bndbox>
	</object>
	<object>
		<name>sp04</name>
		<pose>Unspecified</pose>
		<truncated>0</truncated>
		<difficult>0</difficult>
		<bndbox>
			<xmin>161</xmin>
			<ymin>808</ymin>
			<xmax>572</xmax>
			<ymax>1106</ymax>
		</bndbox>
	</object>
	<object>
		<name>sp04</name>
		<pose>Unspecified</pose>
		<truncated>0</truncated>
		<difficult>0</difficult>
		<bndbox>
			<xmin>175</xmin>
			<ymin>551</ymin>
			<xmax>631</xmax>
			<ymax>922</ymax>
		</bndbox>
	</object>
	<object>
		<name>sp04</name>
		<pose>Unspecified</pose>
		<truncated>0</truncated>
		<difficult>0</difficult>
		<bndbox>
			<xmin>300</xmin>
			<ymin>393</ymin>
			<xmax>776</xmax>
			<ymax>882</ymax>
		</bndbox>
	</object>
	<object>
		<name>sp04</name>
		<pose>Unspecified</pose>
		<truncated>0</truncated>
		<difficult>0</difficult>
		<bndbox>
			<xmin>807</xmin>
			<ymin>195</ymin>
			<xmax>1145</xmax>
			<ymax>731</ymax>
		</bndbox>
	</object>
	<object>
		<name>sp04</name>
		<pose>Unspecified</pose>
		<truncated>0</truncated>
		<difficult>0</difficult>
		<bndbox>
			<xmin>544</xmin>
			<ymin>195</ymin>
			<xmax>888</xmax>
			<ymax>520</ymax>
		</bndbox>
	</object>
</annotation>