<annotation>
	<folder>my-project-name</folder>
	<filename>sp04_img05.jpg</filename>
	<path>/my-project-name/sp04_img05.jpg</path>
	<source>
		<database>Unspecified</database>
	</source>
	<size>
		<width>2279</width>
		<height>2299</height>
		<depth>3</depth>
	</size>
	<object>
		<name>sp04</name>
		<pose>Unspecified</pose>
		<truncated>0</truncated>
		<difficult>0</difficult>
		<bndbox>
			<xmin>580</xmin>
			<ymin>144</ymin>
			<xmax>997</xmax>
			<ymax>541</ymax>
		</bndbox>
	</object>
	<object>
		<name>sp04</name>
		<pose>Unspecified</pose>
		<truncated>0</truncated>
		<difficult>0</difficult>
		<bndbox>
			<xmin>916</xmin>
			<ymin>1126</ymin>
			<xmax>1241</xmax>
			<ymax>1569</ymax>
		</bndbox>
	</object>
	<object>
		<name>sp04</name>
		<pose>Unspecified</pose>
		<truncated>0</truncated>
		<difficult>0</difficult>
		<bndbox>
			<xmin>442</xmin>
			<ymin>546</ymin>
			<xmax>826</xmax>
			<ymax>1009</ymax>
		</bndbox>
	</object>
	<object>
		<name>sp04</name>
		<pose>Unspecified</pose>
		<truncated>0</truncated>
		<difficult>0</difficult>
		<bndbox>
			<xmin>1187</xmin>
			<ymin>1132</ymin>
			<xmax>1531</xmax>
			<ymax>1497</ymax>
		</bndbox>
	</object>
	<object>
		<name>sp04</name>
		<pose>Unspecified</pose>
		<truncated>0</truncated>
		<difficult>0</difficult>
		<bndbox>
			<xmin>1048</xmin>
			<ymin>1449</ymin>
			<xmax>1498</xmax>
			<ymax>1819</ymax>
		</bndbox>
	</object>
	<object>
		<name>sp04</name>
		<pose>Unspecified</pose>
		<truncated>0</truncated>
		<difficult>0</difficult>
		<bndbox>
			<xmin>1885</xmin>
			<ymin>1238</ymin>
			<xmax>2196</xmax>
			<ymax>1470</ymax>
		</bndbox>
	</object>
	<object>
		<name>sp04</name>
		<pose>Unspecified</pose>
		<truncated>0</truncated>
		<difficult>0</difficult>
		<bndbox>
			<xmin>1905</xmin>
			<ymin>1093</ymin>
			<xmax>2183</xmax>
			<ymax>1299</ymax>
		</bndbox>
	</object>
	<object>
		<name>sp04</name>
		<pose>Unspecified</pose>
		<truncated>0</truncated>
		<difficult>0</difficult>
		<bndbox>
			<xmin>1964</xmin>
			<ymin>849</ymin>
			<xmax>2196</xmax>
			<ymax>1068</ymax>
		</bndbox>
	</object>
	<object>
		<name>sp04</name>
		<pose>Unspecified</pose>
		<truncated>0</truncated>
		<difficult>0</difficult>
		<bndbox>
			<xmin>1812</xmin>
			<ymin>816</ymin>
			<xmax>2045</xmax>
			<ymax>1101</ymax>
		</bndbox>
	</object>
	<object>
		<name>sp04</name>
		<pose>Unspecified</pose>
		<truncated>0</truncated>
		<difficult>0</difficult>
		<bndbox>
			<xmin>1793</xmin>
			<ymin>665</ymin>
			<xmax>2084</xmax>
			<ymax>923</ymax>
		</bndbox>
	</object>
	<object>
		<name>sp04</name>
		<pose>Unspecified</pose>
		<truncated>0</truncated>
		<difficult>0</difficult>
		<bndbox>
			<xmin>1700</xmin>
			<ymin>474</ymin>
			<xmax>1972</xmax>
			<ymax>699</ymax>
		</bndbox>
	</object>
	<object>
		<name>sp04</name>
		<pose>Unspecified</pose>
		<truncated>0</truncated>
		<difficult>0</difficult>
		<bndbox>
			<xmin>1674</xmin>
			<ymin>355</ymin>
			<xmax>1920</xmax>
			<ymax>561</ymax>
		</bndbox>
	</object>
	<object>
		<name>sp04</name>
		<pose>Unspecified</pose>
		<truncated>0</truncated>
		<difficult>0</difficult>
		<bndbox>
			<xmin>1733</xmin>
			<ymin>1126</ymin>
			<xmax>1953</xmax>
			<ymax>1418</ymax>
		</bndbox>
	</object>
	<object>
		<name>sp04</name>
		<pose>Unspecified</pose>
		<truncated>0</truncated>
		<difficult>0</difficult>
		<bndbox>
			<xmin>1555</xmin>
			<ymin>1198</ymin>
			<xmax>1828</xmax>
			<ymax>1503</ymax>
		</bndbox>
	</object>
	<object>
		<name>sp04</name>
		<pose>Unspecified</pose>
		<truncated>0</truncated>
		<difficult>0</difficult>
		<bndbox>
			<xmin>1411</xmin>
			<ymin>836</ymin>
			<xmax>1821</xmax>
			<ymax>1207</ymax>
		</bndbox>
	</object>
	<object>
		<name>sp04</name>
		<pose>Unspecified</pose>
		<truncated>0</truncated>
		<difficult>0</difficult>
		<bndbox>
			<xmin>1239</xmin>
			<ymin>658</ymin>
			<xmax>1650</xmax>
			<ymax>1042</ymax>
		</bndbox>
	</object>
	<object>
		<name>sp04</name>
		<pose>Unspecified</pose>
		<truncated>0</truncated>
		<difficult>0</difficult>
		<bndbox>
			<xmin>1470</xmin>
			<ymin>553</ymin>
			<xmax>1702</xmax>
			<ymax>772</ymax>
		</bndbox>
	</object>
	<object>
		<name>sp04</name>
		<pose>Unspecified</pose>
		<truncated>0</truncated>
		<difficult>0</difficult>
		<bndbox>
			<xmin>1233</xmin>
			<ymin>427</ymin>
			<xmax>1571</xmax>
			<ymax>693</ymax>
		</bndbox>
	</object>
	<object>
		<name>sp04</name>
		<pose>Unspecified</pose>
		<truncated>0</truncated>
		<difficult>0</difficult>
		<bndbox>
			<xmin>1529</xmin>
			<ymin>322</ymin>
			<xmax>1709</xmax>
			<ymax>541</ymax>
		</bndbox>
	</object>
	<object>
		<name>sp04</name>
		<pose>Unspecified</pose>
		<truncated>0</truncated>
		<difficult>0</difficult>
		<bndbox>
			<xmin>1483</xmin>
			<ymin>243</ymin>
			<xmax>1650</xmax>
			<ymax>423</ymax>
		</bndbox>
	</object>
	<object>
		<name>sp04</name>
		<pose>Unspecified</pose>
		<truncated>0</truncated>
		<difficult>0</difficult>
		<bndbox>
			<xmin>1325</xmin>
			<ymin>282</ymin>
			<xmax>1557</xmax>
			<ymax>469</ymax>
		</bndbox>
	</object>
	<object>
		<name>sp04</name>
		<pose>Unspecified</pose>
		<truncated>0</truncated>
		<difficult>0</difficult>
		<bndbox>
			<xmin>1384</xmin>
			<ymin>144</ymin>
			<xmax>1557</xmax>
			<ymax>298</ymax>
		</bndbox>
	</object>
	<object>
		<name>sp04</name>
		<pose>Unspecified</pose>
		<truncated>0</truncated>
		<difficult>0</difficult>
		<bndbox>
			<xmin>1266</xmin>
			<ymin>78</ymin>
			<xmax>1439</xmax>
			<ymax>212</ymax>
		</bndbox>
	</object>
	<object>
		<name>sp04</name>
		<pose>Unspecified</pose>
		<truncated>0</truncated>
		<difficult>0</difficult>
		<bndbox>
			<xmin>1226</xmin>
			<ymin>170</ymin>
			<xmax>1412</xmax>
			<ymax>350</ymax>
		</bndbox>
	</object>
	<object>
		<name>sp04</name>
		<pose>Unspecified</pose>
		<truncated>0</truncated>
		<difficult>0</difficult>
		<bndbox>
			<xmin>963</xmin>
			<ymin>210</ymin>
			<xmax>1353</xmax>
			<ymax>601</ymax>
		</bndbox>
	</object>
	<object>
		<name>sp04</name>
		<pose>Unspecified</pose>
		<truncated>0</truncated>
		<difficult>0</difficult>
		<bndbox>
			<xmin>923</xmin>
			<ymin>58</ymin>
			<xmax>1268</xmax>
			<ymax>317</ymax>
		</bndbox>
	</object>
	<object>
		<name>sp04</name>
		<pose>Unspecified</pose>
		<truncated>0</truncated>
		<difficult>0</difficult>
		<bndbox>
			<xmin>1760</xmin>
			<ymin>1396</ymin>
			<xmax>2071</xmax>
			<ymax>1819</ymax>
		</bndbox>
	</object>
	<object>
		<name>sp04</name>
		<pose>Unspecified</pose>
		<truncated>0</truncated>
		<difficult>0</difficult>
		<bndbox>
			<xmin>1569</xmin>
			<ymin>1528</ymin>
			<xmax>1907</xmax>
			<ymax>1852</ymax>
		</bndbox>
	</object>
	<object>
		<name>sp04</name>
		<pose>Unspecified</pose>
		<truncated>0</truncated>
		<difficult>0</difficult>
		<bndbox>
			<xmin>1476</xmin>
			<ymin>1561</ymin>
			<xmax>1801</xmax>
			<ymax>1951</ymax>
		</bndbox>
	</object>
	<object>
		<name>sp04</name>
		<pose>Unspecified</pose>
		<truncated>0</truncated>
		<difficult>0</difficult>
		<bndbox>
			<xmin>1147</xmin>
			<ymin>1870</ymin>
			<xmax>1650</xmax>
			<ymax>2241</ymax>
		</bndbox>
	</object>
	<object>
		<name>sp04</name>
		<pose>Unspecified</pose>
		<truncated>0</truncated>
		<difficult>0</difficult>
		<bndbox>
			<xmin>916</xmin>
			<ymin>1719</ymin>
			<xmax>1268</xmax>
			<ymax>2070</ymax>
		</bndbox>
	</object>
	<object>
		<name>sp04</name>
		<pose>Unspecified</pose>
		<truncated>0</truncated>
		<difficult>0</difficult>
		<bndbox>
			<xmin>804</xmin>
			<ymin>1883</ymin>
			<xmax>1156</xmax>
			<ymax>2182</ymax>
		</bndbox>
	</object>
	<object>
		<name>sp04</name>
		<pose>Unspecified</pose>
		<truncated>0</truncated>
		<difficult>0</difficult>
		<bndbox>
			<xmin>620</xmin>
			<ymin>1864</ymin>
			<xmax>826</xmax>
			<ymax>2142</ymax>
		</bndbox>
	</object>
	<object>
		<name>sp04</name>
		<pose>Unspecified</pose>
		<truncated>0</truncated>
		<difficult>0</difficult>
		<bndbox>
			<xmin>435</xmin>
			<ymin>1824</ymin>
			<xmax>675</xmax>
			<ymax>2109</ymax>
		</bndbox>
	</object>
	<object>
		<name>sp04</name>
		<pose>Unspecified</pose>
		<truncated>0</truncated>
		<difficult>0</difficult>
		<bndbox>
			<xmin>607</xmin>
			<ymin>1587</ymin>
			<xmax>905</xmax>
			<ymax>1859</ymax>
		</bndbox>
	</object>
	<object>
		<name>sp04</name>
		<pose>Unspecified</pose>
		<truncated>0</truncated>
		<difficult>0</difficult>
		<bndbox>
			<xmin>745</xmin>
			<ymin>1488</ymin>
			<xmax>978</xmax>
			<ymax>1701</ymax>
		</bndbox>
	</object>
	<object>
		<name>sp04</name>
		<pose>Unspecified</pose>
		<truncated>0</truncated>
		<difficult>0</difficult>
		<bndbox>
			<xmin>580</xmin>
			<ymin>1455</ymin>
			<xmax>754</xmax>
			<ymax>1648</ymax>
		</bndbox>
	</object>
	<object>
		<name>sp04</name>
		<pose>Unspecified</pose>
		<truncated>0</truncated>
		<difficult>0</difficult>
		<bndbox>
			<xmin>607</xmin>
			<ymin>1205</ymin>
			<xmax>925</xmax>
			<ymax>1536</ymax>
		</bndbox>
	</object>
	<object>
		<name>sp04</name>
		<pose>Unspecified</pose>
		<truncated>0</truncated>
		<difficult>0</difficult>
		<bndbox>
			<xmin>468</xmin>
			<ymin>1376</ymin>
			<xmax>661</xmax>
			<ymax>1536</ymax>
		</bndbox>
	</object>
	<object>
		<name>sp04</name>
		<pose>Unspecified</pose>
		<truncated>0</truncated>
		<difficult>0</difficult>
		<bndbox>
			<xmin>435</xmin>
			<ymin>1561</ymin>
			<xmax>615</xmax>
			<ymax>1819</ymax>
		</bndbox>
	</object>
	<object>
		<name>sp04</name>
		<pose>Unspecified</pose>
		<truncated>0</truncated>
		<difficult>0</difficult>
		<bndbox>
			<xmin>264</xmin>
			<ymin>1679</ymin>
			<xmax>523</xmax>
			<ymax>1964</ymax>
		</bndbox>
	</object>
	<object>
		<name>sp04</name>
		<pose>Unspecified</pose>
		<truncated>0</truncated>
		<difficult>0</difficult>
		<bndbox>
			<xmin>291</xmin>
			<ymin>1534</ymin>
			<xmax>477</xmax>
			<ymax>1747</ymax>
		</bndbox>
	</object>
	<object>
		<name>sp04</name>
		<pose>Unspecified</pose>
		<truncated>0</truncated>
		<difficult>0</difficult>
		<bndbox>
			<xmin>258</xmin>
			<ymin>1396</ymin>
			<xmax>510</xmax>
			<ymax>1595</ymax>
		</bndbox>
	</object>
	<object>
		<name>sp04</name>
		<pose>Unspecified</pose>
		<truncated>0</truncated>
		<difficult>0</difficult>
		<bndbox>
			<xmin>403</xmin>
			<ymin>1205</ymin>
			<xmax>648</xmax>
			<ymax>1411</ymax>
		</bndbox>
	</object>
	<object>
		<name>sp04</name>
		<pose>Unspecified</pose>
		<truncated>0</truncated>
		<difficult>0</difficult>
		<bndbox>
			<xmin>93</xmin>
			<ymin>1435</ymin>
			<xmax>279</xmax>
			<ymax>1694</ymax>
		</bndbox>
	</object>
	<object>
		<name>sp04</name>
		<pose>Unspecified</pose>
		<truncated>0</truncated>
		<difficult>0</difficult>
		<bndbox>
			<xmin>264</xmin>
			<ymin>1297</ymin>
			<xmax>437</xmax>
			<ymax>1411</ymax>
		</bndbox>
	</object>
	<object>
		<name>sp04</name>
		<pose>Unspecified</pose>
		<truncated>0</truncated>
		<difficult>0</difficult>
		<bndbox>
			<xmin>60</xmin>
			<ymin>1225</ymin>
			<xmax>286</xmax>
			<ymax>1464</ymax>
		</bndbox>
	</object>
	<object>
		<name>sp04</name>
		<pose>Unspecified</pose>
		<truncated>0</truncated>
		<difficult>0</difficult>
		<bndbox>
			<xmin>383</xmin>
			<ymin>948</ymin>
			<xmax>714</xmax>
			<ymax>1200</ymax>
		</bndbox>
	</object>
	<object>
		<name>sp04</name>
		<pose>Unspecified</pose>
		<truncated>0</truncated>
		<difficult>0</difficult>
		<bndbox>
			<xmin>258</xmin>
			<ymin>1159</ymin>
			<xmax>418</xmax>
			<ymax>1332</ymax>
		</bndbox>
	</object>
	<object>
		<name>sp04</name>
		<pose>Unspecified</pose>
		<truncated>0</truncated>
		<difficult>0</difficult>
		<bndbox>
			<xmin>60</xmin>
			<ymin>1093</ymin>
			<xmax>220</xmax>
			<ymax>1253</ymax>
		</bndbox>
	</object>
	<object>
		<name>sp04</name>
		<pose>Unspecified</pose>
		<truncated>0</truncated>
		<difficult>0</difficult>
		<bndbox>
			<xmin>192</xmin>
			<ymin>1066</ymin>
			<xmax>332</xmax>
			<ymax>1273</ymax>
		</bndbox>
	</object>
	<object>
		<name>sp04</name>
		<pose>Unspecified</pose>
		<truncated>0</truncated>
		<difficult>0</difficult>
		<bndbox>
			<xmin>258</xmin>
			<ymin>968</ymin>
			<xmax>437</xmax>
			<ymax>1115</ymax>
		</bndbox>
	</object>
	<object>
		<name>sp04</name>
		<pose>Unspecified</pose>
		<truncated>0</truncated>
		<difficult>0</difficult>
		<bndbox>
			<xmin>93</xmin>
			<ymin>948</ymin>
			<xmax>266</xmax>
			<ymax>1134</ymax>
		</bndbox>
	</object>
	<object>
		<name>sp04</name>
		<pose>Unspecified</pose>
		<truncated>0</truncated>
		<difficult>0</difficult>
		<bndbox>
			<xmin>258</xmin>
			<ymin>803</ymin>
			<xmax>451</xmax>
			<ymax>970</ymax>
		</bndbox>
	</object>
	<object>
		<name>sp04</name>
		<pose>Unspecified</pose>
		<truncated>0</truncated>
		<difficult>0</difficult>
		<bndbox>
			<xmin>258</xmin>
			<ymin>684</ymin>
			<xmax>444</xmax>
			<ymax>825</ymax>
		</bndbox>
	</object>
	<object>
		<name>sp04</name>
		<pose>Unspecified</pose>
		<truncated>0</truncated>
		<difficult>0</difficult>
		<bndbox>
			<xmin>244</xmin>
			<ymin>553</ymin>
			<xmax>470</xmax>
			<ymax>699</ymax>
		</bndbox>
	</object>
	<object>
		<name>sp04</name>
		<pose>Unspecified</pose>
		<truncated>0</truncated>
		<difficult>0</difficult>
		<bndbox>
			<xmin>304</xmin>
			<ymin>342</ymin>
			<xmax>668</xmax>
			<ymax>660</ymax>
		</bndbox>
	</object>
</annotation>