<annotation>
	<folder>my-project-name</folder>
	<filename>sp05_img07.jpg</filename>
	<path>/my-project-name/sp05_img07.jpg</path>
	<source>
		<database>Unspecified</database>
	</source>
	<size>
		<width>2737</width>
		<height>2729</height>
		<depth>3</depth>
	</size>
	<object>
		<name>sp05</name>
		<pose>Unspecified</pose>
		<truncated>0</truncated>
		<difficult>0</difficult>
		<bndbox>
			<xmin>587</xmin>
			<ymin>379</ymin>
			<xmax>702</xmax>
			<ymax>482</ymax>
		</bndbox>
	</object>
	<object>
		<name>sp05</name>
		<pose>Unspecified</pose>
		<truncated>0</truncated>
		<difficult>0</difficult>
		<bndbox>
			<xmin>569</xmin>
			<ymin>460</ymin>
			<xmax>694</xmax>
			<ymax>623</ymax>
		</bndbox>
	</object>
	<object>
		<name>sp05</name>
		<pose>Unspecified</pose>
		<truncated>0</truncated>
		<difficult>0</difficult>
		<bndbox>
			<xmin>472</xmin>
			<ymin>445</ymin>
			<xmax>585</xmax>
			<ymax>558</ymax>
		</bndbox>
	</object>
	<object>
		<name>sp05</name>
		<pose>Unspecified</pose>
		<truncated>0</truncated>
		<difficult>0</difficult>
		<bndbox>
			<xmin>492</xmin>
			<ymin>592</ymin>
			<xmax>645</xmax>
			<ymax>743</ymax>
		</bndbox>
	</object>
	<object>
		<name>sp05</name>
		<pose>Unspecified</pose>
		<truncated>0</truncated>
		<difficult>0</difficult>
		<bndbox>
			<xmin>438</xmin>
			<ymin>540</ymin>
			<xmax>563</xmax>
			<ymax>651</ymax>
		</bndbox>
	</object>
	<object>
		<name>sp05</name>
		<pose>Unspecified</pose>
		<truncated>0</truncated>
		<difficult>0</difficult>
		<bndbox>
			<xmin>907</xmin>
			<ymin>145</ymin>
			<xmax>1084</xmax>
			<ymax>314</ymax>
		</bndbox>
	</object>
	<object>
		<name>sp05</name>
		<pose>Unspecified</pose>
		<truncated>0</truncated>
		<difficult>0</difficult>
		<bndbox>
			<xmin>812</xmin>
			<ymin>191</ymin>
			<xmax>939</xmax>
			<ymax>346</ymax>
		</bndbox>
	</object>
	<object>
		<name>sp05</name>
		<pose>Unspecified</pose>
		<truncated>0</truncated>
		<difficult>0</difficult>
		<bndbox>
			<xmin>730</xmin>
			<ymin>228</ymin>
			<xmax>877</xmax>
			<ymax>393</ymax>
		</bndbox>
	</object>
	<object>
		<name>sp05</name>
		<pose>Unspecified</pose>
		<truncated>0</truncated>
		<difficult>0</difficult>
		<bndbox>
			<xmin>1229</xmin>
			<ymin>60</ymin>
			<xmax>1512</xmax>
			<ymax>228</ymax>
		</bndbox>
	</object>
	<object>
		<name>sp05</name>
		<pose>Unspecified</pose>
		<truncated>0</truncated>
		<difficult>0</difficult>
		<bndbox>
			<xmin>1082</xmin>
			<ymin>340</ymin>
			<xmax>1323</xmax>
			<ymax>585</ymax>
		</bndbox>
	</object>
	<object>
		<name>sp05</name>
		<pose>Unspecified</pose>
		<truncated>0</truncated>
		<difficult>0</difficult>
		<bndbox>
			<xmin>901</xmin>
			<ymin>373</ymin>
			<xmax>1052</xmax>
			<ymax>526</ymax>
		</bndbox>
	</object>
	<object>
		<name>sp05</name>
		<pose>Unspecified</pose>
		<truncated>0</truncated>
		<difficult>0</difficult>
		<bndbox>
			<xmin>1646</xmin>
			<ymin>564</ymin>
			<xmax>1901</xmax>
			<ymax>782</ymax>
		</bndbox>
	</object>
	<object>
		<name>sp05</name>
		<pose>Unspecified</pose>
		<truncated>0</truncated>
		<difficult>0</difficult>
		<bndbox>
			<xmin>1701</xmin>
			<ymin>358</ymin>
			<xmax>1890</xmax>
			<ymax>565</ymax>
		</bndbox>
	</object>
	<object>
		<name>sp05</name>
		<pose>Unspecified</pose>
		<truncated>0</truncated>
		<difficult>0</difficult>
		<bndbox>
			<xmin>1532</xmin>
			<ymin>371</ymin>
			<xmax>1721</xmax>
			<ymax>628</ymax>
		</bndbox>
	</object>
	<object>
		<name>sp05</name>
		<pose>Unspecified</pose>
		<truncated>0</truncated>
		<difficult>0</difficult>
		<bndbox>
			<xmin>2075</xmin>
			<ymin>375</ymin>
			<xmax>2334</xmax>
			<ymax>655</ymax>
		</bndbox>
	</object>
	<object>
		<name>sp05</name>
		<pose>Unspecified</pose>
		<truncated>0</truncated>
		<difficult>0</difficult>
		<bndbox>
			<xmin>258</xmin>
			<ymin>970</ymin>
			<xmax>425</xmax>
			<ymax>1071</ymax>
		</bndbox>
	</object>
	<object>
		<name>sp05</name>
		<pose>Unspecified</pose>
		<truncated>0</truncated>
		<difficult>0</difficult>
		<bndbox>
			<xmin>273</xmin>
			<ymin>909</ymin>
			<xmax>420</xmax>
			<ymax>972</ymax>
		</bndbox>
	</object>
	<object>
		<name>sp05</name>
		<pose>Unspecified</pose>
		<truncated>0</truncated>
		<difficult>0</difficult>
		<bndbox>
			<xmin>431</xmin>
			<ymin>786</ymin>
			<xmax>600</xmax>
			<ymax>967</ymax>
		</bndbox>
	</object>
	<object>
		<name>sp05</name>
		<pose>Unspecified</pose>
		<truncated>0</truncated>
		<difficult>0</difficult>
		<bndbox>
			<xmin>362</xmin>
			<ymin>716</ymin>
			<xmax>503</xmax>
			<ymax>845</ymax>
		</bndbox>
	</object>
	<object>
		<name>sp05</name>
		<pose>Unspecified</pose>
		<truncated>0</truncated>
		<difficult>0</difficult>
		<bndbox>
			<xmin>362</xmin>
			<ymin>812</ymin>
			<xmax>444</xmax>
			<ymax>920</ymax>
		</bndbox>
	</object>
	<object>
		<name>sp05</name>
		<pose>Unspecified</pose>
		<truncated>0</truncated>
		<difficult>0</difficult>
		<bndbox>
			<xmin>268</xmin>
			<ymin>803</ymin>
			<xmax>374</xmax>
			<ymax>905</ymax>
		</bndbox>
	</object>
	<object>
		<name>sp05</name>
		<pose>Unspecified</pose>
		<truncated>0</truncated>
		<difficult>0</difficult>
		<bndbox>
			<xmin>2409</xmin>
			<ymin>841</ymin>
			<xmax>2590</xmax>
			<ymax>998</ymax>
		</bndbox>
	</object>
	<object>
		<name>sp05</name>
		<pose>Unspecified</pose>
		<truncated>0</truncated>
		<difficult>0</difficult>
		<bndbox>
			<xmin>2333</xmin>
			<ymin>697</ymin>
			<xmax>2531</xmax>
			<ymax>930</ymax>
		</bndbox>
	</object>
	<object>
		<name>sp05</name>
		<pose>Unspecified</pose>
		<truncated>0</truncated>
		<difficult>0</difficult>
		<bndbox>
			<xmin>2500</xmin>
			<ymin>1441</ymin>
			<xmax>2647</xmax>
			<ymax>1610</ymax>
		</bndbox>
	</object>
	<object>
		<name>sp05</name>
		<pose>Unspecified</pose>
		<truncated>0</truncated>
		<difficult>0</difficult>
		<bndbox>
			<xmin>2390</xmin>
			<ymin>1323</ymin>
			<xmax>2588</xmax>
			<ymax>1521</ymax>
		</bndbox>
	</object>
	<object>
		<name>sp05</name>
		<pose>Unspecified</pose>
		<truncated>0</truncated>
		<difficult>0</difficult>
		<bndbox>
			<xmin>2537</xmin>
			<ymin>1150</ymin>
			<xmax>2645</xmax>
			<ymax>1321</ymax>
		</bndbox>
	</object>
	<object>
		<name>sp05</name>
		<pose>Unspecified</pose>
		<truncated>0</truncated>
		<difficult>0</difficult>
		<bndbox>
			<xmin>2316</xmin>
			<ymin>1115</ymin>
			<xmax>2529</xmax>
			<ymax>1328</ymax>
		</bndbox>
	</object>
	<object>
		<name>sp05</name>
		<pose>Unspecified</pose>
		<truncated>0</truncated>
		<difficult>0</difficult>
		<bndbox>
			<xmin>2321</xmin>
			<ymin>1671</ymin>
			<xmax>2556</xmax>
			<ymax>1901</ymax>
		</bndbox>
	</object>
	<object>
		<name>sp05</name>
		<pose>Unspecified</pose>
		<truncated>0</truncated>
		<difficult>0</difficult>
		<bndbox>
			<xmin>2174</xmin>
			<ymin>1950</ymin>
			<xmax>2421</xmax>
			<ymax>2229</ymax>
		</bndbox>
	</object>
	<object>
		<name>sp05</name>
		<pose>Unspecified</pose>
		<truncated>0</truncated>
		<difficult>0</difficult>
		<bndbox>
			<xmin>1985</xmin>
			<ymin>1614</ymin>
			<xmax>2221</xmax>
			<ymax>1862</ymax>
		</bndbox>
	</object>
	<object>
		<name>sp05</name>
		<pose>Unspecified</pose>
		<truncated>0</truncated>
		<difficult>0</difficult>
		<bndbox>
			<xmin>1839</xmin>
			<ymin>1368</ymin>
			<xmax>2097</xmax>
			<ymax>1633</ymax>
		</bndbox>
	</object>
	<object>
		<name>sp05</name>
		<pose>Unspecified</pose>
		<truncated>0</truncated>
		<difficult>0</difficult>
		<bndbox>
			<xmin>258</xmin>
			<ymin>1073</ymin>
			<xmax>421</xmax>
			<ymax>1240</ymax>
		</bndbox>
	</object>
	<object>
		<name>sp05</name>
		<pose>Unspecified</pose>
		<truncated>0</truncated>
		<difficult>0</difficult>
		<bndbox>
			<xmin>186</xmin>
			<ymin>1061</ymin>
			<xmax>286</xmax>
			<ymax>1177</ymax>
		</bndbox>
	</object>
	<object>
		<name>sp05</name>
		<pose>Unspecified</pose>
		<truncated>0</truncated>
		<difficult>0</difficult>
		<bndbox>
			<xmin>388</xmin>
			<ymin>1116</ymin>
			<xmax>543</xmax>
			<ymax>1279</ymax>
		</bndbox>
	</object>
	<object>
		<name>sp05</name>
		<pose>Unspecified</pose>
		<truncated>0</truncated>
		<difficult>0</difficult>
		<bndbox>
			<xmin>1389</xmin>
			<ymin>987</ymin>
			<xmax>1625</xmax>
			<ymax>1256</ymax>
		</bndbox>
	</object>
	<object>
		<name>sp05</name>
		<pose>Unspecified</pose>
		<truncated>0</truncated>
		<difficult>0</difficult>
		<bndbox>
			<xmin>1480</xmin>
			<ymin>1925</ymin>
			<xmax>1759</xmax>
			<ymax>2183</ymax>
		</bndbox>
	</object>
	<object>
		<name>sp05</name>
		<pose>Unspecified</pose>
		<truncated>0</truncated>
		<difficult>0</difficult>
		<bndbox>
			<xmin>1617</xmin>
			<ymin>1769</ymin>
			<xmax>1845</xmax>
			<ymax>1977</ymax>
		</bndbox>
	</object>
	<object>
		<name>sp05</name>
		<pose>Unspecified</pose>
		<truncated>0</truncated>
		<difficult>0</difficult>
		<bndbox>
			<xmin>1541</xmin>
			<ymin>1653</ymin>
			<xmax>1749</xmax>
			<ymax>1856</ymax>
		</bndbox>
	</object>
	<object>
		<name>sp05</name>
		<pose>Unspecified</pose>
		<truncated>0</truncated>
		<difficult>0</difficult>
		<bndbox>
			<xmin>1330</xmin>
			<ymin>1435</ymin>
			<xmax>1540</xmax>
			<ymax>1632</ymax>
		</bndbox>
	</object>
	<object>
		<name>sp05</name>
		<pose>Unspecified</pose>
		<truncated>0</truncated>
		<difficult>0</difficult>
		<bndbox>
			<xmin>1305</xmin>
			<ymin>1329</ymin>
			<xmax>1470</xmax>
			<ymax>1494</ymax>
		</bndbox>
	</object>
	<object>
		<name>sp05</name>
		<pose>Unspecified</pose>
		<truncated>0</truncated>
		<difficult>0</difficult>
		<bndbox>
			<xmin>1151</xmin>
			<ymin>1303</ymin>
			<xmax>1312</xmax>
			<ymax>1490</ymax>
		</bndbox>
	</object>
	<object>
		<name>sp05</name>
		<pose>Unspecified</pose>
		<truncated>0</truncated>
		<difficult>0</difficult>
		<bndbox>
			<xmin>1155</xmin>
			<ymin>1826</ymin>
			<xmax>1405</xmax>
			<ymax>2082</ymax>
		</bndbox>
	</object>
	<object>
		<name>sp05</name>
		<pose>Unspecified</pose>
		<truncated>0</truncated>
		<difficult>0</difficult>
		<bndbox>
			<xmin>1185</xmin>
			<ymin>1618</ymin>
			<xmax>1368</xmax>
			<ymax>1785</ymax>
		</bndbox>
	</object>
	<object>
		<name>sp05</name>
		<pose>Unspecified</pose>
		<truncated>0</truncated>
		<difficult>0</difficult>
		<bndbox>
			<xmin>1141</xmin>
			<ymin>1722</ymin>
			<xmax>1310</xmax>
			<ymax>1885</ymax>
		</bndbox>
	</object>
	<object>
		<name>sp05</name>
		<pose>Unspecified</pose>
		<truncated>0</truncated>
		<difficult>0</difficult>
		<bndbox>
			<xmin>998</xmin>
			<ymin>1655</ymin>
			<xmax>1167</xmax>
			<ymax>1873</ymax>
		</bndbox>
	</object>
	<object>
		<name>sp05</name>
		<pose>Unspecified</pose>
		<truncated>0</truncated>
		<difficult>0</difficult>
		<bndbox>
			<xmin>1213</xmin>
			<ymin>1168</ymin>
			<xmax>1388</xmax>
			<ymax>1268</ymax>
		</bndbox>
	</object>
	<object>
		<name>sp05</name>
		<pose>Unspecified</pose>
		<truncated>0</truncated>
		<difficult>0</difficult>
		<bndbox>
			<xmin>1216</xmin>
			<ymin>1033</ymin>
			<xmax>1385</xmax>
			<ymax>1173</ymax>
		</bndbox>
	</object>
	<object>
		<name>sp05</name>
		<pose>Unspecified</pose>
		<truncated>0</truncated>
		<difficult>0</difficult>
		<bndbox>
			<xmin>1097</xmin>
			<ymin>982</ymin>
			<xmax>1285</xmax>
			<ymax>1181</ymax>
		</bndbox>
	</object>
	<object>
		<name>sp05</name>
		<pose>Unspecified</pose>
		<truncated>0</truncated>
		<difficult>0</difficult>
		<bndbox>
			<xmin>939</xmin>
			<ymin>683</ymin>
			<xmax>1178</xmax>
			<ymax>925</ymax>
		</bndbox>
	</object>
	<object>
		<name>sp05</name>
		<pose>Unspecified</pose>
		<truncated>0</truncated>
		<difficult>0</difficult>
		<bndbox>
			<xmin>549</xmin>
			<ymin>1049</ymin>
			<xmax>702</xmax>
			<ymax>1208</ymax>
		</bndbox>
	</object>
	<object>
		<name>sp05</name>
		<pose>Unspecified</pose>
		<truncated>0</truncated>
		<difficult>0</difficult>
		<bndbox>
			<xmin>627</xmin>
			<ymin>1116</ymin>
			<xmax>775</xmax>
			<ymax>1253</ymax>
		</bndbox>
	</object>
	<object>
		<name>sp05</name>
		<pose>Unspecified</pose>
		<truncated>0</truncated>
		<difficult>0</difficult>
		<bndbox>
			<xmin>616</xmin>
			<ymin>1254</ymin>
			<xmax>786</xmax>
			<ymax>1389</ymax>
		</bndbox>
	</object>
	<object>
		<name>sp05</name>
		<pose>Unspecified</pose>
		<truncated>0</truncated>
		<difficult>0</difficult>
		<bndbox>
			<xmin>780</xmin>
			<ymin>1141</ymin>
			<xmax>944</xmax>
			<ymax>1343</ymax>
		</bndbox>
	</object>
	<object>
		<name>sp05</name>
		<pose>Unspecified</pose>
		<truncated>0</truncated>
		<difficult>0</difficult>
		<bndbox>
			<xmin>839</xmin>
			<ymin>1337</ymin>
			<xmax>1025</xmax>
			<ymax>1512</ymax>
		</bndbox>
	</object>
	<object>
		<name>sp05</name>
		<pose>Unspecified</pose>
		<truncated>0</truncated>
		<difficult>0</difficult>
		<bndbox>
			<xmin>758</xmin>
			<ymin>1512</ymin>
			<xmax>949</xmax>
			<ymax>1714</ymax>
		</bndbox>
	</object>
	<object>
		<name>sp05</name>
		<pose>Unspecified</pose>
		<truncated>0</truncated>
		<difficult>0</difficult>
		<bndbox>
			<xmin>758</xmin>
			<ymin>1937</ymin>
			<xmax>1046</xmax>
			<ymax>2209</ymax>
		</bndbox>
	</object>
	<object>
		<name>sp05</name>
		<pose>Unspecified</pose>
		<truncated>0</truncated>
		<difficult>0</difficult>
		<bndbox>
			<xmin>578</xmin>
			<ymin>1759</ymin>
			<xmax>788</xmax>
			<ymax>1998</ymax>
		</bndbox>
	</object>
	<object>
		<name>sp05</name>
		<pose>Unspecified</pose>
		<truncated>0</truncated>
		<difficult>0</difficult>
		<bndbox>
			<xmin>406</xmin>
			<ymin>1692</ymin>
			<xmax>578</xmax>
			<ymax>1913</ymax>
		</bndbox>
	</object>
	<object>
		<name>sp05</name>
		<pose>Unspecified</pose>
		<truncated>0</truncated>
		<difficult>0</difficult>
		<bndbox>
			<xmin>218</xmin>
			<ymin>1679</ymin>
			<xmax>406</xmax>
			<ymax>1927</ymax>
		</bndbox>
	</object>
	<object>
		<name>sp05</name>
		<pose>Unspecified</pose>
		<truncated>0</truncated>
		<difficult>0</difficult>
		<bndbox>
			<xmin>352</xmin>
			<ymin>1396</ymin>
			<xmax>556</xmax>
			<ymax>1611</ymax>
		</bndbox>
	</object>
	<object>
		<name>sp05</name>
		<pose>Unspecified</pose>
		<truncated>0</truncated>
		<difficult>0</difficult>
		<bndbox>
			<xmin>123</xmin>
			<ymin>1412</ymin>
			<xmax>292</xmax>
			<ymax>1606</ymax>
		</bndbox>
	</object>
</annotation>