<annotation>
	<folder>my-project-name</folder>
	<filename>sp05_img14.jpg</filename>
	<path>/my-project-name/sp05_img14.jpg</path>
	<source>
		<database>Unspecified</database>
	</source>
	<size>
		<width>2695</width>
		<height>2691</height>
		<depth>3</depth>
	</size>
	<object>
		<name>sp05</name>
		<pose>Unspecified</pose>
		<truncated>0</truncated>
		<difficult>0</difficult>
		<bndbox>
			<xmin>927</xmin>
			<ymin>1174</ymin>
			<xmax>977</xmax>
			<ymax>1236</ymax>
		</bndbox>
	</object>
	<object>
		<name>sp05</name>
		<pose>Unspecified</pose>
		<truncated>0</truncated>
		<difficult>0</difficult>
		<bndbox>
			<xmin>865</xmin>
			<ymin>1166</ymin>
			<xmax>926</xmax>
			<ymax>1240</ymax>
		</bndbox>
	</object>
	<object>
		<name>sp05</name>
		<pose>Unspecified</pose>
		<truncated>0</truncated>
		<difficult>0</difficult>
		<bndbox>
			<xmin>1439</xmin>
			<ymin>90</ymin>
			<xmax>1523</xmax>
			<ymax>160</ymax>
		</bndbox>
	</object>
	<object>
		<name>sp05</name>
		<pose>Unspecified</pose>
		<truncated>0</truncated>
		<difficult>0</difficult>
		<bndbox>
			<xmin>1482</xmin>
			<ymin>109</ymin>
			<xmax>1573</xmax>
			<ymax>183</ymax>
		</bndbox>
	</object>
	<object>
		<name>sp05</name>
		<pose>Unspecified</pose>
		<truncated>0</truncated>
		<difficult>0</difficult>
		<bndbox>
			<xmin>1530</xmin>
			<ymin>112</ymin>
			<xmax>1660</xmax>
			<ymax>231</ymax>
		</bndbox>
	</object>
	<object>
		<name>sp05</name>
		<pose>Unspecified</pose>
		<truncated>0</truncated>
		<difficult>0</difficult>
		<bndbox>
			<xmin>1467</xmin>
			<ymin>176</ymin>
			<xmax>1624</xmax>
			<ymax>293</ymax>
		</bndbox>
	</object>
	<object>
		<name>sp05</name>
		<pose>Unspecified</pose>
		<truncated>0</truncated>
		<difficult>0</difficult>
		<bndbox>
			<xmin>1376</xmin>
			<ymin>136</ymin>
			<xmax>1496</xmax>
			<ymax>232</ymax>
		</bndbox>
	</object>
	<object>
		<name>sp05</name>
		<pose>Unspecified</pose>
		<truncated>0</truncated>
		<difficult>0</difficult>
		<bndbox>
			<xmin>1353</xmin>
			<ymin>207</ymin>
			<xmax>1467</xmax>
			<ymax>307</ymax>
		</bndbox>
	</object>
	<object>
		<name>sp05</name>
		<pose>Unspecified</pose>
		<truncated>0</truncated>
		<difficult>0</difficult>
		<bndbox>
			<xmin>1352</xmin>
			<ymin>291</ymin>
			<xmax>1508</xmax>
			<ymax>423</ymax>
		</bndbox>
	</object>
	<object>
		<name>sp05</name>
		<pose>Unspecified</pose>
		<truncated>0</truncated>
		<difficult>0</difficult>
		<bndbox>
			<xmin>1255</xmin>
			<ymin>173</ymin>
			<xmax>1376</xmax>
			<ymax>268</ymax>
		</bndbox>
	</object>
	<object>
		<name>sp05</name>
		<pose>Unspecified</pose>
		<truncated>0</truncated>
		<difficult>0</difficult>
		<bndbox>
			<xmin>1248</xmin>
			<ymin>106</ymin>
			<xmax>1352</xmax>
			<ymax>194</ymax>
		</bndbox>
	</object>
	<object>
		<name>sp05</name>
		<pose>Unspecified</pose>
		<truncated>0</truncated>
		<difficult>0</difficult>
		<bndbox>
			<xmin>1174</xmin>
			<ymin>106</ymin>
			<xmax>1271</xmax>
			<ymax>194</ymax>
		</bndbox>
	</object>
	<object>
		<name>sp05</name>
		<pose>Unspecified</pose>
		<truncated>0</truncated>
		<difficult>0</difficult>
		<bndbox>
			<xmin>1081</xmin>
			<ymin>123</ymin>
			<xmax>1150</xmax>
			<ymax>179</ymax>
		</bndbox>
	</object>
	<object>
		<name>sp05</name>
		<pose>Unspecified</pose>
		<truncated>0</truncated>
		<difficult>0</difficult>
		<bndbox>
			<xmin>1127</xmin>
			<ymin>149</ymin>
			<xmax>1211</xmax>
			<ymax>231</ymax>
		</bndbox>
	</object>
	<object>
		<name>sp05</name>
		<pose>Unspecified</pose>
		<truncated>0</truncated>
		<difficult>0</difficult>
		<bndbox>
			<xmin>1236</xmin>
			<ymin>306</ymin>
			<xmax>1346</xmax>
			<ymax>418</ymax>
		</bndbox>
	</object>
	<object>
		<name>sp05</name>
		<pose>Unspecified</pose>
		<truncated>0</truncated>
		<difficult>0</difficult>
		<bndbox>
			<xmin>1255</xmin>
			<ymin>464</ymin>
			<xmax>1385</xmax>
			<ymax>573</ymax>
		</bndbox>
	</object>
	<object>
		<name>sp05</name>
		<pose>Unspecified</pose>
		<truncated>0</truncated>
		<difficult>0</difficult>
		<bndbox>
			<xmin>1314</xmin>
			<ymin>492</ymin>
			<xmax>1462</xmax>
			<ymax>609</ymax>
		</bndbox>
	</object>
	<object>
		<name>sp05</name>
		<pose>Unspecified</pose>
		<truncated>0</truncated>
		<difficult>0</difficult>
		<bndbox>
			<xmin>1315</xmin>
			<ymin>591</ymin>
			<xmax>1428</xmax>
			<ymax>703</ymax>
		</bndbox>
	</object>
	<object>
		<name>sp05</name>
		<pose>Unspecified</pose>
		<truncated>0</truncated>
		<difficult>0</difficult>
		<bndbox>
			<xmin>1270</xmin>
			<ymin>616</ymin>
			<xmax>1370</xmax>
			<ymax>736</ymax>
		</bndbox>
	</object>
	<object>
		<name>sp05</name>
		<pose>Unspecified</pose>
		<truncated>0</truncated>
		<difficult>0</difficult>
		<bndbox>
			<xmin>1206</xmin>
			<ymin>573</ymin>
			<xmax>1321</xmax>
			<ymax>691</ymax>
		</bndbox>
	</object>
	<object>
		<name>sp05</name>
		<pose>Unspecified</pose>
		<truncated>0</truncated>
		<difficult>0</difficult>
		<bndbox>
			<xmin>1109</xmin>
			<ymin>588</ymin>
			<xmax>1233</xmax>
			<ymax>705</ymax>
		</bndbox>
	</object>
	<object>
		<name>sp05</name>
		<pose>Unspecified</pose>
		<truncated>0</truncated>
		<difficult>0</difficult>
		<bndbox>
			<xmin>995</xmin>
			<ymin>526</ymin>
			<xmax>1124</xmax>
			<ymax>655</ymax>
		</bndbox>
	</object>
	<object>
		<name>sp05</name>
		<pose>Unspecified</pose>
		<truncated>0</truncated>
		<difficult>0</difficult>
		<bndbox>
			<xmin>1141</xmin>
			<ymin>419</ymin>
			<xmax>1216</xmax>
			<ymax>481</ymax>
		</bndbox>
	</object>
	<object>
		<name>sp05</name>
		<pose>Unspecified</pose>
		<truncated>0</truncated>
		<difficult>0</difficult>
		<bndbox>
			<xmin>1179</xmin>
			<ymin>334</ymin>
			<xmax>1260</xmax>
			<ymax>437</ymax>
		</bndbox>
	</object>
	<object>
		<name>sp05</name>
		<pose>Unspecified</pose>
		<truncated>0</truncated>
		<difficult>0</difficult>
		<bndbox>
			<xmin>1138</xmin>
			<ymin>312</ymin>
			<xmax>1216</xmax>
			<ymax>365</ymax>
		</bndbox>
	</object>
	<object>
		<name>sp05</name>
		<pose>Unspecified</pose>
		<truncated>0</truncated>
		<difficult>0</difficult>
		<bndbox>
			<xmin>1117</xmin>
			<ymin>340</ymin>
			<xmax>1197</xmax>
			<ymax>429</ymax>
		</bndbox>
	</object>
	<object>
		<name>sp05</name>
		<pose>Unspecified</pose>
		<truncated>0</truncated>
		<difficult>0</difficult>
		<bndbox>
			<xmin>1100</xmin>
			<ymin>271</ymin>
			<xmax>1199</xmax>
			<ymax>347</ymax>
		</bndbox>
	</object>
	<object>
		<name>sp05</name>
		<pose>Unspecified</pose>
		<truncated>0</truncated>
		<difficult>0</difficult>
		<bndbox>
			<xmin>1056</xmin>
			<ymin>303</ymin>
			<xmax>1148</xmax>
			<ymax>410</ymax>
		</bndbox>
	</object>
	<object>
		<name>sp05</name>
		<pose>Unspecified</pose>
		<truncated>0</truncated>
		<difficult>0</difficult>
		<bndbox>
			<xmin>1000</xmin>
			<ymin>290</ymin>
			<xmax>1082</xmax>
			<ymax>357</ymax>
		</bndbox>
	</object>
	<object>
		<name>sp05</name>
		<pose>Unspecified</pose>
		<truncated>0</truncated>
		<difficult>0</difficult>
		<bndbox>
			<xmin>952</xmin>
			<ymin>312</ymin>
			<xmax>1045</xmax>
			<ymax>373</ymax>
		</bndbox>
	</object>
	<object>
		<name>sp05</name>
		<pose>Unspecified</pose>
		<truncated>0</truncated>
		<difficult>0</difficult>
		<bndbox>
			<xmin>890</xmin>
			<ymin>376</ymin>
			<xmax>985</xmax>
			<ymax>460</ymax>
		</bndbox>
	</object>
	<object>
		<name>sp05</name>
		<pose>Unspecified</pose>
		<truncated>0</truncated>
		<difficult>0</difficult>
		<bndbox>
			<xmin>957</xmin>
			<ymin>352</ymin>
			<xmax>1073</xmax>
			<ymax>438</ymax>
		</bndbox>
	</object>
	<object>
		<name>sp05</name>
		<pose>Unspecified</pose>
		<truncated>0</truncated>
		<difficult>0</difficult>
		<bndbox>
			<xmin>809</xmin>
			<ymin>402</ymin>
			<xmax>918</xmax>
			<ymax>512</ymax>
		</bndbox>
	</object>
	<object>
		<name>sp05</name>
		<pose>Unspecified</pose>
		<truncated>0</truncated>
		<difficult>0</difficult>
		<bndbox>
			<xmin>738</xmin>
			<ymin>382</ymin>
			<xmax>875</xmax>
			<ymax>495</ymax>
		</bndbox>
	</object>
	<object>
		<name>sp05</name>
		<pose>Unspecified</pose>
		<truncated>0</truncated>
		<difficult>0</difficult>
		<bndbox>
			<xmin>703</xmin>
			<ymin>432</ymin>
			<xmax>773</xmax>
			<ymax>505</ymax>
		</bndbox>
	</object>
	<object>
		<name>sp05</name>
		<pose>Unspecified</pose>
		<truncated>0</truncated>
		<difficult>0</difficult>
		<bndbox>
			<xmin>697</xmin>
			<ymin>310</ymin>
			<xmax>771</xmax>
			<ymax>381</ymax>
		</bndbox>
	</object>
	<object>
		<name>sp05</name>
		<pose>Unspecified</pose>
		<truncated>0</truncated>
		<difficult>0</difficult>
		<bndbox>
			<xmin>667</xmin>
			<ymin>351</ymin>
			<xmax>736</xmax>
			<ymax>419</ymax>
		</bndbox>
	</object>
	<object>
		<name>sp05</name>
		<pose>Unspecified</pose>
		<truncated>0</truncated>
		<difficult>0</difficult>
		<bndbox>
			<xmin>739</xmin>
			<ymin>279</ymin>
			<xmax>829</xmax>
			<ymax>377</ymax>
		</bndbox>
	</object>
	<object>
		<name>sp05</name>
		<pose>Unspecified</pose>
		<truncated>0</truncated>
		<difficult>0</difficult>
		<bndbox>
			<xmin>797</xmin>
			<ymin>256</ymin>
			<xmax>893</xmax>
			<ymax>367</ymax>
		</bndbox>
	</object>
	<object>
		<name>sp05</name>
		<pose>Unspecified</pose>
		<truncated>0</truncated>
		<difficult>0</difficult>
		<bndbox>
			<xmin>868</xmin>
			<ymin>180</ymin>
			<xmax>1010</xmax>
			<ymax>299</ymax>
		</bndbox>
	</object>
	<object>
		<name>sp05</name>
		<pose>Unspecified</pose>
		<truncated>0</truncated>
		<difficult>0</difficult>
		<bndbox>
			<xmin>988</xmin>
			<ymin>214</ymin>
			<xmax>1079</xmax>
			<ymax>285</ymax>
		</bndbox>
	</object>
	<object>
		<name>sp05</name>
		<pose>Unspecified</pose>
		<truncated>0</truncated>
		<difficult>0</difficult>
		<bndbox>
			<xmin>999</xmin>
			<ymin>171</ymin>
			<xmax>1067</xmax>
			<ymax>244</ymax>
		</bndbox>
	</object>
	<object>
		<name>sp05</name>
		<pose>Unspecified</pose>
		<truncated>0</truncated>
		<difficult>0</difficult>
		<bndbox>
			<xmin>1048</xmin>
			<ymin>161</ymin>
			<xmax>1107</xmax>
			<ymax>259</ymax>
		</bndbox>
	</object>
	<object>
		<name>sp05</name>
		<pose>Unspecified</pose>
		<truncated>0</truncated>
		<difficult>0</difficult>
		<bndbox>
			<xmin>1088</xmin>
			<ymin>169</ymin>
			<xmax>1159</xmax>
			<ymax>257</ymax>
		</bndbox>
	</object>
	<object>
		<name>sp05</name>
		<pose>Unspecified</pose>
		<truncated>0</truncated>
		<difficult>0</difficult>
		<bndbox>
			<xmin>1152</xmin>
			<ymin>180</ymin>
			<xmax>1224</xmax>
			<ymax>281</ymax>
		</bndbox>
	</object>
	<object>
		<name>sp05</name>
		<pose>Unspecified</pose>
		<truncated>0</truncated>
		<difficult>0</difficult>
		<bndbox>
			<xmin>1197</xmin>
			<ymin>170</ymin>
			<xmax>1278</xmax>
			<ymax>275</ymax>
		</bndbox>
	</object>
	<object>
		<name>sp05</name>
		<pose>Unspecified</pose>
		<truncated>0</truncated>
		<difficult>0</difficult>
		<bndbox>
			<xmin>1591</xmin>
			<ymin>300</ymin>
			<xmax>1733</xmax>
			<ymax>419</ymax>
		</bndbox>
	</object>
	<object>
		<name>sp05</name>
		<pose>Unspecified</pose>
		<truncated>0</truncated>
		<difficult>0</difficult>
		<bndbox>
			<xmin>1579</xmin>
			<ymin>395</ymin>
			<xmax>1721</xmax>
			<ymax>517</ymax>
		</bndbox>
	</object>
	<object>
		<name>sp05</name>
		<pose>Unspecified</pose>
		<truncated>0</truncated>
		<difficult>0</difficult>
		<bndbox>
			<xmin>1819</xmin>
			<ymin>231</ymin>
			<xmax>1989</xmax>
			<ymax>393</ymax>
		</bndbox>
	</object>
	<object>
		<name>sp05</name>
		<pose>Unspecified</pose>
		<truncated>0</truncated>
		<difficult>0</difficult>
		<bndbox>
			<xmin>1721</xmin>
			<ymin>405</ymin>
			<xmax>1872</xmax>
			<ymax>543</ymax>
		</bndbox>
	</object>
	<object>
		<name>sp05</name>
		<pose>Unspecified</pose>
		<truncated>0</truncated>
		<difficult>0</difficult>
		<bndbox>
			<xmin>1654</xmin>
			<ymin>491</ymin>
			<xmax>1786</xmax>
			<ymax>602</ymax>
		</bndbox>
	</object>
	<object>
		<name>sp05</name>
		<pose>Unspecified</pose>
		<truncated>0</truncated>
		<difficult>0</difficult>
		<bndbox>
			<xmin>1678</xmin>
			<ymin>612</ymin>
			<xmax>1764</xmax>
			<ymax>691</ymax>
		</bndbox>
	</object>
	<object>
		<name>sp05</name>
		<pose>Unspecified</pose>
		<truncated>0</truncated>
		<difficult>0</difficult>
		<bndbox>
			<xmin>1819</xmin>
			<ymin>497</ymin>
			<xmax>1890</xmax>
			<ymax>563</ymax>
		</bndbox>
	</object>
	<object>
		<name>sp05</name>
		<pose>Unspecified</pose>
		<truncated>0</truncated>
		<difficult>0</difficult>
		<bndbox>
			<xmin>1878</xmin>
			<ymin>370</ymin>
			<xmax>2044</xmax>
			<ymax>528</ymax>
		</bndbox>
	</object>
	<object>
		<name>sp05</name>
		<pose>Unspecified</pose>
		<truncated>0</truncated>
		<difficult>0</difficult>
		<bndbox>
			<xmin>1824</xmin>
			<ymin>524</ymin>
			<xmax>1978</xmax>
			<ymax>633</ymax>
		</bndbox>
	</object>
	<object>
		<name>sp05</name>
		<pose>Unspecified</pose>
		<truncated>0</truncated>
		<difficult>0</difficult>
		<bndbox>
			<xmin>1792</xmin>
			<ymin>578</ymin>
			<xmax>1891</xmax>
			<ymax>674</ymax>
		</bndbox>
	</object>
	<object>
		<name>sp05</name>
		<pose>Unspecified</pose>
		<truncated>0</truncated>
		<difficult>0</difficult>
		<bndbox>
			<xmin>1747</xmin>
			<ymin>615</ymin>
			<xmax>1847</xmax>
			<ymax>692</ymax>
		</bndbox>
	</object>
	<object>
		<name>sp05</name>
		<pose>Unspecified</pose>
		<truncated>0</truncated>
		<difficult>0</difficult>
		<bndbox>
			<xmin>1746</xmin>
			<ymin>665</ymin>
			<xmax>1858</xmax>
			<ymax>758</ymax>
		</bndbox>
	</object>
	<object>
		<name>sp05</name>
		<pose>Unspecified</pose>
		<truncated>0</truncated>
		<difficult>0</difficult>
		<bndbox>
			<xmin>890</xmin>
			<ymin>610</ymin>
			<xmax>968</xmax>
			<ymax>670</ymax>
		</bndbox>
	</object>
	<object>
		<name>sp05</name>
		<pose>Unspecified</pose>
		<truncated>0</truncated>
		<difficult>0</difficult>
		<bndbox>
			<xmin>1977</xmin>
			<ymin>445</ymin>
			<xmax>2196</xmax>
			<ymax>664</ymax>
		</bndbox>
	</object>
	<object>
		<name>sp05</name>
		<pose>Unspecified</pose>
		<truncated>0</truncated>
		<difficult>0</difficult>
		<bndbox>
			<xmin>1881</xmin>
			<ymin>584</ymin>
			<xmax>2002</xmax>
			<ymax>668</ymax>
		</bndbox>
	</object>
	<object>
		<name>sp05</name>
		<pose>Unspecified</pose>
		<truncated>0</truncated>
		<difficult>0</difficult>
		<bndbox>
			<xmin>1873</xmin>
			<ymin>631</ymin>
			<xmax>1988</xmax>
			<ymax>701</ymax>
		</bndbox>
	</object>
	<object>
		<name>sp05</name>
		<pose>Unspecified</pose>
		<truncated>0</truncated>
		<difficult>0</difficult>
		<bndbox>
			<xmin>1915</xmin>
			<ymin>670</ymin>
			<xmax>2011</xmax>
			<ymax>754</ymax>
		</bndbox>
	</object>
	<object>
		<name>sp05</name>
		<pose>Unspecified</pose>
		<truncated>0</truncated>
		<difficult>0</difficult>
		<bndbox>
			<xmin>1869</xmin>
			<ymin>671</ymin>
			<xmax>1943</xmax>
			<ymax>759</ymax>
		</bndbox>
	</object>
	<object>
		<name>sp05</name>
		<pose>Unspecified</pose>
		<truncated>0</truncated>
		<difficult>0</difficult>
		<bndbox>
			<xmin>1828</xmin>
			<ymin>671</ymin>
			<xmax>1913</xmax>
			<ymax>732</ymax>
		</bndbox>
	</object>
	<object>
		<name>sp05</name>
		<pose>Unspecified</pose>
		<truncated>0</truncated>
		<difficult>0</difficult>
		<bndbox>
			<xmin>1808</xmin>
			<ymin>701</ymin>
			<xmax>1906</xmax>
			<ymax>783</ymax>
		</bndbox>
	</object>
	<object>
		<name>sp05</name>
		<pose>Unspecified</pose>
		<truncated>0</truncated>
		<difficult>0</difficult>
		<bndbox>
			<xmin>1950</xmin>
			<ymin>685</ymin>
			<xmax>2085</xmax>
			<ymax>796</ymax>
		</bndbox>
	</object>
	<object>
		<name>sp05</name>
		<pose>Unspecified</pose>
		<truncated>0</truncated>
		<difficult>0</difficult>
		<bndbox>
			<xmin>1871</xmin>
			<ymin>764</ymin>
			<xmax>1980</xmax>
			<ymax>877</ymax>
		</bndbox>
	</object>
	<object>
		<name>sp05</name>
		<pose>Unspecified</pose>
		<truncated>0</truncated>
		<difficult>0</difficult>
		<bndbox>
			<xmin>1945</xmin>
			<ymin>757</ymin>
			<xmax>2034</xmax>
			<ymax>858</ymax>
		</bndbox>
	</object>
	<object>
		<name>sp05</name>
		<pose>Unspecified</pose>
		<truncated>0</truncated>
		<difficult>0</difficult>
		<bndbox>
			<xmin>1980</xmin>
			<ymin>778</ymin>
			<xmax>2069</xmax>
			<ymax>876</ymax>
		</bndbox>
	</object>
	<object>
		<name>sp05</name>
		<pose>Unspecified</pose>
		<truncated>0</truncated>
		<difficult>0</difficult>
		<bndbox>
			<xmin>1993</xmin>
			<ymin>852</ymin>
			<xmax>2062</xmax>
			<ymax>921</ymax>
		</bndbox>
	</object>
	<object>
		<name>sp05</name>
		<pose>Unspecified</pose>
		<truncated>0</truncated>
		<difficult>0</difficult>
		<bndbox>
			<xmin>2039</xmin>
			<ymin>756</ymin>
			<xmax>2196</xmax>
			<ymax>907</ymax>
		</bndbox>
	</object>
	<object>
		<name>sp05</name>
		<pose>Unspecified</pose>
		<truncated>0</truncated>
		<difficult>0</difficult>
		<bndbox>
			<xmin>2180</xmin>
			<ymin>822</ymin>
			<xmax>2307</xmax>
			<ymax>991</ymax>
		</bndbox>
	</object>
	<object>
		<name>sp05</name>
		<pose>Unspecified</pose>
		<truncated>0</truncated>
		<difficult>0</difficult>
		<bndbox>
			<xmin>2103</xmin>
			<ymin>838</ymin>
			<xmax>2231</xmax>
			<ymax>1007</ymax>
		</bndbox>
	</object>
	<object>
		<name>sp05</name>
		<pose>Unspecified</pose>
		<truncated>0</truncated>
		<difficult>0</difficult>
		<bndbox>
			<xmin>2024</xmin>
			<ymin>884</ymin>
			<xmax>2142</xmax>
			<ymax>986</ymax>
		</bndbox>
	</object>
	<object>
		<name>sp05</name>
		<pose>Unspecified</pose>
		<truncated>0</truncated>
		<difficult>0</difficult>
		<bndbox>
			<xmin>1983</xmin>
			<ymin>915</ymin>
			<xmax>2087</xmax>
			<ymax>1007</ymax>
		</bndbox>
	</object>
	<object>
		<name>sp05</name>
		<pose>Unspecified</pose>
		<truncated>0</truncated>
		<difficult>0</difficult>
		<bndbox>
			<xmin>2048</xmin>
			<ymin>979</ymin>
			<xmax>2137</xmax>
			<ymax>1094</ymax>
		</bndbox>
	</object>
	<object>
		<name>sp05</name>
		<pose>Unspecified</pose>
		<truncated>0</truncated>
		<difficult>0</difficult>
		<bndbox>
			<xmin>1993</xmin>
			<ymin>1015</ymin>
			<xmax>2077</xmax>
			<ymax>1105</ymax>
		</bndbox>
	</object>
	<object>
		<name>sp05</name>
		<pose>Unspecified</pose>
		<truncated>0</truncated>
		<difficult>0</difficult>
		<bndbox>
			<xmin>1885</xmin>
			<ymin>924</ymin>
			<xmax>1951</xmax>
			<ymax>997</ymax>
		</bndbox>
	</object>
	<object>
		<name>sp05</name>
		<pose>Unspecified</pose>
		<truncated>0</truncated>
		<difficult>0</difficult>
		<bndbox>
			<xmin>1850</xmin>
			<ymin>874</ymin>
			<xmax>1931</xmax>
			<ymax>982</ymax>
		</bndbox>
	</object>
	<object>
		<name>sp05</name>
		<pose>Unspecified</pose>
		<truncated>0</truncated>
		<difficult>0</difficult>
		<bndbox>
			<xmin>1796</xmin>
			<ymin>876</ymin>
			<xmax>1890</xmax>
			<ymax>966</ymax>
		</bndbox>
	</object>
	<object>
		<name>sp05</name>
		<pose>Unspecified</pose>
		<truncated>0</truncated>
		<difficult>0</difficult>
		<bndbox>
			<xmin>1782</xmin>
			<ymin>784</ymin>
			<xmax>1871</xmax>
			<ymax>878</ymax>
		</bndbox>
	</object>
	<object>
		<name>sp05</name>
		<pose>Unspecified</pose>
		<truncated>0</truncated>
		<difficult>0</difficult>
		<bndbox>
			<xmin>1711</xmin>
			<ymin>767</ymin>
			<xmax>1808</xmax>
			<ymax>861</ymax>
		</bndbox>
	</object>
	<object>
		<name>sp05</name>
		<pose>Unspecified</pose>
		<truncated>0</truncated>
		<difficult>0</difficult>
		<bndbox>
			<xmin>1692</xmin>
			<ymin>838</ymin>
			<xmax>1798</xmax>
			<ymax>930</ymax>
		</bndbox>
	</object>
	<object>
		<name>sp05</name>
		<pose>Unspecified</pose>
		<truncated>0</truncated>
		<difficult>0</difficult>
		<bndbox>
			<xmin>1617</xmin>
			<ymin>859</ymin>
			<xmax>1734</xmax>
			<ymax>970</ymax>
		</bndbox>
	</object>
	<object>
		<name>sp05</name>
		<pose>Unspecified</pose>
		<truncated>0</truncated>
		<difficult>0</difficult>
		<bndbox>
			<xmin>1700</xmin>
			<ymin>913</ymin>
			<xmax>1801</xmax>
			<ymax>987</ymax>
		</bndbox>
	</object>
	<object>
		<name>sp05</name>
		<pose>Unspecified</pose>
		<truncated>0</truncated>
		<difficult>0</difficult>
		<bndbox>
			<xmin>1714</xmin>
			<ymin>974</ymin>
			<xmax>1822</xmax>
			<ymax>1055</ymax>
		</bndbox>
	</object>
	<object>
		<name>sp05</name>
		<pose>Unspecified</pose>
		<truncated>0</truncated>
		<difficult>0</difficult>
		<bndbox>
			<xmin>1771</xmin>
			<ymin>994</ymin>
			<xmax>1876</xmax>
			<ymax>1091</ymax>
		</bndbox>
	</object>
	<object>
		<name>sp05</name>
		<pose>Unspecified</pose>
		<truncated>0</truncated>
		<difficult>0</difficult>
		<bndbox>
			<xmin>1683</xmin>
			<ymin>993</ymin>
			<xmax>1759</xmax>
			<ymax>1074</ymax>
		</bndbox>
	</object>
	<object>
		<name>sp05</name>
		<pose>Unspecified</pose>
		<truncated>0</truncated>
		<difficult>0</difficult>
		<bndbox>
			<xmin>1610</xmin>
			<ymin>991</ymin>
			<xmax>1716</xmax>
			<ymax>1080</ymax>
		</bndbox>
	</object>
	<object>
		<name>sp05</name>
		<pose>Unspecified</pose>
		<truncated>0</truncated>
		<difficult>0</difficult>
		<bndbox>
			<xmin>1458</xmin>
			<ymin>991</ymin>
			<xmax>1591</xmax>
			<ymax>1099</ymax>
		</bndbox>
	</object>
	<object>
		<name>sp05</name>
		<pose>Unspecified</pose>
		<truncated>0</truncated>
		<difficult>0</difficult>
		<bndbox>
			<xmin>1400</xmin>
			<ymin>806</ymin>
			<xmax>1538</xmax>
			<ymax>900</ymax>
		</bndbox>
	</object>
	<object>
		<name>sp05</name>
		<pose>Unspecified</pose>
		<truncated>0</truncated>
		<difficult>0</difficult>
		<bndbox>
			<xmin>1394</xmin>
			<ymin>748</ymin>
			<xmax>1515</xmax>
			<ymax>832</ymax>
		</bndbox>
	</object>
	<object>
		<name>sp05</name>
		<pose>Unspecified</pose>
		<truncated>0</truncated>
		<difficult>0</difficult>
		<bndbox>
			<xmin>1436</xmin>
			<ymin>699</ymin>
			<xmax>1575</xmax>
			<ymax>813</ymax>
		</bndbox>
	</object>
	<object>
		<name>sp05</name>
		<pose>Unspecified</pose>
		<truncated>0</truncated>
		<difficult>0</difficult>
		<bndbox>
			<xmin>1315</xmin>
			<ymin>955</ymin>
			<xmax>1458</xmax>
			<ymax>1085</ymax>
		</bndbox>
	</object>
	<object>
		<name>sp05</name>
		<pose>Unspecified</pose>
		<truncated>0</truncated>
		<difficult>0</difficult>
		<bndbox>
			<xmin>1156</xmin>
			<ymin>859</ymin>
			<xmax>1303</xmax>
			<ymax>992</ymax>
		</bndbox>
	</object>
	<object>
		<name>sp05</name>
		<pose>Unspecified</pose>
		<truncated>0</truncated>
		<difficult>0</difficult>
		<bndbox>
			<xmin>2196</xmin>
			<ymin>903</ymin>
			<xmax>2413</xmax>
			<ymax>1121</ymax>
		</bndbox>
	</object>
	<object>
		<name>sp05</name>
		<pose>Unspecified</pose>
		<truncated>0</truncated>
		<difficult>0</difficult>
		<bndbox>
			<xmin>2126</xmin>
			<ymin>1042</ymin>
			<xmax>2316</xmax>
			<ymax>1238</ymax>
		</bndbox>
	</object>
	<object>
		<name>sp05</name>
		<pose>Unspecified</pose>
		<truncated>0</truncated>
		<difficult>0</difficult>
		<bndbox>
			<xmin>2181</xmin>
			<ymin>1275</ymin>
			<xmax>2445</xmax>
			<ymax>1526</ymax>
		</bndbox>
	</object>
	<object>
		<name>sp05</name>
		<pose>Unspecified</pose>
		<truncated>0</truncated>
		<difficult>0</difficult>
		<bndbox>
			<xmin>2136</xmin>
			<ymin>1380</ymin>
			<xmax>2241</xmax>
			<ymax>1489</ymax>
		</bndbox>
	</object>
	<object>
		<name>sp05</name>
		<pose>Unspecified</pose>
		<truncated>0</truncated>
		<difficult>0</difficult>
		<bndbox>
			<xmin>2060</xmin>
			<ymin>1394</ymin>
			<xmax>2207</xmax>
			<ymax>1537</ymax>
		</bndbox>
	</object>
	<object>
		<name>sp05</name>
		<pose>Unspecified</pose>
		<truncated>0</truncated>
		<difficult>0</difficult>
		<bndbox>
			<xmin>2086</xmin>
			<ymin>1288</ymin>
			<xmax>2168</xmax>
			<ymax>1378</ymax>
		</bndbox>
	</object>
	<object>
		<name>sp05</name>
		<pose>Unspecified</pose>
		<truncated>0</truncated>
		<difficult>0</difficult>
		<bndbox>
			<xmin>2067</xmin>
			<ymin>1210</ymin>
			<xmax>2141</xmax>
			<ymax>1283</ymax>
		</bndbox>
	</object>
	<object>
		<name>sp05</name>
		<pose>Unspecified</pose>
		<truncated>0</truncated>
		<difficult>0</difficult>
		<bndbox>
			<xmin>1961</xmin>
			<ymin>1159</ymin>
			<xmax>2036</xmax>
			<ymax>1236</ymax>
		</bndbox>
	</object>
	<object>
		<name>sp05</name>
		<pose>Unspecified</pose>
		<truncated>0</truncated>
		<difficult>0</difficult>
		<bndbox>
			<xmin>1992</xmin>
			<ymin>1185</ymin>
			<xmax>2131</xmax>
			<ymax>1301</ymax>
		</bndbox>
	</object>
	<object>
		<name>sp05</name>
		<pose>Unspecified</pose>
		<truncated>0</truncated>
		<difficult>0</difficult>
		<bndbox>
			<xmin>2014</xmin>
			<ymin>1275</ymin>
			<xmax>2144</xmax>
			<ymax>1376</ymax>
		</bndbox>
	</object>
	<object>
		<name>sp05</name>
		<pose>Unspecified</pose>
		<truncated>0</truncated>
		<difficult>0</difficult>
		<bndbox>
			<xmin>1964</xmin>
			<ymin>1333</ymin>
			<xmax>2083</xmax>
			<ymax>1455</ymax>
		</bndbox>
	</object>
	<object>
		<name>sp05</name>
		<pose>Unspecified</pose>
		<truncated>0</truncated>
		<difficult>0</difficult>
		<bndbox>
			<xmin>1935</xmin>
			<ymin>1252</ymin>
			<xmax>2042</xmax>
			<ymax>1359</ymax>
		</bndbox>
	</object>
	<object>
		<name>sp05</name>
		<pose>Unspecified</pose>
		<truncated>0</truncated>
		<difficult>0</difficult>
		<bndbox>
			<xmin>1866</xmin>
			<ymin>1228</ymin>
			<xmax>1919</xmax>
			<ymax>1276</ymax>
		</bndbox>
	</object>
	<object>
		<name>sp05</name>
		<pose>Unspecified</pose>
		<truncated>0</truncated>
		<difficult>0</difficult>
		<bndbox>
			<xmin>1838</xmin>
			<ymin>1161</ymin>
			<xmax>1956</xmax>
			<ymax>1258</ymax>
		</bndbox>
	</object>
	<object>
		<name>sp05</name>
		<pose>Unspecified</pose>
		<truncated>0</truncated>
		<difficult>0</difficult>
		<bndbox>
			<xmin>1815</xmin>
			<ymin>1116</ymin>
			<xmax>1919</xmax>
			<ymax>1204</ymax>
		</bndbox>
	</object>
	<object>
		<name>sp05</name>
		<pose>Unspecified</pose>
		<truncated>0</truncated>
		<difficult>0</difficult>
		<bndbox>
			<xmin>1747</xmin>
			<ymin>1134</ymin>
			<xmax>1847</xmax>
			<ymax>1221</ymax>
		</bndbox>
	</object>
	<object>
		<name>sp05</name>
		<pose>Unspecified</pose>
		<truncated>0</truncated>
		<difficult>0</difficult>
		<bndbox>
			<xmin>1683</xmin>
			<ymin>1055</ymin>
			<xmax>1768</xmax>
			<ymax>1143</ymax>
		</bndbox>
	</object>
	<object>
		<name>sp05</name>
		<pose>Unspecified</pose>
		<truncated>0</truncated>
		<difficult>0</difficult>
		<bndbox>
			<xmin>1600</xmin>
			<ymin>1067</ymin>
			<xmax>1714</xmax>
			<ymax>1168</ymax>
		</bndbox>
	</object>
	<object>
		<name>sp05</name>
		<pose>Unspecified</pose>
		<truncated>0</truncated>
		<difficult>0</difficult>
		<bndbox>
			<xmin>1625</xmin>
			<ymin>1187</ymin>
			<xmax>1721</xmax>
			<ymax>1282</ymax>
		</bndbox>
	</object>
	<object>
		<name>sp05</name>
		<pose>Unspecified</pose>
		<truncated>0</truncated>
		<difficult>0</difficult>
		<bndbox>
			<xmin>1554</xmin>
			<ymin>1156</ymin>
			<xmax>1647</xmax>
			<ymax>1246</ymax>
		</bndbox>
	</object>
	<object>
		<name>sp05</name>
		<pose>Unspecified</pose>
		<truncated>0</truncated>
		<difficult>0</difficult>
		<bndbox>
			<xmin>1538</xmin>
			<ymin>1213</ymin>
			<xmax>1637</xmax>
			<ymax>1308</ymax>
		</bndbox>
	</object>
	<object>
		<name>sp05</name>
		<pose>Unspecified</pose>
		<truncated>0</truncated>
		<difficult>0</difficult>
		<bndbox>
			<xmin>1505</xmin>
			<ymin>1240</ymin>
			<xmax>1586</xmax>
			<ymax>1344</ymax>
		</bndbox>
	</object>
	<object>
		<name>sp05</name>
		<pose>Unspecified</pose>
		<truncated>0</truncated>
		<difficult>0</difficult>
		<bndbox>
			<xmin>1451</xmin>
			<ymin>1263</ymin>
			<xmax>1551</xmax>
			<ymax>1371</ymax>
		</bndbox>
	</object>
	<object>
		<name>sp05</name>
		<pose>Unspecified</pose>
		<truncated>0</truncated>
		<difficult>0</difficult>
		<bndbox>
			<xmin>1447</xmin>
			<ymin>1198</ymin>
			<xmax>1524</xmax>
			<ymax>1282</ymax>
		</bndbox>
	</object>
	<object>
		<name>sp05</name>
		<pose>Unspecified</pose>
		<truncated>0</truncated>
		<difficult>0</difficult>
		<bndbox>
			<xmin>1473</xmin>
			<ymin>1161</ymin>
			<xmax>1561</xmax>
			<ymax>1240</ymax>
		</bndbox>
	</object>
	<object>
		<name>sp05</name>
		<pose>Unspecified</pose>
		<truncated>0</truncated>
		<difficult>0</difficult>
		<bndbox>
			<xmin>1394</xmin>
			<ymin>1141</ymin>
			<xmax>1501</xmax>
			<ymax>1230</ymax>
		</bndbox>
	</object>
	<object>
		<name>sp05</name>
		<pose>Unspecified</pose>
		<truncated>0</truncated>
		<difficult>0</difficult>
		<bndbox>
			<xmin>1363</xmin>
			<ymin>1045</ymin>
			<xmax>1473</xmax>
			<ymax>1154</ymax>
		</bndbox>
	</object>
	<object>
		<name>sp05</name>
		<pose>Unspecified</pose>
		<truncated>0</truncated>
		<difficult>0</difficult>
		<bndbox>
			<xmin>1373</xmin>
			<ymin>1186</ymin>
			<xmax>1451</xmax>
			<ymax>1271</ymax>
		</bndbox>
	</object>
	<object>
		<name>sp05</name>
		<pose>Unspecified</pose>
		<truncated>0</truncated>
		<difficult>0</difficult>
		<bndbox>
			<xmin>1277</xmin>
			<ymin>1156</ymin>
			<xmax>1371</xmax>
			<ymax>1251</ymax>
		</bndbox>
	</object>
	<object>
		<name>sp05</name>
		<pose>Unspecified</pose>
		<truncated>0</truncated>
		<difficult>0</difficult>
		<bndbox>
			<xmin>1169</xmin>
			<ymin>1038</ymin>
			<xmax>1277</xmax>
			<ymax>1149</ymax>
		</bndbox>
	</object>
	<object>
		<name>sp05</name>
		<pose>Unspecified</pose>
		<truncated>0</truncated>
		<difficult>0</difficult>
		<bndbox>
			<xmin>1311</xmin>
			<ymin>1198</ymin>
			<xmax>1406</xmax>
			<ymax>1281</ymax>
		</bndbox>
	</object>
	<object>
		<name>sp05</name>
		<pose>Unspecified</pose>
		<truncated>0</truncated>
		<difficult>0</difficult>
		<bndbox>
			<xmin>1339</xmin>
			<ymin>1249</ymin>
			<xmax>1432</xmax>
			<ymax>1326</ymax>
		</bndbox>
	</object>
	<object>
		<name>sp05</name>
		<pose>Unspecified</pose>
		<truncated>0</truncated>
		<difficult>0</difficult>
		<bndbox>
			<xmin>1255</xmin>
			<ymin>1292</ymin>
			<xmax>1326</xmax>
			<ymax>1356</ymax>
		</bndbox>
	</object>
	<object>
		<name>sp05</name>
		<pose>Unspecified</pose>
		<truncated>0</truncated>
		<difficult>0</difficult>
		<bndbox>
			<xmin>1286</xmin>
			<ymin>1325</ymin>
			<xmax>1396</xmax>
			<ymax>1413</ymax>
		</bndbox>
	</object>
	<object>
		<name>sp05</name>
		<pose>Unspecified</pose>
		<truncated>0</truncated>
		<difficult>0</difficult>
		<bndbox>
			<xmin>1311</xmin>
			<ymin>1389</ymin>
			<xmax>1394</xmax>
			<ymax>1471</ymax>
		</bndbox>
	</object>
	<object>
		<name>sp05</name>
		<pose>Unspecified</pose>
		<truncated>0</truncated>
		<difficult>0</difficult>
		<bndbox>
			<xmin>1358</xmin>
			<ymin>1413</ymin>
			<xmax>1453</xmax>
			<ymax>1511</ymax>
		</bndbox>
	</object>
	<object>
		<name>sp05</name>
		<pose>Unspecified</pose>
		<truncated>0</truncated>
		<difficult>0</difficult>
		<bndbox>
			<xmin>1442</xmin>
			<ymin>1403</ymin>
			<xmax>1551</xmax>
			<ymax>1520</ymax>
		</bndbox>
	</object>
	<object>
		<name>sp05</name>
		<pose>Unspecified</pose>
		<truncated>0</truncated>
		<difficult>0</difficult>
		<bndbox>
			<xmin>1696</xmin>
			<ymin>1236</ymin>
			<xmax>1790</xmax>
			<ymax>1318</ymax>
		</bndbox>
	</object>
	<object>
		<name>sp05</name>
		<pose>Unspecified</pose>
		<truncated>0</truncated>
		<difficult>0</difficult>
		<bndbox>
			<xmin>1761</xmin>
			<ymin>1216</ymin>
			<xmax>1860</xmax>
			<ymax>1304</ymax>
		</bndbox>
	</object>
	<object>
		<name>sp05</name>
		<pose>Unspecified</pose>
		<truncated>0</truncated>
		<difficult>0</difficult>
		<bndbox>
			<xmin>1795</xmin>
			<ymin>1270</ymin>
			<xmax>1887</xmax>
			<ymax>1376</ymax>
		</bndbox>
	</object>
	<object>
		<name>sp05</name>
		<pose>Unspecified</pose>
		<truncated>0</truncated>
		<difficult>0</difficult>
		<bndbox>
			<xmin>1870</xmin>
			<ymin>1284</ymin>
			<xmax>1946</xmax>
			<ymax>1350</ymax>
		</bndbox>
	</object>
	<object>
		<name>sp05</name>
		<pose>Unspecified</pose>
		<truncated>0</truncated>
		<difficult>0</difficult>
		<bndbox>
			<xmin>1848</xmin>
			<ymin>1335</ymin>
			<xmax>1945</xmax>
			<ymax>1430</ymax>
		</bndbox>
	</object>
	<object>
		<name>sp05</name>
		<pose>Unspecified</pose>
		<truncated>0</truncated>
		<difficult>0</difficult>
		<bndbox>
			<xmin>1906</xmin>
			<ymin>1381</ymin>
			<xmax>1978</xmax>
			<ymax>1454</ymax>
		</bndbox>
	</object>
	<object>
		<name>sp05</name>
		<pose>Unspecified</pose>
		<truncated>0</truncated>
		<difficult>0</difficult>
		<bndbox>
			<xmin>1836</xmin>
			<ymin>1382</ymin>
			<xmax>1914</xmax>
			<ymax>1489</ymax>
		</bndbox>
	</object>
	<object>
		<name>sp05</name>
		<pose>Unspecified</pose>
		<truncated>0</truncated>
		<difficult>0</difficult>
		<bndbox>
			<xmin>1780</xmin>
			<ymin>1388</ymin>
			<xmax>1864</xmax>
			<ymax>1480</ymax>
		</bndbox>
	</object>
	<object>
		<name>sp05</name>
		<pose>Unspecified</pose>
		<truncated>0</truncated>
		<difficult>0</difficult>
		<bndbox>
			<xmin>1699</xmin>
			<ymin>1301</ymin>
			<xmax>1809</xmax>
			<ymax>1395</ymax>
		</bndbox>
	</object>
	<object>
		<name>sp05</name>
		<pose>Unspecified</pose>
		<truncated>0</truncated>
		<difficult>0</difficult>
		<bndbox>
			<xmin>1686</xmin>
			<ymin>1406</ymin>
			<xmax>1795</xmax>
			<ymax>1512</ymax>
		</bndbox>
	</object>
	<object>
		<name>sp05</name>
		<pose>Unspecified</pose>
		<truncated>0</truncated>
		<difficult>0</difficult>
		<bndbox>
			<xmin>1215</xmin>
			<ymin>1386</ymin>
			<xmax>1286</xmax>
			<ymax>1452</ymax>
		</bndbox>
	</object>
	<object>
		<name>sp05</name>
		<pose>Unspecified</pose>
		<truncated>0</truncated>
		<difficult>0</difficult>
		<bndbox>
			<xmin>1159</xmin>
			<ymin>1381</ymin>
			<xmax>1233</xmax>
			<ymax>1444</ymax>
		</bndbox>
	</object>
	<object>
		<name>sp05</name>
		<pose>Unspecified</pose>
		<truncated>0</truncated>
		<difficult>0</difficult>
		<bndbox>
			<xmin>2019</xmin>
			<ymin>1456</ymin>
			<xmax>2130</xmax>
			<ymax>1569</ymax>
		</bndbox>
	</object>
	<object>
		<name>sp05</name>
		<pose>Unspecified</pose>
		<truncated>0</truncated>
		<difficult>0</difficult>
		<bndbox>
			<xmin>1984</xmin>
			<ymin>1494</ymin>
			<xmax>2077</xmax>
			<ymax>1622</ymax>
		</bndbox>
	</object>
	<object>
		<name>sp05</name>
		<pose>Unspecified</pose>
		<truncated>0</truncated>
		<difficult>0</difficult>
		<bndbox>
			<xmin>1927</xmin>
			<ymin>1444</ymin>
			<xmax>2021</xmax>
			<ymax>1528</ymax>
		</bndbox>
	</object>
	<object>
		<name>sp05</name>
		<pose>Unspecified</pose>
		<truncated>0</truncated>
		<difficult>0</difficult>
		<bndbox>
			<xmin>1913</xmin>
			<ymin>1501</ymin>
			<xmax>2009</xmax>
			<ymax>1609</ymax>
		</bndbox>
	</object>
	<object>
		<name>sp05</name>
		<pose>Unspecified</pose>
		<truncated>0</truncated>
		<difficult>0</difficult>
		<bndbox>
			<xmin>2055</xmin>
			<ymin>1520</ymin>
			<xmax>2273</xmax>
			<ymax>1723</ymax>
		</bndbox>
	</object>
	<object>
		<name>sp05</name>
		<pose>Unspecified</pose>
		<truncated>0</truncated>
		<difficult>0</difficult>
		<bndbox>
			<xmin>2147</xmin>
			<ymin>1710</ymin>
			<xmax>2329</xmax>
			<ymax>1894</ymax>
		</bndbox>
	</object>
	<object>
		<name>sp05</name>
		<pose>Unspecified</pose>
		<truncated>0</truncated>
		<difficult>0</difficult>
		<bndbox>
			<xmin>1755</xmin>
			<ymin>1491</ymin>
			<xmax>1876</xmax>
			<ymax>1584</ymax>
		</bndbox>
	</object>
	<object>
		<name>sp05</name>
		<pose>Unspecified</pose>
		<truncated>0</truncated>
		<difficult>0</difficult>
		<bndbox>
			<xmin>1741</xmin>
			<ymin>1555</ymin>
			<xmax>1847</xmax>
			<ymax>1655</ymax>
		</bndbox>
	</object>
	<object>
		<name>sp05</name>
		<pose>Unspecified</pose>
		<truncated>0</truncated>
		<difficult>0</difficult>
		<bndbox>
			<xmin>1734</xmin>
			<ymin>1609</ymin>
			<xmax>1796</xmax>
			<ymax>1675</ymax>
		</bndbox>
	</object>
	<object>
		<name>sp05</name>
		<pose>Unspecified</pose>
		<truncated>0</truncated>
		<difficult>0</difficult>
		<bndbox>
			<xmin>1650</xmin>
			<ymin>1599</ymin>
			<xmax>1755</xmax>
			<ymax>1709</ymax>
		</bndbox>
	</object>
	<object>
		<name>sp05</name>
		<pose>Unspecified</pose>
		<truncated>0</truncated>
		<difficult>0</difficult>
		<bndbox>
			<xmin>1765</xmin>
			<ymin>1631</ymin>
			<xmax>1870</xmax>
			<ymax>1736</ymax>
		</bndbox>
	</object>
	<object>
		<name>sp05</name>
		<pose>Unspecified</pose>
		<truncated>0</truncated>
		<difficult>0</difficult>
		<bndbox>
			<xmin>1839</xmin>
			<ymin>1652</ymin>
			<xmax>1933</xmax>
			<ymax>1766</ymax>
		</bndbox>
	</object>
	<object>
		<name>sp05</name>
		<pose>Unspecified</pose>
		<truncated>0</truncated>
		<difficult>0</difficult>
		<bndbox>
			<xmin>1890</xmin>
			<ymin>1674</ymin>
			<xmax>2026</xmax>
			<ymax>1785</ymax>
		</bndbox>
	</object>
	<object>
		<name>sp05</name>
		<pose>Unspecified</pose>
		<truncated>0</truncated>
		<difficult>0</difficult>
		<bndbox>
			<xmin>1887</xmin>
			<ymin>1752</ymin>
			<xmax>1996</xmax>
			<ymax>1874</ymax>
		</bndbox>
	</object>
	<object>
		<name>sp05</name>
		<pose>Unspecified</pose>
		<truncated>0</truncated>
		<difficult>0</difficult>
		<bndbox>
			<xmin>1910</xmin>
			<ymin>1771</ymin>
			<xmax>2094</xmax>
			<ymax>1949</ymax>
		</bndbox>
	</object>
	<object>
		<name>sp05</name>
		<pose>Unspecified</pose>
		<truncated>0</truncated>
		<difficult>0</difficult>
		<bndbox>
			<xmin>1774</xmin>
			<ymin>1704</ymin>
			<xmax>1879</xmax>
			<ymax>1784</ymax>
		</bndbox>
	</object>
	<object>
		<name>sp05</name>
		<pose>Unspecified</pose>
		<truncated>0</truncated>
		<difficult>0</difficult>
		<bndbox>
			<xmin>1793</xmin>
			<ymin>1748</ymin>
			<xmax>1903</xmax>
			<ymax>1856</ymax>
		</bndbox>
	</object>
	<object>
		<name>sp05</name>
		<pose>Unspecified</pose>
		<truncated>0</truncated>
		<difficult>0</difficult>
		<bndbox>
			<xmin>1770</xmin>
			<ymin>1826</ymin>
			<xmax>1887</xmax>
			<ymax>1928</ymax>
		</bndbox>
	</object>
	<object>
		<name>sp05</name>
		<pose>Unspecified</pose>
		<truncated>0</truncated>
		<difficult>0</difficult>
		<bndbox>
			<xmin>1786</xmin>
			<ymin>1906</ymin>
			<xmax>1944</xmax>
			<ymax>2049</ymax>
		</bndbox>
	</object>
	<object>
		<name>sp05</name>
		<pose>Unspecified</pose>
		<truncated>0</truncated>
		<difficult>0</difficult>
		<bndbox>
			<xmin>1908</xmin>
			<ymin>1980</ymin>
			<xmax>2086</xmax>
			<ymax>2148</ymax>
		</bndbox>
	</object>
	<object>
		<name>sp05</name>
		<pose>Unspecified</pose>
		<truncated>0</truncated>
		<difficult>0</difficult>
		<bndbox>
			<xmin>1718</xmin>
			<ymin>1737</ymin>
			<xmax>1814</xmax>
			<ymax>1837</ymax>
		</bndbox>
	</object>
	<object>
		<name>sp05</name>
		<pose>Unspecified</pose>
		<truncated>0</truncated>
		<difficult>0</difficult>
		<bndbox>
			<xmin>1688</xmin>
			<ymin>1795</ymin>
			<xmax>1782</xmax>
			<ymax>1900</ymax>
		</bndbox>
	</object>
	<object>
		<name>sp05</name>
		<pose>Unspecified</pose>
		<truncated>0</truncated>
		<difficult>0</difficult>
		<bndbox>
			<xmin>1619</xmin>
			<ymin>1837</ymin>
			<xmax>1727</xmax>
			<ymax>1932</ymax>
		</bndbox>
	</object>
	<object>
		<name>sp05</name>
		<pose>Unspecified</pose>
		<truncated>0</truncated>
		<difficult>0</difficult>
		<bndbox>
			<xmin>1665</xmin>
			<ymin>1879</ymin>
			<xmax>1771</xmax>
			<ymax>1971</ymax>
		</bndbox>
	</object>
	<object>
		<name>sp05</name>
		<pose>Unspecified</pose>
		<truncated>0</truncated>
		<difficult>0</difficult>
		<bndbox>
			<xmin>1625</xmin>
			<ymin>1916</ymin>
			<xmax>1728</xmax>
			<ymax>2020</ymax>
		</bndbox>
	</object>
	<object>
		<name>sp05</name>
		<pose>Unspecified</pose>
		<truncated>0</truncated>
		<difficult>0</difficult>
		<bndbox>
			<xmin>1612</xmin>
			<ymin>1729</ymin>
			<xmax>1710</xmax>
			<ymax>1816</ymax>
		</bndbox>
	</object>
	<object>
		<name>sp05</name>
		<pose>Unspecified</pose>
		<truncated>0</truncated>
		<difficult>0</difficult>
		<bndbox>
			<xmin>1579</xmin>
			<ymin>1774</ymin>
			<xmax>1671</xmax>
			<ymax>1874</ymax>
		</bndbox>
	</object>
	<object>
		<name>sp05</name>
		<pose>Unspecified</pose>
		<truncated>0</truncated>
		<difficult>0</difficult>
		<bndbox>
			<xmin>1544</xmin>
			<ymin>1668</ymin>
			<xmax>1655</xmax>
			<ymax>1771</ymax>
		</bndbox>
	</object>
	<object>
		<name>sp05</name>
		<pose>Unspecified</pose>
		<truncated>0</truncated>
		<difficult>0</difficult>
		<bndbox>
			<xmin>1467</xmin>
			<ymin>1681</ymin>
			<xmax>1578</xmax>
			<ymax>1782</ymax>
		</bndbox>
	</object>
	<object>
		<name>sp05</name>
		<pose>Unspecified</pose>
		<truncated>0</truncated>
		<difficult>0</difficult>
		<bndbox>
			<xmin>1438</xmin>
			<ymin>1737</ymin>
			<xmax>1562</xmax>
			<ymax>1854</ymax>
		</bndbox>
	</object>
	<object>
		<name>sp05</name>
		<pose>Unspecified</pose>
		<truncated>0</truncated>
		<difficult>0</difficult>
		<bndbox>
			<xmin>1321</xmin>
			<ymin>1853</ymin>
			<xmax>1428</xmax>
			<ymax>1940</ymax>
		</bndbox>
	</object>
	<object>
		<name>sp05</name>
		<pose>Unspecified</pose>
		<truncated>0</truncated>
		<difficult>0</difficult>
		<bndbox>
			<xmin>1384</xmin>
			<ymin>1864</ymin>
			<xmax>1486</xmax>
			<ymax>1975</ymax>
		</bndbox>
	</object>
	<object>
		<name>sp05</name>
		<pose>Unspecified</pose>
		<truncated>0</truncated>
		<difficult>0</difficult>
		<bndbox>
			<xmin>1270</xmin>
			<ymin>1906</ymin>
			<xmax>1377</xmax>
			<ymax>1990</ymax>
		</bndbox>
	</object>
	<object>
		<name>sp05</name>
		<pose>Unspecified</pose>
		<truncated>0</truncated>
		<difficult>0</difficult>
		<bndbox>
			<xmin>1179</xmin>
			<ymin>1979</ymin>
			<xmax>1290</xmax>
			<ymax>2075</ymax>
		</bndbox>
	</object>
	<object>
		<name>sp05</name>
		<pose>Unspecified</pose>
		<truncated>0</truncated>
		<difficult>0</difficult>
		<bndbox>
			<xmin>1278</xmin>
			<ymin>1967</ymin>
			<xmax>1389</xmax>
			<ymax>2061</ymax>
		</bndbox>
	</object>
	<object>
		<name>sp05</name>
		<pose>Unspecified</pose>
		<truncated>0</truncated>
		<difficult>0</difficult>
		<bndbox>
			<xmin>1369</xmin>
			<ymin>2001</ymin>
			<xmax>1507</xmax>
			<ymax>2132</ymax>
		</bndbox>
	</object>
	<object>
		<name>sp05</name>
		<pose>Unspecified</pose>
		<truncated>0</truncated>
		<difficult>0</difficult>
		<bndbox>
			<xmin>1179</xmin>
			<ymin>1800</ymin>
			<xmax>1294</xmax>
			<ymax>1896</ymax>
		</bndbox>
	</object>
	<object>
		<name>sp05</name>
		<pose>Unspecified</pose>
		<truncated>0</truncated>
		<difficult>0</difficult>
		<bndbox>
			<xmin>1458</xmin>
			<ymin>1528</ymin>
			<xmax>1580</xmax>
			<ymax>1637</ymax>
		</bndbox>
	</object>
	<object>
		<name>sp05</name>
		<pose>Unspecified</pose>
		<truncated>0</truncated>
		<difficult>0</difficult>
		<bndbox>
			<xmin>1388</xmin>
			<ymin>1561</ymin>
			<xmax>1462</xmax>
			<ymax>1622</ymax>
		</bndbox>
	</object>
	<object>
		<name>sp05</name>
		<pose>Unspecified</pose>
		<truncated>0</truncated>
		<difficult>0</difficult>
		<bndbox>
			<xmin>1416</xmin>
			<ymin>1597</ymin>
			<xmax>1494</xmax>
			<ymax>1671</ymax>
		</bndbox>
	</object>
	<object>
		<name>sp05</name>
		<pose>Unspecified</pose>
		<truncated>0</truncated>
		<difficult>0</difficult>
		<bndbox>
			<xmin>1363</xmin>
			<ymin>1598</ymin>
			<xmax>1444</xmax>
			<ymax>1680</ymax>
		</bndbox>
	</object>
	<object>
		<name>sp05</name>
		<pose>Unspecified</pose>
		<truncated>0</truncated>
		<difficult>0</difficult>
		<bndbox>
			<xmin>1339</xmin>
			<ymin>1622</ymin>
			<xmax>1442</xmax>
			<ymax>1724</ymax>
		</bndbox>
	</object>
	<object>
		<name>sp05</name>
		<pose>Unspecified</pose>
		<truncated>0</truncated>
		<difficult>0</difficult>
		<bndbox>
			<xmin>1268</xmin>
			<ymin>1646</ymin>
			<xmax>1381</xmax>
			<ymax>1769</ymax>
		</bndbox>
	</object>
	<object>
		<name>sp05</name>
		<pose>Unspecified</pose>
		<truncated>0</truncated>
		<difficult>0</difficult>
		<bndbox>
			<xmin>1210</xmin>
			<ymin>1683</ymin>
			<xmax>1301</xmax>
			<ymax>1772</ymax>
		</bndbox>
	</object>
	<object>
		<name>sp05</name>
		<pose>Unspecified</pose>
		<truncated>0</truncated>
		<difficult>0</difficult>
		<bndbox>
			<xmin>1169</xmin>
			<ymin>1679</ymin>
			<xmax>1229</xmax>
			<ymax>1766</ymax>
		</bndbox>
	</object>
	<object>
		<name>sp05</name>
		<pose>Unspecified</pose>
		<truncated>0</truncated>
		<difficult>0</difficult>
		<bndbox>
			<xmin>1123</xmin>
			<ymin>1692</ymin>
			<xmax>1209</xmax>
			<ymax>1774</ymax>
		</bndbox>
	</object>
	<object>
		<name>sp05</name>
		<pose>Unspecified</pose>
		<truncated>0</truncated>
		<difficult>0</difficult>
		<bndbox>
			<xmin>1099</xmin>
			<ymin>1727</ymin>
			<xmax>1183</xmax>
			<ymax>1802</ymax>
		</bndbox>
	</object>
	<object>
		<name>sp05</name>
		<pose>Unspecified</pose>
		<truncated>0</truncated>
		<difficult>0</difficult>
		<bndbox>
			<xmin>1110</xmin>
			<ymin>1789</ymin>
			<xmax>1192</xmax>
			<ymax>1859</ymax>
		</bndbox>
	</object>
	<object>
		<name>sp05</name>
		<pose>Unspecified</pose>
		<truncated>0</truncated>
		<difficult>0</difficult>
		<bndbox>
			<xmin>1104</xmin>
			<ymin>1879</ymin>
			<xmax>1195</xmax>
			<ymax>1971</ymax>
		</bndbox>
	</object>
	<object>
		<name>sp05</name>
		<pose>Unspecified</pose>
		<truncated>0</truncated>
		<difficult>0</difficult>
		<bndbox>
			<xmin>1079</xmin>
			<ymin>1862</ymin>
			<xmax>1162</xmax>
			<ymax>1916</ymax>
		</bndbox>
	</object>
	<object>
		<name>sp05</name>
		<pose>Unspecified</pose>
		<truncated>0</truncated>
		<difficult>0</difficult>
		<bndbox>
			<xmin>1084</xmin>
			<ymin>1817</ymin>
			<xmax>1171</xmax>
			<ymax>1876</ymax>
		</bndbox>
	</object>
	<object>
		<name>sp05</name>
		<pose>Unspecified</pose>
		<truncated>0</truncated>
		<difficult>0</difficult>
		<bndbox>
			<xmin>1053</xmin>
			<ymin>1833</ymin>
			<xmax>1119</xmax>
			<ymax>1903</ymax>
		</bndbox>
	</object>
	<object>
		<name>sp05</name>
		<pose>Unspecified</pose>
		<truncated>0</truncated>
		<difficult>0</difficult>
		<bndbox>
			<xmin>1018</xmin>
			<ymin>1912</ymin>
			<xmax>1068</xmax>
			<ymax>1949</ymax>
		</bndbox>
	</object>
	<object>
		<name>sp05</name>
		<pose>Unspecified</pose>
		<truncated>0</truncated>
		<difficult>0</difficult>
		<bndbox>
			<xmin>1038</xmin>
			<ymin>1925</ymin>
			<xmax>1121</xmax>
			<ymax>2026</ymax>
		</bndbox>
	</object>
	<object>
		<name>sp05</name>
		<pose>Unspecified</pose>
		<truncated>0</truncated>
		<difficult>0</difficult>
		<bndbox>
			<xmin>1051</xmin>
			<ymin>1763</ymin>
			<xmax>1130</xmax>
			<ymax>1825</ymax>
		</bndbox>
	</object>
	<object>
		<name>sp05</name>
		<pose>Unspecified</pose>
		<truncated>0</truncated>
		<difficult>0</difficult>
		<bndbox>
			<xmin>1017</xmin>
			<ymin>1659</ymin>
			<xmax>1106</xmax>
			<ymax>1729</ymax>
		</bndbox>
	</object>
	<object>
		<name>sp05</name>
		<pose>Unspecified</pose>
		<truncated>0</truncated>
		<difficult>0</difficult>
		<bndbox>
			<xmin>1084</xmin>
			<ymin>1572</ymin>
			<xmax>1191</xmax>
			<ymax>1665</ymax>
		</bndbox>
	</object>
	<object>
		<name>sp05</name>
		<pose>Unspecified</pose>
		<truncated>0</truncated>
		<difficult>0</difficult>
		<bndbox>
			<xmin>1183</xmin>
			<ymin>1479</ymin>
			<xmax>1264</xmax>
			<ymax>1557</ymax>
		</bndbox>
	</object>
	<object>
		<name>sp05</name>
		<pose>Unspecified</pose>
		<truncated>0</truncated>
		<difficult>0</difficult>
		<bndbox>
			<xmin>1128</xmin>
			<ymin>1475</ymin>
			<xmax>1197</xmax>
			<ymax>1559</ymax>
		</bndbox>
	</object>
	<object>
		<name>sp05</name>
		<pose>Unspecified</pose>
		<truncated>0</truncated>
		<difficult>0</difficult>
		<bndbox>
			<xmin>1654</xmin>
			<ymin>1977</ymin>
			<xmax>1782</xmax>
			<ymax>2092</ymax>
		</bndbox>
	</object>
	<object>
		<name>sp05</name>
		<pose>Unspecified</pose>
		<truncated>0</truncated>
		<difficult>0</difficult>
		<bndbox>
			<xmin>1706</xmin>
			<ymin>2058</ymin>
			<xmax>1802</xmax>
			<ymax>2148</ymax>
		</bndbox>
	</object>
	<object>
		<name>sp05</name>
		<pose>Unspecified</pose>
		<truncated>0</truncated>
		<difficult>0</difficult>
		<bndbox>
			<xmin>1768</xmin>
			<ymin>2007</ymin>
			<xmax>1902</xmax>
			<ymax>2138</ymax>
		</bndbox>
	</object>
	<object>
		<name>sp05</name>
		<pose>Unspecified</pose>
		<truncated>0</truncated>
		<difficult>0</difficult>
		<bndbox>
			<xmin>1734</xmin>
			<ymin>2129</ymin>
			<xmax>1924</xmax>
			<ymax>2314</ymax>
		</bndbox>
	</object>
	<object>
		<name>sp05</name>
		<pose>Unspecified</pose>
		<truncated>0</truncated>
		<difficult>0</difficult>
		<bndbox>
			<xmin>1635</xmin>
			<ymin>2148</ymin>
			<xmax>1770</xmax>
			<ymax>2302</ymax>
		</bndbox>
	</object>
	<object>
		<name>sp05</name>
		<pose>Unspecified</pose>
		<truncated>0</truncated>
		<difficult>0</difficult>
		<bndbox>
			<xmin>1598</xmin>
			<ymin>2187</ymin>
			<xmax>1692</xmax>
			<ymax>2320</ymax>
		</bndbox>
	</object>
	<object>
		<name>sp05</name>
		<pose>Unspecified</pose>
		<truncated>0</truncated>
		<difficult>0</difficult>
		<bndbox>
			<xmin>1530</xmin>
			<ymin>2196</ymin>
			<xmax>1636</xmax>
			<ymax>2315</ymax>
		</bndbox>
	</object>
	<object>
		<name>sp05</name>
		<pose>Unspecified</pose>
		<truncated>0</truncated>
		<difficult>0</difficult>
		<bndbox>
			<xmin>1562</xmin>
			<ymin>2335</ymin>
			<xmax>1755</xmax>
			<ymax>2496</ymax>
		</bndbox>
	</object>
	<object>
		<name>sp05</name>
		<pose>Unspecified</pose>
		<truncated>0</truncated>
		<difficult>0</difficult>
		<bndbox>
			<xmin>1410</xmin>
			<ymin>2307</ymin>
			<xmax>1532</xmax>
			<ymax>2413</ymax>
		</bndbox>
	</object>
	<object>
		<name>sp05</name>
		<pose>Unspecified</pose>
		<truncated>0</truncated>
		<difficult>0</difficult>
		<bndbox>
			<xmin>1470</xmin>
			<ymin>2333</ymin>
			<xmax>1582</xmax>
			<ymax>2444</ymax>
		</bndbox>
	</object>
	<object>
		<name>sp05</name>
		<pose>Unspecified</pose>
		<truncated>0</truncated>
		<difficult>0</difficult>
		<bndbox>
			<xmin>1406</xmin>
			<ymin>2410</ymin>
			<xmax>1514</xmax>
			<ymax>2540</ymax>
		</bndbox>
	</object>
	<object>
		<name>sp05</name>
		<pose>Unspecified</pose>
		<truncated>0</truncated>
		<difficult>0</difficult>
		<bndbox>
			<xmin>1471</xmin>
			<ymin>2408</ymin>
			<xmax>1543</xmax>
			<ymax>2499</ymax>
		</bndbox>
	</object>
	<object>
		<name>sp05</name>
		<pose>Unspecified</pose>
		<truncated>0</truncated>
		<difficult>0</difficult>
		<bndbox>
			<xmin>1501</xmin>
			<ymin>2422</ymin>
			<xmax>1611</xmax>
			<ymax>2536</ymax>
		</bndbox>
	</object>
	<object>
		<name>sp05</name>
		<pose>Unspecified</pose>
		<truncated>0</truncated>
		<difficult>0</difficult>
		<bndbox>
			<xmin>1282</xmin>
			<ymin>2252</ymin>
			<xmax>1407</xmax>
			<ymax>2384</ymax>
		</bndbox>
	</object>
	<object>
		<name>sp05</name>
		<pose>Unspecified</pose>
		<truncated>0</truncated>
		<difficult>0</difficult>
		<bndbox>
			<xmin>1245</xmin>
			<ymin>2052</ymin>
			<xmax>1351</xmax>
			<ymax>2154</ymax>
		</bndbox>
	</object>
	<object>
		<name>sp05</name>
		<pose>Unspecified</pose>
		<truncated>0</truncated>
		<difficult>0</difficult>
		<bndbox>
			<xmin>1288</xmin>
			<ymin>2093</ymin>
			<xmax>1413</xmax>
			<ymax>2205</ymax>
		</bndbox>
	</object>
	<object>
		<name>sp05</name>
		<pose>Unspecified</pose>
		<truncated>0</truncated>
		<difficult>0</difficult>
		<bndbox>
			<xmin>1191</xmin>
			<ymin>2278</ymin>
			<xmax>1304</xmax>
			<ymax>2401</ymax>
		</bndbox>
	</object>
	<object>
		<name>sp05</name>
		<pose>Unspecified</pose>
		<truncated>0</truncated>
		<difficult>0</difficult>
		<bndbox>
			<xmin>1137</xmin>
			<ymin>2357</ymin>
			<xmax>1272</xmax>
			<ymax>2495</ymax>
		</bndbox>
	</object>
	<object>
		<name>sp05</name>
		<pose>Unspecified</pose>
		<truncated>0</truncated>
		<difficult>0</difficult>
		<bndbox>
			<xmin>1195</xmin>
			<ymin>2410</ymin>
			<xmax>1334</xmax>
			<ymax>2544</ymax>
		</bndbox>
	</object>
	<object>
		<name>sp05</name>
		<pose>Unspecified</pose>
		<truncated>0</truncated>
		<difficult>0</difficult>
		<bndbox>
			<xmin>1038</xmin>
			<ymin>2289</ymin>
			<xmax>1177</xmax>
			<ymax>2425</ymax>
		</bndbox>
	</object>
	<object>
		<name>sp05</name>
		<pose>Unspecified</pose>
		<truncated>0</truncated>
		<difficult>0</difficult>
		<bndbox>
			<xmin>1085</xmin>
			<ymin>2234</ymin>
			<xmax>1171</xmax>
			<ymax>2296</ymax>
		</bndbox>
	</object>
	<object>
		<name>sp05</name>
		<pose>Unspecified</pose>
		<truncated>0</truncated>
		<difficult>0</difficult>
		<bndbox>
			<xmin>1090</xmin>
			<ymin>2112</ymin>
			<xmax>1209</xmax>
			<ymax>2236</ymax>
		</bndbox>
	</object>
	<object>
		<name>sp05</name>
		<pose>Unspecified</pose>
		<truncated>0</truncated>
		<difficult>0</difficult>
		<bndbox>
			<xmin>1006</xmin>
			<ymin>2106</ymin>
			<xmax>1116</xmax>
			<ymax>2229</ymax>
		</bndbox>
	</object>
	<object>
		<name>sp05</name>
		<pose>Unspecified</pose>
		<truncated>0</truncated>
		<difficult>0</difficult>
		<bndbox>
			<xmin>968</xmin>
			<ymin>2212</ymin>
			<xmax>1043</xmax>
			<ymax>2296</ymax>
		</bndbox>
	</object>
	<object>
		<name>sp05</name>
		<pose>Unspecified</pose>
		<truncated>0</truncated>
		<difficult>0</difficult>
		<bndbox>
			<xmin>838</xmin>
			<ymin>2120</ymin>
			<xmax>912</xmax>
			<ymax>2178</ymax>
		</bndbox>
	</object>
	<object>
		<name>sp05</name>
		<pose>Unspecified</pose>
		<truncated>0</truncated>
		<difficult>0</difficult>
		<bndbox>
			<xmin>876</xmin>
			<ymin>2099</ymin>
			<xmax>992</xmax>
			<ymax>2184</ymax>
		</bndbox>
	</object>
	<object>
		<name>sp05</name>
		<pose>Unspecified</pose>
		<truncated>0</truncated>
		<difficult>0</difficult>
		<bndbox>
			<xmin>862</xmin>
			<ymin>2152</ymin>
			<xmax>1000</xmax>
			<ymax>2254</ymax>
		</bndbox>
	</object>
	<object>
		<name>sp05</name>
		<pose>Unspecified</pose>
		<truncated>0</truncated>
		<difficult>0</difficult>
		<bndbox>
			<xmin>825</xmin>
			<ymin>2252</ymin>
			<xmax>973</xmax>
			<ymax>2403</ymax>
		</bndbox>
	</object>
	<object>
		<name>sp05</name>
		<pose>Unspecified</pose>
		<truncated>0</truncated>
		<difficult>0</difficult>
		<bndbox>
			<xmin>683</xmin>
			<ymin>2153</ymin>
			<xmax>778</xmax>
			<ymax>2252</ymax>
		</bndbox>
	</object>
	<object>
		<name>sp05</name>
		<pose>Unspecified</pose>
		<truncated>0</truncated>
		<difficult>0</difficult>
		<bndbox>
			<xmin>746</xmin>
			<ymin>2157</ymin>
			<xmax>826</xmax>
			<ymax>2270</ymax>
		</bndbox>
	</object>
	<object>
		<name>sp05</name>
		<pose>Unspecified</pose>
		<truncated>0</truncated>
		<difficult>0</difficult>
		<bndbox>
			<xmin>674</xmin>
			<ymin>2233</ymin>
			<xmax>790</xmax>
			<ymax>2354</ymax>
		</bndbox>
	</object>
	<object>
		<name>sp05</name>
		<pose>Unspecified</pose>
		<truncated>0</truncated>
		<difficult>0</difficult>
		<bndbox>
			<xmin>707</xmin>
			<ymin>2055</ymin>
			<xmax>788</xmax>
			<ymax>2156</ymax>
		</bndbox>
	</object>
	<object>
		<name>sp05</name>
		<pose>Unspecified</pose>
		<truncated>0</truncated>
		<difficult>0</difficult>
		<bndbox>
			<xmin>776</xmin>
			<ymin>2070</ymin>
			<xmax>852</xmax>
			<ymax>2168</ymax>
		</bndbox>
	</object>
	<object>
		<name>sp05</name>
		<pose>Unspecified</pose>
		<truncated>0</truncated>
		<difficult>0</difficult>
		<bndbox>
			<xmin>764</xmin>
			<ymin>2005</ymin>
			<xmax>857</xmax>
			<ymax>2088</ymax>
		</bndbox>
	</object>
	<object>
		<name>sp05</name>
		<pose>Unspecified</pose>
		<truncated>0</truncated>
		<difficult>0</difficult>
		<bndbox>
			<xmin>827</xmin>
			<ymin>2035</ymin>
			<xmax>911</xmax>
			<ymax>2122</ymax>
		</bndbox>
	</object>
	<object>
		<name>sp05</name>
		<pose>Unspecified</pose>
		<truncated>0</truncated>
		<difficult>0</difficult>
		<bndbox>
			<xmin>816</xmin>
			<ymin>1947</ymin>
			<xmax>906</xmax>
			<ymax>2031</ymax>
		</bndbox>
	</object>
	<object>
		<name>sp05</name>
		<pose>Unspecified</pose>
		<truncated>0</truncated>
		<difficult>0</difficult>
		<bndbox>
			<xmin>872</xmin>
			<ymin>1973</ymin>
			<xmax>931</xmax>
			<ymax>2020</ymax>
		</bndbox>
	</object>
	<object>
		<name>sp05</name>
		<pose>Unspecified</pose>
		<truncated>0</truncated>
		<difficult>0</difficult>
		<bndbox>
			<xmin>919</xmin>
			<ymin>1999</ymin>
			<xmax>1030</xmax>
			<ymax>2079</ymax>
		</bndbox>
	</object>
	<object>
		<name>sp05</name>
		<pose>Unspecified</pose>
		<truncated>0</truncated>
		<difficult>0</difficult>
		<bndbox>
			<xmin>860</xmin>
			<ymin>1990</ymin>
			<xmax>950</xmax>
			<ymax>2075</ymax>
		</bndbox>
	</object>
	<object>
		<name>sp05</name>
		<pose>Unspecified</pose>
		<truncated>0</truncated>
		<difficult>0</difficult>
		<bndbox>
			<xmin>944</xmin>
			<ymin>1956</ymin>
			<xmax>1032</xmax>
			<ymax>2026</ymax>
		</bndbox>
	</object>
	<object>
		<name>sp05</name>
		<pose>Unspecified</pose>
		<truncated>0</truncated>
		<difficult>0</difficult>
		<bndbox>
			<xmin>920</xmin>
			<ymin>1903</ymin>
			<xmax>1005</xmax>
			<ymax>1977</ymax>
		</bndbox>
	</object>
	<object>
		<name>sp05</name>
		<pose>Unspecified</pose>
		<truncated>0</truncated>
		<difficult>0</difficult>
		<bndbox>
			<xmin>881</xmin>
			<ymin>1839</ymin>
			<xmax>971</xmax>
			<ymax>1930</ymax>
		</bndbox>
	</object>
	<object>
		<name>sp05</name>
		<pose>Unspecified</pose>
		<truncated>0</truncated>
		<difficult>0</difficult>
		<bndbox>
			<xmin>751</xmin>
			<ymin>1944</ymin>
			<xmax>812</xmax>
			<ymax>2002</ymax>
		</bndbox>
	</object>
	<object>
		<name>sp05</name>
		<pose>Unspecified</pose>
		<truncated>0</truncated>
		<difficult>0</difficult>
		<bndbox>
			<xmin>642</xmin>
			<ymin>1902</ymin>
			<xmax>776</xmax>
			<ymax>2026</ymax>
		</bndbox>
	</object>
	<object>
		<name>sp05</name>
		<pose>Unspecified</pose>
		<truncated>0</truncated>
		<difficult>0</difficult>
		<bndbox>
			<xmin>550</xmin>
			<ymin>2146</ymin>
			<xmax>687</xmax>
			<ymax>2284</ymax>
		</bndbox>
	</object>
	<object>
		<name>sp05</name>
		<pose>Unspecified</pose>
		<truncated>0</truncated>
		<difficult>0</difficult>
		<bndbox>
			<xmin>568</xmin>
			<ymin>1882</ymin>
			<xmax>673</xmax>
			<ymax>1983</ymax>
		</bndbox>
	</object>
	<object>
		<name>sp05</name>
		<pose>Unspecified</pose>
		<truncated>0</truncated>
		<difficult>0</difficult>
		<bndbox>
			<xmin>471</xmin>
			<ymin>1951</ymin>
			<xmax>568</xmax>
			<ymax>2037</ymax>
		</bndbox>
	</object>
	<object>
		<name>sp05</name>
		<pose>Unspecified</pose>
		<truncated>0</truncated>
		<difficult>0</difficult>
		<bndbox>
			<xmin>498</xmin>
			<ymin>1868</ymin>
			<xmax>587</xmax>
			<ymax>1963</ymax>
		</bndbox>
	</object>
	<object>
		<name>sp05</name>
		<pose>Unspecified</pose>
		<truncated>0</truncated>
		<difficult>0</difficult>
		<bndbox>
			<xmin>434</xmin>
			<ymin>1894</ymin>
			<xmax>522</xmax>
			<ymax>1974</ymax>
		</bndbox>
	</object>
	<object>
		<name>sp05</name>
		<pose>Unspecified</pose>
		<truncated>0</truncated>
		<difficult>0</difficult>
		<bndbox>
			<xmin>309</xmin>
			<ymin>1925</ymin>
			<xmax>392</xmax>
			<ymax>2037</ymax>
		</bndbox>
	</object>
	<object>
		<name>sp05</name>
		<pose>Unspecified</pose>
		<truncated>0</truncated>
		<difficult>0</difficult>
		<bndbox>
			<xmin>345</xmin>
			<ymin>1896</ymin>
			<xmax>443</xmax>
			<ymax>1973</ymax>
		</bndbox>
	</object>
	<object>
		<name>sp05</name>
		<pose>Unspecified</pose>
		<truncated>0</truncated>
		<difficult>0</difficult>
		<bndbox>
			<xmin>356</xmin>
			<ymin>1955</ymin>
			<xmax>464</xmax>
			<ymax>2061</ymax>
		</bndbox>
	</object>
	<object>
		<name>sp05</name>
		<pose>Unspecified</pose>
		<truncated>0</truncated>
		<difficult>0</difficult>
		<bndbox>
			<xmin>245</xmin>
			<ymin>1877</ymin>
			<xmax>331</xmax>
			<ymax>1971</ymax>
		</bndbox>
	</object>
	<object>
		<name>sp05</name>
		<pose>Unspecified</pose>
		<truncated>0</truncated>
		<difficult>0</difficult>
		<bndbox>
			<xmin>201</xmin>
			<ymin>1822</ymin>
			<xmax>281</xmax>
			<ymax>1910</ymax>
		</bndbox>
	</object>
	<object>
		<name>sp05</name>
		<pose>Unspecified</pose>
		<truncated>0</truncated>
		<difficult>0</difficult>
		<bndbox>
			<xmin>293</xmin>
			<ymin>1822</ymin>
			<xmax>392</xmax>
			<ymax>1909</ymax>
		</bndbox>
	</object>
	<object>
		<name>sp05</name>
		<pose>Unspecified</pose>
		<truncated>0</truncated>
		<difficult>0</difficult>
		<bndbox>
			<xmin>371</xmin>
			<ymin>1759</ymin>
			<xmax>463</xmax>
			<ymax>1823</ymax>
		</bndbox>
	</object>
	<object>
		<name>sp05</name>
		<pose>Unspecified</pose>
		<truncated>0</truncated>
		<difficult>0</difficult>
		<bndbox>
			<xmin>355</xmin>
			<ymin>1800</ymin>
			<xmax>460</xmax>
			<ymax>1912</ymax>
		</bndbox>
	</object>
	<object>
		<name>sp05</name>
		<pose>Unspecified</pose>
		<truncated>0</truncated>
		<difficult>0</difficult>
		<bndbox>
			<xmin>325</xmin>
			<ymin>1759</ymin>
			<xmax>394</xmax>
			<ymax>1828</ymax>
		</bndbox>
	</object>
	<object>
		<name>sp05</name>
		<pose>Unspecified</pose>
		<truncated>0</truncated>
		<difficult>0</difficult>
		<bndbox>
			<xmin>341</xmin>
			<ymin>1723</ymin>
			<xmax>434</xmax>
			<ymax>1791</ymax>
		</bndbox>
	</object>
	<object>
		<name>sp05</name>
		<pose>Unspecified</pose>
		<truncated>0</truncated>
		<difficult>0</difficult>
		<bndbox>
			<xmin>327</xmin>
			<ymin>1665</ymin>
			<xmax>415</xmax>
			<ymax>1765</ymax>
		</bndbox>
	</object>
	<object>
		<name>sp05</name>
		<pose>Unspecified</pose>
		<truncated>0</truncated>
		<difficult>0</difficult>
		<bndbox>
			<xmin>236</xmin>
			<ymin>1717</ymin>
			<xmax>358</xmax>
			<ymax>1803</ymax>
		</bndbox>
	</object>
	<object>
		<name>sp05</name>
		<pose>Unspecified</pose>
		<truncated>0</truncated>
		<difficult>0</difficult>
		<bndbox>
			<xmin>510</xmin>
			<ymin>1754</ymin>
			<xmax>630</xmax>
			<ymax>1826</ymax>
		</bndbox>
	</object>
	<object>
		<name>sp05</name>
		<pose>Unspecified</pose>
		<truncated>0</truncated>
		<difficult>0</difficult>
		<bndbox>
			<xmin>489</xmin>
			<ymin>1684</ymin>
			<xmax>548</xmax>
			<ymax>1743</ymax>
		</bndbox>
	</object>
	<object>
		<name>sp05</name>
		<pose>Unspecified</pose>
		<truncated>0</truncated>
		<difficult>0</difficult>
		<bndbox>
			<xmin>530</xmin>
			<ymin>1680</ymin>
			<xmax>596</xmax>
			<ymax>1767</ymax>
		</bndbox>
	</object>
	<object>
		<name>sp05</name>
		<pose>Unspecified</pose>
		<truncated>0</truncated>
		<difficult>0</difficult>
		<bndbox>
			<xmin>466</xmin>
			<ymin>1622</ymin>
			<xmax>566</xmax>
			<ymax>1715</ymax>
		</bndbox>
	</object>
	<object>
		<name>sp05</name>
		<pose>Unspecified</pose>
		<truncated>0</truncated>
		<difficult>0</difficult>
		<bndbox>
			<xmin>393</xmin>
			<ymin>1598</ymin>
			<xmax>508</xmax>
			<ymax>1689</ymax>
		</bndbox>
	</object>
	<object>
		<name>sp05</name>
		<pose>Unspecified</pose>
		<truncated>0</truncated>
		<difficult>0</difficult>
		<bndbox>
			<xmin>598</xmin>
			<ymin>1711</ymin>
			<xmax>646</xmax>
			<ymax>1755</ymax>
		</bndbox>
	</object>
	<object>
		<name>sp05</name>
		<pose>Unspecified</pose>
		<truncated>0</truncated>
		<difficult>0</difficult>
		<bndbox>
			<xmin>458</xmin>
			<ymin>1796</ymin>
			<xmax>538</xmax>
			<ymax>1891</ymax>
		</bndbox>
	</object>
	<object>
		<name>sp05</name>
		<pose>Unspecified</pose>
		<truncated>0</truncated>
		<difficult>0</difficult>
		<bndbox>
			<xmin>621</xmin>
			<ymin>1701</ymin>
			<xmax>705</xmax>
			<ymax>1794</ymax>
		</bndbox>
	</object>
	<object>
		<name>sp05</name>
		<pose>Unspecified</pose>
		<truncated>0</truncated>
		<difficult>0</difficult>
		<bndbox>
			<xmin>683</xmin>
			<ymin>1720</ymin>
			<xmax>730</xmax>
			<ymax>1758</ymax>
		</bndbox>
	</object>
	<object>
		<name>sp05</name>
		<pose>Unspecified</pose>
		<truncated>0</truncated>
		<difficult>0</difficult>
		<bndbox>
			<xmin>740</xmin>
			<ymin>1698</ymin>
			<xmax>800</xmax>
			<ymax>1752</ymax>
		</bndbox>
	</object>
	<object>
		<name>sp05</name>
		<pose>Unspecified</pose>
		<truncated>0</truncated>
		<difficult>0</difficult>
		<bndbox>
			<xmin>717</xmin>
			<ymin>1801</ymin>
			<xmax>800</xmax>
			<ymax>1887</ymax>
		</bndbox>
	</object>
	<object>
		<name>sp05</name>
		<pose>Unspecified</pose>
		<truncated>0</truncated>
		<difficult>0</difficult>
		<bndbox>
			<xmin>758</xmin>
			<ymin>1788</ymin>
			<xmax>846</xmax>
			<ymax>1866</ymax>
		</bndbox>
	</object>
	<object>
		<name>sp05</name>
		<pose>Unspecified</pose>
		<truncated>0</truncated>
		<difficult>0</difficult>
		<bndbox>
			<xmin>766</xmin>
			<ymin>1734</ymin>
			<xmax>844</xmax>
			<ymax>1808</ymax>
		</bndbox>
	</object>
	<object>
		<name>sp05</name>
		<pose>Unspecified</pose>
		<truncated>0</truncated>
		<difficult>0</difficult>
		<bndbox>
			<xmin>808</xmin>
			<ymin>1697</ymin>
			<xmax>893</xmax>
			<ymax>1774</ymax>
		</bndbox>
	</object>
	<object>
		<name>sp05</name>
		<pose>Unspecified</pose>
		<truncated>0</truncated>
		<difficult>0</difficult>
		<bndbox>
			<xmin>808</xmin>
			<ymin>1607</ymin>
			<xmax>906</xmax>
			<ymax>1701</ymax>
		</bndbox>
	</object>
	<object>
		<name>sp05</name>
		<pose>Unspecified</pose>
		<truncated>0</truncated>
		<difficult>0</difficult>
		<bndbox>
			<xmin>858</xmin>
			<ymin>1721</ymin>
			<xmax>930</xmax>
			<ymax>1789</ymax>
		</bndbox>
	</object>
	<object>
		<name>sp05</name>
		<pose>Unspecified</pose>
		<truncated>0</truncated>
		<difficult>0</difficult>
		<bndbox>
			<xmin>849</xmin>
			<ymin>1777</ymin>
			<xmax>921</xmax>
			<ymax>1832</ymax>
		</bndbox>
	</object>
	<object>
		<name>sp05</name>
		<pose>Unspecified</pose>
		<truncated>0</truncated>
		<difficult>0</difficult>
		<bndbox>
			<xmin>845</xmin>
			<ymin>1822</ymin>
			<xmax>897</xmax>
			<ymax>1868</ymax>
		</bndbox>
	</object>
	<object>
		<name>sp05</name>
		<pose>Unspecified</pose>
		<truncated>0</truncated>
		<difficult>0</difficult>
		<bndbox>
			<xmin>986</xmin>
			<ymin>1844</ymin>
			<xmax>1069</xmax>
			<ymax>1932</ymax>
		</bndbox>
	</object>
	<object>
		<name>sp05</name>
		<pose>Unspecified</pose>
		<truncated>0</truncated>
		<difficult>0</difficult>
		<bndbox>
			<xmin>949</xmin>
			<ymin>1746</ymin>
			<xmax>1020</xmax>
			<ymax>1831</ymax>
		</bndbox>
	</object>
	<object>
		<name>sp05</name>
		<pose>Unspecified</pose>
		<truncated>0</truncated>
		<difficult>0</difficult>
		<bndbox>
			<xmin>999</xmin>
			<ymin>1728</ymin>
			<xmax>1087</xmax>
			<ymax>1802</ymax>
		</bndbox>
	</object>
	<object>
		<name>sp05</name>
		<pose>Unspecified</pose>
		<truncated>0</truncated>
		<difficult>0</difficult>
		<bndbox>
			<xmin>926</xmin>
			<ymin>1674</ymin>
			<xmax>1007</xmax>
			<ymax>1745</ymax>
		</bndbox>
	</object>
	<object>
		<name>sp05</name>
		<pose>Unspecified</pose>
		<truncated>0</truncated>
		<difficult>0</difficult>
		<bndbox>
			<xmin>948</xmin>
			<ymin>1628</ymin>
			<xmax>1029</xmax>
			<ymax>1705</ymax>
		</bndbox>
	</object>
	<object>
		<name>sp05</name>
		<pose>Unspecified</pose>
		<truncated>0</truncated>
		<difficult>0</difficult>
		<bndbox>
			<xmin>153</xmin>
			<ymin>1726</ymin>
			<xmax>233</xmax>
			<ymax>1810</ymax>
		</bndbox>
	</object>
	<object>
		<name>sp05</name>
		<pose>Unspecified</pose>
		<truncated>0</truncated>
		<difficult>0</difficult>
		<bndbox>
			<xmin>147</xmin>
			<ymin>1669</ymin>
			<xmax>226</xmax>
			<ymax>1749</ymax>
		</bndbox>
	</object>
	<object>
		<name>sp05</name>
		<pose>Unspecified</pose>
		<truncated>0</truncated>
		<difficult>0</difficult>
		<bndbox>
			<xmin>140</xmin>
			<ymin>1598</ymin>
			<xmax>250</xmax>
			<ymax>1704</ymax>
		</bndbox>
	</object>
	<object>
		<name>sp05</name>
		<pose>Unspecified</pose>
		<truncated>0</truncated>
		<difficult>0</difficult>
		<bndbox>
			<xmin>99</xmin>
			<ymin>1448</ymin>
			<xmax>239</xmax>
			<ymax>1603</ymax>
		</bndbox>
	</object>
	<object>
		<name>sp05</name>
		<pose>Unspecified</pose>
		<truncated>0</truncated>
		<difficult>0</difficult>
		<bndbox>
			<xmin>208</xmin>
			<ymin>1611</ymin>
			<xmax>297</xmax>
			<ymax>1723</ymax>
		</bndbox>
	</object>
	<object>
		<name>sp05</name>
		<pose>Unspecified</pose>
		<truncated>0</truncated>
		<difficult>0</difficult>
		<bndbox>
			<xmin>401</xmin>
			<ymin>1511</ymin>
			<xmax>512</xmax>
			<ymax>1618</ymax>
		</bndbox>
	</object>
	<object>
		<name>sp05</name>
		<pose>Unspecified</pose>
		<truncated>0</truncated>
		<difficult>0</difficult>
		<bndbox>
			<xmin>616</xmin>
			<ymin>1495</ymin>
			<xmax>708</xmax>
			<ymax>1579</ymax>
		</bndbox>
	</object>
	<object>
		<name>sp05</name>
		<pose>Unspecified</pose>
		<truncated>0</truncated>
		<difficult>0</difficult>
		<bndbox>
			<xmin>660</xmin>
			<ymin>1535</ymin>
			<xmax>758</xmax>
			<ymax>1616</ymax>
		</bndbox>
	</object>
	<object>
		<name>sp05</name>
		<pose>Unspecified</pose>
		<truncated>0</truncated>
		<difficult>0</difficult>
		<bndbox>
			<xmin>603</xmin>
			<ymin>1567</ymin>
			<xmax>698</xmax>
			<ymax>1661</ymax>
		</bndbox>
	</object>
	<object>
		<name>sp05</name>
		<pose>Unspecified</pose>
		<truncated>0</truncated>
		<difficult>0</difficult>
		<bndbox>
			<xmin>703</xmin>
			<ymin>1452</ymin>
			<xmax>778</xmax>
			<ymax>1536</ymax>
		</bndbox>
	</object>
	<object>
		<name>sp05</name>
		<pose>Unspecified</pose>
		<truncated>0</truncated>
		<difficult>0</difficult>
		<bndbox>
			<xmin>460</xmin>
			<ymin>1380</ymin>
			<xmax>572</xmax>
			<ymax>1495</ymax>
		</bndbox>
	</object>
	<object>
		<name>sp05</name>
		<pose>Unspecified</pose>
		<truncated>0</truncated>
		<difficult>0</difficult>
		<bndbox>
			<xmin>345</xmin>
			<ymin>1352</ymin>
			<xmax>473</xmax>
			<ymax>1440</ymax>
		</bndbox>
	</object>
	<object>
		<name>sp05</name>
		<pose>Unspecified</pose>
		<truncated>0</truncated>
		<difficult>0</difficult>
		<bndbox>
			<xmin>339</xmin>
			<ymin>1414</ymin>
			<xmax>477</xmax>
			<ymax>1510</ymax>
		</bndbox>
	</object>
	<object>
		<name>sp05</name>
		<pose>Unspecified</pose>
		<truncated>0</truncated>
		<difficult>0</difficult>
		<bndbox>
			<xmin>618</xmin>
			<ymin>1347</ymin>
			<xmax>721</xmax>
			<ymax>1439</ymax>
		</bndbox>
	</object>
	<object>
		<name>sp05</name>
		<pose>Unspecified</pose>
		<truncated>0</truncated>
		<difficult>0</difficult>
		<bndbox>
			<xmin>597</xmin>
			<ymin>1252</ymin>
			<xmax>701</xmax>
			<ymax>1349</ymax>
		</bndbox>
	</object>
	<object>
		<name>sp05</name>
		<pose>Unspecified</pose>
		<truncated>0</truncated>
		<difficult>0</difficult>
		<bndbox>
			<xmin>745</xmin>
			<ymin>1440</ymin>
			<xmax>823</xmax>
			<ymax>1537</ymax>
		</bndbox>
	</object>
	<object>
		<name>sp05</name>
		<pose>Unspecified</pose>
		<truncated>0</truncated>
		<difficult>0</difficult>
		<bndbox>
			<xmin>759</xmin>
			<ymin>1412</ymin>
			<xmax>858</xmax>
			<ymax>1510</ymax>
		</bndbox>
	</object>
	<object>
		<name>sp05</name>
		<pose>Unspecified</pose>
		<truncated>0</truncated>
		<difficult>0</difficult>
		<bndbox>
			<xmin>814</xmin>
			<ymin>1488</ymin>
			<xmax>903</xmax>
			<ymax>1593</ymax>
		</bndbox>
	</object>
	<object>
		<name>sp05</name>
		<pose>Unspecified</pose>
		<truncated>0</truncated>
		<difficult>0</difficult>
		<bndbox>
			<xmin>864</xmin>
			<ymin>1483</ymin>
			<xmax>930</xmax>
			<ymax>1556</ymax>
		</bndbox>
	</object>
	<object>
		<name>sp05</name>
		<pose>Unspecified</pose>
		<truncated>0</truncated>
		<difficult>0</difficult>
		<bndbox>
			<xmin>900</xmin>
			<ymin>1488</ymin>
			<xmax>995</xmax>
			<ymax>1579</ymax>
		</bndbox>
	</object>
	<object>
		<name>sp05</name>
		<pose>Unspecified</pose>
		<truncated>0</truncated>
		<difficult>0</difficult>
		<bndbox>
			<xmin>928</xmin>
			<ymin>1559</ymin>
			<xmax>1008</xmax>
			<ymax>1638</ymax>
		</bndbox>
	</object>
	<object>
		<name>sp05</name>
		<pose>Unspecified</pose>
		<truncated>0</truncated>
		<difficult>0</difficult>
		<bndbox>
			<xmin>1013</xmin>
			<ymin>1572</ymin>
			<xmax>1100</xmax>
			<ymax>1665</ymax>
		</bndbox>
	</object>
	<object>
		<name>sp05</name>
		<pose>Unspecified</pose>
		<truncated>0</truncated>
		<difficult>0</difficult>
		<bndbox>
			<xmin>1008</xmin>
			<ymin>1463</ymin>
			<xmax>1086</xmax>
			<ymax>1533</ymax>
		</bndbox>
	</object>
	<object>
		<name>sp05</name>
		<pose>Unspecified</pose>
		<truncated>0</truncated>
		<difficult>0</difficult>
		<bndbox>
			<xmin>1042</xmin>
			<ymin>1485</ymin>
			<xmax>1124</xmax>
			<ymax>1559</ymax>
		</bndbox>
	</object>
	<object>
		<name>sp05</name>
		<pose>Unspecified</pose>
		<truncated>0</truncated>
		<difficult>0</difficult>
		<bndbox>
			<xmin>1006</xmin>
			<ymin>1516</ymin>
			<xmax>1080</xmax>
			<ymax>1579</ymax>
		</bndbox>
	</object>
	<object>
		<name>sp05</name>
		<pose>Unspecified</pose>
		<truncated>0</truncated>
		<difficult>0</difficult>
		<bndbox>
			<xmin>1000</xmin>
			<ymin>1319</ymin>
			<xmax>1116</xmax>
			<ymax>1414</ymax>
		</bndbox>
	</object>
	<object>
		<name>sp05</name>
		<pose>Unspecified</pose>
		<truncated>0</truncated>
		<difficult>0</difficult>
		<bndbox>
			<xmin>1189</xmin>
			<ymin>1417</ymin>
			<xmax>1270</xmax>
			<ymax>1491</ymax>
		</bndbox>
	</object>
	<object>
		<name>sp05</name>
		<pose>Unspecified</pose>
		<truncated>0</truncated>
		<difficult>0</difficult>
		<bndbox>
			<xmin>1035</xmin>
			<ymin>1248</ymin>
			<xmax>1134</xmax>
			<ymax>1346</ymax>
		</bndbox>
	</object>
	<object>
		<name>sp05</name>
		<pose>Unspecified</pose>
		<truncated>0</truncated>
		<difficult>0</difficult>
		<bndbox>
			<xmin>862</xmin>
			<ymin>1369</ymin>
			<xmax>942</xmax>
			<ymax>1426</ymax>
		</bndbox>
	</object>
	<object>
		<name>sp05</name>
		<pose>Unspecified</pose>
		<truncated>0</truncated>
		<difficult>0</difficult>
		<bndbox>
			<xmin>853</xmin>
			<ymin>1415</ymin>
			<xmax>931</xmax>
			<ymax>1477</ymax>
		</bndbox>
	</object>
	<object>
		<name>sp05</name>
		<pose>Unspecified</pose>
		<truncated>0</truncated>
		<difficult>0</difficult>
		<bndbox>
			<xmin>815</xmin>
			<ymin>1382</ymin>
			<xmax>890</xmax>
			<ymax>1454</ymax>
		</bndbox>
	</object>
	<object>
		<name>sp05</name>
		<pose>Unspecified</pose>
		<truncated>0</truncated>
		<difficult>0</difficult>
		<bndbox>
			<xmin>840</xmin>
			<ymin>1316</ymin>
			<xmax>926</xmax>
			<ymax>1390</ymax>
		</bndbox>
	</object>
	<object>
		<name>sp05</name>
		<pose>Unspecified</pose>
		<truncated>0</truncated>
		<difficult>0</difficult>
		<bndbox>
			<xmin>749</xmin>
			<ymin>1289</ymin>
			<xmax>845</xmax>
			<ymax>1390</ymax>
		</bndbox>
	</object>
	<object>
		<name>sp05</name>
		<pose>Unspecified</pose>
		<truncated>0</truncated>
		<difficult>0</difficult>
		<bndbox>
			<xmin>882</xmin>
			<ymin>1228</ymin>
			<xmax>974</xmax>
			<ymax>1316</ymax>
		</bndbox>
	</object>
	<object>
		<name>sp05</name>
		<pose>Unspecified</pose>
		<truncated>0</truncated>
		<difficult>0</difficult>
		<bndbox>
			<xmin>745</xmin>
			<ymin>1178</ymin>
			<xmax>841</xmax>
			<ymax>1284</ymax>
		</bndbox>
	</object>
	<object>
		<name>sp05</name>
		<pose>Unspecified</pose>
		<truncated>0</truncated>
		<difficult>0</difficult>
		<bndbox>
			<xmin>699</xmin>
			<ymin>1201</ymin>
			<xmax>778</xmax>
			<ymax>1288</ymax>
		</bndbox>
	</object>
	<object>
		<name>sp05</name>
		<pose>Unspecified</pose>
		<truncated>0</truncated>
		<difficult>0</difficult>
		<bndbox>
			<xmin>314</xmin>
			<ymin>1228</ymin>
			<xmax>394</xmax>
			<ymax>1296</ymax>
		</bndbox>
	</object>
	<object>
		<name>sp05</name>
		<pose>Unspecified</pose>
		<truncated>0</truncated>
		<difficult>0</difficult>
		<bndbox>
			<xmin>322</xmin>
			<ymin>1279</ymin>
			<xmax>425</xmax>
			<ymax>1360</ymax>
		</bndbox>
	</object>
	<object>
		<name>sp05</name>
		<pose>Unspecified</pose>
		<truncated>0</truncated>
		<difficult>0</difficult>
		<bndbox>
			<xmin>1087</xmin>
			<ymin>1171</ymin>
			<xmax>1141</xmax>
			<ymax>1236</ymax>
		</bndbox>
	</object>
	<object>
		<name>sp05</name>
		<pose>Unspecified</pose>
		<truncated>0</truncated>
		<difficult>0</difficult>
		<bndbox>
			<xmin>1131</xmin>
			<ymin>1166</ymin>
			<xmax>1221</xmax>
			<ymax>1264</ymax>
		</bndbox>
	</object>
	<object>
		<name>sp05</name>
		<pose>Unspecified</pose>
		<truncated>0</truncated>
		<difficult>0</difficult>
		<bndbox>
			<xmin>1167</xmin>
			<ymin>1196</ymin>
			<xmax>1259</xmax>
			<ymax>1289</ymax>
		</bndbox>
	</object>
	<object>
		<name>sp05</name>
		<pose>Unspecified</pose>
		<truncated>0</truncated>
		<difficult>0</difficult>
		<bndbox>
			<xmin>1066</xmin>
			<ymin>1055</ymin>
			<xmax>1161</xmax>
			<ymax>1150</ymax>
		</bndbox>
	</object>
	<object>
		<name>sp05</name>
		<pose>Unspecified</pose>
		<truncated>0</truncated>
		<difficult>0</difficult>
		<bndbox>
			<xmin>862</xmin>
			<ymin>914</ymin>
			<xmax>995</xmax>
			<ymax>1049</ymax>
		</bndbox>
	</object>
	<object>
		<name>sp05</name>
		<pose>Unspecified</pose>
		<truncated>0</truncated>
		<difficult>0</difficult>
		<bndbox>
			<xmin>1014</xmin>
			<ymin>907</ymin>
			<xmax>1127</xmax>
			<ymax>1016</ymax>
		</bndbox>
	</object>
	<object>
		<name>sp05</name>
		<pose>Unspecified</pose>
		<truncated>0</truncated>
		<difficult>0</difficult>
		<bndbox>
			<xmin>1026</xmin>
			<ymin>962</ymin>
			<xmax>1144</xmax>
			<ymax>1072</ymax>
		</bndbox>
	</object>
	<object>
		<name>sp05</name>
		<pose>Unspecified</pose>
		<truncated>0</truncated>
		<difficult>0</difficult>
		<bndbox>
			<xmin>967</xmin>
			<ymin>1125</ymin>
			<xmax>1064</xmax>
			<ymax>1218</ymax>
		</bndbox>
	</object>
	<object>
		<name>sp05</name>
		<pose>Unspecified</pose>
		<truncated>0</truncated>
		<difficult>0</difficult>
		<bndbox>
			<xmin>882</xmin>
			<ymin>1102</ymin>
			<xmax>983</xmax>
			<ymax>1185</ymax>
		</bndbox>
	</object>
	<object>
		<name>sp05</name>
		<pose>Unspecified</pose>
		<truncated>0</truncated>
		<difficult>0</difficult>
		<bndbox>
			<xmin>612</xmin>
			<ymin>940</ymin>
			<xmax>695</xmax>
			<ymax>1012</ymax>
		</bndbox>
	</object>
	<object>
		<name>sp05</name>
		<pose>Unspecified</pose>
		<truncated>0</truncated>
		<difficult>0</difficult>
		<bndbox>
			<xmin>623</xmin>
			<ymin>989</ymin>
			<xmax>751</xmax>
			<ymax>1097</ymax>
		</bndbox>
	</object>
	<object>
		<name>sp05</name>
		<pose>Unspecified</pose>
		<truncated>0</truncated>
		<difficult>0</difficult>
		<bndbox>
			<xmin>680</xmin>
			<ymin>1059</ymin>
			<xmax>786</xmax>
			<ymax>1130</ymax>
		</bndbox>
	</object>
	<object>
		<name>sp05</name>
		<pose>Unspecified</pose>
		<truncated>0</truncated>
		<difficult>0</difficult>
		<bndbox>
			<xmin>684</xmin>
			<ymin>1108</ymin>
			<xmax>781</xmax>
			<ymax>1178</ymax>
		</bndbox>
	</object>
	<object>
		<name>sp05</name>
		<pose>Unspecified</pose>
		<truncated>0</truncated>
		<difficult>0</difficult>
		<bndbox>
			<xmin>662</xmin>
			<ymin>1122</ymin>
			<xmax>741</xmax>
			<ymax>1201</ymax>
		</bndbox>
	</object>
	<object>
		<name>sp05</name>
		<pose>Unspecified</pose>
		<truncated>0</truncated>
		<difficult>0</difficult>
		<bndbox>
			<xmin>560</xmin>
			<ymin>1071</ymin>
			<xmax>686</xmax>
			<ymax>1170</ymax>
		</bndbox>
	</object>
	<object>
		<name>sp05</name>
		<pose>Unspecified</pose>
		<truncated>0</truncated>
		<difficult>0</difficult>
		<bndbox>
			<xmin>483</xmin>
			<ymin>1143</ymin>
			<xmax>584</xmax>
			<ymax>1238</ymax>
		</bndbox>
	</object>
	<object>
		<name>sp05</name>
		<pose>Unspecified</pose>
		<truncated>0</truncated>
		<difficult>0</difficult>
		<bndbox>
			<xmin>516</xmin>
			<ymin>1170</ymin>
			<xmax>627</xmax>
			<ymax>1281</ymax>
		</bndbox>
	</object>
	<object>
		<name>sp05</name>
		<pose>Unspecified</pose>
		<truncated>0</truncated>
		<difficult>0</difficult>
		<bndbox>
			<xmin>413</xmin>
			<ymin>1181</ymin>
			<xmax>525</xmax>
			<ymax>1292</ymax>
		</bndbox>
	</object>
	<object>
		<name>sp05</name>
		<pose>Unspecified</pose>
		<truncated>0</truncated>
		<difficult>0</difficult>
		<bndbox>
			<xmin>362</xmin>
			<ymin>1123</ymin>
			<xmax>481</xmax>
			<ymax>1239</ymax>
		</bndbox>
	</object>
	<object>
		<name>sp05</name>
		<pose>Unspecified</pose>
		<truncated>0</truncated>
		<difficult>0</difficult>
		<bndbox>
			<xmin>285</xmin>
			<ymin>1086</ymin>
			<xmax>406</xmax>
			<ymax>1217</ymax>
		</bndbox>
	</object>
	<object>
		<name>sp05</name>
		<pose>Unspecified</pose>
		<truncated>0</truncated>
		<difficult>0</difficult>
		<bndbox>
			<xmin>102</xmin>
			<ymin>1115</ymin>
			<xmax>239</xmax>
			<ymax>1273</ymax>
		</bndbox>
	</object>
	<object>
		<name>sp05</name>
		<pose>Unspecified</pose>
		<truncated>0</truncated>
		<difficult>0</difficult>
		<bndbox>
			<xmin>145</xmin>
			<ymin>987</ymin>
			<xmax>201</xmax>
			<ymax>1071</ymax>
		</bndbox>
	</object>
	<object>
		<name>sp05</name>
		<pose>Unspecified</pose>
		<truncated>0</truncated>
		<difficult>0</difficult>
		<bndbox>
			<xmin>184</xmin>
			<ymin>1005</ymin>
			<xmax>265</xmax>
			<ymax>1094</ymax>
		</bndbox>
	</object>
	<object>
		<name>sp05</name>
		<pose>Unspecified</pose>
		<truncated>0</truncated>
		<difficult>0</difficult>
		<bndbox>
			<xmin>245</xmin>
			<ymin>920</ymin>
			<xmax>369</xmax>
			<ymax>1045</ymax>
		</bndbox>
	</object>
	<object>
		<name>sp05</name>
		<pose>Unspecified</pose>
		<truncated>0</truncated>
		<difficult>0</difficult>
		<bndbox>
			<xmin>350</xmin>
			<ymin>849</ymin>
			<xmax>479</xmax>
			<ymax>958</ymax>
		</bndbox>
	</object>
	<object>
		<name>sp05</name>
		<pose>Unspecified</pose>
		<truncated>0</truncated>
		<difficult>0</difficult>
		<bndbox>
			<xmin>377</xmin>
			<ymin>936</ymin>
			<xmax>495</xmax>
			<ymax>1005</ymax>
		</bndbox>
	</object>
	<object>
		<name>sp05</name>
		<pose>Unspecified</pose>
		<truncated>0</truncated>
		<difficult>0</difficult>
		<bndbox>
			<xmin>408</xmin>
			<ymin>980</ymin>
			<xmax>502</xmax>
			<ymax>1074</ymax>
		</bndbox>
	</object>
	<object>
		<name>sp05</name>
		<pose>Unspecified</pose>
		<truncated>0</truncated>
		<difficult>0</difficult>
		<bndbox>
			<xmin>334</xmin>
			<ymin>968</ymin>
			<xmax>431</xmax>
			<ymax>1067</ymax>
		</bndbox>
	</object>
	<object>
		<name>sp05</name>
		<pose>Unspecified</pose>
		<truncated>0</truncated>
		<difficult>0</difficult>
		<bndbox>
			<xmin>184</xmin>
			<ymin>844</ymin>
			<xmax>301</xmax>
			<ymax>942</ymax>
		</bndbox>
	</object>
	<object>
		<name>sp05</name>
		<pose>Unspecified</pose>
		<truncated>0</truncated>
		<difficult>0</difficult>
		<bndbox>
			<xmin>598</xmin>
			<ymin>764</ymin>
			<xmax>733</xmax>
			<ymax>881</ymax>
		</bndbox>
	</object>
	<object>
		<name>sp05</name>
		<pose>Unspecified</pose>
		<truncated>0</truncated>
		<difficult>0</difficult>
		<bndbox>
			<xmin>852</xmin>
			<ymin>771</ymin>
			<xmax>994</xmax>
			<ymax>890</ymax>
		</bndbox>
	</object>
	<object>
		<name>sp05</name>
		<pose>Unspecified</pose>
		<truncated>0</truncated>
		<difficult>0</difficult>
		<bndbox>
			<xmin>1013</xmin>
			<ymin>760</ymin>
			<xmax>1147</xmax>
			<ymax>859</ymax>
		</bndbox>
	</object>
	<object>
		<name>sp05</name>
		<pose>Unspecified</pose>
		<truncated>0</truncated>
		<difficult>0</difficult>
		<bndbox>
			<xmin>1020</xmin>
			<ymin>815</ymin>
			<xmax>1158</xmax>
			<ymax>898</ymax>
		</bndbox>
	</object>
	<object>
		<name>sp05</name>
		<pose>Unspecified</pose>
		<truncated>0</truncated>
		<difficult>0</difficult>
		<bndbox>
			<xmin>204</xmin>
			<ymin>798</ymin>
			<xmax>269</xmax>
			<ymax>858</ymax>
		</bndbox>
	</object>
	<object>
		<name>sp05</name>
		<pose>Unspecified</pose>
		<truncated>0</truncated>
		<difficult>0</difficult>
		<bndbox>
			<xmin>221</xmin>
			<ymin>757</ymin>
			<xmax>294</xmax>
			<ymax>839</ymax>
		</bndbox>
	</object>
	<object>
		<name>sp05</name>
		<pose>Unspecified</pose>
		<truncated>0</truncated>
		<difficult>0</difficult>
		<bndbox>
			<xmin>283</xmin>
			<ymin>765</ymin>
			<xmax>407</xmax>
			<ymax>855</ymax>
		</bndbox>
	</object>
	<object>
		<name>sp05</name>
		<pose>Unspecified</pose>
		<truncated>0</truncated>
		<difficult>0</difficult>
		<bndbox>
			<xmin>278</xmin>
			<ymin>703</ymin>
			<xmax>389</xmax>
			<ymax>781</ymax>
		</bndbox>
	</object>
	<object>
		<name>sp05</name>
		<pose>Unspecified</pose>
		<truncated>0</truncated>
		<difficult>0</difficult>
		<bndbox>
			<xmin>276</xmin>
			<ymin>631</ymin>
			<xmax>365</xmax>
			<ymax>719</ymax>
		</bndbox>
	</object>
	<object>
		<name>sp05</name>
		<pose>Unspecified</pose>
		<truncated>0</truncated>
		<difficult>0</difficult>
		<bndbox>
			<xmin>357</xmin>
			<ymin>646</ymin>
			<xmax>429</xmax>
			<ymax>717</ymax>
		</bndbox>
	</object>
	<object>
		<name>sp05</name>
		<pose>Unspecified</pose>
		<truncated>0</truncated>
		<difficult>0</difficult>
		<bndbox>
			<xmin>434</xmin>
			<ymin>730</ymin>
			<xmax>557</xmax>
			<ymax>839</ymax>
		</bndbox>
	</object>
	<object>
		<name>sp05</name>
		<pose>Unspecified</pose>
		<truncated>0</truncated>
		<difficult>0</difficult>
		<bndbox>
			<xmin>423</xmin>
			<ymin>676</ymin>
			<xmax>522</xmax>
			<ymax>752</ymax>
		</bndbox>
	</object>
	<object>
		<name>sp05</name>
		<pose>Unspecified</pose>
		<truncated>0</truncated>
		<difficult>0</difficult>
		<bndbox>
			<xmin>420</xmin>
			<ymin>643</ymin>
			<xmax>473</xmax>
			<ymax>688</ymax>
		</bndbox>
	</object>
	<object>
		<name>sp05</name>
		<pose>Unspecified</pose>
		<truncated>0</truncated>
		<difficult>0</difficult>
		<bndbox>
			<xmin>456</xmin>
			<ymin>637</ymin>
			<xmax>555</xmax>
			<ymax>738</ymax>
		</bndbox>
	</object>
	<object>
		<name>sp05</name>
		<pose>Unspecified</pose>
		<truncated>0</truncated>
		<difficult>0</difficult>
		<bndbox>
			<xmin>536</xmin>
			<ymin>620</ymin>
			<xmax>643</xmax>
			<ymax>723</ymax>
		</bndbox>
	</object>
	<object>
		<name>sp05</name>
		<pose>Unspecified</pose>
		<truncated>0</truncated>
		<difficult>0</difficult>
		<bndbox>
			<xmin>656</xmin>
			<ymin>635</ymin>
			<xmax>790</xmax>
			<ymax>759</ymax>
		</bndbox>
	</object>
	<object>
		<name>sp05</name>
		<pose>Unspecified</pose>
		<truncated>0</truncated>
		<difficult>0</difficult>
		<bndbox>
			<xmin>641</xmin>
			<ymin>489</ymin>
			<xmax>771</xmax>
			<ymax>596</ymax>
		</bndbox>
	</object>
	<object>
		<name>sp05</name>
		<pose>Unspecified</pose>
		<truncated>0</truncated>
		<difficult>0</difficult>
		<bndbox>
			<xmin>543</xmin>
			<ymin>537</ymin>
			<xmax>671</xmax>
			<ymax>634</ymax>
		</bndbox>
	</object>
	<object>
		<name>sp05</name>
		<pose>Unspecified</pose>
		<truncated>0</truncated>
		<difficult>0</difficult>
		<bndbox>
			<xmin>602</xmin>
			<ymin>571</ymin>
			<xmax>709</xmax>
			<ymax>660</ymax>
		</bndbox>
	</object>
	<object>
		<name>sp05</name>
		<pose>Unspecified</pose>
		<truncated>0</truncated>
		<difficult>0</difficult>
		<bndbox>
			<xmin>433</xmin>
			<ymin>563</ymin>
			<xmax>545</xmax>
			<ymax>639</ymax>
		</bndbox>
	</object>
	<object>
		<name>sp05</name>
		<pose>Unspecified</pose>
		<truncated>0</truncated>
		<difficult>0</difficult>
		<bndbox>
			<xmin>414</xmin>
			<ymin>484</ymin>
			<xmax>471</xmax>
			<ymax>520</ymax>
		</bndbox>
	</object>
	<object>
		<name>sp05</name>
		<pose>Unspecified</pose>
		<truncated>0</truncated>
		<difficult>0</difficult>
		<bndbox>
			<xmin>431</xmin>
			<ymin>505</ymin>
			<xmax>551</xmax>
			<ymax>587</ymax>
		</bndbox>
	</object>
	<object>
		<name>sp05</name>
		<pose>Unspecified</pose>
		<truncated>0</truncated>
		<difficult>0</difficult>
		<bndbox>
			<xmin>468</xmin>
			<ymin>401</ymin>
			<xmax>605</xmax>
			<ymax>512</ymax>
		</bndbox>
	</object>
	<object>
		<name>sp05</name>
		<pose>Unspecified</pose>
		<truncated>0</truncated>
		<difficult>0</difficult>
		<bndbox>
			<xmin>586</xmin>
			<ymin>356</ymin>
			<xmax>716</xmax>
			<ymax>484</ymax>
		</bndbox>
	</object>
	<object>
		<name>sp05</name>
		<pose>Unspecified</pose>
		<truncated>0</truncated>
		<difficult>0</difficult>
		<bndbox>
			<xmin>885</xmin>
			<ymin>628</ymin>
			<xmax>1023</xmax>
			<ymax>740</ymax>
		</bndbox>
	</object>
	<object>
		<name>sp05</name>
		<pose>Unspecified</pose>
		<truncated>0</truncated>
		<difficult>0</difficult>
		<bndbox>
			<xmin>877</xmin>
			<ymin>699</ymin>
			<xmax>1016</xmax>
			<ymax>800</ymax>
		</bndbox>
	</object>
	<object>
		<name>sp05</name>
		<pose>Unspecified</pose>
		<truncated>0</truncated>
		<difficult>0</difficult>
		<bndbox>
			<xmin>925</xmin>
			<ymin>1221</ymin>
			<xmax>968</xmax>
			<ymax>1249</ymax>
		</bndbox>
	</object>
	<object>
		<name>sp05</name>
		<pose>Unspecified</pose>
		<truncated>0</truncated>
		<difficult>0</difficult>
		<bndbox>
			<xmin>965</xmin>
			<ymin>1213</ymin>
			<xmax>1024</xmax>
			<ymax>1292</ymax>
		</bndbox>
	</object>
	<object>
		<name>sp05</name>
		<pose>Unspecified</pose>
		<truncated>0</truncated>
		<difficult>0</difficult>
		<bndbox>
			<xmin>676</xmin>
			<ymin>1597</ymin>
			<xmax>716</xmax>
			<ymax>1647</ymax>
		</bndbox>
	</object>
	<object>
		<name>sp05</name>
		<pose>Unspecified</pose>
		<truncated>0</truncated>
		<difficult>0</difficult>
		<bndbox>
			<xmin>710</xmin>
			<ymin>1611</ymin>
			<xmax>746</xmax>
			<ymax>1652</ymax>
		</bndbox>
	</object>
	<object>
		<name>sp05</name>
		<pose>Unspecified</pose>
		<truncated>0</truncated>
		<difficult>0</difficult>
		<bndbox>
			<xmin>414</xmin>
			<ymin>1814</ymin>
			<xmax>467</xmax>
			<ymax>1864</ymax>
		</bndbox>
	</object>
</annotation>