<annotation>
	<folder>my-project-name</folder>
	<filename>sp05_img03.jpg</filename>
	<path>/my-project-name/sp05_img03.jpg</path>
	<source>
		<database>Unspecified</database>
	</source>
	<size>
		<width>2666</width>
		<height>2678</height>
		<depth>3</depth>
	</size>
	<object>
		<name>sp05</name>
		<pose>Unspecified</pose>
		<truncated>0</truncated>
		<difficult>0</difficult>
		<bndbox>
			<xmin>1425</xmin>
			<ymin>1274</ymin>
			<xmax>1565</xmax>
			<ymax>1429</ymax>
		</bndbox>
	</object>
	<object>
		<name>sp05</name>
		<pose>Unspecified</pose>
		<truncated>0</truncated>
		<difficult>0</difficult>
		<bndbox>
			<xmin>1321</xmin>
			<ymin>2011</ymin>
			<xmax>1644</xmax>
			<ymax>2330</ymax>
		</bndbox>
	</object>
	<object>
		<name>sp05</name>
		<pose>Unspecified</pose>
		<truncated>0</truncated>
		<difficult>0</difficult>
		<bndbox>
			<xmin>641</xmin>
			<ymin>2088</ymin>
			<xmax>923</xmax>
			<ymax>2411</ymax>
		</bndbox>
	</object>
	<object>
		<name>sp05</name>
		<pose>Unspecified</pose>
		<truncated>0</truncated>
		<difficult>0</difficult>
		<bndbox>
			<xmin>379</xmin>
			<ymin>1937</ymin>
			<xmax>604</xmax>
			<ymax>2187</ymax>
		</bndbox>
	</object>
	<object>
		<name>sp05</name>
		<pose>Unspecified</pose>
		<truncated>0</truncated>
		<difficult>0</difficult>
		<bndbox>
			<xmin>580</xmin>
			<ymin>1483</ymin>
			<xmax>846</xmax>
			<ymax>1749</ymax>
		</bndbox>
	</object>
	<object>
		<name>sp05</name>
		<pose>Unspecified</pose>
		<truncated>0</truncated>
		<difficult>0</difficult>
		<bndbox>
			<xmin>793</xmin>
			<ymin>742</ymin>
			<xmax>1010</xmax>
			<ymax>1012</ymax>
		</bndbox>
	</object>
	<object>
		<name>sp05</name>
		<pose>Unspecified</pose>
		<truncated>0</truncated>
		<difficult>0</difficult>
		<bndbox>
			<xmin>510</xmin>
			<ymin>861</ymin>
			<xmax>743</xmax>
			<ymax>1111</ymax>
		</bndbox>
	</object>
	<object>
		<name>sp05</name>
		<pose>Unspecified</pose>
		<truncated>0</truncated>
		<difficult>0</difficult>
		<bndbox>
			<xmin>244</xmin>
			<ymin>938</ymin>
			<xmax>498</xmax>
			<ymax>1233</ymax>
		</bndbox>
	</object>
	<object>
		<name>sp05</name>
		<pose>Unspecified</pose>
		<truncated>0</truncated>
		<difficult>0</difficult>
		<bndbox>
			<xmin>482</xmin>
			<ymin>476</ymin>
			<xmax>744</xmax>
			<ymax>734</ymax>
		</bndbox>
	</object>
	<object>
		<name>sp05</name>
		<pose>Unspecified</pose>
		<truncated>0</truncated>
		<difficult>0</difficult>
		<bndbox>
			<xmin>654</xmin>
			<ymin>267</ymin>
			<xmax>867</xmax>
			<ymax>504</ymax>
		</bndbox>
	</object>
	<object>
		<name>sp05</name>
		<pose>Unspecified</pose>
		<truncated>0</truncated>
		<difficult>0</difficult>
		<bndbox>
			<xmin>833</xmin>
			<ymin>137</ymin>
			<xmax>1014</xmax>
			<ymax>296</ymax>
		</bndbox>
	</object>
	<object>
		<name>sp05</name>
		<pose>Unspecified</pose>
		<truncated>0</truncated>
		<difficult>0</difficult>
		<bndbox>
			<xmin>1229</xmin>
			<ymin>758</ymin>
			<xmax>1463</xmax>
			<ymax>972</ymax>
		</bndbox>
	</object>
	<object>
		<name>sp05</name>
		<pose>Unspecified</pose>
		<truncated>0</truncated>
		<difficult>0</difficult>
		<bndbox>
			<xmin>1378</xmin>
			<ymin>314</ymin>
			<xmax>1607</xmax>
			<ymax>568</ymax>
		</bndbox>
	</object>
	<object>
		<name>sp05</name>
		<pose>Unspecified</pose>
		<truncated>0</truncated>
		<difficult>0</difficult>
		<bndbox>
			<xmin>1545</xmin>
			<ymin>401</ymin>
			<xmax>1817</xmax>
			<ymax>673</ymax>
		</bndbox>
	</object>
	<object>
		<name>sp05</name>
		<pose>Unspecified</pose>
		<truncated>0</truncated>
		<difficult>0</difficult>
		<bndbox>
			<xmin>1078</xmin>
			<ymin>404</ymin>
			<xmax>1288</xmax>
			<ymax>567</ymax>
		</bndbox>
	</object>
	<object>
		<name>sp05</name>
		<pose>Unspecified</pose>
		<truncated>0</truncated>
		<difficult>0</difficult>
		<bndbox>
			<xmin>1085</xmin>
			<ymin>267</ymin>
			<xmax>1287</xmax>
			<ymax>406</ymax>
		</bndbox>
	</object>
	<object>
		<name>sp05</name>
		<pose>Unspecified</pose>
		<truncated>0</truncated>
		<difficult>0</difficult>
		<bndbox>
			<xmin>1012</xmin>
			<ymin>132</ymin>
			<xmax>1217</xmax>
			<ymax>319</ymax>
		</bndbox>
	</object>
	<object>
		<name>sp05</name>
		<pose>Unspecified</pose>
		<truncated>0</truncated>
		<difficult>0</difficult>
		<bndbox>
			<xmin>1115</xmin>
			<ymin>984</ymin>
			<xmax>1352</xmax>
			<ymax>1199</ymax>
		</bndbox>
	</object>
	<object>
		<name>sp05</name>
		<pose>Unspecified</pose>
		<truncated>0</truncated>
		<difficult>0</difficult>
		<bndbox>
			<xmin>1503</xmin>
			<ymin>849</ymin>
			<xmax>1783</xmax>
			<ymax>1134</ymax>
		</bndbox>
	</object>
	<object>
		<name>sp05</name>
		<pose>Unspecified</pose>
		<truncated>0</truncated>
		<difficult>0</difficult>
		<bndbox>
			<xmin>951</xmin>
			<ymin>1489</ymin>
			<xmax>1142</xmax>
			<ymax>1688</ymax>
		</bndbox>
	</object>
	<object>
		<name>sp05</name>
		<pose>Unspecified</pose>
		<truncated>0</truncated>
		<difficult>0</difficult>
		<bndbox>
			<xmin>1024</xmin>
			<ymin>1557</ymin>
			<xmax>1204</xmax>
			<ymax>1740</ymax>
		</bndbox>
	</object>
	<object>
		<name>sp05</name>
		<pose>Unspecified</pose>
		<truncated>0</truncated>
		<difficult>0</difficult>
		<bndbox>
			<xmin>1072</xmin>
			<ymin>1645</ymin>
			<xmax>1317</xmax>
			<ymax>1876</ymax>
		</bndbox>
	</object>
	<object>
		<name>sp05</name>
		<pose>Unspecified</pose>
		<truncated>0</truncated>
		<difficult>0</difficult>
		<bndbox>
			<xmin>1301</xmin>
			<ymin>1468</ymin>
			<xmax>1503</xmax>
			<ymax>1683</ymax>
		</bndbox>
	</object>
	<object>
		<name>sp05</name>
		<pose>Unspecified</pose>
		<truncated>0</truncated>
		<difficult>0</difficult>
		<bndbox>
			<xmin>1513</xmin>
			<ymin>1524</ymin>
			<xmax>1793</xmax>
			<ymax>1769</ymax>
		</bndbox>
	</object>
	<object>
		<name>sp05</name>
		<pose>Unspecified</pose>
		<truncated>0</truncated>
		<difficult>0</difficult>
		<bndbox>
			<xmin>1559</xmin>
			<ymin>1288</ymin>
			<xmax>1809</xmax>
			<ymax>1533</ymax>
		</bndbox>
	</object>
	<object>
		<name>sp05</name>
		<pose>Unspecified</pose>
		<truncated>0</truncated>
		<difficult>0</difficult>
		<bndbox>
			<xmin>151</xmin>
			<ymin>1695</ymin>
			<xmax>291</xmax>
			<ymax>1855</ymax>
		</bndbox>
	</object>
	<object>
		<name>sp05</name>
		<pose>Unspecified</pose>
		<truncated>0</truncated>
		<difficult>0</difficult>
		<bndbox>
			<xmin>166</xmin>
			<ymin>1542</ymin>
			<xmax>380</xmax>
			<ymax>1746</ymax>
		</bndbox>
	</object>
	<object>
		<name>sp05</name>
		<pose>Unspecified</pose>
		<truncated>0</truncated>
		<difficult>0</difficult>
		<bndbox>
			<xmin>207</xmin>
			<ymin>1402</ymin>
			<xmax>449</xmax>
			<ymax>1629</ymax>
		</bndbox>
	</object>
	<object>
		<name>sp05</name>
		<pose>Unspecified</pose>
		<truncated>0</truncated>
		<difficult>0</difficult>
		<bndbox>
			<xmin>1080</xmin>
			<ymin>1282</ymin>
			<xmax>1309</xmax>
			<ymax>1484</ymax>
		</bndbox>
	</object>
</annotation>