<annotation>
	<folder>my-project-name</folder>
	<filename>sp05_img01.jpg</filename>
	<path>/my-project-name/sp05_img01.jpg</path>
	<source>
		<database>Unspecified</database>
	</source>
	<size>
		<width>2765</width>
		<height>2766</height>
		<depth>3</depth>
	</size>
	<object>
		<name>sp05</name>
		<pose>Unspecified</pose>
		<truncated>0</truncated>
		<difficult>0</difficult>
		<bndbox>
			<xmin>1640</xmin>
			<ymin>1469</ymin>
			<xmax>1884</xmax>
			<ymax>1741</ymax>
		</bndbox>
	</object>
	<object>
		<name>sp05</name>
		<pose>Unspecified</pose>
		<truncated>0</truncated>
		<difficult>0</difficult>
		<bndbox>
			<xmin>1713</xmin>
			<ymin>1217</ymin>
			<xmax>1957</xmax>
			<ymax>1460</ymax>
		</bndbox>
	</object>
	<object>
		<name>sp05</name>
		<pose>Unspecified</pose>
		<truncated>0</truncated>
		<difficult>0</difficult>
		<bndbox>
			<xmin>330</xmin>
			<ymin>929</ymin>
			<xmax>678</xmax>
			<ymax>1248</ymax>
		</bndbox>
	</object>
	<object>
		<name>sp05</name>
		<pose>Unspecified</pose>
		<truncated>0</truncated>
		<difficult>0</difficult>
		<bndbox>
			<xmin>504</xmin>
			<ymin>1552</ymin>
			<xmax>853</xmax>
			<ymax>1858</ymax>
		</bndbox>
	</object>
	<object>
		<name>sp05</name>
		<pose>Unspecified</pose>
		<truncated>0</truncated>
		<difficult>0</difficult>
		<bndbox>
			<xmin>375</xmin>
			<ymin>1374</ymin>
			<xmax>711</xmax>
			<ymax>1664</ymax>
		</bndbox>
	</object>
	<object>
		<name>sp05</name>
		<pose>Unspecified</pose>
		<truncated>0</truncated>
		<difficult>0</difficult>
		<bndbox>
			<xmin>1294</xmin>
			<ymin>1952</ymin>
			<xmax>1656</xmax>
			<ymax>2303</ymax>
		</bndbox>
	</object>
	<object>
		<name>sp05</name>
		<pose>Unspecified</pose>
		<truncated>0</truncated>
		<difficult>0</difficult>
		<bndbox>
			<xmin>1456</xmin>
			<ymin>713</ymin>
			<xmax>1756</xmax>
			<ymax>1022</ymax>
		</bndbox>
	</object>
	<object>
		<name>sp05</name>
		<pose>Unspecified</pose>
		<truncated>0</truncated>
		<difficult>0</difficult>
		<bndbox>
			<xmin>1591</xmin>
			<ymin>464</ymin>
			<xmax>1846</xmax>
			<ymax>719</ymax>
		</bndbox>
	</object>
	<object>
		<name>sp05</name>
		<pose>Unspecified</pose>
		<truncated>0</truncated>
		<difficult>0</difficult>
		<bndbox>
			<xmin>2049</xmin>
			<ymin>726</ymin>
			<xmax>2365</xmax>
			<ymax>1032</ymax>
		</bndbox>
	</object>
	<object>
		<name>sp05</name>
		<pose>Unspecified</pose>
		<truncated>0</truncated>
		<difficult>0</difficult>
		<bndbox>
			<xmin>2165</xmin>
			<ymin>1306</ymin>
			<xmax>2482</xmax>
			<ymax>1603</ymax>
		</bndbox>
	</object>
	<object>
		<name>sp05</name>
		<pose>Unspecified</pose>
		<truncated>0</truncated>
		<difficult>0</difficult>
		<bndbox>
			<xmin>2240</xmin>
			<ymin>1584</ymin>
			<xmax>2501</xmax>
			<ymax>1858</ymax>
		</bndbox>
	</object>
	<object>
		<name>sp05</name>
		<pose>Unspecified</pose>
		<truncated>0</truncated>
		<difficult>0</difficult>
		<bndbox>
			<xmin>1982</xmin>
			<ymin>1729</ymin>
			<xmax>2291</xmax>
			<ymax>1977</ymax>
		</bndbox>
	</object>
	<object>
		<name>sp05</name>
		<pose>Unspecified</pose>
		<truncated>0</truncated>
		<difficult>0</difficult>
		<bndbox>
			<xmin>2036</xmin>
			<ymin>1939</ymin>
			<xmax>2317</xmax>
			<ymax>2174</ymax>
		</bndbox>
	</object>
	<object>
		<name>sp05</name>
		<pose>Unspecified</pose>
		<truncated>0</truncated>
		<difficult>0</difficult>
		<bndbox>
			<xmin>2004</xmin>
			<ymin>2155</ymin>
			<xmax>2259</xmax>
			<ymax>2364</ymax>
		</bndbox>
	</object>
	<object>
		<name>sp05</name>
		<pose>Unspecified</pose>
		<truncated>0</truncated>
		<difficult>0</difficult>
		<bndbox>
			<xmin>1901</xmin>
			<ymin>2271</ymin>
			<xmax>2165</xmax>
			<ymax>2506</ymax>
		</bndbox>
	</object>
	<object>
		<name>sp05</name>
		<pose>Unspecified</pose>
		<truncated>0</truncated>
		<difficult>0</difficult>
		<bndbox>
			<xmin>778</xmin>
			<ymin>235</ymin>
			<xmax>1049</xmax>
			<ymax>542</ymax>
		</bndbox>
	</object>
	<object>
		<name>sp05</name>
		<pose>Unspecified</pose>
		<truncated>0</truncated>
		<difficult>0</difficult>
		<bndbox>
			<xmin>1043</xmin>
			<ymin>235</ymin>
			<xmax>1259</xmax>
			<ymax>490</ymax>
		</bndbox>
	</object>
	<object>
		<name>sp05</name>
		<pose>Unspecified</pose>
		<truncated>0</truncated>
		<difficult>0</difficult>
		<bndbox>
			<xmin>1217</xmin>
			<ymin>619</ymin>
			<xmax>1453</xmax>
			<ymax>858</ymax>
		</bndbox>
	</object>
	<object>
		<name>sp05</name>
		<pose>Unspecified</pose>
		<truncated>0</truncated>
		<difficult>0</difficult>
		<bndbox>
			<xmin>1117</xmin>
			<ymin>700</ymin>
			<xmax>1388</xmax>
			<ymax>990</ymax>
		</bndbox>
	</object>
	<object>
		<name>sp05</name>
		<pose>Unspecified</pose>
		<truncated>0</truncated>
		<difficult>0</difficult>
		<bndbox>
			<xmin>1391</xmin>
			<ymin>197</ymin>
			<xmax>1588</xmax>
			<ymax>452</ymax>
		</bndbox>
	</object>
	<object>
		<name>sp05</name>
		<pose>Unspecified</pose>
		<truncated>0</truncated>
		<difficult>0</difficult>
		<bndbox>
			<xmin>1485</xmin>
			<ymin>145</ymin>
			<xmax>1704</xmax>
			<ymax>393</ymax>
		</bndbox>
	</object>
	<object>
		<name>sp05</name>
		<pose>Unspecified</pose>
		<truncated>0</truncated>
		<difficult>0</difficult>
		<bndbox>
			<xmin>1978</xmin>
			<ymin>322</ymin>
			<xmax>2194</xmax>
			<ymax>535</ymax>
		</bndbox>
	</object>
	<object>
		<name>sp05</name>
		<pose>Unspecified</pose>
		<truncated>0</truncated>
		<difficult>0</difficult>
		<bndbox>
			<xmin>2114</xmin>
			<ymin>448</ymin>
			<xmax>2304</xmax>
			<ymax>606</ymax>
		</bndbox>
	</object>
	<object>
		<name>sp05</name>
		<pose>Unspecified</pose>
		<truncated>0</truncated>
		<difficult>0</difficult>
		<bndbox>
			<xmin>2201</xmin>
			<ymin>571</ymin>
			<xmax>2485</xmax>
			<ymax>829</ymax>
		</bndbox>
	</object>
</annotation>