<annotation>
	<folder>my-project-name</folder>
	<filename>sp06_img26.jpg</filename>
	<path>/my-project-name/sp06_img26.jpg</path>
	<source>
		<database>Unspecified</database>
	</source>
	<size>
		<width>2209</width>
		<height>2209</height>
		<depth>3</depth>
	</size>
	<object>
		<name>sp06</name>
		<pose>Unspecified</pose>
		<truncated>0</truncated>
		<difficult>0</difficult>
		<bndbox>
			<xmin>953</xmin>
			<ymin>168</ymin>
			<xmax>975</xmax>
			<ymax>190</ymax>
		</bndbox>
	</object>
	<object>
		<name>sp06</name>
		<pose>Unspecified</pose>
		<truncated>0</truncated>
		<difficult>0</difficult>
		<bndbox>
			<xmin>1918</xmin>
			<ymin>537</ymin>
			<xmax>1970</xmax>
			<ymax>584</ymax>
		</bndbox>
	</object>
	<object>
		<name>sp06</name>
		<pose>Unspecified</pose>
		<truncated>0</truncated>
		<difficult>0</difficult>
		<bndbox>
			<xmin>927</xmin>
			<ymin>221</ymin>
			<xmax>972</xmax>
			<ymax>271</ymax>
		</bndbox>
	</object>
	<object>
		<name>sp06</name>
		<pose>Unspecified</pose>
		<truncated>0</truncated>
		<difficult>0</difficult>
		<bndbox>
			<xmin>482</xmin>
			<ymin>1727</ymin>
			<xmax>529</xmax>
			<ymax>1772</ymax>
		</bndbox>
	</object>
	<object>
		<name>sp06</name>
		<pose>Unspecified</pose>
		<truncated>0</truncated>
		<difficult>0</difficult>
		<bndbox>
			<xmin>718</xmin>
			<ymin>149</ymin>
			<xmax>755</xmax>
			<ymax>196</ymax>
		</bndbox>
	</object>
	<object>
		<name>sp06</name>
		<pose>Unspecified</pose>
		<truncated>0</truncated>
		<difficult>0</difficult>
		<bndbox>
			<xmin>932</xmin>
			<ymin>171</ymin>
			<xmax>954</xmax>
			<ymax>195</ymax>
		</bndbox>
	</object>
	<object>
		<name>sp06</name>
		<pose>Unspecified</pose>
		<truncated>0</truncated>
		<difficult>0</difficult>
		<bndbox>
			<xmin>766</xmin>
			<ymin>886</ymin>
			<xmax>805</xmax>
			<ymax>916</ymax>
		</bndbox>
	</object>
	<object>
		<name>sp06</name>
		<pose>Unspecified</pose>
		<truncated>0</truncated>
		<difficult>0</difficult>
		<bndbox>
			<xmin>889</xmin>
			<ymin>812</ymin>
			<xmax>928</xmax>
			<ymax>852</ymax>
		</bndbox>
	</object>
	<object>
		<name>sp06</name>
		<pose>Unspecified</pose>
		<truncated>0</truncated>
		<difficult>0</difficult>
		<bndbox>
			<xmin>932</xmin>
			<ymin>871</ymin>
			<xmax>968</xmax>
			<ymax>907</ymax>
		</bndbox>
	</object>
	<object>
		<name>sp06</name>
		<pose>Unspecified</pose>
		<truncated>0</truncated>
		<difficult>0</difficult>
		<bndbox>
			<xmin>954</xmin>
			<ymin>856</ymin>
			<xmax>988</xmax>
			<ymax>892</ymax>
		</bndbox>
	</object>
	<object>
		<name>sp06</name>
		<pose>Unspecified</pose>
		<truncated>0</truncated>
		<difficult>0</difficult>
		<bndbox>
			<xmin>918</xmin>
			<ymin>927</ymin>
			<xmax>954</xmax>
			<ymax>962</ymax>
		</bndbox>
	</object>
	<object>
		<name>sp06</name>
		<pose>Unspecified</pose>
		<truncated>0</truncated>
		<difficult>0</difficult>
		<bndbox>
			<xmin>914</xmin>
			<ymin>959</ymin>
			<xmax>951</xmax>
			<ymax>1001</ymax>
		</bndbox>
	</object>
	<object>
		<name>sp06</name>
		<pose>Unspecified</pose>
		<truncated>0</truncated>
		<difficult>0</difficult>
		<bndbox>
			<xmin>953</xmin>
			<ymin>960</ymin>
			<xmax>990</xmax>
			<ymax>1000</ymax>
		</bndbox>
	</object>
	<object>
		<name>sp06</name>
		<pose>Unspecified</pose>
		<truncated>0</truncated>
		<difficult>0</difficult>
		<bndbox>
			<xmin>1001</xmin>
			<ymin>946</ymin>
			<xmax>1039</xmax>
			<ymax>988</ymax>
		</bndbox>
	</object>
	<object>
		<name>sp06</name>
		<pose>Unspecified</pose>
		<truncated>0</truncated>
		<difficult>0</difficult>
		<bndbox>
			<xmin>878</xmin>
			<ymin>1011</ymin>
			<xmax>919</xmax>
			<ymax>1053</ymax>
		</bndbox>
	</object>
	<object>
		<name>sp06</name>
		<pose>Unspecified</pose>
		<truncated>0</truncated>
		<difficult>0</difficult>
		<bndbox>
			<xmin>765</xmin>
			<ymin>1117</ymin>
			<xmax>802</xmax>
			<ymax>1155</ymax>
		</bndbox>
	</object>
	<object>
		<name>sp06</name>
		<pose>Unspecified</pose>
		<truncated>0</truncated>
		<difficult>0</difficult>
		<bndbox>
			<xmin>1091</xmin>
			<ymin>962</ymin>
			<xmax>1135</xmax>
			<ymax>1006</ymax>
		</bndbox>
	</object>
	<object>
		<name>sp06</name>
		<pose>Unspecified</pose>
		<truncated>0</truncated>
		<difficult>0</difficult>
		<bndbox>
			<xmin>1126</xmin>
			<ymin>962</ymin>
			<xmax>1159</xmax>
			<ymax>1001</ymax>
		</bndbox>
	</object>
	<object>
		<name>sp06</name>
		<pose>Unspecified</pose>
		<truncated>0</truncated>
		<difficult>0</difficult>
		<bndbox>
			<xmin>808</xmin>
			<ymin>834</ymin>
			<xmax>843</xmax>
			<ymax>861</ymax>
		</bndbox>
	</object>
	<object>
		<name>sp06</name>
		<pose>Unspecified</pose>
		<truncated>0</truncated>
		<difficult>0</difficult>
		<bndbox>
			<xmin>808</xmin>
			<ymin>859</ymin>
			<xmax>842</xmax>
			<ymax>882</ymax>
		</bndbox>
	</object>
	<object>
		<name>sp06</name>
		<pose>Unspecified</pose>
		<truncated>0</truncated>
		<difficult>0</difficult>
		<bndbox>
			<xmin>738</xmin>
			<ymin>786</ymin>
			<xmax>778</xmax>
			<ymax>827</ymax>
		</bndbox>
	</object>
	<object>
		<name>sp06</name>
		<pose>Unspecified</pose>
		<truncated>0</truncated>
		<difficult>0</difficult>
		<bndbox>
			<xmin>779</xmin>
			<ymin>788</ymin>
			<xmax>817</xmax>
			<ymax>831</ymax>
		</bndbox>
	</object>
	<object>
		<name>sp06</name>
		<pose>Unspecified</pose>
		<truncated>0</truncated>
		<difficult>0</difficult>
		<bndbox>
			<xmin>1224</xmin>
			<ymin>564</ymin>
			<xmax>1262</xmax>
			<ymax>603</ymax>
		</bndbox>
	</object>
	<object>
		<name>sp06</name>
		<pose>Unspecified</pose>
		<truncated>0</truncated>
		<difficult>0</difficult>
		<bndbox>
			<xmin>1295</xmin>
			<ymin>431</ymin>
			<xmax>1340</xmax>
			<ymax>469</ymax>
		</bndbox>
	</object>
	<object>
		<name>sp06</name>
		<pose>Unspecified</pose>
		<truncated>0</truncated>
		<difficult>0</difficult>
		<bndbox>
			<xmin>1469</xmin>
			<ymin>383</ymin>
			<xmax>1506</xmax>
			<ymax>419</ymax>
		</bndbox>
	</object>
	<object>
		<name>sp06</name>
		<pose>Unspecified</pose>
		<truncated>0</truncated>
		<difficult>0</difficult>
		<bndbox>
			<xmin>1522</xmin>
			<ymin>309</ymin>
			<xmax>1558</xmax>
			<ymax>346</ymax>
		</bndbox>
	</object>
	<object>
		<name>sp06</name>
		<pose>Unspecified</pose>
		<truncated>0</truncated>
		<difficult>0</difficult>
		<bndbox>
			<xmin>1653</xmin>
			<ymin>376</ymin>
			<xmax>1691</xmax>
			<ymax>413</ymax>
		</bndbox>
	</object>
	<object>
		<name>sp06</name>
		<pose>Unspecified</pose>
		<truncated>0</truncated>
		<difficult>0</difficult>
		<bndbox>
			<xmin>1807</xmin>
			<ymin>385</ymin>
			<xmax>1847</xmax>
			<ymax>421</ymax>
		</bndbox>
	</object>
	<object>
		<name>sp06</name>
		<pose>Unspecified</pose>
		<truncated>0</truncated>
		<difficult>0</difficult>
		<bndbox>
			<xmin>1784</xmin>
			<ymin>428</ymin>
			<xmax>1818</xmax>
			<ymax>460</ymax>
		</bndbox>
	</object>
	<object>
		<name>sp06</name>
		<pose>Unspecified</pose>
		<truncated>0</truncated>
		<difficult>0</difficult>
		<bndbox>
			<xmin>1779</xmin>
			<ymin>469</ymin>
			<xmax>1820</xmax>
			<ymax>502</ymax>
		</bndbox>
	</object>
	<object>
		<name>sp06</name>
		<pose>Unspecified</pose>
		<truncated>0</truncated>
		<difficult>0</difficult>
		<bndbox>
			<xmin>1793</xmin>
			<ymin>499</ymin>
			<xmax>1832</xmax>
			<ymax>533</ymax>
		</bndbox>
	</object>
	<object>
		<name>sp06</name>
		<pose>Unspecified</pose>
		<truncated>0</truncated>
		<difficult>0</difficult>
		<bndbox>
			<xmin>1751</xmin>
			<ymin>542</ymin>
			<xmax>1795</xmax>
			<ymax>576</ymax>
		</bndbox>
	</object>
	<object>
		<name>sp06</name>
		<pose>Unspecified</pose>
		<truncated>0</truncated>
		<difficult>0</difficult>
		<bndbox>
			<xmin>1841</xmin>
			<ymin>523</ymin>
			<xmax>1879</xmax>
			<ymax>560</ymax>
		</bndbox>
	</object>
	<object>
		<name>sp06</name>
		<pose>Unspecified</pose>
		<truncated>0</truncated>
		<difficult>0</difficult>
		<bndbox>
			<xmin>1853</xmin>
			<ymin>551</ymin>
			<xmax>1893</xmax>
			<ymax>586</ymax>
		</bndbox>
	</object>
	<object>
		<name>sp06</name>
		<pose>Unspecified</pose>
		<truncated>0</truncated>
		<difficult>0</difficult>
		<bndbox>
			<xmin>1857</xmin>
			<ymin>599</ymin>
			<xmax>1916</xmax>
			<ymax>646</ymax>
		</bndbox>
	</object>
	<object>
		<name>sp06</name>
		<pose>Unspecified</pose>
		<truncated>0</truncated>
		<difficult>0</difficult>
		<bndbox>
			<xmin>1991</xmin>
			<ymin>579</ymin>
			<xmax>2031</xmax>
			<ymax>620</ymax>
		</bndbox>
	</object>
	<object>
		<name>sp06</name>
		<pose>Unspecified</pose>
		<truncated>0</truncated>
		<difficult>0</difficult>
		<bndbox>
			<xmin>2027</xmin>
			<ymin>635</ymin>
			<xmax>2073</xmax>
			<ymax>681</ymax>
		</bndbox>
	</object>
	<object>
		<name>sp06</name>
		<pose>Unspecified</pose>
		<truncated>0</truncated>
		<difficult>0</difficult>
		<bndbox>
			<xmin>1894</xmin>
			<ymin>672</ymin>
			<xmax>1943</xmax>
			<ymax>712</ymax>
		</bndbox>
	</object>
	<object>
		<name>sp06</name>
		<pose>Unspecified</pose>
		<truncated>0</truncated>
		<difficult>0</difficult>
		<bndbox>
			<xmin>1804</xmin>
			<ymin>725</ymin>
			<xmax>1845</xmax>
			<ymax>760</ymax>
		</bndbox>
	</object>
	<object>
		<name>sp06</name>
		<pose>Unspecified</pose>
		<truncated>0</truncated>
		<difficult>0</difficult>
		<bndbox>
			<xmin>1829</xmin>
			<ymin>739</ymin>
			<xmax>1870</xmax>
			<ymax>780</ymax>
		</bndbox>
	</object>
	<object>
		<name>sp06</name>
		<pose>Unspecified</pose>
		<truncated>0</truncated>
		<difficult>0</difficult>
		<bndbox>
			<xmin>1773</xmin>
			<ymin>790</ymin>
			<xmax>1819</xmax>
			<ymax>831</ymax>
		</bndbox>
	</object>
	<object>
		<name>sp06</name>
		<pose>Unspecified</pose>
		<truncated>0</truncated>
		<difficult>0</difficult>
		<bndbox>
			<xmin>2043</xmin>
			<ymin>732</ymin>
			<xmax>2083</xmax>
			<ymax>764</ymax>
		</bndbox>
	</object>
	<object>
		<name>sp06</name>
		<pose>Unspecified</pose>
		<truncated>0</truncated>
		<difficult>0</difficult>
		<bndbox>
			<xmin>2015</xmin>
			<ymin>821</ymin>
			<xmax>2054</xmax>
			<ymax>859</ymax>
		</bndbox>
	</object>
	<object>
		<name>sp06</name>
		<pose>Unspecified</pose>
		<truncated>0</truncated>
		<difficult>0</difficult>
		<bndbox>
			<xmin>1667</xmin>
			<ymin>872</ymin>
			<xmax>1709</xmax>
			<ymax>907</ymax>
		</bndbox>
	</object>
	<object>
		<name>sp06</name>
		<pose>Unspecified</pose>
		<truncated>0</truncated>
		<difficult>0</difficult>
		<bndbox>
			<xmin>2122</xmin>
			<ymin>889</ymin>
			<xmax>2161</xmax>
			<ymax>931</ymax>
		</bndbox>
	</object>
	<object>
		<name>sp06</name>
		<pose>Unspecified</pose>
		<truncated>0</truncated>
		<difficult>0</difficult>
		<bndbox>
			<xmin>2162</xmin>
			<ymin>980</ymin>
			<xmax>2198</xmax>
			<ymax>1017</ymax>
		</bndbox>
	</object>
	<object>
		<name>sp06</name>
		<pose>Unspecified</pose>
		<truncated>0</truncated>
		<difficult>0</difficult>
		<bndbox>
			<xmin>2012</xmin>
			<ymin>997</ymin>
			<xmax>2043</xmax>
			<ymax>1035</ymax>
		</bndbox>
	</object>
	<object>
		<name>sp06</name>
		<pose>Unspecified</pose>
		<truncated>0</truncated>
		<difficult>0</difficult>
		<bndbox>
			<xmin>1707</xmin>
			<ymin>1043</ymin>
			<xmax>1743</xmax>
			<ymax>1093</ymax>
		</bndbox>
	</object>
	<object>
		<name>sp06</name>
		<pose>Unspecified</pose>
		<truncated>0</truncated>
		<difficult>0</difficult>
		<bndbox>
			<xmin>1770</xmin>
			<ymin>1154</ymin>
			<xmax>1823</xmax>
			<ymax>1201</ymax>
		</bndbox>
	</object>
	<object>
		<name>sp06</name>
		<pose>Unspecified</pose>
		<truncated>0</truncated>
		<difficult>0</difficult>
		<bndbox>
			<xmin>1861</xmin>
			<ymin>1169</ymin>
			<xmax>1901</xmax>
			<ymax>1214</ymax>
		</bndbox>
	</object>
	<object>
		<name>sp06</name>
		<pose>Unspecified</pose>
		<truncated>0</truncated>
		<difficult>0</difficult>
		<bndbox>
			<xmin>1914</xmin>
			<ymin>1155</ymin>
			<xmax>1950</xmax>
			<ymax>1195</ymax>
		</bndbox>
	</object>
	<object>
		<name>sp06</name>
		<pose>Unspecified</pose>
		<truncated>0</truncated>
		<difficult>0</difficult>
		<bndbox>
			<xmin>1964</xmin>
			<ymin>1268</ymin>
			<xmax>2002</xmax>
			<ymax>1312</ymax>
		</bndbox>
	</object>
	<object>
		<name>sp06</name>
		<pose>Unspecified</pose>
		<truncated>0</truncated>
		<difficult>0</difficult>
		<bndbox>
			<xmin>2125</xmin>
			<ymin>1205</ymin>
			<xmax>2170</xmax>
			<ymax>1247</ymax>
		</bndbox>
	</object>
	<object>
		<name>sp06</name>
		<pose>Unspecified</pose>
		<truncated>0</truncated>
		<difficult>0</difficult>
		<bndbox>
			<xmin>2158</xmin>
			<ymin>1165</ymin>
			<xmax>2201</xmax>
			<ymax>1211</ymax>
		</bndbox>
	</object>
	<object>
		<name>sp06</name>
		<pose>Unspecified</pose>
		<truncated>0</truncated>
		<difficult>0</difficult>
		<bndbox>
			<xmin>2020</xmin>
			<ymin>1306</ymin>
			<xmax>2055</xmax>
			<ymax>1344</ymax>
		</bndbox>
	</object>
	<object>
		<name>sp06</name>
		<pose>Unspecified</pose>
		<truncated>0</truncated>
		<difficult>0</difficult>
		<bndbox>
			<xmin>2047</xmin>
			<ymin>1296</ymin>
			<xmax>2086</xmax>
			<ymax>1343</ymax>
		</bndbox>
	</object>
	<object>
		<name>sp06</name>
		<pose>Unspecified</pose>
		<truncated>0</truncated>
		<difficult>0</difficult>
		<bndbox>
			<xmin>1926</xmin>
			<ymin>1392</ymin>
			<xmax>1968</xmax>
			<ymax>1432</ymax>
		</bndbox>
	</object>
	<object>
		<name>sp06</name>
		<pose>Unspecified</pose>
		<truncated>0</truncated>
		<difficult>0</difficult>
		<bndbox>
			<xmin>1923</xmin>
			<ymin>1457</ymin>
			<xmax>1967</xmax>
			<ymax>1503</ymax>
		</bndbox>
	</object>
	<object>
		<name>sp06</name>
		<pose>Unspecified</pose>
		<truncated>0</truncated>
		<difficult>0</difficult>
		<bndbox>
			<xmin>1979</xmin>
			<ymin>1426</ymin>
			<xmax>2028</xmax>
			<ymax>1473</ymax>
		</bndbox>
	</object>
	<object>
		<name>sp06</name>
		<pose>Unspecified</pose>
		<truncated>0</truncated>
		<difficult>0</difficult>
		<bndbox>
			<xmin>1840</xmin>
			<ymin>1569</ymin>
			<xmax>1873</xmax>
			<ymax>1607</ymax>
		</bndbox>
	</object>
	<object>
		<name>sp06</name>
		<pose>Unspecified</pose>
		<truncated>0</truncated>
		<difficult>0</difficult>
		<bndbox>
			<xmin>1860</xmin>
			<ymin>1561</ymin>
			<xmax>1896</xmax>
			<ymax>1601</ymax>
		</bndbox>
	</object>
	<object>
		<name>sp06</name>
		<pose>Unspecified</pose>
		<truncated>0</truncated>
		<difficult>0</difficult>
		<bndbox>
			<xmin>1749</xmin>
			<ymin>1557</ymin>
			<xmax>1790</xmax>
			<ymax>1595</ymax>
		</bndbox>
	</object>
	<object>
		<name>sp06</name>
		<pose>Unspecified</pose>
		<truncated>0</truncated>
		<difficult>0</difficult>
		<bndbox>
			<xmin>1672</xmin>
			<ymin>1576</ymin>
			<xmax>1712</xmax>
			<ymax>1615</ymax>
		</bndbox>
	</object>
	<object>
		<name>sp06</name>
		<pose>Unspecified</pose>
		<truncated>0</truncated>
		<difficult>0</difficult>
		<bndbox>
			<xmin>1339</xmin>
			<ymin>1585</ymin>
			<xmax>1382</xmax>
			<ymax>1625</ymax>
		</bndbox>
	</object>
	<object>
		<name>sp06</name>
		<pose>Unspecified</pose>
		<truncated>0</truncated>
		<difficult>0</difficult>
		<bndbox>
			<xmin>1333</xmin>
			<ymin>1827</ymin>
			<xmax>1375</xmax>
			<ymax>1864</ymax>
		</bndbox>
	</object>
	<object>
		<name>sp06</name>
		<pose>Unspecified</pose>
		<truncated>0</truncated>
		<difficult>0</difficult>
		<bndbox>
			<xmin>1169</xmin>
			<ymin>1868</ymin>
			<xmax>1224</xmax>
			<ymax>1911</ymax>
		</bndbox>
	</object>
	<object>
		<name>sp06</name>
		<pose>Unspecified</pose>
		<truncated>0</truncated>
		<difficult>0</difficult>
		<bndbox>
			<xmin>639</xmin>
			<ymin>1829</ymin>
			<xmax>685</xmax>
			<ymax>1868</ymax>
		</bndbox>
	</object>
	<object>
		<name>sp06</name>
		<pose>Unspecified</pose>
		<truncated>0</truncated>
		<difficult>0</difficult>
		<bndbox>
			<xmin>851</xmin>
			<ymin>1903</ymin>
			<xmax>901</xmax>
			<ymax>1948</ymax>
		</bndbox>
	</object>
	<object>
		<name>sp06</name>
		<pose>Unspecified</pose>
		<truncated>0</truncated>
		<difficult>0</difficult>
		<bndbox>
			<xmin>679</xmin>
			<ymin>2018</ymin>
			<xmax>725</xmax>
			<ymax>2063</ymax>
		</bndbox>
	</object>
	<object>
		<name>sp06</name>
		<pose>Unspecified</pose>
		<truncated>0</truncated>
		<difficult>0</difficult>
		<bndbox>
			<xmin>715</xmin>
			<ymin>2040</ymin>
			<xmax>766</xmax>
			<ymax>2079</ymax>
		</bndbox>
	</object>
	<object>
		<name>sp06</name>
		<pose>Unspecified</pose>
		<truncated>0</truncated>
		<difficult>0</difficult>
		<bndbox>
			<xmin>1003</xmin>
			<ymin>2045</ymin>
			<xmax>1056</xmax>
			<ymax>2090</ymax>
		</bndbox>
	</object>
	<object>
		<name>sp06</name>
		<pose>Unspecified</pose>
		<truncated>0</truncated>
		<difficult>0</difficult>
		<bndbox>
			<xmin>1198</xmin>
			<ymin>1946</ymin>
			<xmax>1237</xmax>
			<ymax>1988</ymax>
		</bndbox>
	</object>
	<object>
		<name>sp06</name>
		<pose>Unspecified</pose>
		<truncated>0</truncated>
		<difficult>0</difficult>
		<bndbox>
			<xmin>1134</xmin>
			<ymin>2119</ymin>
			<xmax>1179</xmax>
			<ymax>2166</ymax>
		</bndbox>
	</object>
	<object>
		<name>sp06</name>
		<pose>Unspecified</pose>
		<truncated>0</truncated>
		<difficult>0</difficult>
		<bndbox>
			<xmin>316</xmin>
			<ymin>1746</ymin>
			<xmax>366</xmax>
			<ymax>1795</ymax>
		</bndbox>
	</object>
	<object>
		<name>sp06</name>
		<pose>Unspecified</pose>
		<truncated>0</truncated>
		<difficult>0</difficult>
		<bndbox>
			<xmin>493</xmin>
			<ymin>1689</ymin>
			<xmax>530</xmax>
			<ymax>1721</ymax>
		</bndbox>
	</object>
	<object>
		<name>sp06</name>
		<pose>Unspecified</pose>
		<truncated>0</truncated>
		<difficult>0</difficult>
		<bndbox>
			<xmin>617</xmin>
			<ymin>1595</ymin>
			<xmax>654</xmax>
			<ymax>1634</ymax>
		</bndbox>
	</object>
	<object>
		<name>sp06</name>
		<pose>Unspecified</pose>
		<truncated>0</truncated>
		<difficult>0</difficult>
		<bndbox>
			<xmin>642</xmin>
			<ymin>1678</ymin>
			<xmax>692</xmax>
			<ymax>1728</ymax>
		</bndbox>
	</object>
	<object>
		<name>sp06</name>
		<pose>Unspecified</pose>
		<truncated>0</truncated>
		<difficult>0</difficult>
		<bndbox>
			<xmin>735</xmin>
			<ymin>1688</ymin>
			<xmax>780</xmax>
			<ymax>1735</ymax>
		</bndbox>
	</object>
	<object>
		<name>sp06</name>
		<pose>Unspecified</pose>
		<truncated>0</truncated>
		<difficult>0</difficult>
		<bndbox>
			<xmin>781</xmin>
			<ymin>1735</ymin>
			<xmax>826</xmax>
			<ymax>1774</ymax>
		</bndbox>
	</object>
	<object>
		<name>sp06</name>
		<pose>Unspecified</pose>
		<truncated>0</truncated>
		<difficult>0</difficult>
		<bndbox>
			<xmin>820</xmin>
			<ymin>1689</ymin>
			<xmax>865</xmax>
			<ymax>1730</ymax>
		</bndbox>
	</object>
	<object>
		<name>sp06</name>
		<pose>Unspecified</pose>
		<truncated>0</truncated>
		<difficult>0</difficult>
		<bndbox>
			<xmin>89</xmin>
			<ymin>1253</ymin>
			<xmax>139</xmax>
			<ymax>1298</ymax>
		</bndbox>
	</object>
	<object>
		<name>sp06</name>
		<pose>Unspecified</pose>
		<truncated>0</truncated>
		<difficult>0</difficult>
		<bndbox>
			<xmin>82</xmin>
			<ymin>1288</ymin>
			<xmax>122</xmax>
			<ymax>1324</ymax>
		</bndbox>
	</object>
	<object>
		<name>sp06</name>
		<pose>Unspecified</pose>
		<truncated>0</truncated>
		<difficult>0</difficult>
		<bndbox>
			<xmin>232</xmin>
			<ymin>1208</ymin>
			<xmax>278</xmax>
			<ymax>1252</ymax>
		</bndbox>
	</object>
	<object>
		<name>sp06</name>
		<pose>Unspecified</pose>
		<truncated>0</truncated>
		<difficult>0</difficult>
		<bndbox>
			<xmin>391</xmin>
			<ymin>1153</ymin>
			<xmax>428</xmax>
			<ymax>1194</ymax>
		</bndbox>
	</object>
	<object>
		<name>sp06</name>
		<pose>Unspecified</pose>
		<truncated>0</truncated>
		<difficult>0</difficult>
		<bndbox>
			<xmin>411</xmin>
			<ymin>1217</ymin>
			<xmax>457</xmax>
			<ymax>1265</ymax>
		</bndbox>
	</object>
	<object>
		<name>sp06</name>
		<pose>Unspecified</pose>
		<truncated>0</truncated>
		<difficult>0</difficult>
		<bndbox>
			<xmin>431</xmin>
			<ymin>1332</ymin>
			<xmax>481</xmax>
			<ymax>1377</ymax>
		</bndbox>
	</object>
	<object>
		<name>sp06</name>
		<pose>Unspecified</pose>
		<truncated>0</truncated>
		<difficult>0</difficult>
		<bndbox>
			<xmin>559</xmin>
			<ymin>1457</ymin>
			<xmax>607</xmax>
			<ymax>1503</ymax>
		</bndbox>
	</object>
	<object>
		<name>sp06</name>
		<pose>Unspecified</pose>
		<truncated>0</truncated>
		<difficult>0</difficult>
		<bndbox>
			<xmin>25</xmin>
			<ymin>909</ymin>
			<xmax>62</xmax>
			<ymax>947</ymax>
		</bndbox>
	</object>
	<object>
		<name>sp06</name>
		<pose>Unspecified</pose>
		<truncated>0</truncated>
		<difficult>0</difficult>
		<bndbox>
			<xmin>78</xmin>
			<ymin>1031</ymin>
			<xmax>117</xmax>
			<ymax>1067</ymax>
		</bndbox>
	</object>
	<object>
		<name>sp06</name>
		<pose>Unspecified</pose>
		<truncated>0</truncated>
		<difficult>0</difficult>
		<bndbox>
			<xmin>34</xmin>
			<ymin>1097</ymin>
			<xmax>73</xmax>
			<ymax>1131</ymax>
		</bndbox>
	</object>
	<object>
		<name>sp06</name>
		<pose>Unspecified</pose>
		<truncated>0</truncated>
		<difficult>0</difficult>
		<bndbox>
			<xmin>48</xmin>
			<ymin>1123</ymin>
			<xmax>86</xmax>
			<ymax>1160</ymax>
		</bndbox>
	</object>
	<object>
		<name>sp06</name>
		<pose>Unspecified</pose>
		<truncated>0</truncated>
		<difficult>0</difficult>
		<bndbox>
			<xmin>140</xmin>
			<ymin>925</ymin>
			<xmax>178</xmax>
			<ymax>966</ymax>
		</bndbox>
	</object>
	<object>
		<name>sp06</name>
		<pose>Unspecified</pose>
		<truncated>0</truncated>
		<difficult>0</difficult>
		<bndbox>
			<xmin>312</xmin>
			<ymin>997</ymin>
			<xmax>352</xmax>
			<ymax>1032</ymax>
		</bndbox>
	</object>
	<object>
		<name>sp06</name>
		<pose>Unspecified</pose>
		<truncated>0</truncated>
		<difficult>0</difficult>
		<bndbox>
			<xmin>298</xmin>
			<ymin>1020</ymin>
			<xmax>337</xmax>
			<ymax>1059</ymax>
		</bndbox>
	</object>
	<object>
		<name>sp06</name>
		<pose>Unspecified</pose>
		<truncated>0</truncated>
		<difficult>0</difficult>
		<bndbox>
			<xmin>364</xmin>
			<ymin>890</ymin>
			<xmax>409</xmax>
			<ymax>941</ymax>
		</bndbox>
	</object>
	<object>
		<name>sp06</name>
		<pose>Unspecified</pose>
		<truncated>0</truncated>
		<difficult>0</difficult>
		<bndbox>
			<xmin>432</xmin>
			<ymin>842</ymin>
			<xmax>484</xmax>
			<ymax>900</ymax>
		</bndbox>
	</object>
	<object>
		<name>sp06</name>
		<pose>Unspecified</pose>
		<truncated>0</truncated>
		<difficult>0</difficult>
		<bndbox>
			<xmin>445</xmin>
			<ymin>929</ymin>
			<xmax>495</xmax>
			<ymax>975</ymax>
		</bndbox>
	</object>
	<object>
		<name>sp06</name>
		<pose>Unspecified</pose>
		<truncated>0</truncated>
		<difficult>0</difficult>
		<bndbox>
			<xmin>559</xmin>
			<ymin>1002</ymin>
			<xmax>599</xmax>
			<ymax>1038</ymax>
		</bndbox>
	</object>
	<object>
		<name>sp06</name>
		<pose>Unspecified</pose>
		<truncated>0</truncated>
		<difficult>0</difficult>
		<bndbox>
			<xmin>616</xmin>
			<ymin>935</ymin>
			<xmax>660</xmax>
			<ymax>978</ymax>
		</bndbox>
	</object>
	<object>
		<name>sp06</name>
		<pose>Unspecified</pose>
		<truncated>0</truncated>
		<difficult>0</difficult>
		<bndbox>
			<xmin>598</xmin>
			<ymin>836</ymin>
			<xmax>641</xmax>
			<ymax>877</ymax>
		</bndbox>
	</object>
	<object>
		<name>sp06</name>
		<pose>Unspecified</pose>
		<truncated>0</truncated>
		<difficult>0</difficult>
		<bndbox>
			<xmin>260</xmin>
			<ymin>603</ymin>
			<xmax>308</xmax>
			<ymax>643</ymax>
		</bndbox>
	</object>
	<object>
		<name>sp06</name>
		<pose>Unspecified</pose>
		<truncated>0</truncated>
		<difficult>0</difficult>
		<bndbox>
			<xmin>364</xmin>
			<ymin>613</ymin>
			<xmax>412</xmax>
			<ymax>655</ymax>
		</bndbox>
	</object>
	<object>
		<name>sp06</name>
		<pose>Unspecified</pose>
		<truncated>0</truncated>
		<difficult>0</difficult>
		<bndbox>
			<xmin>376</xmin>
			<ymin>794</ymin>
			<xmax>424</xmax>
			<ymax>835</ymax>
		</bndbox>
	</object>
	<object>
		<name>sp06</name>
		<pose>Unspecified</pose>
		<truncated>0</truncated>
		<difficult>0</difficult>
		<bndbox>
			<xmin>461</xmin>
			<ymin>662</ymin>
			<xmax>505</xmax>
			<ymax>704</ymax>
		</bndbox>
	</object>
	<object>
		<name>sp06</name>
		<pose>Unspecified</pose>
		<truncated>0</truncated>
		<difficult>0</difficult>
		<bndbox>
			<xmin>533</xmin>
			<ymin>558</ymin>
			<xmax>572</xmax>
			<ymax>595</ymax>
		</bndbox>
	</object>
	<object>
		<name>sp06</name>
		<pose>Unspecified</pose>
		<truncated>0</truncated>
		<difficult>0</difficult>
		<bndbox>
			<xmin>533</xmin>
			<ymin>684</ymin>
			<xmax>578</xmax>
			<ymax>727</ymax>
		</bndbox>
	</object>
	<object>
		<name>sp06</name>
		<pose>Unspecified</pose>
		<truncated>0</truncated>
		<difficult>0</difficult>
		<bndbox>
			<xmin>625</xmin>
			<ymin>556</ymin>
			<xmax>667</xmax>
			<ymax>597</ymax>
		</bndbox>
	</object>
	<object>
		<name>sp06</name>
		<pose>Unspecified</pose>
		<truncated>0</truncated>
		<difficult>0</difficult>
		<bndbox>
			<xmin>549</xmin>
			<ymin>212</ymin>
			<xmax>591</xmax>
			<ymax>247</ymax>
		</bndbox>
	</object>
	<object>
		<name>sp06</name>
		<pose>Unspecified</pose>
		<truncated>0</truncated>
		<difficult>0</difficult>
		<bndbox>
			<xmin>576</xmin>
			<ymin>225</ymin>
			<xmax>615</xmax>
			<ymax>265</ymax>
		</bndbox>
	</object>
	<object>
		<name>sp06</name>
		<pose>Unspecified</pose>
		<truncated>0</truncated>
		<difficult>0</difficult>
		<bndbox>
			<xmin>494</xmin>
			<ymin>402</ymin>
			<xmax>534</xmax>
			<ymax>440</ymax>
		</bndbox>
	</object>
	<object>
		<name>sp06</name>
		<pose>Unspecified</pose>
		<truncated>0</truncated>
		<difficult>0</difficult>
		<bndbox>
			<xmin>518</xmin>
			<ymin>431</ymin>
			<xmax>551</xmax>
			<ymax>475</ymax>
		</bndbox>
	</object>
	<object>
		<name>sp06</name>
		<pose>Unspecified</pose>
		<truncated>0</truncated>
		<difficult>0</difficult>
		<bndbox>
			<xmin>578</xmin>
			<ymin>399</ymin>
			<xmax>617</xmax>
			<ymax>435</ymax>
		</bndbox>
	</object>
	<object>
		<name>sp06</name>
		<pose>Unspecified</pose>
		<truncated>0</truncated>
		<difficult>0</difficult>
		<bndbox>
			<xmin>575</xmin>
			<ymin>448</ymin>
			<xmax>615</xmax>
			<ymax>494</ymax>
		</bndbox>
	</object>
	<object>
		<name>sp06</name>
		<pose>Unspecified</pose>
		<truncated>0</truncated>
		<difficult>0</difficult>
		<bndbox>
			<xmin>631</xmin>
			<ymin>383</ymin>
			<xmax>671</xmax>
			<ymax>422</ymax>
		</bndbox>
	</object>
	<object>
		<name>sp06</name>
		<pose>Unspecified</pose>
		<truncated>0</truncated>
		<difficult>0</difficult>
		<bndbox>
			<xmin>637</xmin>
			<ymin>315</ymin>
			<xmax>673</xmax>
			<ymax>352</ymax>
		</bndbox>
	</object>
	<object>
		<name>sp06</name>
		<pose>Unspecified</pose>
		<truncated>0</truncated>
		<difficult>0</difficult>
		<bndbox>
			<xmin>661</xmin>
			<ymin>275</ymin>
			<xmax>698</xmax>
			<ymax>320</ymax>
		</bndbox>
	</object>
	<object>
		<name>sp06</name>
		<pose>Unspecified</pose>
		<truncated>0</truncated>
		<difficult>0</difficult>
		<bndbox>
			<xmin>707</xmin>
			<ymin>464</ymin>
			<xmax>757</xmax>
			<ymax>507</ymax>
		</bndbox>
	</object>
	<object>
		<name>sp06</name>
		<pose>Unspecified</pose>
		<truncated>0</truncated>
		<difficult>0</difficult>
		<bndbox>
			<xmin>599</xmin>
			<ymin>123</ymin>
			<xmax>639</xmax>
			<ymax>168</ymax>
		</bndbox>
	</object>
	<object>
		<name>sp06</name>
		<pose>Unspecified</pose>
		<truncated>0</truncated>
		<difficult>0</difficult>
		<bndbox>
			<xmin>621</xmin>
			<ymin>114</ymin>
			<xmax>654</xmax>
			<ymax>141</ymax>
		</bndbox>
	</object>
	<object>
		<name>sp06</name>
		<pose>Unspecified</pose>
		<truncated>0</truncated>
		<difficult>0</difficult>
		<bndbox>
			<xmin>682</xmin>
			<ymin>160</ymin>
			<xmax>719</xmax>
			<ymax>191</ymax>
		</bndbox>
	</object>
	<object>
		<name>sp06</name>
		<pose>Unspecified</pose>
		<truncated>0</truncated>
		<difficult>0</difficult>
		<bndbox>
			<xmin>776</xmin>
			<ymin>69</ymin>
			<xmax>821</xmax>
			<ymax>111</ymax>
		</bndbox>
	</object>
	<object>
		<name>sp06</name>
		<pose>Unspecified</pose>
		<truncated>0</truncated>
		<difficult>0</difficult>
		<bndbox>
			<xmin>822</xmin>
			<ymin>108</ymin>
			<xmax>855</xmax>
			<ymax>136</ymax>
		</bndbox>
	</object>
	<object>
		<name>sp06</name>
		<pose>Unspecified</pose>
		<truncated>0</truncated>
		<difficult>0</difficult>
		<bndbox>
			<xmin>823</xmin>
			<ymin>208</ymin>
			<xmax>864</xmax>
			<ymax>251</ymax>
		</bndbox>
	</object>
	<object>
		<name>sp06</name>
		<pose>Unspecified</pose>
		<truncated>0</truncated>
		<difficult>0</difficult>
		<bndbox>
			<xmin>899</xmin>
			<ymin>141</ymin>
			<xmax>933</xmax>
			<ymax>176</ymax>
		</bndbox>
	</object>
	<object>
		<name>sp06</name>
		<pose>Unspecified</pose>
		<truncated>0</truncated>
		<difficult>0</difficult>
		<bndbox>
			<xmin>917</xmin>
			<ymin>79</ymin>
			<xmax>959</xmax>
			<ymax>122</ymax>
		</bndbox>
	</object>
	<object>
		<name>sp06</name>
		<pose>Unspecified</pose>
		<truncated>0</truncated>
		<difficult>0</difficult>
		<bndbox>
			<xmin>941</xmin>
			<ymin>54</ymin>
			<xmax>974</xmax>
			<ymax>87</ymax>
		</bndbox>
	</object>
	<object>
		<name>sp06</name>
		<pose>Unspecified</pose>
		<truncated>0</truncated>
		<difficult>0</difficult>
		<bndbox>
			<xmin>1018</xmin>
			<ymin>155</ymin>
			<xmax>1067</xmax>
			<ymax>201</ymax>
		</bndbox>
	</object>
	<object>
		<name>sp06</name>
		<pose>Unspecified</pose>
		<truncated>0</truncated>
		<difficult>0</difficult>
		<bndbox>
			<xmin>943</xmin>
			<ymin>125</ymin>
			<xmax>981</xmax>
			<ymax>161</ymax>
		</bndbox>
	</object>
	<object>
		<name>sp06</name>
		<pose>Unspecified</pose>
		<truncated>0</truncated>
		<difficult>0</difficult>
		<bndbox>
			<xmin>930</xmin>
			<ymin>143</ymin>
			<xmax>958</xmax>
			<ymax>174</ymax>
		</bndbox>
	</object>
	<object>
		<name>sp06</name>
		<pose>Unspecified</pose>
		<truncated>0</truncated>
		<difficult>0</difficult>
		<bndbox>
			<xmin>953</xmin>
			<ymin>190</ymin>
			<xmax>978</xmax>
			<ymax>224</ymax>
		</bndbox>
	</object>
	<object>
		<name>sp06</name>
		<pose>Unspecified</pose>
		<truncated>0</truncated>
		<difficult>0</difficult>
		<bndbox>
			<xmin>973</xmin>
			<ymin>186</ymin>
			<xmax>1004</xmax>
			<ymax>221</ymax>
		</bndbox>
	</object>
	<object>
		<name>sp06</name>
		<pose>Unspecified</pose>
		<truncated>0</truncated>
		<difficult>0</difficult>
		<bndbox>
			<xmin>1098</xmin>
			<ymin>146</ymin>
			<xmax>1138</xmax>
			<ymax>186</ymax>
		</bndbox>
	</object>
	<object>
		<name>sp06</name>
		<pose>Unspecified</pose>
		<truncated>0</truncated>
		<difficult>0</difficult>
		<bndbox>
			<xmin>1207</xmin>
			<ymin>105</ymin>
			<xmax>1243</xmax>
			<ymax>142</ymax>
		</bndbox>
	</object>
	<object>
		<name>sp06</name>
		<pose>Unspecified</pose>
		<truncated>0</truncated>
		<difficult>0</difficult>
		<bndbox>
			<xmin>1178</xmin>
			<ymin>157</ymin>
			<xmax>1213</xmax>
			<ymax>192</ymax>
		</bndbox>
	</object>
	<object>
		<name>sp06</name>
		<pose>Unspecified</pose>
		<truncated>0</truncated>
		<difficult>0</difficult>
		<bndbox>
			<xmin>1165</xmin>
			<ymin>176</ymin>
			<xmax>1199</xmax>
			<ymax>208</ymax>
		</bndbox>
	</object>
	<object>
		<name>sp06</name>
		<pose>Unspecified</pose>
		<truncated>0</truncated>
		<difficult>0</difficult>
		<bndbox>
			<xmin>1272</xmin>
			<ymin>164</ymin>
			<xmax>1314</xmax>
			<ymax>198</ymax>
		</bndbox>
	</object>
	<object>
		<name>sp06</name>
		<pose>Unspecified</pose>
		<truncated>0</truncated>
		<difficult>0</difficult>
		<bndbox>
			<xmin>1801</xmin>
			<ymin>282</ymin>
			<xmax>1839</xmax>
			<ymax>317</ymax>
		</bndbox>
	</object>
	<object>
		<name>sp06</name>
		<pose>Unspecified</pose>
		<truncated>0</truncated>
		<difficult>0</difficult>
		<bndbox>
			<xmin>1757</xmin>
			<ymin>305</ymin>
			<xmax>1785</xmax>
			<ymax>329</ymax>
		</bndbox>
	</object>
	<object>
		<name>sp06</name>
		<pose>Unspecified</pose>
		<truncated>0</truncated>
		<difficult>0</difficult>
		<bndbox>
			<xmin>1391</xmin>
			<ymin>1394</ymin>
			<xmax>1435</xmax>
			<ymax>1438</ymax>
		</bndbox>
	</object>
	<object>
		<name>sp06</name>
		<pose>Unspecified</pose>
		<truncated>0</truncated>
		<difficult>0</difficult>
		<bndbox>
			<xmin>1626</xmin>
			<ymin>1301</ymin>
			<xmax>1669</xmax>
			<ymax>1340</ymax>
		</bndbox>
	</object>
	<object>
		<name>sp06</name>
		<pose>Unspecified</pose>
		<truncated>0</truncated>
		<difficult>0</difficult>
		<bndbox>
			<xmin>170</xmin>
			<ymin>515</ymin>
			<xmax>213</xmax>
			<ymax>575</ymax>
		</bndbox>
	</object>
	<object>
		<name>sp06</name>
		<pose>Unspecified</pose>
		<truncated>0</truncated>
		<difficult>0</difficult>
		<bndbox>
			<xmin>14</xmin>
			<ymin>1001</ymin>
			<xmax>63</xmax>
			<ymax>1059</ymax>
		</bndbox>
	</object>
	<object>
		<name>sp06</name>
		<pose>Unspecified</pose>
		<truncated>0</truncated>
		<difficult>0</difficult>
		<bndbox>
			<xmin>155</xmin>
			<ymin>1542</ymin>
			<xmax>201</xmax>
			<ymax>1597</ymax>
		</bndbox>
	</object>
	<object>
		<name>sp06</name>
		<pose>Unspecified</pose>
		<truncated>0</truncated>
		<difficult>0</difficult>
		<bndbox>
			<xmin>104</xmin>
			<ymin>1516</ymin>
			<xmax>141</xmax>
			<ymax>1579</ymax>
		</bndbox>
	</object>
	<object>
		<name>sp06</name>
		<pose>Unspecified</pose>
		<truncated>0</truncated>
		<difficult>0</difficult>
		<bndbox>
			<xmin>67</xmin>
			<ymin>767</ymin>
			<xmax>96</xmax>
			<ymax>796</ymax>
		</bndbox>
	</object>
	<object>
		<name>sp06</name>
		<pose>Unspecified</pose>
		<truncated>0</truncated>
		<difficult>0</difficult>
		<bndbox>
			<xmin>75</xmin>
			<ymin>794</ymin>
			<xmax>113</xmax>
			<ymax>825</ymax>
		</bndbox>
	</object>
	<object>
		<name>sp06</name>
		<pose>Unspecified</pose>
		<truncated>0</truncated>
		<difficult>0</difficult>
		<bndbox>
			<xmin>1743</xmin>
			<ymin>272</ymin>
			<xmax>1789</xmax>
			<ymax>305</ymax>
		</bndbox>
	</object>
</annotation>