<annotation>
	<folder>my-project-name</folder>
	<filename>sp06_img33.jpg</filename>
	<path>/my-project-name/sp06_img33.jpg</path>
	<source>
		<database>Unspecified</database>
	</source>
	<size>
		<width>2444</width>
		<height>2569</height>
		<depth>3</depth>
	</size>
	<object>
		<name>sp06</name>
		<pose>Unspecified</pose>
		<truncated>0</truncated>
		<difficult>0</difficult>
		<bndbox>
			<xmin>1418</xmin>
			<ymin>1130</ymin>
			<xmax>1465</xmax>
			<ymax>1199</ymax>
		</bndbox>
	</object>
	<object>
		<name>sp06</name>
		<pose>Unspecified</pose>
		<truncated>0</truncated>
		<difficult>0</difficult>
		<bndbox>
			<xmin>1109</xmin>
			<ymin>1072</ymin>
			<xmax>1193</xmax>
			<ymax>1141</ymax>
		</bndbox>
	</object>
	<object>
		<name>sp06</name>
		<pose>Unspecified</pose>
		<truncated>0</truncated>
		<difficult>0</difficult>
		<bndbox>
			<xmin>902</xmin>
			<ymin>1297</ymin>
			<xmax>967</xmax>
			<ymax>1348</ymax>
		</bndbox>
	</object>
	<object>
		<name>sp06</name>
		<pose>Unspecified</pose>
		<truncated>0</truncated>
		<difficult>0</difficult>
		<bndbox>
			<xmin>1022</xmin>
			<ymin>1388</ymin>
			<xmax>1113</xmax>
			<ymax>1464</ymax>
		</bndbox>
	</object>
	<object>
		<name>sp06</name>
		<pose>Unspecified</pose>
		<truncated>0</truncated>
		<difficult>0</difficult>
		<bndbox>
			<xmin>1255</xmin>
			<ymin>1439</ymin>
			<xmax>1317</xmax>
			<ymax>1494</ymax>
		</bndbox>
	</object>
	<object>
		<name>sp06</name>
		<pose>Unspecified</pose>
		<truncated>0</truncated>
		<difficult>0</difficult>
		<bndbox>
			<xmin>1197</xmin>
			<ymin>1508</ymin>
			<xmax>1248</xmax>
			<ymax>1592</ymax>
		</bndbox>
	</object>
	<object>
		<name>sp06</name>
		<pose>Unspecified</pose>
		<truncated>0</truncated>
		<difficult>0</difficult>
		<bndbox>
			<xmin>1066</xmin>
			<ymin>1610</ymin>
			<xmax>1121</xmax>
			<ymax>1672</ymax>
		</bndbox>
	</object>
	<object>
		<name>sp06</name>
		<pose>Unspecified</pose>
		<truncated>0</truncated>
		<difficult>0</difficult>
		<bndbox>
			<xmin>764</xmin>
			<ymin>1661</ymin>
			<xmax>844</xmax>
			<ymax>1748</ymax>
		</bndbox>
	</object>
	<object>
		<name>sp06</name>
		<pose>Unspecified</pose>
		<truncated>0</truncated>
		<difficult>0</difficult>
		<bndbox>
			<xmin>964</xmin>
			<ymin>1697</ymin>
			<xmax>1019</xmax>
			<ymax>1755</ymax>
		</bndbox>
	</object>
	<object>
		<name>sp06</name>
		<pose>Unspecified</pose>
		<truncated>0</truncated>
		<difficult>0</difficult>
		<bndbox>
			<xmin>1465</xmin>
			<ymin>1443</ymin>
			<xmax>1520</xmax>
			<ymax>1508</ymax>
		</bndbox>
	</object>
	<object>
		<name>sp06</name>
		<pose>Unspecified</pose>
		<truncated>0</truncated>
		<difficult>0</difficult>
		<bndbox>
			<xmin>1524</xmin>
			<ymin>1424</ymin>
			<xmax>1571</xmax>
			<ymax>1482</ymax>
		</bndbox>
	</object>
	<object>
		<name>sp06</name>
		<pose>Unspecified</pose>
		<truncated>0</truncated>
		<difficult>0</difficult>
		<bndbox>
			<xmin>1273</xmin>
			<ymin>1315</ymin>
			<xmax>1328</xmax>
			<ymax>1377</ymax>
		</bndbox>
	</object>
	<object>
		<name>sp06</name>
		<pose>Unspecified</pose>
		<truncated>0</truncated>
		<difficult>0</difficult>
		<bndbox>
			<xmin>1324</xmin>
			<ymin>1290</ymin>
			<xmax>1386</xmax>
			<ymax>1370</ymax>
		</bndbox>
	</object>
	<object>
		<name>sp06</name>
		<pose>Unspecified</pose>
		<truncated>0</truncated>
		<difficult>0</difficult>
		<bndbox>
			<xmin>1604</xmin>
			<ymin>1050</ymin>
			<xmax>1651</xmax>
			<ymax>1101</ymax>
		</bndbox>
	</object>
	<object>
		<name>sp06</name>
		<pose>Unspecified</pose>
		<truncated>0</truncated>
		<difficult>0</difficult>
		<bndbox>
			<xmin>1560</xmin>
			<ymin>1170</ymin>
			<xmax>1611</xmax>
			<ymax>1239</ymax>
		</bndbox>
	</object>
	<object>
		<name>sp06</name>
		<pose>Unspecified</pose>
		<truncated>0</truncated>
		<difficult>0</difficult>
		<bndbox>
			<xmin>644</xmin>
			<ymin>825</ymin>
			<xmax>702</xmax>
			<ymax>880</ymax>
		</bndbox>
	</object>
	<object>
		<name>sp06</name>
		<pose>Unspecified</pose>
		<truncated>0</truncated>
		<difficult>0</difficult>
		<bndbox>
			<xmin>404</xmin>
			<ymin>854</ymin>
			<xmax>462</xmax>
			<ymax>919</ymax>
		</bndbox>
	</object>
	<object>
		<name>sp06</name>
		<pose>Unspecified</pose>
		<truncated>0</truncated>
		<difficult>0</difficult>
		<bndbox>
			<xmin>346</xmin>
			<ymin>905</ymin>
			<xmax>386</xmax>
			<ymax>960</ymax>
		</bndbox>
	</object>
	<object>
		<name>sp06</name>
		<pose>Unspecified</pose>
		<truncated>0</truncated>
		<difficult>0</difficult>
		<bndbox>
			<xmin>506</xmin>
			<ymin>919</ymin>
			<xmax>553</xmax>
			<ymax>966</ymax>
		</bndbox>
	</object>
	<object>
		<name>sp06</name>
		<pose>Unspecified</pose>
		<truncated>0</truncated>
		<difficult>0</difficult>
		<bndbox>
			<xmin>484</xmin>
			<ymin>872</ymin>
			<xmax>539</xmax>
			<ymax>912</ymax>
		</bndbox>
	</object>
	<object>
		<name>sp06</name>
		<pose>Unspecified</pose>
		<truncated>0</truncated>
		<difficult>0</difficult>
		<bndbox>
			<xmin>335</xmin>
			<ymin>741</ymin>
			<xmax>397</xmax>
			<ymax>799</ymax>
		</bndbox>
	</object>
	<object>
		<name>sp06</name>
		<pose>Unspecified</pose>
		<truncated>0</truncated>
		<difficult>0</difficult>
		<bndbox>
			<xmin>292</xmin>
			<ymin>687</ymin>
			<xmax>339</xmax>
			<ymax>749</ymax>
		</bndbox>
	</object>
	<object>
		<name>sp06</name>
		<pose>Unspecified</pose>
		<truncated>0</truncated>
		<difficult>0</difficult>
		<bndbox>
			<xmin>357</xmin>
			<ymin>643</ymin>
			<xmax>412</xmax>
			<ymax>705</ymax>
		</bndbox>
	</object>
	<object>
		<name>sp06</name>
		<pose>Unspecified</pose>
		<truncated>0</truncated>
		<difficult>0</difficult>
		<bndbox>
			<xmin>513</xmin>
			<ymin>614</ymin>
			<xmax>549</xmax>
			<ymax>665</ymax>
		</bndbox>
	</object>
	<object>
		<name>sp06</name>
		<pose>Unspecified</pose>
		<truncated>0</truncated>
		<difficult>0</difficult>
		<bndbox>
			<xmin>572</xmin>
			<ymin>494</ymin>
			<xmax>637</xmax>
			<ymax>545</ymax>
		</bndbox>
	</object>
	<object>
		<name>sp06</name>
		<pose>Unspecified</pose>
		<truncated>0</truncated>
		<difficult>0</difficult>
		<bndbox>
			<xmin>506</xmin>
			<ymin>465</ymin>
			<xmax>546</xmax>
			<ymax>505</ymax>
		</bndbox>
	</object>
	<object>
		<name>sp06</name>
		<pose>Unspecified</pose>
		<truncated>0</truncated>
		<difficult>0</difficult>
		<bndbox>
			<xmin>1044</xmin>
			<ymin>203</ymin>
			<xmax>1088</xmax>
			<ymax>268</ymax>
		</bndbox>
	</object>
	<object>
		<name>sp06</name>
		<pose>Unspecified</pose>
		<truncated>0</truncated>
		<difficult>0</difficult>
		<bndbox>
			<xmin>1215</xmin>
			<ymin>193</ymin>
			<xmax>1255</xmax>
			<ymax>240</ymax>
		</bndbox>
	</object>
	<object>
		<name>sp06</name>
		<pose>Unspecified</pose>
		<truncated>0</truncated>
		<difficult>0</difficult>
		<bndbox>
			<xmin>1269</xmin>
			<ymin>251</ymin>
			<xmax>1327</xmax>
			<ymax>320</ymax>
		</bndbox>
	</object>
	<object>
		<name>sp06</name>
		<pose>Unspecified</pose>
		<truncated>0</truncated>
		<difficult>0</difficult>
		<bndbox>
			<xmin>1356</xmin>
			<ymin>273</ymin>
			<xmax>1411</xmax>
			<ymax>349</ymax>
		</bndbox>
	</object>
	<object>
		<name>sp06</name>
		<pose>Unspecified</pose>
		<truncated>0</truncated>
		<difficult>0</difficult>
		<bndbox>
			<xmin>1066</xmin>
			<ymin>385</ymin>
			<xmax>1095</xmax>
			<ymax>425</ymax>
		</bndbox>
	</object>
	<object>
		<name>sp06</name>
		<pose>Unspecified</pose>
		<truncated>0</truncated>
		<difficult>0</difficult>
		<bndbox>
			<xmin>1146</xmin>
			<ymin>425</ymin>
			<xmax>1201</xmax>
			<ymax>480</ymax>
		</bndbox>
	</object>
	<object>
		<name>sp06</name>
		<pose>Unspecified</pose>
		<truncated>0</truncated>
		<difficult>0</difficult>
		<bndbox>
			<xmin>1138</xmin>
			<ymin>338</ymin>
			<xmax>1200</xmax>
			<ymax>400</ymax>
		</bndbox>
	</object>
	<object>
		<name>sp06</name>
		<pose>Unspecified</pose>
		<truncated>0</truncated>
		<difficult>0</difficult>
		<bndbox>
			<xmin>671</xmin>
			<ymin>362</ymin>
			<xmax>711</xmax>
			<ymax>408</ymax>
		</bndbox>
	</object>
	<object>
		<name>sp06</name>
		<pose>Unspecified</pose>
		<truncated>0</truncated>
		<difficult>0</difficult>
		<bndbox>
			<xmin>714</xmin>
			<ymin>328</ymin>
			<xmax>760</xmax>
			<ymax>388</ymax>
		</bndbox>
	</object>
	<object>
		<name>sp06</name>
		<pose>Unspecified</pose>
		<truncated>0</truncated>
		<difficult>0</difficult>
		<bndbox>
			<xmin>743</xmin>
			<ymin>402</ymin>
			<xmax>778</xmax>
			<ymax>442</ymax>
		</bndbox>
	</object>
	<object>
		<name>sp06</name>
		<pose>Unspecified</pose>
		<truncated>0</truncated>
		<difficult>0</difficult>
		<bndbox>
			<xmin>852</xmin>
			<ymin>539</ymin>
			<xmax>896</xmax>
			<ymax>582</ymax>
		</bndbox>
	</object>
	<object>
		<name>sp06</name>
		<pose>Unspecified</pose>
		<truncated>0</truncated>
		<difficult>0</difficult>
		<bndbox>
			<xmin>848</xmin>
			<ymin>499</ymin>
			<xmax>893</xmax>
			<ymax>539</ymax>
		</bndbox>
	</object>
	<object>
		<name>sp06</name>
		<pose>Unspecified</pose>
		<truncated>0</truncated>
		<difficult>0</difficult>
		<bndbox>
			<xmin>905</xmin>
			<ymin>483</ymin>
			<xmax>941</xmax>
			<ymax>532</ymax>
		</bndbox>
	</object>
	<object>
		<name>sp06</name>
		<pose>Unspecified</pose>
		<truncated>0</truncated>
		<difficult>0</difficult>
		<bndbox>
			<xmin>980</xmin>
			<ymin>471</ymin>
			<xmax>1005</xmax>
			<ymax>497</ymax>
		</bndbox>
	</object>
	<object>
		<name>sp06</name>
		<pose>Unspecified</pose>
		<truncated>0</truncated>
		<difficult>0</difficult>
		<bndbox>
			<xmin>956</xmin>
			<ymin>488</ymin>
			<xmax>995</xmax>
			<ymax>527</ymax>
		</bndbox>
	</object>
	<object>
		<name>sp06</name>
		<pose>Unspecified</pose>
		<truncated>0</truncated>
		<difficult>0</difficult>
		<bndbox>
			<xmin>925</xmin>
			<ymin>580</ymin>
			<xmax>966</xmax>
			<ymax>620</ymax>
		</bndbox>
	</object>
	<object>
		<name>sp06</name>
		<pose>Unspecified</pose>
		<truncated>0</truncated>
		<difficult>0</difficult>
		<bndbox>
			<xmin>931</xmin>
			<ymin>540</ymin>
			<xmax>973</xmax>
			<ymax>582</ymax>
		</bndbox>
	</object>
	<object>
		<name>sp06</name>
		<pose>Unspecified</pose>
		<truncated>0</truncated>
		<difficult>0</difficult>
		<bndbox>
			<xmin>968</xmin>
			<ymin>530</ymin>
			<xmax>1008</xmax>
			<ymax>574</ymax>
		</bndbox>
	</object>
	<object>
		<name>sp06</name>
		<pose>Unspecified</pose>
		<truncated>0</truncated>
		<difficult>0</difficult>
		<bndbox>
			<xmin>1005</xmin>
			<ymin>511</ymin>
			<xmax>1042</xmax>
			<ymax>565</ymax>
		</bndbox>
	</object>
	<object>
		<name>sp06</name>
		<pose>Unspecified</pose>
		<truncated>0</truncated>
		<difficult>0</difficult>
		<bndbox>
			<xmin>1038</xmin>
			<ymin>499</ymin>
			<xmax>1072</xmax>
			<ymax>533</ymax>
		</bndbox>
	</object>
	<object>
		<name>sp06</name>
		<pose>Unspecified</pose>
		<truncated>0</truncated>
		<difficult>0</difficult>
		<bndbox>
			<xmin>1046</xmin>
			<ymin>471</ymin>
			<xmax>1088</xmax>
			<ymax>513</ymax>
		</bndbox>
	</object>
	<object>
		<name>sp06</name>
		<pose>Unspecified</pose>
		<truncated>0</truncated>
		<difficult>0</difficult>
		<bndbox>
			<xmin>479</xmin>
			<ymin>540</ymin>
			<xmax>518</xmax>
			<ymax>582</ymax>
		</bndbox>
	</object>
	<object>
		<name>sp06</name>
		<pose>Unspecified</pose>
		<truncated>0</truncated>
		<difficult>0</difficult>
		<bndbox>
			<xmin>421</xmin>
			<ymin>554</ymin>
			<xmax>467</xmax>
			<ymax>603</ymax>
		</bndbox>
	</object>
	<object>
		<name>sp06</name>
		<pose>Unspecified</pose>
		<truncated>0</truncated>
		<difficult>0</difficult>
		<bndbox>
			<xmin>400</xmin>
			<ymin>593</ymin>
			<xmax>439</xmax>
			<ymax>632</ymax>
		</bndbox>
	</object>
	<object>
		<name>sp06</name>
		<pose>Unspecified</pose>
		<truncated>0</truncated>
		<difficult>0</difficult>
		<bndbox>
			<xmin>451</xmin>
			<ymin>588</ymin>
			<xmax>486</xmax>
			<ymax>636</ymax>
		</bndbox>
	</object>
	<object>
		<name>sp06</name>
		<pose>Unspecified</pose>
		<truncated>0</truncated>
		<difficult>0</difficult>
		<bndbox>
			<xmin>1062</xmin>
			<ymin>646</ymin>
			<xmax>1099</xmax>
			<ymax>687</ymax>
		</bndbox>
	</object>
	<object>
		<name>sp06</name>
		<pose>Unspecified</pose>
		<truncated>0</truncated>
		<difficult>0</difficult>
		<bndbox>
			<xmin>565</xmin>
			<ymin>791</ymin>
			<xmax>608</xmax>
			<ymax>853</ymax>
		</bndbox>
	</object>
	<object>
		<name>sp06</name>
		<pose>Unspecified</pose>
		<truncated>0</truncated>
		<difficult>0</difficult>
		<bndbox>
			<xmin>607</xmin>
			<ymin>795</ymin>
			<xmax>640</xmax>
			<ymax>836</ymax>
		</bndbox>
	</object>
	<object>
		<name>sp06</name>
		<pose>Unspecified</pose>
		<truncated>0</truncated>
		<difficult>0</difficult>
		<bndbox>
			<xmin>813</xmin>
			<ymin>755</ymin>
			<xmax>865</xmax>
			<ymax>813</ymax>
		</bndbox>
	</object>
	<object>
		<name>sp06</name>
		<pose>Unspecified</pose>
		<truncated>0</truncated>
		<difficult>0</difficult>
		<bndbox>
			<xmin>868</xmin>
			<ymin>790</ymin>
			<xmax>912</xmax>
			<ymax>839</ymax>
		</bndbox>
	</object>
	<object>
		<name>sp06</name>
		<pose>Unspecified</pose>
		<truncated>0</truncated>
		<difficult>0</difficult>
		<bndbox>
			<xmin>993</xmin>
			<ymin>814</ymin>
			<xmax>1028</xmax>
			<ymax>851</ymax>
		</bndbox>
	</object>
	<object>
		<name>sp06</name>
		<pose>Unspecified</pose>
		<truncated>0</truncated>
		<difficult>0</difficult>
		<bndbox>
			<xmin>1013</xmin>
			<ymin>887</ymin>
			<xmax>1048</xmax>
			<ymax>928</ymax>
		</bndbox>
	</object>
	<object>
		<name>sp06</name>
		<pose>Unspecified</pose>
		<truncated>0</truncated>
		<difficult>0</difficult>
		<bndbox>
			<xmin>870</xmin>
			<ymin>901</ymin>
			<xmax>918</xmax>
			<ymax>940</ymax>
		</bndbox>
	</object>
	<object>
		<name>sp06</name>
		<pose>Unspecified</pose>
		<truncated>0</truncated>
		<difficult>0</difficult>
		<bndbox>
			<xmin>873</xmin>
			<ymin>954</ymin>
			<xmax>924</xmax>
			<ymax>1005</ymax>
		</bndbox>
	</object>
	<object>
		<name>sp06</name>
		<pose>Unspecified</pose>
		<truncated>0</truncated>
		<difficult>0</difficult>
		<bndbox>
			<xmin>966</xmin>
			<ymin>924</ymin>
			<xmax>1010</xmax>
			<ymax>977</ymax>
		</bndbox>
	</object>
	<object>
		<name>sp06</name>
		<pose>Unspecified</pose>
		<truncated>0</truncated>
		<difficult>0</difficult>
		<bndbox>
			<xmin>1085</xmin>
			<ymin>960</ymin>
			<xmax>1131</xmax>
			<ymax>1008</ymax>
		</bndbox>
	</object>
	<object>
		<name>sp06</name>
		<pose>Unspecified</pose>
		<truncated>0</truncated>
		<difficult>0</difficult>
		<bndbox>
			<xmin>467</xmin>
			<ymin>1047</ymin>
			<xmax>531</xmax>
			<ymax>1104</ymax>
		</bndbox>
	</object>
	<object>
		<name>sp06</name>
		<pose>Unspecified</pose>
		<truncated>0</truncated>
		<difficult>0</difficult>
		<bndbox>
			<xmin>549</xmin>
			<ymin>1162</ymin>
			<xmax>596</xmax>
			<ymax>1204</ymax>
		</bndbox>
	</object>
	<object>
		<name>sp06</name>
		<pose>Unspecified</pose>
		<truncated>0</truncated>
		<difficult>0</difficult>
		<bndbox>
			<xmin>371</xmin>
			<ymin>961</ymin>
			<xmax>412</xmax>
			<ymax>992</ymax>
		</bndbox>
	</object>
	<object>
		<name>sp06</name>
		<pose>Unspecified</pose>
		<truncated>0</truncated>
		<difficult>0</difficult>
		<bndbox>
			<xmin>372</xmin>
			<ymin>989</ymin>
			<xmax>416</xmax>
			<ymax>1032</ymax>
		</bndbox>
	</object>
	<object>
		<name>sp06</name>
		<pose>Unspecified</pose>
		<truncated>0</truncated>
		<difficult>0</difficult>
		<bndbox>
			<xmin>221</xmin>
			<ymin>971</ymin>
			<xmax>276</xmax>
			<ymax>1016</ymax>
		</bndbox>
	</object>
	<object>
		<name>sp06</name>
		<pose>Unspecified</pose>
		<truncated>0</truncated>
		<difficult>0</difficult>
		<bndbox>
			<xmin>216</xmin>
			<ymin>1021</ymin>
			<xmax>257</xmax>
			<ymax>1067</ymax>
		</bndbox>
	</object>
	<object>
		<name>sp06</name>
		<pose>Unspecified</pose>
		<truncated>0</truncated>
		<difficult>0</difficult>
		<bndbox>
			<xmin>155</xmin>
			<ymin>1023</ymin>
			<xmax>211</xmax>
			<ymax>1071</ymax>
		</bndbox>
	</object>
	<object>
		<name>sp06</name>
		<pose>Unspecified</pose>
		<truncated>0</truncated>
		<difficult>0</difficult>
		<bndbox>
			<xmin>191</xmin>
			<ymin>1068</ymin>
			<xmax>225</xmax>
			<ymax>1105</ymax>
		</bndbox>
	</object>
	<object>
		<name>sp06</name>
		<pose>Unspecified</pose>
		<truncated>0</truncated>
		<difficult>0</difficult>
		<bndbox>
			<xmin>214</xmin>
			<ymin>1093</ymin>
			<xmax>252</xmax>
			<ymax>1132</ymax>
		</bndbox>
	</object>
	<object>
		<name>sp06</name>
		<pose>Unspecified</pose>
		<truncated>0</truncated>
		<difficult>0</difficult>
		<bndbox>
			<xmin>133</xmin>
			<ymin>1136</ymin>
			<xmax>174</xmax>
			<ymax>1184</ymax>
		</bndbox>
	</object>
	<object>
		<name>sp06</name>
		<pose>Unspecified</pose>
		<truncated>0</truncated>
		<difficult>0</difficult>
		<bndbox>
			<xmin>188</xmin>
			<ymin>1165</ymin>
			<xmax>222</xmax>
			<ymax>1199</ymax>
		</bndbox>
	</object>
	<object>
		<name>sp06</name>
		<pose>Unspecified</pose>
		<truncated>0</truncated>
		<difficult>0</difficult>
		<bndbox>
			<xmin>242</xmin>
			<ymin>1181</ymin>
			<xmax>262</xmax>
			<ymax>1206</ymax>
		</bndbox>
	</object>
	<object>
		<name>sp06</name>
		<pose>Unspecified</pose>
		<truncated>0</truncated>
		<difficult>0</difficult>
		<bndbox>
			<xmin>1089</xmin>
			<ymin>704</ymin>
			<xmax>1125</xmax>
			<ymax>744</ymax>
		</bndbox>
	</object>
	<object>
		<name>sp06</name>
		<pose>Unspecified</pose>
		<truncated>0</truncated>
		<difficult>0</difficult>
		<bndbox>
			<xmin>1075</xmin>
			<ymin>736</ymin>
			<xmax>1107</xmax>
			<ymax>763</ymax>
		</bndbox>
	</object>
	<object>
		<name>sp06</name>
		<pose>Unspecified</pose>
		<truncated>0</truncated>
		<difficult>0</difficult>
		<bndbox>
			<xmin>1068</xmin>
			<ymin>765</ymin>
			<xmax>1112</xmax>
			<ymax>814</ymax>
		</bndbox>
	</object>
	<object>
		<name>sp06</name>
		<pose>Unspecified</pose>
		<truncated>0</truncated>
		<difficult>0</difficult>
		<bndbox>
			<xmin>1102</xmin>
			<ymin>745</ymin>
			<xmax>1136</xmax>
			<ymax>793</ymax>
		</bndbox>
	</object>
	<object>
		<name>sp06</name>
		<pose>Unspecified</pose>
		<truncated>0</truncated>
		<difficult>0</difficult>
		<bndbox>
			<xmin>1115</xmin>
			<ymin>792</ymin>
			<xmax>1142</xmax>
			<ymax>823</ymax>
		</bndbox>
	</object>
	<object>
		<name>sp06</name>
		<pose>Unspecified</pose>
		<truncated>0</truncated>
		<difficult>0</difficult>
		<bndbox>
			<xmin>1144</xmin>
			<ymin>790</ymin>
			<xmax>1174</xmax>
			<ymax>832</ymax>
		</bndbox>
	</object>
	<object>
		<name>sp06</name>
		<pose>Unspecified</pose>
		<truncated>0</truncated>
		<difficult>0</difficult>
		<bndbox>
			<xmin>1150</xmin>
			<ymin>745</ymin>
			<xmax>1184</xmax>
			<ymax>785</ymax>
		</bndbox>
	</object>
	<object>
		<name>sp06</name>
		<pose>Unspecified</pose>
		<truncated>0</truncated>
		<difficult>0</difficult>
		<bndbox>
			<xmin>1170</xmin>
			<ymin>880</ymin>
			<xmax>1214</xmax>
			<ymax>932</ymax>
		</bndbox>
	</object>
	<object>
		<name>sp06</name>
		<pose>Unspecified</pose>
		<truncated>0</truncated>
		<difficult>0</difficult>
		<bndbox>
			<xmin>202</xmin>
			<ymin>1194</ymin>
			<xmax>237</xmax>
			<ymax>1228</ymax>
		</bndbox>
	</object>
	<object>
		<name>sp06</name>
		<pose>Unspecified</pose>
		<truncated>0</truncated>
		<difficult>0</difficult>
		<bndbox>
			<xmin>186</xmin>
			<ymin>1224</ymin>
			<xmax>232</xmax>
			<ymax>1279</ymax>
		</bndbox>
	</object>
	<object>
		<name>sp06</name>
		<pose>Unspecified</pose>
		<truncated>0</truncated>
		<difficult>0</difficult>
		<bndbox>
			<xmin>398</xmin>
			<ymin>1299</ymin>
			<xmax>446</xmax>
			<ymax>1349</ymax>
		</bndbox>
	</object>
	<object>
		<name>sp06</name>
		<pose>Unspecified</pose>
		<truncated>0</truncated>
		<difficult>0</difficult>
		<bndbox>
			<xmin>408</xmin>
			<ymin>1394</ymin>
			<xmax>466</xmax>
			<ymax>1449</ymax>
		</bndbox>
	</object>
	<object>
		<name>sp06</name>
		<pose>Unspecified</pose>
		<truncated>0</truncated>
		<difficult>0</difficult>
		<bndbox>
			<xmin>448</xmin>
			<ymin>1506</ymin>
			<xmax>491</xmax>
			<ymax>1551</ymax>
		</bndbox>
	</object>
	<object>
		<name>sp06</name>
		<pose>Unspecified</pose>
		<truncated>0</truncated>
		<difficult>0</difficult>
		<bndbox>
			<xmin>396</xmin>
			<ymin>1546</ymin>
			<xmax>436</xmax>
			<ymax>1589</ymax>
		</bndbox>
	</object>
	<object>
		<name>sp06</name>
		<pose>Unspecified</pose>
		<truncated>0</truncated>
		<difficult>0</difficult>
		<bndbox>
			<xmin>651</xmin>
			<ymin>1500</ymin>
			<xmax>684</xmax>
			<ymax>1540</ymax>
		</bndbox>
	</object>
	<object>
		<name>sp06</name>
		<pose>Unspecified</pose>
		<truncated>0</truncated>
		<difficult>0</difficult>
		<bndbox>
			<xmin>675</xmin>
			<ymin>1533</ymin>
			<xmax>722</xmax>
			<ymax>1584</ymax>
		</bndbox>
	</object>
	<object>
		<name>sp06</name>
		<pose>Unspecified</pose>
		<truncated>0</truncated>
		<difficult>0</difficult>
		<bndbox>
			<xmin>240</xmin>
			<ymin>1587</ymin>
			<xmax>288</xmax>
			<ymax>1643</ymax>
		</bndbox>
	</object>
	<object>
		<name>sp06</name>
		<pose>Unspecified</pose>
		<truncated>0</truncated>
		<difficult>0</difficult>
		<bndbox>
			<xmin>216</xmin>
			<ymin>1518</ymin>
			<xmax>250</xmax>
			<ymax>1565</ymax>
		</bndbox>
	</object>
	<object>
		<name>sp06</name>
		<pose>Unspecified</pose>
		<truncated>0</truncated>
		<difficult>0</difficult>
		<bndbox>
			<xmin>265</xmin>
			<ymin>1530</ymin>
			<xmax>298</xmax>
			<ymax>1568</ymax>
		</bndbox>
	</object>
	<object>
		<name>sp06</name>
		<pose>Unspecified</pose>
		<truncated>0</truncated>
		<difficult>0</difficult>
		<bndbox>
			<xmin>270</xmin>
			<ymin>1465</ymin>
			<xmax>306</xmax>
			<ymax>1499</ymax>
		</bndbox>
	</object>
	<object>
		<name>sp06</name>
		<pose>Unspecified</pose>
		<truncated>0</truncated>
		<difficult>0</difficult>
		<bndbox>
			<xmin>270</xmin>
			<ymin>1499</ymin>
			<xmax>318</xmax>
			<ymax>1533</ymax>
		</bndbox>
	</object>
	<object>
		<name>sp06</name>
		<pose>Unspecified</pose>
		<truncated>0</truncated>
		<difficult>0</difficult>
		<bndbox>
			<xmin>226</xmin>
			<ymin>1477</ymin>
			<xmax>266</xmax>
			<ymax>1520</ymax>
		</bndbox>
	</object>
	<object>
		<name>sp06</name>
		<pose>Unspecified</pose>
		<truncated>0</truncated>
		<difficult>0</difficult>
		<bndbox>
			<xmin>214</xmin>
			<ymin>1397</ymin>
			<xmax>261</xmax>
			<ymax>1451</ymax>
		</bndbox>
	</object>
	<object>
		<name>sp06</name>
		<pose>Unspecified</pose>
		<truncated>0</truncated>
		<difficult>0</difficult>
		<bndbox>
			<xmin>286</xmin>
			<ymin>1407</ymin>
			<xmax>320</xmax>
			<ymax>1458</ymax>
		</bndbox>
	</object>
	<object>
		<name>sp06</name>
		<pose>Unspecified</pose>
		<truncated>0</truncated>
		<difficult>0</difficult>
		<bndbox>
			<xmin>250</xmin>
			<ymin>1425</ymin>
			<xmax>277</xmax>
			<ymax>1452</ymax>
		</bndbox>
	</object>
	<object>
		<name>sp06</name>
		<pose>Unspecified</pose>
		<truncated>0</truncated>
		<difficult>0</difficult>
		<bndbox>
			<xmin>242</xmin>
			<ymin>1452</ymin>
			<xmax>272</xmax>
			<ymax>1479</ymax>
		</bndbox>
	</object>
	<object>
		<name>sp06</name>
		<pose>Unspecified</pose>
		<truncated>0</truncated>
		<difficult>0</difficult>
		<bndbox>
			<xmin>524</xmin>
			<ymin>1626</ymin>
			<xmax>558</xmax>
			<ymax>1674</ymax>
		</bndbox>
	</object>
	<object>
		<name>sp06</name>
		<pose>Unspecified</pose>
		<truncated>0</truncated>
		<difficult>0</difficult>
		<bndbox>
			<xmin>482</xmin>
			<ymin>1605</ymin>
			<xmax>521</xmax>
			<ymax>1663</ymax>
		</bndbox>
	</object>
	<object>
		<name>sp06</name>
		<pose>Unspecified</pose>
		<truncated>0</truncated>
		<difficult>0</difficult>
		<bndbox>
			<xmin>1173</xmin>
			<ymin>1744</ymin>
			<xmax>1213</xmax>
			<ymax>1788</ymax>
		</bndbox>
	</object>
	<object>
		<name>sp06</name>
		<pose>Unspecified</pose>
		<truncated>0</truncated>
		<difficult>0</difficult>
		<bndbox>
			<xmin>626</xmin>
			<ymin>1795</ymin>
			<xmax>679</xmax>
			<ymax>1844</ymax>
		</bndbox>
	</object>
	<object>
		<name>sp06</name>
		<pose>Unspecified</pose>
		<truncated>0</truncated>
		<difficult>0</difficult>
		<bndbox>
			<xmin>535</xmin>
			<ymin>1744</ymin>
			<xmax>580</xmax>
			<ymax>1791</ymax>
		</bndbox>
	</object>
	<object>
		<name>sp06</name>
		<pose>Unspecified</pose>
		<truncated>0</truncated>
		<difficult>0</difficult>
		<bndbox>
			<xmin>355</xmin>
			<ymin>1723</ymin>
			<xmax>392</xmax>
			<ymax>1758</ymax>
		</bndbox>
	</object>
	<object>
		<name>sp06</name>
		<pose>Unspecified</pose>
		<truncated>0</truncated>
		<difficult>0</difficult>
		<bndbox>
			<xmin>247</xmin>
			<ymin>1660</ymin>
			<xmax>298</xmax>
			<ymax>1712</ymax>
		</bndbox>
	</object>
	<object>
		<name>sp06</name>
		<pose>Unspecified</pose>
		<truncated>0</truncated>
		<difficult>0</difficult>
		<bndbox>
			<xmin>299</xmin>
			<ymin>1671</ymin>
			<xmax>331</xmax>
			<ymax>1718</ymax>
		</bndbox>
	</object>
	<object>
		<name>sp06</name>
		<pose>Unspecified</pose>
		<truncated>0</truncated>
		<difficult>0</difficult>
		<bndbox>
			<xmin>247</xmin>
			<ymin>1712</ymin>
			<xmax>296</xmax>
			<ymax>1754</ymax>
		</bndbox>
	</object>
	<object>
		<name>sp06</name>
		<pose>Unspecified</pose>
		<truncated>0</truncated>
		<difficult>0</difficult>
		<bndbox>
			<xmin>898</xmin>
			<ymin>1759</ymin>
			<xmax>932</xmax>
			<ymax>1806</ymax>
		</bndbox>
	</object>
	<object>
		<name>sp06</name>
		<pose>Unspecified</pose>
		<truncated>0</truncated>
		<difficult>0</difficult>
		<bndbox>
			<xmin>836</xmin>
			<ymin>1835</ymin>
			<xmax>870</xmax>
			<ymax>1869</ymax>
		</bndbox>
	</object>
	<object>
		<name>sp06</name>
		<pose>Unspecified</pose>
		<truncated>0</truncated>
		<difficult>0</difficult>
		<bndbox>
			<xmin>852</xmin>
			<ymin>1853</ymin>
			<xmax>886</xmax>
			<ymax>1892</ymax>
		</bndbox>
	</object>
	<object>
		<name>sp06</name>
		<pose>Unspecified</pose>
		<truncated>0</truncated>
		<difficult>0</difficult>
		<bndbox>
			<xmin>919</xmin>
			<ymin>1836</ymin>
			<xmax>958</xmax>
			<ymax>1864</ymax>
		</bndbox>
	</object>
	<object>
		<name>sp06</name>
		<pose>Unspecified</pose>
		<truncated>0</truncated>
		<difficult>0</difficult>
		<bndbox>
			<xmin>919</xmin>
			<ymin>1863</ymin>
			<xmax>954</xmax>
			<ymax>1891</ymax>
		</bndbox>
	</object>
	<object>
		<name>sp06</name>
		<pose>Unspecified</pose>
		<truncated>0</truncated>
		<difficult>0</difficult>
		<bndbox>
			<xmin>937</xmin>
			<ymin>1772</ymin>
			<xmax>977</xmax>
			<ymax>1808</ymax>
		</bndbox>
	</object>
	<object>
		<name>sp06</name>
		<pose>Unspecified</pose>
		<truncated>0</truncated>
		<difficult>0</difficult>
		<bndbox>
			<xmin>943</xmin>
			<ymin>1803</ymin>
			<xmax>984</xmax>
			<ymax>1834</ymax>
		</bndbox>
	</object>
	<object>
		<name>sp06</name>
		<pose>Unspecified</pose>
		<truncated>0</truncated>
		<difficult>0</difficult>
		<bndbox>
			<xmin>981</xmin>
			<ymin>1810</ymin>
			<xmax>1027</xmax>
			<ymax>1856</ymax>
		</bndbox>
	</object>
	<object>
		<name>sp06</name>
		<pose>Unspecified</pose>
		<truncated>0</truncated>
		<difficult>0</difficult>
		<bndbox>
			<xmin>1045</xmin>
			<ymin>1847</ymin>
			<xmax>1082</xmax>
			<ymax>1895</ymax>
		</bndbox>
	</object>
	<object>
		<name>sp06</name>
		<pose>Unspecified</pose>
		<truncated>0</truncated>
		<difficult>0</difficult>
		<bndbox>
			<xmin>1006</xmin>
			<ymin>1854</ymin>
			<xmax>1038</xmax>
			<ymax>1894</ymax>
		</bndbox>
	</object>
	<object>
		<name>sp06</name>
		<pose>Unspecified</pose>
		<truncated>0</truncated>
		<difficult>0</difficult>
		<bndbox>
			<xmin>1024</xmin>
			<ymin>1885</ymin>
			<xmax>1051</xmax>
			<ymax>1911</ymax>
		</bndbox>
	</object>
	<object>
		<name>sp06</name>
		<pose>Unspecified</pose>
		<truncated>0</truncated>
		<difficult>0</difficult>
		<bndbox>
			<xmin>961</xmin>
			<ymin>1883</ymin>
			<xmax>1002</xmax>
			<ymax>1937</ymax>
		</bndbox>
	</object>
	<object>
		<name>sp06</name>
		<pose>Unspecified</pose>
		<truncated>0</truncated>
		<difficult>0</difficult>
		<bndbox>
			<xmin>1000</xmin>
			<ymin>1898</ymin>
			<xmax>1041</xmax>
			<ymax>1946</ymax>
		</bndbox>
	</object>
	<object>
		<name>sp06</name>
		<pose>Unspecified</pose>
		<truncated>0</truncated>
		<difficult>0</difficult>
		<bndbox>
			<xmin>1108</xmin>
			<ymin>1883</ymin>
			<xmax>1133</xmax>
			<ymax>1922</ymax>
		</bndbox>
	</object>
	<object>
		<name>sp06</name>
		<pose>Unspecified</pose>
		<truncated>0</truncated>
		<difficult>0</difficult>
		<bndbox>
			<xmin>1079</xmin>
			<ymin>1891</ymin>
			<xmax>1109</xmax>
			<ymax>1933</ymax>
		</bndbox>
	</object>
	<object>
		<name>sp06</name>
		<pose>Unspecified</pose>
		<truncated>0</truncated>
		<difficult>0</difficult>
		<bndbox>
			<xmin>1119</xmin>
			<ymin>1932</ymin>
			<xmax>1160</xmax>
			<ymax>1972</ymax>
		</bndbox>
	</object>
	<object>
		<name>sp06</name>
		<pose>Unspecified</pose>
		<truncated>0</truncated>
		<difficult>0</difficult>
		<bndbox>
			<xmin>911</xmin>
			<ymin>1957</ymin>
			<xmax>951</xmax>
			<ymax>2003</ymax>
		</bndbox>
	</object>
	<object>
		<name>sp06</name>
		<pose>Unspecified</pose>
		<truncated>0</truncated>
		<difficult>0</difficult>
		<bndbox>
			<xmin>862</xmin>
			<ymin>1998</ymin>
			<xmax>884</xmax>
			<ymax>2024</ymax>
		</bndbox>
	</object>
	<object>
		<name>sp06</name>
		<pose>Unspecified</pose>
		<truncated>0</truncated>
		<difficult>0</difficult>
		<bndbox>
			<xmin>773</xmin>
			<ymin>1967</ymin>
			<xmax>788</xmax>
			<ymax>1985</ymax>
		</bndbox>
	</object>
	<object>
		<name>sp06</name>
		<pose>Unspecified</pose>
		<truncated>0</truncated>
		<difficult>0</difficult>
		<bndbox>
			<xmin>1033</xmin>
			<ymin>2040</ymin>
			<xmax>1073</xmax>
			<ymax>2084</ymax>
		</bndbox>
	</object>
	<object>
		<name>sp06</name>
		<pose>Unspecified</pose>
		<truncated>0</truncated>
		<difficult>0</difficult>
		<bndbox>
			<xmin>1154</xmin>
			<ymin>1994</ymin>
			<xmax>1191</xmax>
			<ymax>2030</ymax>
		</bndbox>
	</object>
	<object>
		<name>sp06</name>
		<pose>Unspecified</pose>
		<truncated>0</truncated>
		<difficult>0</difficult>
		<bndbox>
			<xmin>1179</xmin>
			<ymin>2029</ymin>
			<xmax>1220</xmax>
			<ymax>2071</ymax>
		</bndbox>
	</object>
	<object>
		<name>sp06</name>
		<pose>Unspecified</pose>
		<truncated>0</truncated>
		<difficult>0</difficult>
		<bndbox>
			<xmin>1161</xmin>
			<ymin>1959</ymin>
			<xmax>1194</xmax>
			<ymax>1991</ymax>
		</bndbox>
	</object>
	<object>
		<name>sp06</name>
		<pose>Unspecified</pose>
		<truncated>0</truncated>
		<difficult>0</difficult>
		<bndbox>
			<xmin>1192</xmin>
			<ymin>1960</ymin>
			<xmax>1212</xmax>
			<ymax>1991</ymax>
		</bndbox>
	</object>
	<object>
		<name>sp06</name>
		<pose>Unspecified</pose>
		<truncated>0</truncated>
		<difficult>0</difficult>
		<bndbox>
			<xmin>1184</xmin>
			<ymin>1988</ymin>
			<xmax>1202</xmax>
			<ymax>2013</ymax>
		</bndbox>
	</object>
	<object>
		<name>sp06</name>
		<pose>Unspecified</pose>
		<truncated>0</truncated>
		<difficult>0</difficult>
		<bndbox>
			<xmin>1198</xmin>
			<ymin>1977</ymin>
			<xmax>1234</xmax>
			<ymax>2025</ymax>
		</bndbox>
	</object>
	<object>
		<name>sp06</name>
		<pose>Unspecified</pose>
		<truncated>0</truncated>
		<difficult>0</difficult>
		<bndbox>
			<xmin>383</xmin>
			<ymin>1780</ymin>
			<xmax>417</xmax>
			<ymax>1819</ymax>
		</bndbox>
	</object>
	<object>
		<name>sp06</name>
		<pose>Unspecified</pose>
		<truncated>0</truncated>
		<difficult>0</difficult>
		<bndbox>
			<xmin>325</xmin>
			<ymin>1810</ymin>
			<xmax>372</xmax>
			<ymax>1876</ymax>
		</bndbox>
	</object>
	<object>
		<name>sp06</name>
		<pose>Unspecified</pose>
		<truncated>0</truncated>
		<difficult>0</difficult>
		<bndbox>
			<xmin>360</xmin>
			<ymin>1851</ymin>
			<xmax>408</xmax>
			<ymax>1898</ymax>
		</bndbox>
	</object>
	<object>
		<name>sp06</name>
		<pose>Unspecified</pose>
		<truncated>0</truncated>
		<difficult>0</difficult>
		<bndbox>
			<xmin>407</xmin>
			<ymin>1814</ymin>
			<xmax>438</xmax>
			<ymax>1854</ymax>
		</bndbox>
	</object>
	<object>
		<name>sp06</name>
		<pose>Unspecified</pose>
		<truncated>0</truncated>
		<difficult>0</difficult>
		<bndbox>
			<xmin>431</xmin>
			<ymin>1821</ymin>
			<xmax>463</xmax>
			<ymax>1865</ymax>
		</bndbox>
	</object>
	<object>
		<name>sp06</name>
		<pose>Unspecified</pose>
		<truncated>0</truncated>
		<difficult>0</difficult>
		<bndbox>
			<xmin>445</xmin>
			<ymin>1847</ymin>
			<xmax>474</xmax>
			<ymax>1879</ymax>
		</bndbox>
	</object>
	<object>
		<name>sp06</name>
		<pose>Unspecified</pose>
		<truncated>0</truncated>
		<difficult>0</difficult>
		<bndbox>
			<xmin>433</xmin>
			<ymin>1885</ymin>
			<xmax>454</xmax>
			<ymax>1920</ymax>
		</bndbox>
	</object>
	<object>
		<name>sp06</name>
		<pose>Unspecified</pose>
		<truncated>0</truncated>
		<difficult>0</difficult>
		<bndbox>
			<xmin>384</xmin>
			<ymin>1889</ymin>
			<xmax>406</xmax>
			<ymax>1921</ymax>
		</bndbox>
	</object>
	<object>
		<name>sp06</name>
		<pose>Unspecified</pose>
		<truncated>0</truncated>
		<difficult>0</difficult>
		<bndbox>
			<xmin>409</xmin>
			<ymin>1866</ymin>
			<xmax>434</xmax>
			<ymax>1888</ymax>
		</bndbox>
	</object>
	<object>
		<name>sp06</name>
		<pose>Unspecified</pose>
		<truncated>0</truncated>
		<difficult>0</difficult>
		<bndbox>
			<xmin>401</xmin>
			<ymin>1932</ymin>
			<xmax>445</xmax>
			<ymax>1979</ymax>
		</bndbox>
	</object>
	<object>
		<name>sp06</name>
		<pose>Unspecified</pose>
		<truncated>0</truncated>
		<difficult>0</difficult>
		<bndbox>
			<xmin>453</xmin>
			<ymin>1887</ymin>
			<xmax>487</xmax>
			<ymax>1935</ymax>
		</bndbox>
	</object>
	<object>
		<name>sp06</name>
		<pose>Unspecified</pose>
		<truncated>0</truncated>
		<difficult>0</difficult>
		<bndbox>
			<xmin>481</xmin>
			<ymin>1896</ymin>
			<xmax>518</xmax>
			<ymax>1944</ymax>
		</bndbox>
	</object>
	<object>
		<name>sp06</name>
		<pose>Unspecified</pose>
		<truncated>0</truncated>
		<difficult>0</difficult>
		<bndbox>
			<xmin>451</xmin>
			<ymin>1934</ymin>
			<xmax>491</xmax>
			<ymax>1983</ymax>
		</bndbox>
	</object>
	<object>
		<name>sp06</name>
		<pose>Unspecified</pose>
		<truncated>0</truncated>
		<difficult>0</difficult>
		<bndbox>
			<xmin>481</xmin>
			<ymin>1947</ymin>
			<xmax>517</xmax>
			<ymax>1987</ymax>
		</bndbox>
	</object>
	<object>
		<name>sp06</name>
		<pose>Unspecified</pose>
		<truncated>0</truncated>
		<difficult>0</difficult>
		<bndbox>
			<xmin>519</xmin>
			<ymin>1930</ymin>
			<xmax>567</xmax>
			<ymax>1987</ymax>
		</bndbox>
	</object>
	<object>
		<name>sp06</name>
		<pose>Unspecified</pose>
		<truncated>0</truncated>
		<difficult>0</difficult>
		<bndbox>
			<xmin>490</xmin>
			<ymin>1988</ymin>
			<xmax>532</xmax>
			<ymax>2040</ymax>
		</bndbox>
	</object>
	<object>
		<name>sp06</name>
		<pose>Unspecified</pose>
		<truncated>0</truncated>
		<difficult>0</difficult>
		<bndbox>
			<xmin>529</xmin>
			<ymin>2009</ymin>
			<xmax>567</xmax>
			<ymax>2052</ymax>
		</bndbox>
	</object>
	<object>
		<name>sp06</name>
		<pose>Unspecified</pose>
		<truncated>0</truncated>
		<difficult>0</difficult>
		<bndbox>
			<xmin>553</xmin>
			<ymin>1892</ymin>
			<xmax>578</xmax>
			<ymax>1923</ymax>
		</bndbox>
	</object>
	<object>
		<name>sp06</name>
		<pose>Unspecified</pose>
		<truncated>0</truncated>
		<difficult>0</difficult>
		<bndbox>
			<xmin>519</xmin>
			<ymin>1870</ymin>
			<xmax>562</xmax>
			<ymax>1903</ymax>
		</bndbox>
	</object>
	<object>
		<name>sp06</name>
		<pose>Unspecified</pose>
		<truncated>0</truncated>
		<difficult>0</difficult>
		<bndbox>
			<xmin>520</xmin>
			<ymin>1903</ymin>
			<xmax>552</xmax>
			<ymax>1928</ymax>
		</bndbox>
	</object>
	<object>
		<name>sp06</name>
		<pose>Unspecified</pose>
		<truncated>0</truncated>
		<difficult>0</difficult>
		<bndbox>
			<xmin>580</xmin>
			<ymin>1924</ymin>
			<xmax>622</xmax>
			<ymax>1975</ymax>
		</bndbox>
	</object>
	<object>
		<name>sp06</name>
		<pose>Unspecified</pose>
		<truncated>0</truncated>
		<difficult>0</difficult>
		<bndbox>
			<xmin>620</xmin>
			<ymin>1914</ymin>
			<xmax>654</xmax>
			<ymax>1948</ymax>
		</bndbox>
	</object>
	<object>
		<name>sp06</name>
		<pose>Unspecified</pose>
		<truncated>0</truncated>
		<difficult>0</difficult>
		<bndbox>
			<xmin>625</xmin>
			<ymin>1955</ymin>
			<xmax>663</xmax>
			<ymax>1982</ymax>
		</bndbox>
	</object>
	<object>
		<name>sp06</name>
		<pose>Unspecified</pose>
		<truncated>0</truncated>
		<difficult>0</difficult>
		<bndbox>
			<xmin>601</xmin>
			<ymin>2000</ymin>
			<xmax>662</xmax>
			<ymax>2048</ymax>
		</bndbox>
	</object>
	<object>
		<name>sp06</name>
		<pose>Unspecified</pose>
		<truncated>0</truncated>
		<difficult>0</difficult>
		<bndbox>
			<xmin>627</xmin>
			<ymin>2062</ymin>
			<xmax>657</xmax>
			<ymax>2099</ymax>
		</bndbox>
	</object>
	<object>
		<name>sp06</name>
		<pose>Unspecified</pose>
		<truncated>0</truncated>
		<difficult>0</difficult>
		<bndbox>
			<xmin>598</xmin>
			<ymin>2081</ymin>
			<xmax>639</xmax>
			<ymax>2125</ymax>
		</bndbox>
	</object>
	<object>
		<name>sp06</name>
		<pose>Unspecified</pose>
		<truncated>0</truncated>
		<difficult>0</difficult>
		<bndbox>
			<xmin>666</xmin>
			<ymin>2078</ymin>
			<xmax>698</xmax>
			<ymax>2111</ymax>
		</bndbox>
	</object>
	<object>
		<name>sp06</name>
		<pose>Unspecified</pose>
		<truncated>0</truncated>
		<difficult>0</difficult>
		<bndbox>
			<xmin>657</xmin>
			<ymin>2110</ymin>
			<xmax>698</xmax>
			<ymax>2143</ymax>
		</bndbox>
	</object>
	<object>
		<name>sp06</name>
		<pose>Unspecified</pose>
		<truncated>0</truncated>
		<difficult>0</difficult>
		<bndbox>
			<xmin>666</xmin>
			<ymin>2152</ymin>
			<xmax>718</xmax>
			<ymax>2206</ymax>
		</bndbox>
	</object>
	<object>
		<name>sp06</name>
		<pose>Unspecified</pose>
		<truncated>0</truncated>
		<difficult>0</difficult>
		<bndbox>
			<xmin>753</xmin>
			<ymin>2072</ymin>
			<xmax>800</xmax>
			<ymax>2110</ymax>
		</bndbox>
	</object>
	<object>
		<name>sp06</name>
		<pose>Unspecified</pose>
		<truncated>0</truncated>
		<difficult>0</difficult>
		<bndbox>
			<xmin>772</xmin>
			<ymin>2038</ymin>
			<xmax>806</xmax>
			<ymax>2070</ymax>
		</bndbox>
	</object>
	<object>
		<name>sp06</name>
		<pose>Unspecified</pose>
		<truncated>0</truncated>
		<difficult>0</difficult>
		<bndbox>
			<xmin>940</xmin>
			<ymin>2224</ymin>
			<xmax>976</xmax>
			<ymax>2272</ymax>
		</bndbox>
	</object>
	<object>
		<name>sp06</name>
		<pose>Unspecified</pose>
		<truncated>0</truncated>
		<difficult>0</difficult>
		<bndbox>
			<xmin>879</xmin>
			<ymin>2131</ymin>
			<xmax>925</xmax>
			<ymax>2180</ymax>
		</bndbox>
	</object>
	<object>
		<name>sp06</name>
		<pose>Unspecified</pose>
		<truncated>0</truncated>
		<difficult>0</difficult>
		<bndbox>
			<xmin>899</xmin>
			<ymin>2170</ymin>
			<xmax>931</xmax>
			<ymax>2204</ymax>
		</bndbox>
	</object>
	<object>
		<name>sp06</name>
		<pose>Unspecified</pose>
		<truncated>0</truncated>
		<difficult>0</difficult>
		<bndbox>
			<xmin>829</xmin>
			<ymin>2189</ymin>
			<xmax>844</xmax>
			<ymax>2224</ymax>
		</bndbox>
	</object>
	<object>
		<name>sp06</name>
		<pose>Unspecified</pose>
		<truncated>0</truncated>
		<difficult>0</difficult>
		<bndbox>
			<xmin>789</xmin>
			<ymin>2188</ymin>
			<xmax>830</xmax>
			<ymax>2232</ymax>
		</bndbox>
	</object>
	<object>
		<name>sp06</name>
		<pose>Unspecified</pose>
		<truncated>0</truncated>
		<difficult>0</difficult>
		<bndbox>
			<xmin>760</xmin>
			<ymin>2207</ymin>
			<xmax>804</xmax>
			<ymax>2262</ymax>
		</bndbox>
	</object>
	<object>
		<name>sp06</name>
		<pose>Unspecified</pose>
		<truncated>0</truncated>
		<difficult>0</difficult>
		<bndbox>
			<xmin>1191</xmin>
			<ymin>2253</ymin>
			<xmax>1227</xmax>
			<ymax>2302</ymax>
		</bndbox>
	</object>
	<object>
		<name>sp06</name>
		<pose>Unspecified</pose>
		<truncated>0</truncated>
		<difficult>0</difficult>
		<bndbox>
			<xmin>684</xmin>
			<ymin>1920</ymin>
			<xmax>728</xmax>
			<ymax>1966</ymax>
		</bndbox>
	</object>
	<object>
		<name>sp06</name>
		<pose>Unspecified</pose>
		<truncated>0</truncated>
		<difficult>0</difficult>
		<bndbox>
			<xmin>729</xmin>
			<ymin>1953</ymin>
			<xmax>760</xmax>
			<ymax>1990</ymax>
		</bndbox>
	</object>
	<object>
		<name>sp06</name>
		<pose>Unspecified</pose>
		<truncated>0</truncated>
		<difficult>0</difficult>
		<bndbox>
			<xmin>736</xmin>
			<ymin>1985</ymin>
			<xmax>767</xmax>
			<ymax>2019</ymax>
		</bndbox>
	</object>
	<object>
		<name>sp06</name>
		<pose>Unspecified</pose>
		<truncated>0</truncated>
		<difficult>0</difficult>
		<bndbox>
			<xmin>712</xmin>
			<ymin>1965</ymin>
			<xmax>731</xmax>
			<ymax>2000</ymax>
		</bndbox>
	</object>
	<object>
		<name>sp06</name>
		<pose>Unspecified</pose>
		<truncated>0</truncated>
		<difficult>0</difficult>
		<bndbox>
			<xmin>679</xmin>
			<ymin>1964</ymin>
			<xmax>705</xmax>
			<ymax>1987</ymax>
		</bndbox>
	</object>
	<object>
		<name>sp06</name>
		<pose>Unspecified</pose>
		<truncated>0</truncated>
		<difficult>0</difficult>
		<bndbox>
			<xmin>686</xmin>
			<ymin>1982</ymin>
			<xmax>715</xmax>
			<ymax>2013</ymax>
		</bndbox>
	</object>
	<object>
		<name>sp06</name>
		<pose>Unspecified</pose>
		<truncated>0</truncated>
		<difficult>0</difficult>
		<bndbox>
			<xmin>1218</xmin>
			<ymin>2017</ymin>
			<xmax>1266</xmax>
			<ymax>2073</ymax>
		</bndbox>
	</object>
	<object>
		<name>sp06</name>
		<pose>Unspecified</pose>
		<truncated>0</truncated>
		<difficult>0</difficult>
		<bndbox>
			<xmin>1291</xmin>
			<ymin>2043</ymin>
			<xmax>1349</xmax>
			<ymax>2092</ymax>
		</bndbox>
	</object>
	<object>
		<name>sp06</name>
		<pose>Unspecified</pose>
		<truncated>0</truncated>
		<difficult>0</difficult>
		<bndbox>
			<xmin>1320</xmin>
			<ymin>2106</ymin>
			<xmax>1367</xmax>
			<ymax>2150</ymax>
		</bndbox>
	</object>
	<object>
		<name>sp06</name>
		<pose>Unspecified</pose>
		<truncated>0</truncated>
		<difficult>0</difficult>
		<bndbox>
			<xmin>1334</xmin>
			<ymin>2269</ymin>
			<xmax>1379</xmax>
			<ymax>2327</ymax>
		</bndbox>
	</object>
	<object>
		<name>sp06</name>
		<pose>Unspecified</pose>
		<truncated>0</truncated>
		<difficult>0</difficult>
		<bndbox>
			<xmin>1333</xmin>
			<ymin>2189</ymin>
			<xmax>1372</xmax>
			<ymax>2241</ymax>
		</bndbox>
	</object>
	<object>
		<name>sp06</name>
		<pose>Unspecified</pose>
		<truncated>0</truncated>
		<difficult>0</difficult>
		<bndbox>
			<xmin>1245</xmin>
			<ymin>2174</ymin>
			<xmax>1295</xmax>
			<ymax>2221</ymax>
		</bndbox>
	</object>
	<object>
		<name>sp06</name>
		<pose>Unspecified</pose>
		<truncated>0</truncated>
		<difficult>0</difficult>
		<bndbox>
			<xmin>1288</xmin>
			<ymin>2207</ymin>
			<xmax>1319</xmax>
			<ymax>2247</ymax>
		</bndbox>
	</object>
	<object>
		<name>sp06</name>
		<pose>Unspecified</pose>
		<truncated>0</truncated>
		<difficult>0</difficult>
		<bndbox>
			<xmin>1239</xmin>
			<ymin>2252</ymin>
			<xmax>1278</xmax>
			<ymax>2300</ymax>
		</bndbox>
	</object>
	<object>
		<name>sp06</name>
		<pose>Unspecified</pose>
		<truncated>0</truncated>
		<difficult>0</difficult>
		<bndbox>
			<xmin>1277</xmin>
			<ymin>2256</ymin>
			<xmax>1311</xmax>
			<ymax>2305</ymax>
		</bndbox>
	</object>
	<object>
		<name>sp06</name>
		<pose>Unspecified</pose>
		<truncated>0</truncated>
		<difficult>0</difficult>
		<bndbox>
			<xmin>1390</xmin>
			<ymin>2138</ymin>
			<xmax>1431</xmax>
			<ymax>2186</ymax>
		</bndbox>
	</object>
	<object>
		<name>sp06</name>
		<pose>Unspecified</pose>
		<truncated>0</truncated>
		<difficult>0</difficult>
		<bndbox>
			<xmin>1430</xmin>
			<ymin>2182</ymin>
			<xmax>1475</xmax>
			<ymax>2232</ymax>
		</bndbox>
	</object>
	<object>
		<name>sp06</name>
		<pose>Unspecified</pose>
		<truncated>0</truncated>
		<difficult>0</difficult>
		<bndbox>
			<xmin>1515</xmin>
			<ymin>2153</ymin>
			<xmax>1580</xmax>
			<ymax>2197</ymax>
		</bndbox>
	</object>
	<object>
		<name>sp06</name>
		<pose>Unspecified</pose>
		<truncated>0</truncated>
		<difficult>0</difficult>
		<bndbox>
			<xmin>1603</xmin>
			<ymin>2115</ymin>
			<xmax>1660</xmax>
			<ymax>2171</ymax>
		</bndbox>
	</object>
	<object>
		<name>sp06</name>
		<pose>Unspecified</pose>
		<truncated>0</truncated>
		<difficult>0</difficult>
		<bndbox>
			<xmin>1723</xmin>
			<ymin>2095</ymin>
			<xmax>1743</xmax>
			<ymax>2135</ymax>
		</bndbox>
	</object>
	<object>
		<name>sp06</name>
		<pose>Unspecified</pose>
		<truncated>0</truncated>
		<difficult>0</difficult>
		<bndbox>
			<xmin>1831</xmin>
			<ymin>1984</ymin>
			<xmax>1876</xmax>
			<ymax>2025</ymax>
		</bndbox>
	</object>
	<object>
		<name>sp06</name>
		<pose>Unspecified</pose>
		<truncated>0</truncated>
		<difficult>0</difficult>
		<bndbox>
			<xmin>1921</xmin>
			<ymin>1979</ymin>
			<xmax>1964</xmax>
			<ymax>2028</ymax>
		</bndbox>
	</object>
	<object>
		<name>sp06</name>
		<pose>Unspecified</pose>
		<truncated>0</truncated>
		<difficult>0</difficult>
		<bndbox>
			<xmin>1841</xmin>
			<ymin>1918</ymin>
			<xmax>1890</xmax>
			<ymax>1977</ymax>
		</bndbox>
	</object>
	<object>
		<name>sp06</name>
		<pose>Unspecified</pose>
		<truncated>0</truncated>
		<difficult>0</difficult>
		<bndbox>
			<xmin>1605</xmin>
			<ymin>1984</ymin>
			<xmax>1645</xmax>
			<ymax>2039</ymax>
		</bndbox>
	</object>
	<object>
		<name>sp06</name>
		<pose>Unspecified</pose>
		<truncated>0</truncated>
		<difficult>0</difficult>
		<bndbox>
			<xmin>1540</xmin>
			<ymin>2020</ymin>
			<xmax>1582</xmax>
			<ymax>2068</ymax>
		</bndbox>
	</object>
	<object>
		<name>sp06</name>
		<pose>Unspecified</pose>
		<truncated>0</truncated>
		<difficult>0</difficult>
		<bndbox>
			<xmin>1466</xmin>
			<ymin>2055</ymin>
			<xmax>1517</xmax>
			<ymax>2112</ymax>
		</bndbox>
	</object>
	<object>
		<name>sp06</name>
		<pose>Unspecified</pose>
		<truncated>0</truncated>
		<difficult>0</difficult>
		<bndbox>
			<xmin>2031</xmin>
			<ymin>1917</ymin>
			<xmax>2080</xmax>
			<ymax>1978</ymax>
		</bndbox>
	</object>
	<object>
		<name>sp06</name>
		<pose>Unspecified</pose>
		<truncated>0</truncated>
		<difficult>0</difficult>
		<bndbox>
			<xmin>1950</xmin>
			<ymin>1890</ymin>
			<xmax>2011</xmax>
			<ymax>1935</ymax>
		</bndbox>
	</object>
	<object>
		<name>sp06</name>
		<pose>Unspecified</pose>
		<truncated>0</truncated>
		<difficult>0</difficult>
		<bndbox>
			<xmin>1956</xmin>
			<ymin>1934</ymin>
			<xmax>2011</xmax>
			<ymax>1981</ymax>
		</bndbox>
	</object>
	<object>
		<name>sp06</name>
		<pose>Unspecified</pose>
		<truncated>0</truncated>
		<difficult>0</difficult>
		<bndbox>
			<xmin>1897</xmin>
			<ymin>1846</ymin>
			<xmax>1944</xmax>
			<ymax>1894</ymax>
		</bndbox>
	</object>
	<object>
		<name>sp06</name>
		<pose>Unspecified</pose>
		<truncated>0</truncated>
		<difficult>0</difficult>
		<bndbox>
			<xmin>1993</xmin>
			<ymin>1778</ymin>
			<xmax>2033</xmax>
			<ymax>1832</ymax>
		</bndbox>
	</object>
	<object>
		<name>sp06</name>
		<pose>Unspecified</pose>
		<truncated>0</truncated>
		<difficult>0</difficult>
		<bndbox>
			<xmin>1567</xmin>
			<ymin>1885</ymin>
			<xmax>1620</xmax>
			<ymax>1937</ymax>
		</bndbox>
	</object>
	<object>
		<name>sp06</name>
		<pose>Unspecified</pose>
		<truncated>0</truncated>
		<difficult>0</difficult>
		<bndbox>
			<xmin>1349</xmin>
			<ymin>1920</ymin>
			<xmax>1391</xmax>
			<ymax>1958</ymax>
		</bndbox>
	</object>
	<object>
		<name>sp06</name>
		<pose>Unspecified</pose>
		<truncated>0</truncated>
		<difficult>0</difficult>
		<bndbox>
			<xmin>1383</xmin>
			<ymin>1879</ymin>
			<xmax>1416</xmax>
			<ymax>1931</ymax>
		</bndbox>
	</object>
	<object>
		<name>sp06</name>
		<pose>Unspecified</pose>
		<truncated>0</truncated>
		<difficult>0</difficult>
		<bndbox>
			<xmin>1313</xmin>
			<ymin>1794</ymin>
			<xmax>1357</xmax>
			<ymax>1852</ymax>
		</bndbox>
	</object>
	<object>
		<name>sp06</name>
		<pose>Unspecified</pose>
		<truncated>0</truncated>
		<difficult>0</difficult>
		<bndbox>
			<xmin>1216</xmin>
			<ymin>1791</ymin>
			<xmax>1253</xmax>
			<ymax>1844</ymax>
		</bndbox>
	</object>
	<object>
		<name>sp06</name>
		<pose>Unspecified</pose>
		<truncated>0</truncated>
		<difficult>0</difficult>
		<bndbox>
			<xmin>1462</xmin>
			<ymin>1849</ymin>
			<xmax>1506</xmax>
			<ymax>1901</ymax>
		</bndbox>
	</object>
	<object>
		<name>sp06</name>
		<pose>Unspecified</pose>
		<truncated>0</truncated>
		<difficult>0</difficult>
		<bndbox>
			<xmin>1515</xmin>
			<ymin>1825</ymin>
			<xmax>1557</xmax>
			<ymax>1881</ymax>
		</bndbox>
	</object>
	<object>
		<name>sp06</name>
		<pose>Unspecified</pose>
		<truncated>0</truncated>
		<difficult>0</difficult>
		<bndbox>
			<xmin>1558</xmin>
			<ymin>1822</ymin>
			<xmax>1606</xmax>
			<ymax>1874</ymax>
		</bndbox>
	</object>
	<object>
		<name>sp06</name>
		<pose>Unspecified</pose>
		<truncated>0</truncated>
		<difficult>0</difficult>
		<bndbox>
			<xmin>1599</xmin>
			<ymin>1804</ymin>
			<xmax>1643</xmax>
			<ymax>1844</ymax>
		</bndbox>
	</object>
	<object>
		<name>sp06</name>
		<pose>Unspecified</pose>
		<truncated>0</truncated>
		<difficult>0</difficult>
		<bndbox>
			<xmin>1448</xmin>
			<ymin>1921</ymin>
			<xmax>1500</xmax>
			<ymax>1975</ymax>
		</bndbox>
	</object>
	<object>
		<name>sp06</name>
		<pose>Unspecified</pose>
		<truncated>0</truncated>
		<difficult>0</difficult>
		<bndbox>
			<xmin>1525</xmin>
			<ymin>1926</ymin>
			<xmax>1558</xmax>
			<ymax>1971</ymax>
		</bndbox>
	</object>
	<object>
		<name>sp06</name>
		<pose>Unspecified</pose>
		<truncated>0</truncated>
		<difficult>0</difficult>
		<bndbox>
			<xmin>1503</xmin>
			<ymin>1912</ymin>
			<xmax>1530</xmax>
			<ymax>1948</ymax>
		</bndbox>
	</object>
	<object>
		<name>sp06</name>
		<pose>Unspecified</pose>
		<truncated>0</truncated>
		<difficult>0</difficult>
		<bndbox>
			<xmin>1204</xmin>
			<ymin>1658</ymin>
			<xmax>1255</xmax>
			<ymax>1715</ymax>
		</bndbox>
	</object>
	<object>
		<name>sp06</name>
		<pose>Unspecified</pose>
		<truncated>0</truncated>
		<difficult>0</difficult>
		<bndbox>
			<xmin>1210</xmin>
			<ymin>1599</ymin>
			<xmax>1257</xmax>
			<ymax>1641</ymax>
		</bndbox>
	</object>
	<object>
		<name>sp06</name>
		<pose>Unspecified</pose>
		<truncated>0</truncated>
		<difficult>0</difficult>
		<bndbox>
			<xmin>1273</xmin>
			<ymin>1719</ymin>
			<xmax>1316</xmax>
			<ymax>1768</ymax>
		</bndbox>
	</object>
	<object>
		<name>sp06</name>
		<pose>Unspecified</pose>
		<truncated>0</truncated>
		<difficult>0</difficult>
		<bndbox>
			<xmin>1439</xmin>
			<ymin>1697</ymin>
			<xmax>1481</xmax>
			<ymax>1736</ymax>
		</bndbox>
	</object>
	<object>
		<name>sp06</name>
		<pose>Unspecified</pose>
		<truncated>0</truncated>
		<difficult>0</difficult>
		<bndbox>
			<xmin>1441</xmin>
			<ymin>1753</ymin>
			<xmax>1480</xmax>
			<ymax>1800</ymax>
		</bndbox>
	</object>
	<object>
		<name>sp06</name>
		<pose>Unspecified</pose>
		<truncated>0</truncated>
		<difficult>0</difficult>
		<bndbox>
			<xmin>1487</xmin>
			<ymin>1689</ymin>
			<xmax>1523</xmax>
			<ymax>1735</ymax>
		</bndbox>
	</object>
	<object>
		<name>sp06</name>
		<pose>Unspecified</pose>
		<truncated>0</truncated>
		<difficult>0</difficult>
		<bndbox>
			<xmin>1500</xmin>
			<ymin>1641</ymin>
			<xmax>1554</xmax>
			<ymax>1692</ymax>
		</bndbox>
	</object>
	<object>
		<name>sp06</name>
		<pose>Unspecified</pose>
		<truncated>0</truncated>
		<difficult>0</difficult>
		<bndbox>
			<xmin>1580</xmin>
			<ymin>1736</ymin>
			<xmax>1625</xmax>
			<ymax>1784</ymax>
		</bndbox>
	</object>
	<object>
		<name>sp06</name>
		<pose>Unspecified</pose>
		<truncated>0</truncated>
		<difficult>0</difficult>
		<bndbox>
			<xmin>1609</xmin>
			<ymin>1606</ymin>
			<xmax>1663</xmax>
			<ymax>1669</ymax>
		</bndbox>
	</object>
	<object>
		<name>sp06</name>
		<pose>Unspecified</pose>
		<truncated>0</truncated>
		<difficult>0</difficult>
		<bndbox>
			<xmin>1605</xmin>
			<ymin>1536</ymin>
			<xmax>1649</xmax>
			<ymax>1585</ymax>
		</bndbox>
	</object>
	<object>
		<name>sp06</name>
		<pose>Unspecified</pose>
		<truncated>0</truncated>
		<difficult>0</difficult>
		<bndbox>
			<xmin>1653</xmin>
			<ymin>1555</ymin>
			<xmax>1691</xmax>
			<ymax>1610</ymax>
		</bndbox>
	</object>
	<object>
		<name>sp06</name>
		<pose>Unspecified</pose>
		<truncated>0</truncated>
		<difficult>0</difficult>
		<bndbox>
			<xmin>1696</xmin>
			<ymin>1507</ymin>
			<xmax>1737</xmax>
			<ymax>1549</ymax>
		</bndbox>
	</object>
	<object>
		<name>sp06</name>
		<pose>Unspecified</pose>
		<truncated>0</truncated>
		<difficult>0</difficult>
		<bndbox>
			<xmin>1810</xmin>
			<ymin>1509</ymin>
			<xmax>1860</xmax>
			<ymax>1557</ymax>
		</bndbox>
	</object>
	<object>
		<name>sp06</name>
		<pose>Unspecified</pose>
		<truncated>0</truncated>
		<difficult>0</difficult>
		<bndbox>
			<xmin>1976</xmin>
			<ymin>1616</ymin>
			<xmax>2025</xmax>
			<ymax>1660</ymax>
		</bndbox>
	</object>
	<object>
		<name>sp06</name>
		<pose>Unspecified</pose>
		<truncated>0</truncated>
		<difficult>0</difficult>
		<bndbox>
			<xmin>2262</xmin>
			<ymin>1543</ymin>
			<xmax>2313</xmax>
			<ymax>1593</ymax>
		</bndbox>
	</object>
	<object>
		<name>sp06</name>
		<pose>Unspecified</pose>
		<truncated>0</truncated>
		<difficult>0</difficult>
		<bndbox>
			<xmin>2145</xmin>
			<ymin>1416</ymin>
			<xmax>2203</xmax>
			<ymax>1465</ymax>
		</bndbox>
	</object>
	<object>
		<name>sp06</name>
		<pose>Unspecified</pose>
		<truncated>0</truncated>
		<difficult>0</difficult>
		<bndbox>
			<xmin>2057</xmin>
			<ymin>1706</ymin>
			<xmax>2084</xmax>
			<ymax>1753</ymax>
		</bndbox>
	</object>
	<object>
		<name>sp06</name>
		<pose>Unspecified</pose>
		<truncated>0</truncated>
		<difficult>0</difficult>
		<bndbox>
			<xmin>1996</xmin>
			<ymin>1727</ymin>
			<xmax>2041</xmax>
			<ymax>1772</ymax>
		</bndbox>
	</object>
	<object>
		<name>sp06</name>
		<pose>Unspecified</pose>
		<truncated>0</truncated>
		<difficult>0</difficult>
		<bndbox>
			<xmin>1954</xmin>
			<ymin>1658</ymin>
			<xmax>2007</xmax>
			<ymax>1718</ymax>
		</bndbox>
	</object>
	<object>
		<name>sp06</name>
		<pose>Unspecified</pose>
		<truncated>0</truncated>
		<difficult>0</difficult>
		<bndbox>
			<xmin>1878</xmin>
			<ymin>1694</ymin>
			<xmax>1915</xmax>
			<ymax>1747</ymax>
		</bndbox>
	</object>
	<object>
		<name>sp06</name>
		<pose>Unspecified</pose>
		<truncated>0</truncated>
		<difficult>0</difficult>
		<bndbox>
			<xmin>1838</xmin>
			<ymin>1711</ymin>
			<xmax>1878</xmax>
			<ymax>1761</ymax>
		</bndbox>
	</object>
	<object>
		<name>sp06</name>
		<pose>Unspecified</pose>
		<truncated>0</truncated>
		<difficult>0</difficult>
		<bndbox>
			<xmin>1765</xmin>
			<ymin>1748</ymin>
			<xmax>1789</xmax>
			<ymax>1781</ymax>
		</bndbox>
	</object>
	<object>
		<name>sp06</name>
		<pose>Unspecified</pose>
		<truncated>0</truncated>
		<difficult>0</difficult>
		<bndbox>
			<xmin>1685</xmin>
			<ymin>1735</ymin>
			<xmax>1718</xmax>
			<ymax>1768</ymax>
		</bndbox>
	</object>
	<object>
		<name>sp06</name>
		<pose>Unspecified</pose>
		<truncated>0</truncated>
		<difficult>0</difficult>
		<bndbox>
			<xmin>1647</xmin>
			<ymin>1763</ymin>
			<xmax>1690</xmax>
			<ymax>1807</ymax>
		</bndbox>
	</object>
	<object>
		<name>sp06</name>
		<pose>Unspecified</pose>
		<truncated>0</truncated>
		<difficult>0</difficult>
		<bndbox>
			<xmin>1685</xmin>
			<ymin>1794</ymin>
			<xmax>1717</xmax>
			<ymax>1823</ymax>
		</bndbox>
	</object>
	<object>
		<name>sp06</name>
		<pose>Unspecified</pose>
		<truncated>0</truncated>
		<difficult>0</difficult>
		<bndbox>
			<xmin>1689</xmin>
			<ymin>1825</ymin>
			<xmax>1723</xmax>
			<ymax>1859</ymax>
		</bndbox>
	</object>
	<object>
		<name>sp06</name>
		<pose>Unspecified</pose>
		<truncated>0</truncated>
		<difficult>0</difficult>
		<bndbox>
			<xmin>1662</xmin>
			<ymin>1816</ymin>
			<xmax>1687</xmax>
			<ymax>1849</ymax>
		</bndbox>
	</object>
	<object>
		<name>sp06</name>
		<pose>Unspecified</pose>
		<truncated>0</truncated>
		<difficult>0</difficult>
		<bndbox>
			<xmin>1671</xmin>
			<ymin>1846</ymin>
			<xmax>1711</xmax>
			<ymax>1878</ymax>
		</bndbox>
	</object>
	<object>
		<name>sp06</name>
		<pose>Unspecified</pose>
		<truncated>0</truncated>
		<difficult>0</difficult>
		<bndbox>
			<xmin>1862</xmin>
			<ymin>1793</ymin>
			<xmax>1899</xmax>
			<ymax>1828</ymax>
		</bndbox>
	</object>
	<object>
		<name>sp06</name>
		<pose>Unspecified</pose>
		<truncated>0</truncated>
		<difficult>0</difficult>
		<bndbox>
			<xmin>1879</xmin>
			<ymin>1758</ymin>
			<xmax>1917</xmax>
			<ymax>1798</ymax>
		</bndbox>
	</object>
	<object>
		<name>sp06</name>
		<pose>Unspecified</pose>
		<truncated>0</truncated>
		<difficult>0</difficult>
		<bndbox>
			<xmin>1899</xmin>
			<ymin>1740</ymin>
			<xmax>1933</xmax>
			<ymax>1774</ymax>
		</bndbox>
	</object>
	<object>
		<name>sp06</name>
		<pose>Unspecified</pose>
		<truncated>0</truncated>
		<difficult>0</difficult>
		<bndbox>
			<xmin>1816</xmin>
			<ymin>1651</ymin>
			<xmax>1855</xmax>
			<ymax>1696</ymax>
		</bndbox>
	</object>
	<object>
		<name>sp06</name>
		<pose>Unspecified</pose>
		<truncated>0</truncated>
		<difficult>0</difficult>
		<bndbox>
			<xmin>1822</xmin>
			<ymin>1611</ymin>
			<xmax>1870</xmax>
			<ymax>1645</ymax>
		</bndbox>
	</object>
	<object>
		<name>sp06</name>
		<pose>Unspecified</pose>
		<truncated>0</truncated>
		<difficult>0</difficult>
		<bndbox>
			<xmin>1824</xmin>
			<ymin>1573</ymin>
			<xmax>1863</xmax>
			<ymax>1612</ymax>
		</bndbox>
	</object>
	<object>
		<name>sp06</name>
		<pose>Unspecified</pose>
		<truncated>0</truncated>
		<difficult>0</difficult>
		<bndbox>
			<xmin>1566</xmin>
			<ymin>1317</ymin>
			<xmax>1600</xmax>
			<ymax>1350</ymax>
		</bndbox>
	</object>
	<object>
		<name>sp06</name>
		<pose>Unspecified</pose>
		<truncated>0</truncated>
		<difficult>0</difficult>
		<bndbox>
			<xmin>1261</xmin>
			<ymin>901</ymin>
			<xmax>1309</xmax>
			<ymax>951</ymax>
		</bndbox>
	</object>
	<object>
		<name>sp06</name>
		<pose>Unspecified</pose>
		<truncated>0</truncated>
		<difficult>0</difficult>
		<bndbox>
			<xmin>1545</xmin>
			<ymin>1378</ymin>
			<xmax>1593</xmax>
			<ymax>1423</ymax>
		</bndbox>
	</object>
	<object>
		<name>sp06</name>
		<pose>Unspecified</pose>
		<truncated>0</truncated>
		<difficult>0</difficult>
		<bndbox>
			<xmin>1638</xmin>
			<ymin>1367</ymin>
			<xmax>1683</xmax>
			<ymax>1406</ymax>
		</bndbox>
	</object>
	<object>
		<name>sp06</name>
		<pose>Unspecified</pose>
		<truncated>0</truncated>
		<difficult>0</difficult>
		<bndbox>
			<xmin>1633</xmin>
			<ymin>1421</ymin>
			<xmax>1687</xmax>
			<ymax>1472</ymax>
		</bndbox>
	</object>
	<object>
		<name>sp06</name>
		<pose>Unspecified</pose>
		<truncated>0</truncated>
		<difficult>0</difficult>
		<bndbox>
			<xmin>1637</xmin>
			<ymin>1303</ymin>
			<xmax>1685</xmax>
			<ymax>1349</ymax>
		</bndbox>
	</object>
	<object>
		<name>sp06</name>
		<pose>Unspecified</pose>
		<truncated>0</truncated>
		<difficult>0</difficult>
		<bndbox>
			<xmin>1735</xmin>
			<ymin>1306</ymin>
			<xmax>1782</xmax>
			<ymax>1352</ymax>
		</bndbox>
	</object>
	<object>
		<name>sp06</name>
		<pose>Unspecified</pose>
		<truncated>0</truncated>
		<difficult>0</difficult>
		<bndbox>
			<xmin>1778</xmin>
			<ymin>1357</ymin>
			<xmax>1817</xmax>
			<ymax>1401</ymax>
		</bndbox>
	</object>
	<object>
		<name>sp06</name>
		<pose>Unspecified</pose>
		<truncated>0</truncated>
		<difficult>0</difficult>
		<bndbox>
			<xmin>1854</xmin>
			<ymin>1339</ymin>
			<xmax>1901</xmax>
			<ymax>1389</ymax>
		</bndbox>
	</object>
	<object>
		<name>sp06</name>
		<pose>Unspecified</pose>
		<truncated>0</truncated>
		<difficult>0</difficult>
		<bndbox>
			<xmin>1855</xmin>
			<ymin>1272</ymin>
			<xmax>1912</xmax>
			<ymax>1331</ymax>
		</bndbox>
	</object>
	<object>
		<name>sp06</name>
		<pose>Unspecified</pose>
		<truncated>0</truncated>
		<difficult>0</difficult>
		<bndbox>
			<xmin>1942</xmin>
			<ymin>1303</ymin>
			<xmax>1985</xmax>
			<ymax>1360</ymax>
		</bndbox>
	</object>
	<object>
		<name>sp06</name>
		<pose>Unspecified</pose>
		<truncated>0</truncated>
		<difficult>0</difficult>
		<bndbox>
			<xmin>2213</xmin>
			<ymin>1230</ymin>
			<xmax>2273</xmax>
			<ymax>1283</ymax>
		</bndbox>
	</object>
	<object>
		<name>sp06</name>
		<pose>Unspecified</pose>
		<truncated>0</truncated>
		<difficult>0</difficult>
		<bndbox>
			<xmin>2276</xmin>
			<ymin>1110</ymin>
			<xmax>2331</xmax>
			<ymax>1165</ymax>
		</bndbox>
	</object>
	<object>
		<name>sp06</name>
		<pose>Unspecified</pose>
		<truncated>0</truncated>
		<difficult>0</difficult>
		<bndbox>
			<xmin>2101</xmin>
			<ymin>1063</ymin>
			<xmax>2147</xmax>
			<ymax>1121</ymax>
		</bndbox>
	</object>
	<object>
		<name>sp06</name>
		<pose>Unspecified</pose>
		<truncated>0</truncated>
		<difficult>0</difficult>
		<bndbox>
			<xmin>2232</xmin>
			<ymin>945</ymin>
			<xmax>2286</xmax>
			<ymax>998</ymax>
		</bndbox>
	</object>
	<object>
		<name>sp06</name>
		<pose>Unspecified</pose>
		<truncated>0</truncated>
		<difficult>0</difficult>
		<bndbox>
			<xmin>2140</xmin>
			<ymin>1243</ymin>
			<xmax>2176</xmax>
			<ymax>1279</ymax>
		</bndbox>
	</object>
	<object>
		<name>sp06</name>
		<pose>Unspecified</pose>
		<truncated>0</truncated>
		<difficult>0</difficult>
		<bndbox>
			<xmin>2148</xmin>
			<ymin>1276</ymin>
			<xmax>2186</xmax>
			<ymax>1318</ymax>
		</bndbox>
	</object>
	<object>
		<name>sp06</name>
		<pose>Unspecified</pose>
		<truncated>0</truncated>
		<difficult>0</difficult>
		<bndbox>
			<xmin>2164</xmin>
			<ymin>1304</ymin>
			<xmax>2212</xmax>
			<ymax>1346</ymax>
		</bndbox>
	</object>
	<object>
		<name>sp06</name>
		<pose>Unspecified</pose>
		<truncated>0</truncated>
		<difficult>0</difficult>
		<bndbox>
			<xmin>1917</xmin>
			<ymin>1105</ymin>
			<xmax>1954</xmax>
			<ymax>1160</ymax>
		</bndbox>
	</object>
	<object>
		<name>sp06</name>
		<pose>Unspecified</pose>
		<truncated>0</truncated>
		<difficult>0</difficult>
		<bndbox>
			<xmin>1881</xmin>
			<ymin>1113</ymin>
			<xmax>1916</xmax>
			<ymax>1163</ymax>
		</bndbox>
	</object>
	<object>
		<name>sp06</name>
		<pose>Unspecified</pose>
		<truncated>0</truncated>
		<difficult>0</difficult>
		<bndbox>
			<xmin>1822</xmin>
			<ymin>1174</ymin>
			<xmax>1861</xmax>
			<ymax>1213</ymax>
		</bndbox>
	</object>
	<object>
		<name>sp06</name>
		<pose>Unspecified</pose>
		<truncated>0</truncated>
		<difficult>0</difficult>
		<bndbox>
			<xmin>1765</xmin>
			<ymin>1186</ymin>
			<xmax>1803</xmax>
			<ymax>1232</ymax>
		</bndbox>
	</object>
	<object>
		<name>sp06</name>
		<pose>Unspecified</pose>
		<truncated>0</truncated>
		<difficult>0</difficult>
		<bndbox>
			<xmin>1671</xmin>
			<ymin>1204</ymin>
			<xmax>1719</xmax>
			<ymax>1252</ymax>
		</bndbox>
	</object>
	<object>
		<name>sp06</name>
		<pose>Unspecified</pose>
		<truncated>0</truncated>
		<difficult>0</difficult>
		<bndbox>
			<xmin>1875</xmin>
			<ymin>1176</ymin>
			<xmax>1927</xmax>
			<ymax>1223</ymax>
		</bndbox>
	</object>
	<object>
		<name>sp06</name>
		<pose>Unspecified</pose>
		<truncated>0</truncated>
		<difficult>0</difficult>
		<bndbox>
			<xmin>1883</xmin>
			<ymin>990</ymin>
			<xmax>1932</xmax>
			<ymax>1049</ymax>
		</bndbox>
	</object>
	<object>
		<name>sp06</name>
		<pose>Unspecified</pose>
		<truncated>0</truncated>
		<difficult>0</difficult>
		<bndbox>
			<xmin>1823</xmin>
			<ymin>1041</ymin>
			<xmax>1863</xmax>
			<ymax>1086</ymax>
		</bndbox>
	</object>
	<object>
		<name>sp06</name>
		<pose>Unspecified</pose>
		<truncated>0</truncated>
		<difficult>0</difficult>
		<bndbox>
			<xmin>1796</xmin>
			<ymin>989</ymin>
			<xmax>1848</xmax>
			<ymax>1029</ymax>
		</bndbox>
	</object>
	<object>
		<name>sp06</name>
		<pose>Unspecified</pose>
		<truncated>0</truncated>
		<difficult>0</difficult>
		<bndbox>
			<xmin>1790</xmin>
			<ymin>946</ymin>
			<xmax>1833</xmax>
			<ymax>986</ymax>
		</bndbox>
	</object>
	<object>
		<name>sp06</name>
		<pose>Unspecified</pose>
		<truncated>0</truncated>
		<difficult>0</difficult>
		<bndbox>
			<xmin>1707</xmin>
			<ymin>893</ymin>
			<xmax>1745</xmax>
			<ymax>943</ymax>
		</bndbox>
	</object>
	<object>
		<name>sp06</name>
		<pose>Unspecified</pose>
		<truncated>0</truncated>
		<difficult>0</difficult>
		<bndbox>
			<xmin>1552</xmin>
			<ymin>873</ymin>
			<xmax>1597</xmax>
			<ymax>916</ymax>
		</bndbox>
	</object>
	<object>
		<name>sp06</name>
		<pose>Unspecified</pose>
		<truncated>0</truncated>
		<difficult>0</difficult>
		<bndbox>
			<xmin>1534</xmin>
			<ymin>922</ymin>
			<xmax>1582</xmax>
			<ymax>966</ymax>
		</bndbox>
	</object>
	<object>
		<name>sp06</name>
		<pose>Unspecified</pose>
		<truncated>0</truncated>
		<difficult>0</difficult>
		<bndbox>
			<xmin>1528</xmin>
			<ymin>965</ymin>
			<xmax>1567</xmax>
			<ymax>1011</ymax>
		</bndbox>
	</object>
	<object>
		<name>sp06</name>
		<pose>Unspecified</pose>
		<truncated>0</truncated>
		<difficult>0</difficult>
		<bndbox>
			<xmin>1404</xmin>
			<ymin>872</ymin>
			<xmax>1445</xmax>
			<ymax>927</ymax>
		</bndbox>
	</object>
	<object>
		<name>sp06</name>
		<pose>Unspecified</pose>
		<truncated>0</truncated>
		<difficult>0</difficult>
		<bndbox>
			<xmin>1899</xmin>
			<ymin>904</ymin>
			<xmax>1951</xmax>
			<ymax>957</ymax>
		</bndbox>
	</object>
	<object>
		<name>sp06</name>
		<pose>Unspecified</pose>
		<truncated>0</truncated>
		<difficult>0</difficult>
		<bndbox>
			<xmin>2143</xmin>
			<ymin>839</ymin>
			<xmax>2208</xmax>
			<ymax>910</ymax>
		</bndbox>
	</object>
	<object>
		<name>sp06</name>
		<pose>Unspecified</pose>
		<truncated>0</truncated>
		<difficult>0</difficult>
		<bndbox>
			<xmin>1992</xmin>
			<ymin>853</ymin>
			<xmax>2041</xmax>
			<ymax>912</ymax>
		</bndbox>
	</object>
	<object>
		<name>sp06</name>
		<pose>Unspecified</pose>
		<truncated>0</truncated>
		<difficult>0</difficult>
		<bndbox>
			<xmin>1730</xmin>
			<ymin>863</ymin>
			<xmax>1780</xmax>
			<ymax>921</ymax>
		</bndbox>
	</object>
	<object>
		<name>sp06</name>
		<pose>Unspecified</pose>
		<truncated>0</truncated>
		<difficult>0</difficult>
		<bndbox>
			<xmin>1665</xmin>
			<ymin>821</ymin>
			<xmax>1712</xmax>
			<ymax>883</ymax>
		</bndbox>
	</object>
	<object>
		<name>sp06</name>
		<pose>Unspecified</pose>
		<truncated>0</truncated>
		<difficult>0</difficult>
		<bndbox>
			<xmin>1573</xmin>
			<ymin>744</ymin>
			<xmax>1622</xmax>
			<ymax>795</ymax>
		</bndbox>
	</object>
	<object>
		<name>sp06</name>
		<pose>Unspecified</pose>
		<truncated>0</truncated>
		<difficult>0</difficult>
		<bndbox>
			<xmin>1512</xmin>
			<ymin>731</ymin>
			<xmax>1560</xmax>
			<ymax>778</ymax>
		</bndbox>
	</object>
	<object>
		<name>sp06</name>
		<pose>Unspecified</pose>
		<truncated>0</truncated>
		<difficult>0</difficult>
		<bndbox>
			<xmin>1466</xmin>
			<ymin>794</ymin>
			<xmax>1516</xmax>
			<ymax>846</ymax>
		</bndbox>
	</object>
	<object>
		<name>sp06</name>
		<pose>Unspecified</pose>
		<truncated>0</truncated>
		<difficult>0</difficult>
		<bndbox>
			<xmin>1455</xmin>
			<ymin>847</ymin>
			<xmax>1500</xmax>
			<ymax>900</ymax>
		</bndbox>
	</object>
	<object>
		<name>sp06</name>
		<pose>Unspecified</pose>
		<truncated>0</truncated>
		<difficult>0</difficult>
		<bndbox>
			<xmin>1368</xmin>
			<ymin>823</ymin>
			<xmax>1422</xmax>
			<ymax>878</ymax>
		</bndbox>
	</object>
	<object>
		<name>sp06</name>
		<pose>Unspecified</pose>
		<truncated>0</truncated>
		<difficult>0</difficult>
		<bndbox>
			<xmin>1256</xmin>
			<ymin>823</ymin>
			<xmax>1284</xmax>
			<ymax>857</ymax>
		</bndbox>
	</object>
	<object>
		<name>sp06</name>
		<pose>Unspecified</pose>
		<truncated>0</truncated>
		<difficult>0</difficult>
		<bndbox>
			<xmin>1403</xmin>
			<ymin>654</ymin>
			<xmax>1452</xmax>
			<ymax>706</ymax>
		</bndbox>
	</object>
	<object>
		<name>sp06</name>
		<pose>Unspecified</pose>
		<truncated>0</truncated>
		<difficult>0</difficult>
		<bndbox>
			<xmin>1266</xmin>
			<ymin>546</ymin>
			<xmax>1314</xmax>
			<ymax>596</ymax>
		</bndbox>
	</object>
	<object>
		<name>sp06</name>
		<pose>Unspecified</pose>
		<truncated>0</truncated>
		<difficult>0</difficult>
		<bndbox>
			<xmin>1296</xmin>
			<ymin>624</ymin>
			<xmax>1336</xmax>
			<ymax>675</ymax>
		</bndbox>
	</object>
	<object>
		<name>sp06</name>
		<pose>Unspecified</pose>
		<truncated>0</truncated>
		<difficult>0</difficult>
		<bndbox>
			<xmin>1375</xmin>
			<ymin>602</ymin>
			<xmax>1407</xmax>
			<ymax>646</ymax>
		</bndbox>
	</object>
	<object>
		<name>sp06</name>
		<pose>Unspecified</pose>
		<truncated>0</truncated>
		<difficult>0</difficult>
		<bndbox>
			<xmin>1411</xmin>
			<ymin>570</ymin>
			<xmax>1468</xmax>
			<ymax>631</ymax>
		</bndbox>
	</object>
	<object>
		<name>sp06</name>
		<pose>Unspecified</pose>
		<truncated>0</truncated>
		<difficult>0</difficult>
		<bndbox>
			<xmin>1522</xmin>
			<ymin>588</ymin>
			<xmax>1563</xmax>
			<ymax>642</ymax>
		</bndbox>
	</object>
	<object>
		<name>sp06</name>
		<pose>Unspecified</pose>
		<truncated>0</truncated>
		<difficult>0</difficult>
		<bndbox>
			<xmin>1580</xmin>
			<ymin>666</ymin>
			<xmax>1634</xmax>
			<ymax>719</ymax>
		</bndbox>
	</object>
	<object>
		<name>sp06</name>
		<pose>Unspecified</pose>
		<truncated>0</truncated>
		<difficult>0</difficult>
		<bndbox>
			<xmin>1778</xmin>
			<ymin>596</ymin>
			<xmax>1824</xmax>
			<ymax>638</ymax>
		</bndbox>
	</object>
	<object>
		<name>sp06</name>
		<pose>Unspecified</pose>
		<truncated>0</truncated>
		<difficult>0</difficult>
		<bndbox>
			<xmin>1839</xmin>
			<ymin>730</ymin>
			<xmax>1887</xmax>
			<ymax>779</ymax>
		</bndbox>
	</object>
	<object>
		<name>sp06</name>
		<pose>Unspecified</pose>
		<truncated>0</truncated>
		<difficult>0</difficult>
		<bndbox>
			<xmin>1952</xmin>
			<ymin>818</ymin>
			<xmax>1999</xmax>
			<ymax>864</ymax>
		</bndbox>
	</object>
	<object>
		<name>sp06</name>
		<pose>Unspecified</pose>
		<truncated>0</truncated>
		<difficult>0</difficult>
		<bndbox>
			<xmin>2106</xmin>
			<ymin>777</ymin>
			<xmax>2155</xmax>
			<ymax>835</ymax>
		</bndbox>
	</object>
	<object>
		<name>sp06</name>
		<pose>Unspecified</pose>
		<truncated>0</truncated>
		<difficult>0</difficult>
		<bndbox>
			<xmin>2197</xmin>
			<ymin>771</ymin>
			<xmax>2242</xmax>
			<ymax>820</ymax>
		</bndbox>
	</object>
	<object>
		<name>sp06</name>
		<pose>Unspecified</pose>
		<truncated>0</truncated>
		<difficult>0</difficult>
		<bndbox>
			<xmin>2138</xmin>
			<ymin>731</ymin>
			<xmax>2179</xmax>
			<ymax>781</ymax>
		</bndbox>
	</object>
	<object>
		<name>sp06</name>
		<pose>Unspecified</pose>
		<truncated>0</truncated>
		<difficult>0</difficult>
		<bndbox>
			<xmin>2108</xmin>
			<ymin>731</ymin>
			<xmax>2142</xmax>
			<ymax>762</ymax>
		</bndbox>
	</object>
	<object>
		<name>sp06</name>
		<pose>Unspecified</pose>
		<truncated>0</truncated>
		<difficult>0</difficult>
		<bndbox>
			<xmin>2106</xmin>
			<ymin>684</ymin>
			<xmax>2150</xmax>
			<ymax>727</ymax>
		</bndbox>
	</object>
	<object>
		<name>sp06</name>
		<pose>Unspecified</pose>
		<truncated>0</truncated>
		<difficult>0</difficult>
		<bndbox>
			<xmin>2140</xmin>
			<ymin>634</ymin>
			<xmax>2186</xmax>
			<ymax>672</ymax>
		</bndbox>
	</object>
	<object>
		<name>sp06</name>
		<pose>Unspecified</pose>
		<truncated>0</truncated>
		<difficult>0</difficult>
		<bndbox>
			<xmin>2094</xmin>
			<ymin>607</ymin>
			<xmax>2141</xmax>
			<ymax>643</ymax>
		</bndbox>
	</object>
	<object>
		<name>sp06</name>
		<pose>Unspecified</pose>
		<truncated>0</truncated>
		<difficult>0</difficult>
		<bndbox>
			<xmin>2086</xmin>
			<ymin>557</ymin>
			<xmax>2142</xmax>
			<ymax>612</ymax>
		</bndbox>
	</object>
	<object>
		<name>sp06</name>
		<pose>Unspecified</pose>
		<truncated>0</truncated>
		<difficult>0</difficult>
		<bndbox>
			<xmin>2024</xmin>
			<ymin>583</ymin>
			<xmax>2075</xmax>
			<ymax>643</ymax>
		</bndbox>
	</object>
	<object>
		<name>sp06</name>
		<pose>Unspecified</pose>
		<truncated>0</truncated>
		<difficult>0</difficult>
		<bndbox>
			<xmin>1905</xmin>
			<ymin>567</ymin>
			<xmax>1958</xmax>
			<ymax>624</ymax>
		</bndbox>
	</object>
	<object>
		<name>sp06</name>
		<pose>Unspecified</pose>
		<truncated>0</truncated>
		<difficult>0</difficult>
		<bndbox>
			<xmin>1965</xmin>
			<ymin>657</ymin>
			<xmax>2001</xmax>
			<ymax>689</ymax>
		</bndbox>
	</object>
	<object>
		<name>sp06</name>
		<pose>Unspecified</pose>
		<truncated>0</truncated>
		<difficult>0</difficult>
		<bndbox>
			<xmin>2046</xmin>
			<ymin>539</ymin>
			<xmax>2086</xmax>
			<ymax>580</ymax>
		</bndbox>
	</object>
	<object>
		<name>sp06</name>
		<pose>Unspecified</pose>
		<truncated>0</truncated>
		<difficult>0</difficult>
		<bndbox>
			<xmin>2040</xmin>
			<ymin>512</ymin>
			<xmax>2061</xmax>
			<ymax>549</ymax>
		</bndbox>
	</object>
	<object>
		<name>sp06</name>
		<pose>Unspecified</pose>
		<truncated>0</truncated>
		<difficult>0</difficult>
		<bndbox>
			<xmin>2010</xmin>
			<ymin>498</ymin>
			<xmax>2036</xmax>
			<ymax>537</ymax>
		</bndbox>
	</object>
	<object>
		<name>sp06</name>
		<pose>Unspecified</pose>
		<truncated>0</truncated>
		<difficult>0</difficult>
		<bndbox>
			<xmin>1950</xmin>
			<ymin>454</ymin>
			<xmax>1998</xmax>
			<ymax>515</ymax>
		</bndbox>
	</object>
	<object>
		<name>sp06</name>
		<pose>Unspecified</pose>
		<truncated>0</truncated>
		<difficult>0</difficult>
		<bndbox>
			<xmin>1669</xmin>
			<ymin>330</ymin>
			<xmax>1717</xmax>
			<ymax>377</ymax>
		</bndbox>
	</object>
	<object>
		<name>sp06</name>
		<pose>Unspecified</pose>
		<truncated>0</truncated>
		<difficult>0</difficult>
		<bndbox>
			<xmin>1659</xmin>
			<ymin>514</ymin>
			<xmax>1683</xmax>
			<ymax>541</ymax>
		</bndbox>
	</object>
	<object>
		<name>sp06</name>
		<pose>Unspecified</pose>
		<truncated>0</truncated>
		<difficult>0</difficult>
		<bndbox>
			<xmin>1621</xmin>
			<ymin>494</ymin>
			<xmax>1662</xmax>
			<ymax>530</ymax>
		</bndbox>
	</object>
	<object>
		<name>sp06</name>
		<pose>Unspecified</pose>
		<truncated>0</truncated>
		<difficult>0</difficult>
		<bndbox>
			<xmin>1611</xmin>
			<ymin>522</ymin>
			<xmax>1653</xmax>
			<ymax>562</ymax>
		</bndbox>
	</object>
	<object>
		<name>sp06</name>
		<pose>Unspecified</pose>
		<truncated>0</truncated>
		<difficult>0</difficult>
		<bndbox>
			<xmin>1451</xmin>
			<ymin>305</ymin>
			<xmax>1494</xmax>
			<ymax>353</ymax>
		</bndbox>
	</object>
	<object>
		<name>sp06</name>
		<pose>Unspecified</pose>
		<truncated>0</truncated>
		<difficult>0</difficult>
		<bndbox>
			<xmin>1478</xmin>
			<ymin>345</ymin>
			<xmax>1497</xmax>
			<ymax>375</ymax>
		</bndbox>
	</object>
	<object>
		<name>sp06</name>
		<pose>Unspecified</pose>
		<truncated>0</truncated>
		<difficult>0</difficult>
		<bndbox>
			<xmin>1495</xmin>
			<ymin>340</ymin>
			<xmax>1528</xmax>
			<ymax>380</ymax>
		</bndbox>
	</object>
	<object>
		<name>sp06</name>
		<pose>Unspecified</pose>
		<truncated>0</truncated>
		<difficult>0</difficult>
		<bndbox>
			<xmin>1312</xmin>
			<ymin>407</ymin>
			<xmax>1343</xmax>
			<ymax>441</ymax>
		</bndbox>
	</object>
	<object>
		<name>sp06</name>
		<pose>Unspecified</pose>
		<truncated>0</truncated>
		<difficult>0</difficult>
		<bndbox>
			<xmin>1291</xmin>
			<ymin>384</ymin>
			<xmax>1323</xmax>
			<ymax>420</ymax>
		</bndbox>
	</object>
	<object>
		<name>sp06</name>
		<pose>Unspecified</pose>
		<truncated>0</truncated>
		<difficult>0</difficult>
		<bndbox>
			<xmin>1237</xmin>
			<ymin>380</ymin>
			<xmax>1284</xmax>
			<ymax>432</ymax>
		</bndbox>
	</object>
	<object>
		<name>sp06</name>
		<pose>Unspecified</pose>
		<truncated>0</truncated>
		<difficult>0</difficult>
		<bndbox>
			<xmin>1171</xmin>
			<ymin>570</ymin>
			<xmax>1225</xmax>
			<ymax>629</ymax>
		</bndbox>
	</object>
	<object>
		<name>sp06</name>
		<pose>Unspecified</pose>
		<truncated>0</truncated>
		<difficult>0</difficult>
		<bndbox>
			<xmin>1540</xmin>
			<ymin>784</ymin>
			<xmax>1590</xmax>
			<ymax>834</ymax>
		</bndbox>
	</object>
	<object>
		<name>sp06</name>
		<pose>Unspecified</pose>
		<truncated>0</truncated>
		<difficult>0</difficult>
		<bndbox>
			<xmin>2348</xmin>
			<ymin>1174</ymin>
			<xmax>2415</xmax>
			<ymax>1245</ymax>
		</bndbox>
	</object>
	<object>
		<name>sp06</name>
		<pose>Unspecified</pose>
		<truncated>0</truncated>
		<difficult>0</difficult>
		<bndbox>
			<xmin>2369</xmin>
			<ymin>1282</ymin>
			<xmax>2419</xmax>
			<ymax>1374</ymax>
		</bndbox>
	</object>
</annotation>