<annotation>
	<folder>my-project-name</folder>
	<filename>sp06_img16.jpg</filename>
	<path>/my-project-name/sp06_img16.jpg</path>
	<source>
		<database>Unspecified</database>
	</source>
	<size>
		<width>2261</width>
		<height>2252</height>
		<depth>3</depth>
	</size>
	<object>
		<name>sp06</name>
		<pose>Unspecified</pose>
		<truncated>0</truncated>
		<difficult>0</difficult>
		<bndbox>
			<xmin>174</xmin>
			<ymin>1258</ymin>
			<xmax>216</xmax>
			<ymax>1301</ymax>
		</bndbox>
	</object>
	<object>
		<name>sp06</name>
		<pose>Unspecified</pose>
		<truncated>0</truncated>
		<difficult>0</difficult>
		<bndbox>
			<xmin>270</xmin>
			<ymin>1298</ymin>
			<xmax>318</xmax>
			<ymax>1347</ymax>
		</bndbox>
	</object>
	<object>
		<name>sp06</name>
		<pose>Unspecified</pose>
		<truncated>0</truncated>
		<difficult>0</difficult>
		<bndbox>
			<xmin>382</xmin>
			<ymin>1275</ymin>
			<xmax>431</xmax>
			<ymax>1324</ymax>
		</bndbox>
	</object>
	<object>
		<name>sp06</name>
		<pose>Unspecified</pose>
		<truncated>0</truncated>
		<difficult>0</difficult>
		<bndbox>
			<xmin>304</xmin>
			<ymin>1352</ymin>
			<xmax>353</xmax>
			<ymax>1398</ymax>
		</bndbox>
	</object>
	<object>
		<name>sp06</name>
		<pose>Unspecified</pose>
		<truncated>0</truncated>
		<difficult>0</difficult>
		<bndbox>
			<xmin>143</xmin>
			<ymin>1435</ymin>
			<xmax>189</xmax>
			<ymax>1477</ymax>
		</bndbox>
	</object>
	<object>
		<name>sp06</name>
		<pose>Unspecified</pose>
		<truncated>0</truncated>
		<difficult>0</difficult>
		<bndbox>
			<xmin>178</xmin>
			<ymin>1448</ymin>
			<xmax>233</xmax>
			<ymax>1491</ymax>
		</bndbox>
	</object>
	<object>
		<name>sp06</name>
		<pose>Unspecified</pose>
		<truncated>0</truncated>
		<difficult>0</difficult>
		<bndbox>
			<xmin>298</xmin>
			<ymin>1705</ymin>
			<xmax>342</xmax>
			<ymax>1751</ymax>
		</bndbox>
	</object>
	<object>
		<name>sp06</name>
		<pose>Unspecified</pose>
		<truncated>0</truncated>
		<difficult>0</difficult>
		<bndbox>
			<xmin>331</xmin>
			<ymin>1740</ymin>
			<xmax>386</xmax>
			<ymax>1788</ymax>
		</bndbox>
	</object>
	<object>
		<name>sp06</name>
		<pose>Unspecified</pose>
		<truncated>0</truncated>
		<difficult>0</difficult>
		<bndbox>
			<xmin>523</xmin>
			<ymin>1632</ymin>
			<xmax>568</xmax>
			<ymax>1681</ymax>
		</bndbox>
	</object>
	<object>
		<name>sp06</name>
		<pose>Unspecified</pose>
		<truncated>0</truncated>
		<difficult>0</difficult>
		<bndbox>
			<xmin>564</xmin>
			<ymin>1805</ymin>
			<xmax>607</xmax>
			<ymax>1844</ymax>
		</bndbox>
	</object>
	<object>
		<name>sp06</name>
		<pose>Unspecified</pose>
		<truncated>0</truncated>
		<difficult>0</difficult>
		<bndbox>
			<xmin>621</xmin>
			<ymin>1801</ymin>
			<xmax>659</xmax>
			<ymax>1838</ymax>
		</bndbox>
	</object>
	<object>
		<name>sp06</name>
		<pose>Unspecified</pose>
		<truncated>0</truncated>
		<difficult>0</difficult>
		<bndbox>
			<xmin>703</xmin>
			<ymin>1771</ymin>
			<xmax>749</xmax>
			<ymax>1814</ymax>
		</bndbox>
	</object>
	<object>
		<name>sp06</name>
		<pose>Unspecified</pose>
		<truncated>0</truncated>
		<difficult>0</difficult>
		<bndbox>
			<xmin>744</xmin>
			<ymin>1753</ymin>
			<xmax>797</xmax>
			<ymax>1798</ymax>
		</bndbox>
	</object>
	<object>
		<name>sp06</name>
		<pose>Unspecified</pose>
		<truncated>0</truncated>
		<difficult>0</difficult>
		<bndbox>
			<xmin>647</xmin>
			<ymin>1815</ymin>
			<xmax>692</xmax>
			<ymax>1845</ymax>
		</bndbox>
	</object>
	<object>
		<name>sp06</name>
		<pose>Unspecified</pose>
		<truncated>0</truncated>
		<difficult>0</difficult>
		<bndbox>
			<xmin>658</xmin>
			<ymin>1833</ymin>
			<xmax>702</xmax>
			<ymax>1862</ymax>
		</bndbox>
	</object>
	<object>
		<name>sp06</name>
		<pose>Unspecified</pose>
		<truncated>0</truncated>
		<difficult>0</difficult>
		<bndbox>
			<xmin>674</xmin>
			<ymin>1850</ymin>
			<xmax>720</xmax>
			<ymax>1884</ymax>
		</bndbox>
	</object>
	<object>
		<name>sp06</name>
		<pose>Unspecified</pose>
		<truncated>0</truncated>
		<difficult>0</difficult>
		<bndbox>
			<xmin>540</xmin>
			<ymin>1898</ymin>
			<xmax>582</xmax>
			<ymax>1943</ymax>
		</bndbox>
	</object>
	<object>
		<name>sp06</name>
		<pose>Unspecified</pose>
		<truncated>0</truncated>
		<difficult>0</difficult>
		<bndbox>
			<xmin>597</xmin>
			<ymin>1914</ymin>
			<xmax>642</xmax>
			<ymax>1959</ymax>
		</bndbox>
	</object>
	<object>
		<name>sp06</name>
		<pose>Unspecified</pose>
		<truncated>0</truncated>
		<difficult>0</difficult>
		<bndbox>
			<xmin>595</xmin>
			<ymin>1949</ymin>
			<xmax>640</xmax>
			<ymax>1989</ymax>
		</bndbox>
	</object>
	<object>
		<name>sp06</name>
		<pose>Unspecified</pose>
		<truncated>0</truncated>
		<difficult>0</difficult>
		<bndbox>
			<xmin>657</xmin>
			<ymin>1911</ymin>
			<xmax>687</xmax>
			<ymax>1940</ymax>
		</bndbox>
	</object>
	<object>
		<name>sp06</name>
		<pose>Unspecified</pose>
		<truncated>0</truncated>
		<difficult>0</difficult>
		<bndbox>
			<xmin>687</xmin>
			<ymin>1901</ymin>
			<xmax>720</xmax>
			<ymax>1939</ymax>
		</bndbox>
	</object>
	<object>
		<name>sp06</name>
		<pose>Unspecified</pose>
		<truncated>0</truncated>
		<difficult>0</difficult>
		<bndbox>
			<xmin>827</xmin>
			<ymin>1843</ymin>
			<xmax>875</xmax>
			<ymax>1887</ymax>
		</bndbox>
	</object>
	<object>
		<name>sp06</name>
		<pose>Unspecified</pose>
		<truncated>0</truncated>
		<difficult>0</difficult>
		<bndbox>
			<xmin>703</xmin>
			<ymin>2095</ymin>
			<xmax>744</xmax>
			<ymax>2138</ymax>
		</bndbox>
	</object>
	<object>
		<name>sp06</name>
		<pose>Unspecified</pose>
		<truncated>0</truncated>
		<difficult>0</difficult>
		<bndbox>
			<xmin>741</xmin>
			<ymin>2113</ymin>
			<xmax>799</xmax>
			<ymax>2159</ymax>
		</bndbox>
	</object>
	<object>
		<name>sp06</name>
		<pose>Unspecified</pose>
		<truncated>0</truncated>
		<difficult>0</difficult>
		<bndbox>
			<xmin>923</xmin>
			<ymin>2161</ymin>
			<xmax>968</xmax>
			<ymax>2203</ymax>
		</bndbox>
	</object>
	<object>
		<name>sp06</name>
		<pose>Unspecified</pose>
		<truncated>0</truncated>
		<difficult>0</difficult>
		<bndbox>
			<xmin>1035</xmin>
			<ymin>2157</ymin>
			<xmax>1085</xmax>
			<ymax>2195</ymax>
		</bndbox>
	</object>
	<object>
		<name>sp06</name>
		<pose>Unspecified</pose>
		<truncated>0</truncated>
		<difficult>0</difficult>
		<bndbox>
			<xmin>1071</xmin>
			<ymin>1985</ymin>
			<xmax>1115</xmax>
			<ymax>2032</ymax>
		</bndbox>
	</object>
	<object>
		<name>sp06</name>
		<pose>Unspecified</pose>
		<truncated>0</truncated>
		<difficult>0</difficult>
		<bndbox>
			<xmin>1105</xmin>
			<ymin>2019</ymin>
			<xmax>1147</xmax>
			<ymax>2062</ymax>
		</bndbox>
	</object>
	<object>
		<name>sp06</name>
		<pose>Unspecified</pose>
		<truncated>0</truncated>
		<difficult>0</difficult>
		<bndbox>
			<xmin>1092</xmin>
			<ymin>2146</ymin>
			<xmax>1143</xmax>
			<ymax>2191</ymax>
		</bndbox>
	</object>
	<object>
		<name>sp06</name>
		<pose>Unspecified</pose>
		<truncated>0</truncated>
		<difficult>0</difficult>
		<bndbox>
			<xmin>1195</xmin>
			<ymin>2099</ymin>
			<xmax>1231</xmax>
			<ymax>2139</ymax>
		</bndbox>
	</object>
	<object>
		<name>sp06</name>
		<pose>Unspecified</pose>
		<truncated>0</truncated>
		<difficult>0</difficult>
		<bndbox>
			<xmin>1346</xmin>
			<ymin>1959</ymin>
			<xmax>1390</xmax>
			<ymax>1997</ymax>
		</bndbox>
	</object>
	<object>
		<name>sp06</name>
		<pose>Unspecified</pose>
		<truncated>0</truncated>
		<difficult>0</difficult>
		<bndbox>
			<xmin>1261</xmin>
			<ymin>2124</ymin>
			<xmax>1306</xmax>
			<ymax>2160</ymax>
		</bndbox>
	</object>
	<object>
		<name>sp06</name>
		<pose>Unspecified</pose>
		<truncated>0</truncated>
		<difficult>0</difficult>
		<bndbox>
			<xmin>1344</xmin>
			<ymin>2117</ymin>
			<xmax>1384</xmax>
			<ymax>2155</ymax>
		</bndbox>
	</object>
	<object>
		<name>sp06</name>
		<pose>Unspecified</pose>
		<truncated>0</truncated>
		<difficult>0</difficult>
		<bndbox>
			<xmin>1412</xmin>
			<ymin>2077</ymin>
			<xmax>1458</xmax>
			<ymax>2118</ymax>
		</bndbox>
	</object>
	<object>
		<name>sp06</name>
		<pose>Unspecified</pose>
		<truncated>0</truncated>
		<difficult>0</difficult>
		<bndbox>
			<xmin>1483</xmin>
			<ymin>1962</ymin>
			<xmax>1531</xmax>
			<ymax>2003</ymax>
		</bndbox>
	</object>
	<object>
		<name>sp06</name>
		<pose>Unspecified</pose>
		<truncated>0</truncated>
		<difficult>0</difficult>
		<bndbox>
			<xmin>1491</xmin>
			<ymin>2029</ymin>
			<xmax>1537</xmax>
			<ymax>2074</ymax>
		</bndbox>
	</object>
	<object>
		<name>sp06</name>
		<pose>Unspecified</pose>
		<truncated>0</truncated>
		<difficult>0</difficult>
		<bndbox>
			<xmin>1539</xmin>
			<ymin>2019</ymin>
			<xmax>1586</xmax>
			<ymax>2061</ymax>
		</bndbox>
	</object>
	<object>
		<name>sp06</name>
		<pose>Unspecified</pose>
		<truncated>0</truncated>
		<difficult>0</difficult>
		<bndbox>
			<xmin>1553</xmin>
			<ymin>1934</ymin>
			<xmax>1604</xmax>
			<ymax>1973</ymax>
		</bndbox>
	</object>
	<object>
		<name>sp06</name>
		<pose>Unspecified</pose>
		<truncated>0</truncated>
		<difficult>0</difficult>
		<bndbox>
			<xmin>1678</xmin>
			<ymin>1911</ymin>
			<xmax>1729</xmax>
			<ymax>1952</ymax>
		</bndbox>
	</object>
	<object>
		<name>sp06</name>
		<pose>Unspecified</pose>
		<truncated>0</truncated>
		<difficult>0</difficult>
		<bndbox>
			<xmin>1669</xmin>
			<ymin>1982</ymin>
			<xmax>1713</xmax>
			<ymax>2026</ymax>
		</bndbox>
	</object>
	<object>
		<name>sp06</name>
		<pose>Unspecified</pose>
		<truncated>0</truncated>
		<difficult>0</difficult>
		<bndbox>
			<xmin>1172</xmin>
			<ymin>1832</ymin>
			<xmax>1230</xmax>
			<ymax>1881</ymax>
		</bndbox>
	</object>
	<object>
		<name>sp06</name>
		<pose>Unspecified</pose>
		<truncated>0</truncated>
		<difficult>0</difficult>
		<bndbox>
			<xmin>1309</xmin>
			<ymin>1629</ymin>
			<xmax>1361</xmax>
			<ymax>1678</ymax>
		</bndbox>
	</object>
	<object>
		<name>sp06</name>
		<pose>Unspecified</pose>
		<truncated>0</truncated>
		<difficult>0</difficult>
		<bndbox>
			<xmin>1523</xmin>
			<ymin>1683</ymin>
			<xmax>1578</xmax>
			<ymax>1733</ymax>
		</bndbox>
	</object>
	<object>
		<name>sp06</name>
		<pose>Unspecified</pose>
		<truncated>0</truncated>
		<difficult>0</difficult>
		<bndbox>
			<xmin>1593</xmin>
			<ymin>1564</ymin>
			<xmax>1644</xmax>
			<ymax>1611</ymax>
		</bndbox>
	</object>
	<object>
		<name>sp06</name>
		<pose>Unspecified</pose>
		<truncated>0</truncated>
		<difficult>0</difficult>
		<bndbox>
			<xmin>1726</xmin>
			<ymin>1586</ymin>
			<xmax>1773</xmax>
			<ymax>1629</ymax>
		</bndbox>
	</object>
	<object>
		<name>sp06</name>
		<pose>Unspecified</pose>
		<truncated>0</truncated>
		<difficult>0</difficult>
		<bndbox>
			<xmin>1709</xmin>
			<ymin>1714</ymin>
			<xmax>1752</xmax>
			<ymax>1756</ymax>
		</bndbox>
	</object>
	<object>
		<name>sp06</name>
		<pose>Unspecified</pose>
		<truncated>0</truncated>
		<difficult>0</difficult>
		<bndbox>
			<xmin>1605</xmin>
			<ymin>1804</ymin>
			<xmax>1652</xmax>
			<ymax>1846</ymax>
		</bndbox>
	</object>
	<object>
		<name>sp06</name>
		<pose>Unspecified</pose>
		<truncated>0</truncated>
		<difficult>0</difficult>
		<bndbox>
			<xmin>1824</xmin>
			<ymin>1672</ymin>
			<xmax>1867</xmax>
			<ymax>1717</ymax>
		</bndbox>
	</object>
	<object>
		<name>sp06</name>
		<pose>Unspecified</pose>
		<truncated>0</truncated>
		<difficult>0</difficult>
		<bndbox>
			<xmin>1926</xmin>
			<ymin>1646</ymin>
			<xmax>1968</xmax>
			<ymax>1686</ymax>
		</bndbox>
	</object>
	<object>
		<name>sp06</name>
		<pose>Unspecified</pose>
		<truncated>0</truncated>
		<difficult>0</difficult>
		<bndbox>
			<xmin>1930</xmin>
			<ymin>1545</ymin>
			<xmax>1972</xmax>
			<ymax>1592</ymax>
		</bndbox>
	</object>
	<object>
		<name>sp06</name>
		<pose>Unspecified</pose>
		<truncated>0</truncated>
		<difficult>0</difficult>
		<bndbox>
			<xmin>1998</xmin>
			<ymin>1501</ymin>
			<xmax>2041</xmax>
			<ymax>1533</ymax>
		</bndbox>
	</object>
	<object>
		<name>sp06</name>
		<pose>Unspecified</pose>
		<truncated>0</truncated>
		<difficult>0</difficult>
		<bndbox>
			<xmin>2009</xmin>
			<ymin>1534</ymin>
			<xmax>2055</xmax>
			<ymax>1573</ymax>
		</bndbox>
	</object>
	<object>
		<name>sp06</name>
		<pose>Unspecified</pose>
		<truncated>0</truncated>
		<difficult>0</difficult>
		<bndbox>
			<xmin>1359</xmin>
			<ymin>1391</ymin>
			<xmax>1410</xmax>
			<ymax>1435</ymax>
		</bndbox>
	</object>
	<object>
		<name>sp06</name>
		<pose>Unspecified</pose>
		<truncated>0</truncated>
		<difficult>0</difficult>
		<bndbox>
			<xmin>1581</xmin>
			<ymin>1402</ymin>
			<xmax>1642</xmax>
			<ymax>1456</ymax>
		</bndbox>
	</object>
	<object>
		<name>sp06</name>
		<pose>Unspecified</pose>
		<truncated>0</truncated>
		<difficult>0</difficult>
		<bndbox>
			<xmin>1658</xmin>
			<ymin>1141</ymin>
			<xmax>1710</xmax>
			<ymax>1187</ymax>
		</bndbox>
	</object>
	<object>
		<name>sp06</name>
		<pose>Unspecified</pose>
		<truncated>0</truncated>
		<difficult>0</difficult>
		<bndbox>
			<xmin>1866</xmin>
			<ymin>1429</ymin>
			<xmax>1913</xmax>
			<ymax>1473</ymax>
		</bndbox>
	</object>
	<object>
		<name>sp06</name>
		<pose>Unspecified</pose>
		<truncated>0</truncated>
		<difficult>0</difficult>
		<bndbox>
			<xmin>1977</xmin>
			<ymin>1307</ymin>
			<xmax>2017</xmax>
			<ymax>1343</ymax>
		</bndbox>
	</object>
	<object>
		<name>sp06</name>
		<pose>Unspecified</pose>
		<truncated>0</truncated>
		<difficult>0</difficult>
		<bndbox>
			<xmin>2040</xmin>
			<ymin>1272</ymin>
			<xmax>2087</xmax>
			<ymax>1319</ymax>
		</bndbox>
	</object>
	<object>
		<name>sp06</name>
		<pose>Unspecified</pose>
		<truncated>0</truncated>
		<difficult>0</difficult>
		<bndbox>
			<xmin>2034</xmin>
			<ymin>1188</ymin>
			<xmax>2086</xmax>
			<ymax>1231</ymax>
		</bndbox>
	</object>
	<object>
		<name>sp06</name>
		<pose>Unspecified</pose>
		<truncated>0</truncated>
		<difficult>0</difficult>
		<bndbox>
			<xmin>1712</xmin>
			<ymin>1121</ymin>
			<xmax>1754</xmax>
			<ymax>1159</ymax>
		</bndbox>
	</object>
	<object>
		<name>sp06</name>
		<pose>Unspecified</pose>
		<truncated>0</truncated>
		<difficult>0</difficult>
		<bndbox>
			<xmin>1854</xmin>
			<ymin>1070</ymin>
			<xmax>1893</xmax>
			<ymax>1108</ymax>
		</bndbox>
	</object>
	<object>
		<name>sp06</name>
		<pose>Unspecified</pose>
		<truncated>0</truncated>
		<difficult>0</difficult>
		<bndbox>
			<xmin>1849</xmin>
			<ymin>1122</ymin>
			<xmax>1885</xmax>
			<ymax>1156</ymax>
		</bndbox>
	</object>
	<object>
		<name>sp06</name>
		<pose>Unspecified</pose>
		<truncated>0</truncated>
		<difficult>0</difficult>
		<bndbox>
			<xmin>1873</xmin>
			<ymin>1101</ymin>
			<xmax>1915</xmax>
			<ymax>1142</ymax>
		</bndbox>
	</object>
	<object>
		<name>sp06</name>
		<pose>Unspecified</pose>
		<truncated>0</truncated>
		<difficult>0</difficult>
		<bndbox>
			<xmin>1951</xmin>
			<ymin>1026</ymin>
			<xmax>1996</xmax>
			<ymax>1072</ymax>
		</bndbox>
	</object>
	<object>
		<name>sp06</name>
		<pose>Unspecified</pose>
		<truncated>0</truncated>
		<difficult>0</difficult>
		<bndbox>
			<xmin>2013</xmin>
			<ymin>1008</ymin>
			<xmax>2055</xmax>
			<ymax>1049</ymax>
		</bndbox>
	</object>
	<object>
		<name>sp06</name>
		<pose>Unspecified</pose>
		<truncated>0</truncated>
		<difficult>0</difficult>
		<bndbox>
			<xmin>1816</xmin>
			<ymin>918</ymin>
			<xmax>1863</xmax>
			<ymax>955</ymax>
		</bndbox>
	</object>
	<object>
		<name>sp06</name>
		<pose>Unspecified</pose>
		<truncated>0</truncated>
		<difficult>0</difficult>
		<bndbox>
			<xmin>1785</xmin>
			<ymin>864</ymin>
			<xmax>1836</xmax>
			<ymax>903</ymax>
		</bndbox>
	</object>
	<object>
		<name>sp06</name>
		<pose>Unspecified</pose>
		<truncated>0</truncated>
		<difficult>0</difficult>
		<bndbox>
			<xmin>1632</xmin>
			<ymin>728</ymin>
			<xmax>1682</xmax>
			<ymax>764</ymax>
		</bndbox>
	</object>
	<object>
		<name>sp06</name>
		<pose>Unspecified</pose>
		<truncated>0</truncated>
		<difficult>0</difficult>
		<bndbox>
			<xmin>1737</xmin>
			<ymin>681</ymin>
			<xmax>1783</xmax>
			<ymax>726</ymax>
		</bndbox>
	</object>
	<object>
		<name>sp06</name>
		<pose>Unspecified</pose>
		<truncated>0</truncated>
		<difficult>0</difficult>
		<bndbox>
			<xmin>1805</xmin>
			<ymin>618</ymin>
			<xmax>1851</xmax>
			<ymax>659</ymax>
		</bndbox>
	</object>
	<object>
		<name>sp06</name>
		<pose>Unspecified</pose>
		<truncated>0</truncated>
		<difficult>0</difficult>
		<bndbox>
			<xmin>1945</xmin>
			<ymin>638</ymin>
			<xmax>1992</xmax>
			<ymax>682</ymax>
		</bndbox>
	</object>
	<object>
		<name>sp06</name>
		<pose>Unspecified</pose>
		<truncated>0</truncated>
		<difficult>0</difficult>
		<bndbox>
			<xmin>1810</xmin>
			<ymin>714</ymin>
			<xmax>1855</xmax>
			<ymax>772</ymax>
		</bndbox>
	</object>
	<object>
		<name>sp06</name>
		<pose>Unspecified</pose>
		<truncated>0</truncated>
		<difficult>0</difficult>
		<bndbox>
			<xmin>1973</xmin>
			<ymin>793</ymin>
			<xmax>2020</xmax>
			<ymax>825</ymax>
		</bndbox>
	</object>
	<object>
		<name>sp06</name>
		<pose>Unspecified</pose>
		<truncated>0</truncated>
		<difficult>0</difficult>
		<bndbox>
			<xmin>1717</xmin>
			<ymin>506</ymin>
			<xmax>1764</xmax>
			<ymax>547</ymax>
		</bndbox>
	</object>
	<object>
		<name>sp06</name>
		<pose>Unspecified</pose>
		<truncated>0</truncated>
		<difficult>0</difficult>
		<bndbox>
			<xmin>1327</xmin>
			<ymin>316</ymin>
			<xmax>1370</xmax>
			<ymax>356</ymax>
		</bndbox>
	</object>
	<object>
		<name>sp06</name>
		<pose>Unspecified</pose>
		<truncated>0</truncated>
		<difficult>0</difficult>
		<bndbox>
			<xmin>1351</xmin>
			<ymin>344</ymin>
			<xmax>1394</xmax>
			<ymax>386</ymax>
		</bndbox>
	</object>
	<object>
		<name>sp06</name>
		<pose>Unspecified</pose>
		<truncated>0</truncated>
		<difficult>0</difficult>
		<bndbox>
			<xmin>1261</xmin>
			<ymin>365</ymin>
			<xmax>1314</xmax>
			<ymax>410</ymax>
		</bndbox>
	</object>
	<object>
		<name>sp06</name>
		<pose>Unspecified</pose>
		<truncated>0</truncated>
		<difficult>0</difficult>
		<bndbox>
			<xmin>1189</xmin>
			<ymin>439</ymin>
			<xmax>1218</xmax>
			<ymax>474</ymax>
		</bndbox>
	</object>
	<object>
		<name>sp06</name>
		<pose>Unspecified</pose>
		<truncated>0</truncated>
		<difficult>0</difficult>
		<bndbox>
			<xmin>1217</xmin>
			<ymin>432</ymin>
			<xmax>1257</xmax>
			<ymax>469</ymax>
		</bndbox>
	</object>
	<object>
		<name>sp06</name>
		<pose>Unspecified</pose>
		<truncated>0</truncated>
		<difficult>0</difficult>
		<bndbox>
			<xmin>1293</xmin>
			<ymin>438</ymin>
			<xmax>1339</xmax>
			<ymax>478</ymax>
		</bndbox>
	</object>
	<object>
		<name>sp06</name>
		<pose>Unspecified</pose>
		<truncated>0</truncated>
		<difficult>0</difficult>
		<bndbox>
			<xmin>1519</xmin>
			<ymin>427</ymin>
			<xmax>1562</xmax>
			<ymax>463</ymax>
		</bndbox>
	</object>
	<object>
		<name>sp06</name>
		<pose>Unspecified</pose>
		<truncated>0</truncated>
		<difficult>0</difficult>
		<bndbox>
			<xmin>1544</xmin>
			<ymin>451</ymin>
			<xmax>1582</xmax>
			<ymax>489</ymax>
		</bndbox>
	</object>
	<object>
		<name>sp06</name>
		<pose>Unspecified</pose>
		<truncated>0</truncated>
		<difficult>0</difficult>
		<bndbox>
			<xmin>1602</xmin>
			<ymin>468</ymin>
			<xmax>1650</xmax>
			<ymax>507</ymax>
		</bndbox>
	</object>
	<object>
		<name>sp06</name>
		<pose>Unspecified</pose>
		<truncated>0</truncated>
		<difficult>0</difficult>
		<bndbox>
			<xmin>1645</xmin>
			<ymin>443</ymin>
			<xmax>1688</xmax>
			<ymax>485</ymax>
		</bndbox>
	</object>
	<object>
		<name>sp06</name>
		<pose>Unspecified</pose>
		<truncated>0</truncated>
		<difficult>0</difficult>
		<bndbox>
			<xmin>1647</xmin>
			<ymin>317</ymin>
			<xmax>1688</xmax>
			<ymax>363</ymax>
		</bndbox>
	</object>
	<object>
		<name>sp06</name>
		<pose>Unspecified</pose>
		<truncated>0</truncated>
		<difficult>0</difficult>
		<bndbox>
			<xmin>1216</xmin>
			<ymin>603</ymin>
			<xmax>1254</xmax>
			<ymax>638</ymax>
		</bndbox>
	</object>
	<object>
		<name>sp06</name>
		<pose>Unspecified</pose>
		<truncated>0</truncated>
		<difficult>0</difficult>
		<bndbox>
			<xmin>1434</xmin>
			<ymin>601</ymin>
			<xmax>1480</xmax>
			<ymax>644</ymax>
		</bndbox>
	</object>
	<object>
		<name>sp06</name>
		<pose>Unspecified</pose>
		<truncated>0</truncated>
		<difficult>0</difficult>
		<bndbox>
			<xmin>1429</xmin>
			<ymin>644</ymin>
			<xmax>1471</xmax>
			<ymax>688</ymax>
		</bndbox>
	</object>
	<object>
		<name>sp06</name>
		<pose>Unspecified</pose>
		<truncated>0</truncated>
		<difficult>0</difficult>
		<bndbox>
			<xmin>1435</xmin>
			<ymin>730</ymin>
			<xmax>1479</xmax>
			<ymax>764</ymax>
		</bndbox>
	</object>
	<object>
		<name>sp06</name>
		<pose>Unspecified</pose>
		<truncated>0</truncated>
		<difficult>0</difficult>
		<bndbox>
			<xmin>1299</xmin>
			<ymin>801</ymin>
			<xmax>1347</xmax>
			<ymax>846</ymax>
		</bndbox>
	</object>
	<object>
		<name>sp06</name>
		<pose>Unspecified</pose>
		<truncated>0</truncated>
		<difficult>0</difficult>
		<bndbox>
			<xmin>1405</xmin>
			<ymin>865</ymin>
			<xmax>1456</xmax>
			<ymax>908</ymax>
		</bndbox>
	</object>
	<object>
		<name>sp06</name>
		<pose>Unspecified</pose>
		<truncated>0</truncated>
		<difficult>0</difficult>
		<bndbox>
			<xmin>1289</xmin>
			<ymin>908</ymin>
			<xmax>1339</xmax>
			<ymax>950</ymax>
		</bndbox>
	</object>
	<object>
		<name>sp06</name>
		<pose>Unspecified</pose>
		<truncated>0</truncated>
		<difficult>0</difficult>
		<bndbox>
			<xmin>1186</xmin>
			<ymin>961</ymin>
			<xmax>1234</xmax>
			<ymax>1012</ymax>
		</bndbox>
	</object>
	<object>
		<name>sp06</name>
		<pose>Unspecified</pose>
		<truncated>0</truncated>
		<difficult>0</difficult>
		<bndbox>
			<xmin>1080</xmin>
			<ymin>889</ymin>
			<xmax>1127</xmax>
			<ymax>927</ymax>
		</bndbox>
	</object>
	<object>
		<name>sp06</name>
		<pose>Unspecified</pose>
		<truncated>0</truncated>
		<difficult>0</difficult>
		<bndbox>
			<xmin>1069</xmin>
			<ymin>835</ymin>
			<xmax>1117</xmax>
			<ymax>877</ymax>
		</bndbox>
	</object>
	<object>
		<name>sp06</name>
		<pose>Unspecified</pose>
		<truncated>0</truncated>
		<difficult>0</difficult>
		<bndbox>
			<xmin>951</xmin>
			<ymin>825</ymin>
			<xmax>997</xmax>
			<ymax>862</ymax>
		</bndbox>
	</object>
	<object>
		<name>sp06</name>
		<pose>Unspecified</pose>
		<truncated>0</truncated>
		<difficult>0</difficult>
		<bndbox>
			<xmin>887</xmin>
			<ymin>814</ymin>
			<xmax>928</xmax>
			<ymax>848</ymax>
		</bndbox>
	</object>
	<object>
		<name>sp06</name>
		<pose>Unspecified</pose>
		<truncated>0</truncated>
		<difficult>0</difficult>
		<bndbox>
			<xmin>955</xmin>
			<ymin>760</ymin>
			<xmax>999</xmax>
			<ymax>795</ymax>
		</bndbox>
	</object>
	<object>
		<name>sp06</name>
		<pose>Unspecified</pose>
		<truncated>0</truncated>
		<difficult>0</difficult>
		<bndbox>
			<xmin>958</xmin>
			<ymin>678</ymin>
			<xmax>998</xmax>
			<ymax>713</ymax>
		</bndbox>
	</object>
	<object>
		<name>sp06</name>
		<pose>Unspecified</pose>
		<truncated>0</truncated>
		<difficult>0</difficult>
		<bndbox>
			<xmin>864</xmin>
			<ymin>712</ymin>
			<xmax>900</xmax>
			<ymax>741</ymax>
		</bndbox>
	</object>
	<object>
		<name>sp06</name>
		<pose>Unspecified</pose>
		<truncated>0</truncated>
		<difficult>0</difficult>
		<bndbox>
			<xmin>861</xmin>
			<ymin>751</ymin>
			<xmax>898</xmax>
			<ymax>776</ymax>
		</bndbox>
	</object>
	<object>
		<name>sp06</name>
		<pose>Unspecified</pose>
		<truncated>0</truncated>
		<difficult>0</difficult>
		<bndbox>
			<xmin>944</xmin>
			<ymin>142</ymin>
			<xmax>993</xmax>
			<ymax>186</ymax>
		</bndbox>
	</object>
	<object>
		<name>sp06</name>
		<pose>Unspecified</pose>
		<truncated>0</truncated>
		<difficult>0</difficult>
		<bndbox>
			<xmin>948</xmin>
			<ymin>193</ymin>
			<xmax>986</xmax>
			<ymax>232</ymax>
		</bndbox>
	</object>
	<object>
		<name>sp06</name>
		<pose>Unspecified</pose>
		<truncated>0</truncated>
		<difficult>0</difficult>
		<bndbox>
			<xmin>1140</xmin>
			<ymin>228</ymin>
			<xmax>1180</xmax>
			<ymax>266</ymax>
		</bndbox>
	</object>
	<object>
		<name>sp06</name>
		<pose>Unspecified</pose>
		<truncated>0</truncated>
		<difficult>0</difficult>
		<bndbox>
			<xmin>1043</xmin>
			<ymin>258</ymin>
			<xmax>1081</xmax>
			<ymax>294</ymax>
		</bndbox>
	</object>
	<object>
		<name>sp06</name>
		<pose>Unspecified</pose>
		<truncated>0</truncated>
		<difficult>0</difficult>
		<bndbox>
			<xmin>1050</xmin>
			<ymin>283</ymin>
			<xmax>1083</xmax>
			<ymax>326</ymax>
		</bndbox>
	</object>
	<object>
		<name>sp06</name>
		<pose>Unspecified</pose>
		<truncated>0</truncated>
		<difficult>0</difficult>
		<bndbox>
			<xmin>996</xmin>
			<ymin>313</ymin>
			<xmax>1047</xmax>
			<ymax>355</ymax>
		</bndbox>
	</object>
	<object>
		<name>sp06</name>
		<pose>Unspecified</pose>
		<truncated>0</truncated>
		<difficult>0</difficult>
		<bndbox>
			<xmin>823</xmin>
			<ymin>330</ymin>
			<xmax>857</xmax>
			<ymax>360</ymax>
		</bndbox>
	</object>
	<object>
		<name>sp06</name>
		<pose>Unspecified</pose>
		<truncated>0</truncated>
		<difficult>0</difficult>
		<bndbox>
			<xmin>842</xmin>
			<ymin>320</ymin>
			<xmax>883</xmax>
			<ymax>364</ymax>
		</bndbox>
	</object>
	<object>
		<name>sp06</name>
		<pose>Unspecified</pose>
		<truncated>0</truncated>
		<difficult>0</difficult>
		<bndbox>
			<xmin>824</xmin>
			<ymin>434</ymin>
			<xmax>868</xmax>
			<ymax>473</ymax>
		</bndbox>
	</object>
	<object>
		<name>sp06</name>
		<pose>Unspecified</pose>
		<truncated>0</truncated>
		<difficult>0</difficult>
		<bndbox>
			<xmin>1032</xmin>
			<ymin>459</ymin>
			<xmax>1077</xmax>
			<ymax>499</ymax>
		</bndbox>
	</object>
	<object>
		<name>sp06</name>
		<pose>Unspecified</pose>
		<truncated>0</truncated>
		<difficult>0</difficult>
		<bndbox>
			<xmin>1074</xmin>
			<ymin>497</ymin>
			<xmax>1103</xmax>
			<ymax>522</ymax>
		</bndbox>
	</object>
	<object>
		<name>sp06</name>
		<pose>Unspecified</pose>
		<truncated>0</truncated>
		<difficult>0</difficult>
		<bndbox>
			<xmin>479</xmin>
			<ymin>445</ymin>
			<xmax>527</xmax>
			<ymax>486</ymax>
		</bndbox>
	</object>
	<object>
		<name>sp06</name>
		<pose>Unspecified</pose>
		<truncated>0</truncated>
		<difficult>0</difficult>
		<bndbox>
			<xmin>640</xmin>
			<ymin>545</ymin>
			<xmax>697</xmax>
			<ymax>596</ymax>
		</bndbox>
	</object>
	<object>
		<name>sp06</name>
		<pose>Unspecified</pose>
		<truncated>0</truncated>
		<difficult>0</difficult>
		<bndbox>
			<xmin>769</xmin>
			<ymin>560</ymin>
			<xmax>819</xmax>
			<ymax>605</ymax>
		</bndbox>
	</object>
	<object>
		<name>sp06</name>
		<pose>Unspecified</pose>
		<truncated>0</truncated>
		<difficult>0</difficult>
		<bndbox>
			<xmin>888</xmin>
			<ymin>567</ymin>
			<xmax>936</xmax>
			<ymax>611</ymax>
		</bndbox>
	</object>
	<object>
		<name>sp06</name>
		<pose>Unspecified</pose>
		<truncated>0</truncated>
		<difficult>0</difficult>
		<bndbox>
			<xmin>1007</xmin>
			<ymin>558</ymin>
			<xmax>1036</xmax>
			<ymax>590</ymax>
		</bndbox>
	</object>
	<object>
		<name>sp06</name>
		<pose>Unspecified</pose>
		<truncated>0</truncated>
		<difficult>0</difficult>
		<bndbox>
			<xmin>1018</xmin>
			<ymin>514</ymin>
			<xmax>1059</xmax>
			<ymax>554</ymax>
		</bndbox>
	</object>
	<object>
		<name>sp06</name>
		<pose>Unspecified</pose>
		<truncated>0</truncated>
		<difficult>0</difficult>
		<bndbox>
			<xmin>1116</xmin>
			<ymin>500</ymin>
			<xmax>1146</xmax>
			<ymax>538</ymax>
		</bndbox>
	</object>
	<object>
		<name>sp06</name>
		<pose>Unspecified</pose>
		<truncated>0</truncated>
		<difficult>0</difficult>
		<bndbox>
			<xmin>755</xmin>
			<ymin>636</ymin>
			<xmax>793</xmax>
			<ymax>671</ymax>
		</bndbox>
	</object>
	<object>
		<name>sp06</name>
		<pose>Unspecified</pose>
		<truncated>0</truncated>
		<difficult>0</difficult>
		<bndbox>
			<xmin>766</xmin>
			<ymin>708</ymin>
			<xmax>804</xmax>
			<ymax>742</ymax>
		</bndbox>
	</object>
	<object>
		<name>sp06</name>
		<pose>Unspecified</pose>
		<truncated>0</truncated>
		<difficult>0</difficult>
		<bndbox>
			<xmin>524</xmin>
			<ymin>634</ymin>
			<xmax>579</xmax>
			<ymax>686</ymax>
		</bndbox>
	</object>
	<object>
		<name>sp06</name>
		<pose>Unspecified</pose>
		<truncated>0</truncated>
		<difficult>0</difficult>
		<bndbox>
			<xmin>462</xmin>
			<ymin>601</ymin>
			<xmax>508</xmax>
			<ymax>647</ymax>
		</bndbox>
	</object>
	<object>
		<name>sp06</name>
		<pose>Unspecified</pose>
		<truncated>0</truncated>
		<difficult>0</difficult>
		<bndbox>
			<xmin>178</xmin>
			<ymin>684</ymin>
			<xmax>224</xmax>
			<ymax>723</ymax>
		</bndbox>
	</object>
	<object>
		<name>sp06</name>
		<pose>Unspecified</pose>
		<truncated>0</truncated>
		<difficult>0</difficult>
		<bndbox>
			<xmin>413</xmin>
			<ymin>627</ymin>
			<xmax>463</xmax>
			<ymax>667</ymax>
		</bndbox>
	</object>
	<object>
		<name>sp06</name>
		<pose>Unspecified</pose>
		<truncated>0</truncated>
		<difficult>0</difficult>
		<bndbox>
			<xmin>245</xmin>
			<ymin>765</ymin>
			<xmax>303</xmax>
			<ymax>808</ymax>
		</bndbox>
	</object>
	<object>
		<name>sp06</name>
		<pose>Unspecified</pose>
		<truncated>0</truncated>
		<difficult>0</difficult>
		<bndbox>
			<xmin>325</xmin>
			<ymin>776</ymin>
			<xmax>377</xmax>
			<ymax>817</ymax>
		</bndbox>
	</object>
	<object>
		<name>sp06</name>
		<pose>Unspecified</pose>
		<truncated>0</truncated>
		<difficult>0</difficult>
		<bndbox>
			<xmin>389</xmin>
			<ymin>746</ymin>
			<xmax>441</xmax>
			<ymax>795</ymax>
		</bndbox>
	</object>
	<object>
		<name>sp06</name>
		<pose>Unspecified</pose>
		<truncated>0</truncated>
		<difficult>0</difficult>
		<bndbox>
			<xmin>731</xmin>
			<ymin>820</ymin>
			<xmax>773</xmax>
			<ymax>855</ymax>
		</bndbox>
	</object>
	<object>
		<name>sp06</name>
		<pose>Unspecified</pose>
		<truncated>0</truncated>
		<difficult>0</difficult>
		<bndbox>
			<xmin>55</xmin>
			<ymin>1098</ymin>
			<xmax>93</xmax>
			<ymax>1141</ymax>
		</bndbox>
	</object>
	<object>
		<name>sp06</name>
		<pose>Unspecified</pose>
		<truncated>0</truncated>
		<difficult>0</difficult>
		<bndbox>
			<xmin>145</xmin>
			<ymin>1017</ymin>
			<xmax>196</xmax>
			<ymax>1060</ymax>
		</bndbox>
	</object>
	<object>
		<name>sp06</name>
		<pose>Unspecified</pose>
		<truncated>0</truncated>
		<difficult>0</difficult>
		<bndbox>
			<xmin>152</xmin>
			<ymin>1061</ymin>
			<xmax>203</xmax>
			<ymax>1108</ymax>
		</bndbox>
	</object>
	<object>
		<name>sp06</name>
		<pose>Unspecified</pose>
		<truncated>0</truncated>
		<difficult>0</difficult>
		<bndbox>
			<xmin>221</xmin>
			<ymin>1059</ymin>
			<xmax>266</xmax>
			<ymax>1097</ymax>
		</bndbox>
	</object>
	<object>
		<name>sp06</name>
		<pose>Unspecified</pose>
		<truncated>0</truncated>
		<difficult>0</difficult>
		<bndbox>
			<xmin>296</xmin>
			<ymin>1070</ymin>
			<xmax>347</xmax>
			<ymax>1110</ymax>
		</bndbox>
	</object>
	<object>
		<name>sp06</name>
		<pose>Unspecified</pose>
		<truncated>0</truncated>
		<difficult>0</difficult>
		<bndbox>
			<xmin>716</xmin>
			<ymin>938</ymin>
			<xmax>762</xmax>
			<ymax>983</ymax>
		</bndbox>
	</object>
	<object>
		<name>sp06</name>
		<pose>Unspecified</pose>
		<truncated>0</truncated>
		<difficult>0</difficult>
		<bndbox>
			<xmin>745</xmin>
			<ymin>958</ymin>
			<xmax>788</xmax>
			<ymax>995</ymax>
		</bndbox>
	</object>
	<object>
		<name>sp06</name>
		<pose>Unspecified</pose>
		<truncated>0</truncated>
		<difficult>0</difficult>
		<bndbox>
			<xmin>653</xmin>
			<ymin>1457</ymin>
			<xmax>705</xmax>
			<ymax>1504</ymax>
		</bndbox>
	</object>
	<object>
		<name>sp06</name>
		<pose>Unspecified</pose>
		<truncated>0</truncated>
		<difficult>0</difficult>
		<bndbox>
			<xmin>659</xmin>
			<ymin>1496</ymin>
			<xmax>706</xmax>
			<ymax>1531</ymax>
		</bndbox>
	</object>
	<object>
		<name>sp06</name>
		<pose>Unspecified</pose>
		<truncated>0</truncated>
		<difficult>0</difficult>
		<bndbox>
			<xmin>765</xmin>
			<ymin>1533</ymin>
			<xmax>819</xmax>
			<ymax>1576</ymax>
		</bndbox>
	</object>
	<object>
		<name>sp06</name>
		<pose>Unspecified</pose>
		<truncated>0</truncated>
		<difficult>0</difficult>
		<bndbox>
			<xmin>880</xmin>
			<ymin>1389</ymin>
			<xmax>933</xmax>
			<ymax>1442</ymax>
		</bndbox>
	</object>
	<object>
		<name>sp06</name>
		<pose>Unspecified</pose>
		<truncated>0</truncated>
		<difficult>0</difficult>
		<bndbox>
			<xmin>1186</xmin>
			<ymin>1071</ymin>
			<xmax>1238</xmax>
			<ymax>1111</ymax>
		</bndbox>
	</object>
	<object>
		<name>sp06</name>
		<pose>Unspecified</pose>
		<truncated>0</truncated>
		<difficult>0</difficult>
		<bndbox>
			<xmin>551</xmin>
			<ymin>333</ymin>
			<xmax>608</xmax>
			<ymax>383</ymax>
		</bndbox>
	</object>
	<object>
		<name>sp06</name>
		<pose>Unspecified</pose>
		<truncated>0</truncated>
		<difficult>0</difficult>
		<bndbox>
			<xmin>1174</xmin>
			<ymin>657</ymin>
			<xmax>1206</xmax>
			<ymax>695</ymax>
		</bndbox>
	</object>
</annotation>