<annotation>
	<folder>my-project-name</folder>
	<filename>sp06_img35.jpg</filename>
	<path>/my-project-name/sp06_img35.jpg</path>
	<source>
		<database>Unspecified</database>
	</source>
	<size>
		<width>2439</width>
		<height>2586</height>
		<depth>3</depth>
	</size>
	<object>
		<name>sp06</name>
		<pose>Unspecified</pose>
		<truncated>0</truncated>
		<difficult>0</difficult>
		<bndbox>
			<xmin>546</xmin>
			<ymin>411</ymin>
			<xmax>597</xmax>
			<ymax>472</ymax>
		</bndbox>
	</object>
	<object>
		<name>sp06</name>
		<pose>Unspecified</pose>
		<truncated>0</truncated>
		<difficult>0</difficult>
		<bndbox>
			<xmin>812</xmin>
			<ymin>340</ymin>
			<xmax>886</xmax>
			<ymax>404</ymax>
		</bndbox>
	</object>
	<object>
		<name>sp06</name>
		<pose>Unspecified</pose>
		<truncated>0</truncated>
		<difficult>0</difficult>
		<bndbox>
			<xmin>859</xmin>
			<ymin>407</ymin>
			<xmax>920</xmax>
			<ymax>454</ymax>
		</bndbox>
	</object>
	<object>
		<name>sp06</name>
		<pose>Unspecified</pose>
		<truncated>0</truncated>
		<difficult>0</difficult>
		<bndbox>
			<xmin>775</xmin>
			<ymin>498</ymin>
			<xmax>852</xmax>
			<ymax>555</ymax>
		</bndbox>
	</object>
	<object>
		<name>sp06</name>
		<pose>Unspecified</pose>
		<truncated>0</truncated>
		<difficult>0</difficult>
		<bndbox>
			<xmin>485</xmin>
			<ymin>535</ymin>
			<xmax>532</xmax>
			<ymax>609</ymax>
		</bndbox>
	</object>
	<object>
		<name>sp06</name>
		<pose>Unspecified</pose>
		<truncated>0</truncated>
		<difficult>0</difficult>
		<bndbox>
			<xmin>425</xmin>
			<ymin>609</ymin>
			<xmax>465</xmax>
			<ymax>666</ymax>
		</bndbox>
	</object>
	<object>
		<name>sp06</name>
		<pose>Unspecified</pose>
		<truncated>0</truncated>
		<difficult>0</difficult>
		<bndbox>
			<xmin>371</xmin>
			<ymin>609</ymin>
			<xmax>425</xmax>
			<ymax>673</ymax>
		</bndbox>
	</object>
	<object>
		<name>sp06</name>
		<pose>Unspecified</pose>
		<truncated>0</truncated>
		<difficult>0</difficult>
		<bndbox>
			<xmin>307</xmin>
			<ymin>647</ymin>
			<xmax>354</xmax>
			<ymax>698</ymax>
		</bndbox>
	</object>
	<object>
		<name>sp06</name>
		<pose>Unspecified</pose>
		<truncated>0</truncated>
		<difficult>0</difficult>
		<bndbox>
			<xmin>294</xmin>
			<ymin>714</ymin>
			<xmax>355</xmax>
			<ymax>778</ymax>
		</bndbox>
	</object>
	<object>
		<name>sp06</name>
		<pose>Unspecified</pose>
		<truncated>0</truncated>
		<difficult>0</difficult>
		<bndbox>
			<xmin>331</xmin>
			<ymin>788</ymin>
			<xmax>382</xmax>
			<ymax>835</ymax>
		</bndbox>
	</object>
	<object>
		<name>sp06</name>
		<pose>Unspecified</pose>
		<truncated>0</truncated>
		<difficult>0</difficult>
		<bndbox>
			<xmin>166</xmin>
			<ymin>859</ymin>
			<xmax>227</xmax>
			<ymax>923</ymax>
		</bndbox>
	</object>
	<object>
		<name>sp06</name>
		<pose>Unspecified</pose>
		<truncated>0</truncated>
		<difficult>0</difficult>
		<bndbox>
			<xmin>54</xmin>
			<ymin>983</ymin>
			<xmax>145</xmax>
			<ymax>1060</ymax>
		</bndbox>
	</object>
	<object>
		<name>sp06</name>
		<pose>Unspecified</pose>
		<truncated>0</truncated>
		<difficult>0</difficult>
		<bndbox>
			<xmin>149</xmin>
			<ymin>1147</ymin>
			<xmax>199</xmax>
			<ymax>1206</ymax>
		</bndbox>
	</object>
	<object>
		<name>sp06</name>
		<pose>Unspecified</pose>
		<truncated>0</truncated>
		<difficult>0</difficult>
		<bndbox>
			<xmin>367</xmin>
			<ymin>879</ymin>
			<xmax>428</xmax>
			<ymax>936</ymax>
		</bndbox>
	</object>
	<object>
		<name>sp06</name>
		<pose>Unspecified</pose>
		<truncated>0</truncated>
		<difficult>0</difficult>
		<bndbox>
			<xmin>438</xmin>
			<ymin>850</ymin>
			<xmax>499</xmax>
			<ymax>923</ymax>
		</bndbox>
	</object>
	<object>
		<name>sp06</name>
		<pose>Unspecified</pose>
		<truncated>0</truncated>
		<difficult>0</difficult>
		<bndbox>
			<xmin>466</xmin>
			<ymin>810</ymin>
			<xmax>496</xmax>
			<ymax>844</ymax>
		</bndbox>
	</object>
	<object>
		<name>sp06</name>
		<pose>Unspecified</pose>
		<truncated>0</truncated>
		<difficult>0</difficult>
		<bndbox>
			<xmin>494</xmin>
			<ymin>816</ymin>
			<xmax>526</xmax>
			<ymax>862</ymax>
		</bndbox>
	</object>
	<object>
		<name>sp06</name>
		<pose>Unspecified</pose>
		<truncated>0</truncated>
		<difficult>0</difficult>
		<bndbox>
			<xmin>442</xmin>
			<ymin>761</ymin>
			<xmax>486</xmax>
			<ymax>809</ymax>
		</bndbox>
	</object>
	<object>
		<name>sp06</name>
		<pose>Unspecified</pose>
		<truncated>0</truncated>
		<difficult>0</difficult>
		<bndbox>
			<xmin>505</xmin>
			<ymin>769</ymin>
			<xmax>539</xmax>
			<ymax>819</ymax>
		</bndbox>
	</object>
	<object>
		<name>sp06</name>
		<pose>Unspecified</pose>
		<truncated>0</truncated>
		<difficult>0</difficult>
		<bndbox>
			<xmin>593</xmin>
			<ymin>725</ymin>
			<xmax>635</xmax>
			<ymax>790</ymax>
		</bndbox>
	</object>
	<object>
		<name>sp06</name>
		<pose>Unspecified</pose>
		<truncated>0</truncated>
		<difficult>0</difficult>
		<bndbox>
			<xmin>727</xmin>
			<ymin>600</ymin>
			<xmax>780</xmax>
			<ymax>650</ymax>
		</bndbox>
	</object>
	<object>
		<name>sp06</name>
		<pose>Unspecified</pose>
		<truncated>0</truncated>
		<difficult>0</difficult>
		<bndbox>
			<xmin>836</xmin>
			<ymin>602</ymin>
			<xmax>886</xmax>
			<ymax>653</ymax>
		</bndbox>
	</object>
	<object>
		<name>sp06</name>
		<pose>Unspecified</pose>
		<truncated>0</truncated>
		<difficult>0</difficult>
		<bndbox>
			<xmin>787</xmin>
			<ymin>689</ymin>
			<xmax>829</xmax>
			<ymax>739</ymax>
		</bndbox>
	</object>
	<object>
		<name>sp06</name>
		<pose>Unspecified</pose>
		<truncated>0</truncated>
		<difficult>0</difficult>
		<bndbox>
			<xmin>719</xmin>
			<ymin>784</ymin>
			<xmax>769</xmax>
			<ymax>845</ymax>
		</bndbox>
	</object>
	<object>
		<name>sp06</name>
		<pose>Unspecified</pose>
		<truncated>0</truncated>
		<difficult>0</difficult>
		<bndbox>
			<xmin>684</xmin>
			<ymin>840</ymin>
			<xmax>743</xmax>
			<ymax>890</ymax>
		</bndbox>
	</object>
	<object>
		<name>sp06</name>
		<pose>Unspecified</pose>
		<truncated>0</truncated>
		<difficult>0</difficult>
		<bndbox>
			<xmin>541</xmin>
			<ymin>965</ymin>
			<xmax>577</xmax>
			<ymax>1007</ymax>
		</bndbox>
	</object>
	<object>
		<name>sp06</name>
		<pose>Unspecified</pose>
		<truncated>0</truncated>
		<difficult>0</difficult>
		<bndbox>
			<xmin>575</xmin>
			<ymin>959</ymin>
			<xmax>613</xmax>
			<ymax>1012</ymax>
		</bndbox>
	</object>
	<object>
		<name>sp06</name>
		<pose>Unspecified</pose>
		<truncated>0</truncated>
		<difficult>0</difficult>
		<bndbox>
			<xmin>66</xmin>
			<ymin>1238</ymin>
			<xmax>123</xmax>
			<ymax>1301</ymax>
		</bndbox>
	</object>
	<object>
		<name>sp06</name>
		<pose>Unspecified</pose>
		<truncated>0</truncated>
		<difficult>0</difficult>
		<bndbox>
			<xmin>34</xmin>
			<ymin>1347</ymin>
			<xmax>93</xmax>
			<ymax>1406</ymax>
		</bndbox>
	</object>
	<object>
		<name>sp06</name>
		<pose>Unspecified</pose>
		<truncated>0</truncated>
		<difficult>0</difficult>
		<bndbox>
			<xmin>177</xmin>
			<ymin>1262</ymin>
			<xmax>221</xmax>
			<ymax>1298</ymax>
		</bndbox>
	</object>
	<object>
		<name>sp06</name>
		<pose>Unspecified</pose>
		<truncated>0</truncated>
		<difficult>0</difficult>
		<bndbox>
			<xmin>192</xmin>
			<ymin>1291</ymin>
			<xmax>240</xmax>
			<ymax>1339</ymax>
		</bndbox>
	</object>
	<object>
		<name>sp06</name>
		<pose>Unspecified</pose>
		<truncated>0</truncated>
		<difficult>0</difficult>
		<bndbox>
			<xmin>226</xmin>
			<ymin>1321</ymin>
			<xmax>270</xmax>
			<ymax>1367</ymax>
		</bndbox>
	</object>
	<object>
		<name>sp06</name>
		<pose>Unspecified</pose>
		<truncated>0</truncated>
		<difficult>0</difficult>
		<bndbox>
			<xmin>200</xmin>
			<ymin>1365</ymin>
			<xmax>253</xmax>
			<ymax>1420</ymax>
		</bndbox>
	</object>
	<object>
		<name>sp06</name>
		<pose>Unspecified</pose>
		<truncated>0</truncated>
		<difficult>0</difficult>
		<bndbox>
			<xmin>260</xmin>
			<ymin>1337</ymin>
			<xmax>311</xmax>
			<ymax>1396</ymax>
		</bndbox>
	</object>
	<object>
		<name>sp06</name>
		<pose>Unspecified</pose>
		<truncated>0</truncated>
		<difficult>0</difficult>
		<bndbox>
			<xmin>385</xmin>
			<ymin>1121</ymin>
			<xmax>421</xmax>
			<ymax>1184</ymax>
		</bndbox>
	</object>
	<object>
		<name>sp06</name>
		<pose>Unspecified</pose>
		<truncated>0</truncated>
		<difficult>0</difficult>
		<bndbox>
			<xmin>418</xmin>
			<ymin>1135</ymin>
			<xmax>462</xmax>
			<ymax>1204</ymax>
		</bndbox>
	</object>
	<object>
		<name>sp06</name>
		<pose>Unspecified</pose>
		<truncated>0</truncated>
		<difficult>0</difficult>
		<bndbox>
			<xmin>359</xmin>
			<ymin>1179</ymin>
			<xmax>409</xmax>
			<ymax>1250</ymax>
		</bndbox>
	</object>
	<object>
		<name>sp06</name>
		<pose>Unspecified</pose>
		<truncated>0</truncated>
		<difficult>0</difficult>
		<bndbox>
			<xmin>410</xmin>
			<ymin>1222</ymin>
			<xmax>447</xmax>
			<ymax>1279</ymax>
		</bndbox>
	</object>
	<object>
		<name>sp06</name>
		<pose>Unspecified</pose>
		<truncated>0</truncated>
		<difficult>0</difficult>
		<bndbox>
			<xmin>476</xmin>
			<ymin>1222</ymin>
			<xmax>518</xmax>
			<ymax>1283</ymax>
		</bndbox>
	</object>
	<object>
		<name>sp06</name>
		<pose>Unspecified</pose>
		<truncated>0</truncated>
		<difficult>0</difficult>
		<bndbox>
			<xmin>505</xmin>
			<ymin>1173</ymin>
			<xmax>550</xmax>
			<ymax>1220</ymax>
		</bndbox>
	</object>
	<object>
		<name>sp06</name>
		<pose>Unspecified</pose>
		<truncated>0</truncated>
		<difficult>0</difficult>
		<bndbox>
			<xmin>516</xmin>
			<ymin>1113</ymin>
			<xmax>553</xmax>
			<ymax>1161</ymax>
		</bndbox>
	</object>
	<object>
		<name>sp06</name>
		<pose>Unspecified</pose>
		<truncated>0</truncated>
		<difficult>0</difficult>
		<bndbox>
			<xmin>545</xmin>
			<ymin>1097</ymin>
			<xmax>565</xmax>
			<ymax>1134</ymax>
		</bndbox>
	</object>
	<object>
		<name>sp06</name>
		<pose>Unspecified</pose>
		<truncated>0</truncated>
		<difficult>0</difficult>
		<bndbox>
			<xmin>559</xmin>
			<ymin>1098</ymin>
			<xmax>594</xmax>
			<ymax>1133</ymax>
		</bndbox>
	</object>
	<object>
		<name>sp06</name>
		<pose>Unspecified</pose>
		<truncated>0</truncated>
		<difficult>0</difficult>
		<bndbox>
			<xmin>570</xmin>
			<ymin>1057</ymin>
			<xmax>612</xmax>
			<ymax>1094</ymax>
		</bndbox>
	</object>
	<object>
		<name>sp06</name>
		<pose>Unspecified</pose>
		<truncated>0</truncated>
		<difficult>0</difficult>
		<bndbox>
			<xmin>624</xmin>
			<ymin>1077</ymin>
			<xmax>684</xmax>
			<ymax>1127</ymax>
		</bndbox>
	</object>
	<object>
		<name>sp06</name>
		<pose>Unspecified</pose>
		<truncated>0</truncated>
		<difficult>0</difficult>
		<bndbox>
			<xmin>608</xmin>
			<ymin>1136</ymin>
			<xmax>648</xmax>
			<ymax>1178</ymax>
		</bndbox>
	</object>
	<object>
		<name>sp06</name>
		<pose>Unspecified</pose>
		<truncated>0</truncated>
		<difficult>0</difficult>
		<bndbox>
			<xmin>552</xmin>
			<ymin>1145</ymin>
			<xmax>597</xmax>
			<ymax>1196</ymax>
		</bndbox>
	</object>
	<object>
		<name>sp06</name>
		<pose>Unspecified</pose>
		<truncated>0</truncated>
		<difficult>0</difficult>
		<bndbox>
			<xmin>552</xmin>
			<ymin>1212</ymin>
			<xmax>603</xmax>
			<ymax>1257</ymax>
		</bndbox>
	</object>
	<object>
		<name>sp06</name>
		<pose>Unspecified</pose>
		<truncated>0</truncated>
		<difficult>0</difficult>
		<bndbox>
			<xmin>559</xmin>
			<ymin>1256</ymin>
			<xmax>601</xmax>
			<ymax>1288</ymax>
		</bndbox>
	</object>
	<object>
		<name>sp06</name>
		<pose>Unspecified</pose>
		<truncated>0</truncated>
		<difficult>0</difficult>
		<bndbox>
			<xmin>546</xmin>
			<ymin>1293</ymin>
			<xmax>593</xmax>
			<ymax>1341</ymax>
		</bndbox>
	</object>
	<object>
		<name>sp06</name>
		<pose>Unspecified</pose>
		<truncated>0</truncated>
		<difficult>0</difficult>
		<bndbox>
			<xmin>413</xmin>
			<ymin>1294</ymin>
			<xmax>474</xmax>
			<ymax>1353</ymax>
		</bndbox>
	</object>
	<object>
		<name>sp06</name>
		<pose>Unspecified</pose>
		<truncated>0</truncated>
		<difficult>0</difficult>
		<bndbox>
			<xmin>352</xmin>
			<ymin>1356</ymin>
			<xmax>400</xmax>
			<ymax>1420</ymax>
		</bndbox>
	</object>
	<object>
		<name>sp06</name>
		<pose>Unspecified</pose>
		<truncated>0</truncated>
		<difficult>0</difficult>
		<bndbox>
			<xmin>393</xmin>
			<ymin>1381</ymin>
			<xmax>422</xmax>
			<ymax>1428</ymax>
		</bndbox>
	</object>
	<object>
		<name>sp06</name>
		<pose>Unspecified</pose>
		<truncated>0</truncated>
		<difficult>0</difficult>
		<bndbox>
			<xmin>413</xmin>
			<ymin>1364</ymin>
			<xmax>447</xmax>
			<ymax>1411</ymax>
		</bndbox>
	</object>
	<object>
		<name>sp06</name>
		<pose>Unspecified</pose>
		<truncated>0</truncated>
		<difficult>0</difficult>
		<bndbox>
			<xmin>432</xmin>
			<ymin>1410</ymin>
			<xmax>479</xmax>
			<ymax>1463</ymax>
		</bndbox>
	</object>
	<object>
		<name>sp06</name>
		<pose>Unspecified</pose>
		<truncated>0</truncated>
		<difficult>0</difficult>
		<bndbox>
			<xmin>628</xmin>
			<ymin>1307</ymin>
			<xmax>675</xmax>
			<ymax>1354</ymax>
		</bndbox>
	</object>
	<object>
		<name>sp06</name>
		<pose>Unspecified</pose>
		<truncated>0</truncated>
		<difficult>0</difficult>
		<bndbox>
			<xmin>669</xmin>
			<ymin>1214</ymin>
			<xmax>701</xmax>
			<ymax>1258</ymax>
		</bndbox>
	</object>
	<object>
		<name>sp06</name>
		<pose>Unspecified</pose>
		<truncated>0</truncated>
		<difficult>0</difficult>
		<bndbox>
			<xmin>700</xmin>
			<ymin>1234</ymin>
			<xmax>737</xmax>
			<ymax>1288</ymax>
		</bndbox>
	</object>
	<object>
		<name>sp06</name>
		<pose>Unspecified</pose>
		<truncated>0</truncated>
		<difficult>0</difficult>
		<bndbox>
			<xmin>767</xmin>
			<ymin>1142</ymin>
			<xmax>801</xmax>
			<ymax>1182</ymax>
		</bndbox>
	</object>
	<object>
		<name>sp06</name>
		<pose>Unspecified</pose>
		<truncated>0</truncated>
		<difficult>0</difficult>
		<bndbox>
			<xmin>788</xmin>
			<ymin>1092</ymin>
			<xmax>826</xmax>
			<ymax>1143</ymax>
		</bndbox>
	</object>
	<object>
		<name>sp06</name>
		<pose>Unspecified</pose>
		<truncated>0</truncated>
		<difficult>0</difficult>
		<bndbox>
			<xmin>781</xmin>
			<ymin>1212</ymin>
			<xmax>812</xmax>
			<ymax>1250</ymax>
		</bndbox>
	</object>
	<object>
		<name>sp06</name>
		<pose>Unspecified</pose>
		<truncated>0</truncated>
		<difficult>0</difficult>
		<bndbox>
			<xmin>757</xmin>
			<ymin>1239</ymin>
			<xmax>794</xmax>
			<ymax>1271</ymax>
		</bndbox>
	</object>
	<object>
		<name>sp06</name>
		<pose>Unspecified</pose>
		<truncated>0</truncated>
		<difficult>0</difficult>
		<bndbox>
			<xmin>740</xmin>
			<ymin>1259</ymin>
			<xmax>790</xmax>
			<ymax>1310</ymax>
		</bndbox>
	</object>
	<object>
		<name>sp06</name>
		<pose>Unspecified</pose>
		<truncated>0</truncated>
		<difficult>0</difficult>
		<bndbox>
			<xmin>725</xmin>
			<ymin>1297</ymin>
			<xmax>753</xmax>
			<ymax>1332</ymax>
		</bndbox>
	</object>
	<object>
		<name>sp06</name>
		<pose>Unspecified</pose>
		<truncated>0</truncated>
		<difficult>0</difficult>
		<bndbox>
			<xmin>747</xmin>
			<ymin>1312</ymin>
			<xmax>776</xmax>
			<ymax>1353</ymax>
		</bndbox>
	</object>
	<object>
		<name>sp06</name>
		<pose>Unspecified</pose>
		<truncated>0</truncated>
		<difficult>0</difficult>
		<bndbox>
			<xmin>767</xmin>
			<ymin>1332</ymin>
			<xmax>804</xmax>
			<ymax>1372</ymax>
		</bndbox>
	</object>
	<object>
		<name>sp06</name>
		<pose>Unspecified</pose>
		<truncated>0</truncated>
		<difficult>0</difficult>
		<bndbox>
			<xmin>800</xmin>
			<ymin>1315</ymin>
			<xmax>841</xmax>
			<ymax>1347</ymax>
		</bndbox>
	</object>
	<object>
		<name>sp06</name>
		<pose>Unspecified</pose>
		<truncated>0</truncated>
		<difficult>0</difficult>
		<bndbox>
			<xmin>791</xmin>
			<ymin>1272</ymin>
			<xmax>835</xmax>
			<ymax>1312</ymax>
		</bndbox>
	</object>
	<object>
		<name>sp06</name>
		<pose>Unspecified</pose>
		<truncated>0</truncated>
		<difficult>0</difficult>
		<bndbox>
			<xmin>851</xmin>
			<ymin>1364</ymin>
			<xmax>895</xmax>
			<ymax>1411</ymax>
		</bndbox>
	</object>
	<object>
		<name>sp06</name>
		<pose>Unspecified</pose>
		<truncated>0</truncated>
		<difficult>0</difficult>
		<bndbox>
			<xmin>912</xmin>
			<ymin>1616</ymin>
			<xmax>950</xmax>
			<ymax>1663</ymax>
		</bndbox>
	</object>
	<object>
		<name>sp06</name>
		<pose>Unspecified</pose>
		<truncated>0</truncated>
		<difficult>0</difficult>
		<bndbox>
			<xmin>824</xmin>
			<ymin>1738</ymin>
			<xmax>865</xmax>
			<ymax>1770</ymax>
		</bndbox>
	</object>
	<object>
		<name>sp06</name>
		<pose>Unspecified</pose>
		<truncated>0</truncated>
		<difficult>0</difficult>
		<bndbox>
			<xmin>824</xmin>
			<ymin>1688</ymin>
			<xmax>868</xmax>
			<ymax>1742</ymax>
		</bndbox>
	</object>
	<object>
		<name>sp06</name>
		<pose>Unspecified</pose>
		<truncated>0</truncated>
		<difficult>0</difficult>
		<bndbox>
			<xmin>867</xmin>
			<ymin>1684</ymin>
			<xmax>889</xmax>
			<ymax>1732</ymax>
		</bndbox>
	</object>
	<object>
		<name>sp06</name>
		<pose>Unspecified</pose>
		<truncated>0</truncated>
		<difficult>0</difficult>
		<bndbox>
			<xmin>778</xmin>
			<ymin>1654</ymin>
			<xmax>806</xmax>
			<ymax>1699</ymax>
		</bndbox>
	</object>
	<object>
		<name>sp06</name>
		<pose>Unspecified</pose>
		<truncated>0</truncated>
		<difficult>0</difficult>
		<bndbox>
			<xmin>723</xmin>
			<ymin>1629</ymin>
			<xmax>773</xmax>
			<ymax>1689</ymax>
		</bndbox>
	</object>
	<object>
		<name>sp06</name>
		<pose>Unspecified</pose>
		<truncated>0</truncated>
		<difficult>0</difficult>
		<bndbox>
			<xmin>722</xmin>
			<ymin>1764</ymin>
			<xmax>766</xmax>
			<ymax>1815</ymax>
		</bndbox>
	</object>
	<object>
		<name>sp06</name>
		<pose>Unspecified</pose>
		<truncated>0</truncated>
		<difficult>0</difficult>
		<bndbox>
			<xmin>555</xmin>
			<ymin>1564</ymin>
			<xmax>602</xmax>
			<ymax>1612</ymax>
		</bndbox>
	</object>
	<object>
		<name>sp06</name>
		<pose>Unspecified</pose>
		<truncated>0</truncated>
		<difficult>0</difficult>
		<bndbox>
			<xmin>554</xmin>
			<ymin>1613</ymin>
			<xmax>602</xmax>
			<ymax>1653</ymax>
		</bndbox>
	</object>
	<object>
		<name>sp06</name>
		<pose>Unspecified</pose>
		<truncated>0</truncated>
		<difficult>0</difficult>
		<bndbox>
			<xmin>577</xmin>
			<ymin>1654</ymin>
			<xmax>627</xmax>
			<ymax>1704</ymax>
		</bndbox>
	</object>
	<object>
		<name>sp06</name>
		<pose>Unspecified</pose>
		<truncated>0</truncated>
		<difficult>0</difficult>
		<bndbox>
			<xmin>494</xmin>
			<ymin>1612</ymin>
			<xmax>554</xmax>
			<ymax>1671</ymax>
		</bndbox>
	</object>
	<object>
		<name>sp06</name>
		<pose>Unspecified</pose>
		<truncated>0</truncated>
		<difficult>0</difficult>
		<bndbox>
			<xmin>485</xmin>
			<ymin>1684</ymin>
			<xmax>517</xmax>
			<ymax>1719</ymax>
		</bndbox>
	</object>
	<object>
		<name>sp06</name>
		<pose>Unspecified</pose>
		<truncated>0</truncated>
		<difficult>0</difficult>
		<bndbox>
			<xmin>523</xmin>
			<ymin>1751</ymin>
			<xmax>574</xmax>
			<ymax>1811</ymax>
		</bndbox>
	</object>
	<object>
		<name>sp06</name>
		<pose>Unspecified</pose>
		<truncated>0</truncated>
		<difficult>0</difficult>
		<bndbox>
			<xmin>403</xmin>
			<ymin>1752</ymin>
			<xmax>454</xmax>
			<ymax>1806</ymax>
		</bndbox>
	</object>
	<object>
		<name>sp06</name>
		<pose>Unspecified</pose>
		<truncated>0</truncated>
		<difficult>0</difficult>
		<bndbox>
			<xmin>438</xmin>
			<ymin>1665</ymin>
			<xmax>472</xmax>
			<ymax>1719</ymax>
		</bndbox>
	</object>
	<object>
		<name>sp06</name>
		<pose>Unspecified</pose>
		<truncated>0</truncated>
		<difficult>0</difficult>
		<bndbox>
			<xmin>404</xmin>
			<ymin>1711</ymin>
			<xmax>444</xmax>
			<ymax>1745</ymax>
		</bndbox>
	</object>
	<object>
		<name>sp06</name>
		<pose>Unspecified</pose>
		<truncated>0</truncated>
		<difficult>0</difficult>
		<bndbox>
			<xmin>397</xmin>
			<ymin>1672</ymin>
			<xmax>444</xmax>
			<ymax>1716</ymax>
		</bndbox>
	</object>
	<object>
		<name>sp06</name>
		<pose>Unspecified</pose>
		<truncated>0</truncated>
		<difficult>0</difficult>
		<bndbox>
			<xmin>334</xmin>
			<ymin>1622</ymin>
			<xmax>378</xmax>
			<ymax>1676</ymax>
		</bndbox>
	</object>
	<object>
		<name>sp06</name>
		<pose>Unspecified</pose>
		<truncated>0</truncated>
		<difficult>0</difficult>
		<bndbox>
			<xmin>136</xmin>
			<ymin>1591</ymin>
			<xmax>186</xmax>
			<ymax>1645</ymax>
		</bndbox>
	</object>
	<object>
		<name>sp06</name>
		<pose>Unspecified</pose>
		<truncated>0</truncated>
		<difficult>0</difficult>
		<bndbox>
			<xmin>306</xmin>
			<ymin>1490</ymin>
			<xmax>351</xmax>
			<ymax>1547</ymax>
		</bndbox>
	</object>
	<object>
		<name>sp06</name>
		<pose>Unspecified</pose>
		<truncated>0</truncated>
		<difficult>0</difficult>
		<bndbox>
			<xmin>355</xmin>
			<ymin>1505</ymin>
			<xmax>405</xmax>
			<ymax>1558</ymax>
		</bndbox>
	</object>
	<object>
		<name>sp06</name>
		<pose>Unspecified</pose>
		<truncated>0</truncated>
		<difficult>0</difficult>
		<bndbox>
			<xmin>360</xmin>
			<ymin>1574</ymin>
			<xmax>416</xmax>
			<ymax>1622</ymax>
		</bndbox>
	</object>
	<object>
		<name>sp06</name>
		<pose>Unspecified</pose>
		<truncated>0</truncated>
		<difficult>0</difficult>
		<bndbox>
			<xmin>230</xmin>
			<ymin>1676</ymin>
			<xmax>274</xmax>
			<ymax>1730</ymax>
		</bndbox>
	</object>
	<object>
		<name>sp06</name>
		<pose>Unspecified</pose>
		<truncated>0</truncated>
		<difficult>0</difficult>
		<bndbox>
			<xmin>123</xmin>
			<ymin>1722</ymin>
			<xmax>173</xmax>
			<ymax>1772</ymax>
		</bndbox>
	</object>
	<object>
		<name>sp06</name>
		<pose>Unspecified</pose>
		<truncated>0</truncated>
		<difficult>0</difficult>
		<bndbox>
			<xmin>196</xmin>
			<ymin>1900</ymin>
			<xmax>240</xmax>
			<ymax>1928</ymax>
		</bndbox>
	</object>
	<object>
		<name>sp06</name>
		<pose>Unspecified</pose>
		<truncated>0</truncated>
		<difficult>0</difficult>
		<bndbox>
			<xmin>195</xmin>
			<ymin>1928</ymin>
			<xmax>236</xmax>
			<ymax>1963</ymax>
		</bndbox>
	</object>
	<object>
		<name>sp06</name>
		<pose>Unspecified</pose>
		<truncated>0</truncated>
		<difficult>0</difficult>
		<bndbox>
			<xmin>287</xmin>
			<ymin>1881</ymin>
			<xmax>328</xmax>
			<ymax>1925</ymax>
		</bndbox>
	</object>
	<object>
		<name>sp06</name>
		<pose>Unspecified</pose>
		<truncated>0</truncated>
		<difficult>0</difficult>
		<bndbox>
			<xmin>502</xmin>
			<ymin>1957</ymin>
			<xmax>534</xmax>
			<ymax>1986</ymax>
		</bndbox>
	</object>
	<object>
		<name>sp06</name>
		<pose>Unspecified</pose>
		<truncated>0</truncated>
		<difficult>0</difficult>
		<bndbox>
			<xmin>243</xmin>
			<ymin>1988</ymin>
			<xmax>288</xmax>
			<ymax>2032</ymax>
		</bndbox>
	</object>
	<object>
		<name>sp06</name>
		<pose>Unspecified</pose>
		<truncated>0</truncated>
		<difficult>0</difficult>
		<bndbox>
			<xmin>321</xmin>
			<ymin>2054</ymin>
			<xmax>352</xmax>
			<ymax>2079</ymax>
		</bndbox>
	</object>
	<object>
		<name>sp06</name>
		<pose>Unspecified</pose>
		<truncated>0</truncated>
		<difficult>0</difficult>
		<bndbox>
			<xmin>318</xmin>
			<ymin>2010</ymin>
			<xmax>371</xmax>
			<ymax>2051</ymax>
		</bndbox>
	</object>
	<object>
		<name>sp06</name>
		<pose>Unspecified</pose>
		<truncated>0</truncated>
		<difficult>0</difficult>
		<bndbox>
			<xmin>290</xmin>
			<ymin>2035</ymin>
			<xmax>324</xmax>
			<ymax>2066</ymax>
		</bndbox>
	</object>
	<object>
		<name>sp06</name>
		<pose>Unspecified</pose>
		<truncated>0</truncated>
		<difficult>0</difficult>
		<bndbox>
			<xmin>336</xmin>
			<ymin>2130</ymin>
			<xmax>376</xmax>
			<ymax>2177</ymax>
		</bndbox>
	</object>
	<object>
		<name>sp06</name>
		<pose>Unspecified</pose>
		<truncated>0</truncated>
		<difficult>0</difficult>
		<bndbox>
			<xmin>573</xmin>
			<ymin>2255</ymin>
			<xmax>617</xmax>
			<ymax>2306</ymax>
		</bndbox>
	</object>
	<object>
		<name>sp06</name>
		<pose>Unspecified</pose>
		<truncated>0</truncated>
		<difficult>0</difficult>
		<bndbox>
			<xmin>671</xmin>
			<ymin>2291</ymin>
			<xmax>722</xmax>
			<ymax>2347</ymax>
		</bndbox>
	</object>
	<object>
		<name>sp06</name>
		<pose>Unspecified</pose>
		<truncated>0</truncated>
		<difficult>0</difficult>
		<bndbox>
			<xmin>627</xmin>
			<ymin>2142</ymin>
			<xmax>677</xmax>
			<ymax>2205</ymax>
		</bndbox>
	</object>
	<object>
		<name>sp06</name>
		<pose>Unspecified</pose>
		<truncated>0</truncated>
		<difficult>0</difficult>
		<bndbox>
			<xmin>599</xmin>
			<ymin>2041</ymin>
			<xmax>625</xmax>
			<ymax>2091</ymax>
		</bndbox>
	</object>
	<object>
		<name>sp06</name>
		<pose>Unspecified</pose>
		<truncated>0</truncated>
		<difficult>0</difficult>
		<bndbox>
			<xmin>624</xmin>
			<ymin>2033</ymin>
			<xmax>666</xmax>
			<ymax>2090</ymax>
		</bndbox>
	</object>
	<object>
		<name>sp06</name>
		<pose>Unspecified</pose>
		<truncated>0</truncated>
		<difficult>0</difficult>
		<bndbox>
			<xmin>554</xmin>
			<ymin>1984</ymin>
			<xmax>604</xmax>
			<ymax>2037</ymax>
		</bndbox>
	</object>
	<object>
		<name>sp06</name>
		<pose>Unspecified</pose>
		<truncated>0</truncated>
		<difficult>0</difficult>
		<bndbox>
			<xmin>519</xmin>
			<ymin>1995</ymin>
			<xmax>556</xmax>
			<ymax>2035</ymax>
		</bndbox>
	</object>
	<object>
		<name>sp06</name>
		<pose>Unspecified</pose>
		<truncated>0</truncated>
		<difficult>0</difficult>
		<bndbox>
			<xmin>486</xmin>
			<ymin>2012</ymin>
			<xmax>523</xmax>
			<ymax>2044</ymax>
		</bndbox>
	</object>
	<object>
		<name>sp06</name>
		<pose>Unspecified</pose>
		<truncated>0</truncated>
		<difficult>0</difficult>
		<bndbox>
			<xmin>488</xmin>
			<ymin>2063</ymin>
			<xmax>533</xmax>
			<ymax>2111</ymax>
		</bndbox>
	</object>
	<object>
		<name>sp06</name>
		<pose>Unspecified</pose>
		<truncated>0</truncated>
		<difficult>0</difficult>
		<bndbox>
			<xmin>535</xmin>
			<ymin>2057</ymin>
			<xmax>567</xmax>
			<ymax>2107</ymax>
		</bndbox>
	</object>
	<object>
		<name>sp06</name>
		<pose>Unspecified</pose>
		<truncated>0</truncated>
		<difficult>0</difficult>
		<bndbox>
			<xmin>757</xmin>
			<ymin>2133</ymin>
			<xmax>817</xmax>
			<ymax>2200</ymax>
		</bndbox>
	</object>
	<object>
		<name>sp06</name>
		<pose>Unspecified</pose>
		<truncated>0</truncated>
		<difficult>0</difficult>
		<bndbox>
			<xmin>722</xmin>
			<ymin>2070</ymin>
			<xmax>748</xmax>
			<ymax>2102</ymax>
		</bndbox>
	</object>
	<object>
		<name>sp06</name>
		<pose>Unspecified</pose>
		<truncated>0</truncated>
		<difficult>0</difficult>
		<bndbox>
			<xmin>718</xmin>
			<ymin>2026</ymin>
			<xmax>758</xmax>
			<ymax>2066</ymax>
		</bndbox>
	</object>
	<object>
		<name>sp06</name>
		<pose>Unspecified</pose>
		<truncated>0</truncated>
		<difficult>0</difficult>
		<bndbox>
			<xmin>750</xmin>
			<ymin>2060</ymin>
			<xmax>787</xmax>
			<ymax>2108</ymax>
		</bndbox>
	</object>
	<object>
		<name>sp06</name>
		<pose>Unspecified</pose>
		<truncated>0</truncated>
		<difficult>0</difficult>
		<bndbox>
			<xmin>782</xmin>
			<ymin>2045</ymin>
			<xmax>810</xmax>
			<ymax>2086</ymax>
		</bndbox>
	</object>
	<object>
		<name>sp06</name>
		<pose>Unspecified</pose>
		<truncated>0</truncated>
		<difficult>0</difficult>
		<bndbox>
			<xmin>795</xmin>
			<ymin>2033</ymin>
			<xmax>829</xmax>
			<ymax>2065</ymax>
		</bndbox>
	</object>
	<object>
		<name>sp06</name>
		<pose>Unspecified</pose>
		<truncated>0</truncated>
		<difficult>0</difficult>
		<bndbox>
			<xmin>794</xmin>
			<ymin>1990</ymin>
			<xmax>842</xmax>
			<ymax>2043</ymax>
		</bndbox>
	</object>
	<object>
		<name>sp06</name>
		<pose>Unspecified</pose>
		<truncated>0</truncated>
		<difficult>0</difficult>
		<bndbox>
			<xmin>801</xmin>
			<ymin>2082</ymin>
			<xmax>836</xmax>
			<ymax>2124</ymax>
		</bndbox>
	</object>
	<object>
		<name>sp06</name>
		<pose>Unspecified</pose>
		<truncated>0</truncated>
		<difficult>0</difficult>
		<bndbox>
			<xmin>835</xmin>
			<ymin>2066</ymin>
			<xmax>869</xmax>
			<ymax>2113</ymax>
		</bndbox>
	</object>
	<object>
		<name>sp06</name>
		<pose>Unspecified</pose>
		<truncated>0</truncated>
		<difficult>0</difficult>
		<bndbox>
			<xmin>863</xmin>
			<ymin>1902</ymin>
			<xmax>895</xmax>
			<ymax>1946</ymax>
		</bndbox>
	</object>
	<object>
		<name>sp06</name>
		<pose>Unspecified</pose>
		<truncated>0</truncated>
		<difficult>0</difficult>
		<bndbox>
			<xmin>879</xmin>
			<ymin>2038</ymin>
			<xmax>921</xmax>
			<ymax>2082</ymax>
		</bndbox>
	</object>
	<object>
		<name>sp06</name>
		<pose>Unspecified</pose>
		<truncated>0</truncated>
		<difficult>0</difficult>
		<bndbox>
			<xmin>889</xmin>
			<ymin>1995</ymin>
			<xmax>918</xmax>
			<ymax>2036</ymax>
		</bndbox>
	</object>
	<object>
		<name>sp06</name>
		<pose>Unspecified</pose>
		<truncated>0</truncated>
		<difficult>0</difficult>
		<bndbox>
			<xmin>920</xmin>
			<ymin>1982</ymin>
			<xmax>957</xmax>
			<ymax>2058</ymax>
		</bndbox>
	</object>
	<object>
		<name>sp06</name>
		<pose>Unspecified</pose>
		<truncated>0</truncated>
		<difficult>0</difficult>
		<bndbox>
			<xmin>958</xmin>
			<ymin>2023</ymin>
			<xmax>990</xmax>
			<ymax>2055</ymax>
		</bndbox>
	</object>
	<object>
		<name>sp06</name>
		<pose>Unspecified</pose>
		<truncated>0</truncated>
		<difficult>0</difficult>
		<bndbox>
			<xmin>969</xmin>
			<ymin>1994</ymin>
			<xmax>997</xmax>
			<ymax>2029</ymax>
		</bndbox>
	</object>
	<object>
		<name>sp06</name>
		<pose>Unspecified</pose>
		<truncated>0</truncated>
		<difficult>0</difficult>
		<bndbox>
			<xmin>964</xmin>
			<ymin>2053</ymin>
			<xmax>1004</xmax>
			<ymax>2109</ymax>
		</bndbox>
	</object>
	<object>
		<name>sp06</name>
		<pose>Unspecified</pose>
		<truncated>0</truncated>
		<difficult>0</difficult>
		<bndbox>
			<xmin>1035</xmin>
			<ymin>2033</ymin>
			<xmax>1086</xmax>
			<ymax>2087</ymax>
		</bndbox>
	</object>
	<object>
		<name>sp06</name>
		<pose>Unspecified</pose>
		<truncated>0</truncated>
		<difficult>0</difficult>
		<bndbox>
			<xmin>1043</xmin>
			<ymin>1978</ymin>
			<xmax>1081</xmax>
			<ymax>2032</ymax>
		</bndbox>
	</object>
	<object>
		<name>sp06</name>
		<pose>Unspecified</pose>
		<truncated>0</truncated>
		<difficult>0</difficult>
		<bndbox>
			<xmin>994</xmin>
			<ymin>1978</ymin>
			<xmax>1017</xmax>
			<ymax>2012</ymax>
		</bndbox>
	</object>
	<object>
		<name>sp06</name>
		<pose>Unspecified</pose>
		<truncated>0</truncated>
		<difficult>0</difficult>
		<bndbox>
			<xmin>1006</xmin>
			<ymin>2013</ymin>
			<xmax>1029</xmax>
			<ymax>2035</ymax>
		</bndbox>
	</object>
	<object>
		<name>sp06</name>
		<pose>Unspecified</pose>
		<truncated>0</truncated>
		<difficult>0</difficult>
		<bndbox>
			<xmin>1018</xmin>
			<ymin>1985</ymin>
			<xmax>1037</xmax>
			<ymax>2013</ymax>
		</bndbox>
	</object>
	<object>
		<name>sp06</name>
		<pose>Unspecified</pose>
		<truncated>0</truncated>
		<difficult>0</difficult>
		<bndbox>
			<xmin>1075</xmin>
			<ymin>2107</ymin>
			<xmax>1120</xmax>
			<ymax>2149</ymax>
		</bndbox>
	</object>
	<object>
		<name>sp06</name>
		<pose>Unspecified</pose>
		<truncated>0</truncated>
		<difficult>0</difficult>
		<bndbox>
			<xmin>1081</xmin>
			<ymin>2148</ymin>
			<xmax>1123</xmax>
			<ymax>2189</ymax>
		</bndbox>
	</object>
	<object>
		<name>sp06</name>
		<pose>Unspecified</pose>
		<truncated>0</truncated>
		<difficult>0</difficult>
		<bndbox>
			<xmin>1122</xmin>
			<ymin>2189</ymin>
			<xmax>1162</xmax>
			<ymax>2230</ymax>
		</bndbox>
	</object>
	<object>
		<name>sp06</name>
		<pose>Unspecified</pose>
		<truncated>0</truncated>
		<difficult>0</difficult>
		<bndbox>
			<xmin>1160</xmin>
			<ymin>2193</ymin>
			<xmax>1195</xmax>
			<ymax>2246</ymax>
		</bndbox>
	</object>
	<object>
		<name>sp06</name>
		<pose>Unspecified</pose>
		<truncated>0</truncated>
		<difficult>0</difficult>
		<bndbox>
			<xmin>1066</xmin>
			<ymin>2224</ymin>
			<xmax>1119</xmax>
			<ymax>2283</ymax>
		</bndbox>
	</object>
	<object>
		<name>sp06</name>
		<pose>Unspecified</pose>
		<truncated>0</truncated>
		<difficult>0</difficult>
		<bndbox>
			<xmin>1117</xmin>
			<ymin>2265</ymin>
			<xmax>1164</xmax>
			<ymax>2329</ymax>
		</bndbox>
	</object>
	<object>
		<name>sp06</name>
		<pose>Unspecified</pose>
		<truncated>0</truncated>
		<difficult>0</difficult>
		<bndbox>
			<xmin>1189</xmin>
			<ymin>2127</ymin>
			<xmax>1223</xmax>
			<ymax>2180</ymax>
		</bndbox>
	</object>
	<object>
		<name>sp06</name>
		<pose>Unspecified</pose>
		<truncated>0</truncated>
		<difficult>0</difficult>
		<bndbox>
			<xmin>1224</xmin>
			<ymin>2120</ymin>
			<xmax>1259</xmax>
			<ymax>2176</ymax>
		</bndbox>
	</object>
	<object>
		<name>sp06</name>
		<pose>Unspecified</pose>
		<truncated>0</truncated>
		<difficult>0</difficult>
		<bndbox>
			<xmin>1246</xmin>
			<ymin>2042</ymin>
			<xmax>1302</xmax>
			<ymax>2112</ymax>
		</bndbox>
	</object>
	<object>
		<name>sp06</name>
		<pose>Unspecified</pose>
		<truncated>0</truncated>
		<difficult>0</difficult>
		<bndbox>
			<xmin>1106</xmin>
			<ymin>1995</ymin>
			<xmax>1160</xmax>
			<ymax>2055</ymax>
		</bndbox>
	</object>
	<object>
		<name>sp06</name>
		<pose>Unspecified</pose>
		<truncated>0</truncated>
		<difficult>0</difficult>
		<bndbox>
			<xmin>990</xmin>
			<ymin>1921</ymin>
			<xmax>1018</xmax>
			<ymax>1966</ymax>
		</bndbox>
	</object>
	<object>
		<name>sp06</name>
		<pose>Unspecified</pose>
		<truncated>0</truncated>
		<difficult>0</difficult>
		<bndbox>
			<xmin>964</xmin>
			<ymin>1918</ymin>
			<xmax>990</xmax>
			<ymax>1968</ymax>
		</bndbox>
	</object>
	<object>
		<name>sp06</name>
		<pose>Unspecified</pose>
		<truncated>0</truncated>
		<difficult>0</difficult>
		<bndbox>
			<xmin>912</xmin>
			<ymin>1909</ymin>
			<xmax>934</xmax>
			<ymax>1940</ymax>
		</bndbox>
	</object>
	<object>
		<name>sp06</name>
		<pose>Unspecified</pose>
		<truncated>0</truncated>
		<difficult>0</difficult>
		<bndbox>
			<xmin>928</xmin>
			<ymin>1919</ymin>
			<xmax>959</xmax>
			<ymax>1964</ymax>
		</bndbox>
	</object>
	<object>
		<name>sp06</name>
		<pose>Unspecified</pose>
		<truncated>0</truncated>
		<difficult>0</difficult>
		<bndbox>
			<xmin>902</xmin>
			<ymin>1862</ymin>
			<xmax>936</xmax>
			<ymax>1902</ymax>
		</bndbox>
	</object>
	<object>
		<name>sp06</name>
		<pose>Unspecified</pose>
		<truncated>0</truncated>
		<difficult>0</difficult>
		<bndbox>
			<xmin>933</xmin>
			<ymin>1871</ymin>
			<xmax>951</xmax>
			<ymax>1911</ymax>
		</bndbox>
	</object>
	<object>
		<name>sp06</name>
		<pose>Unspecified</pose>
		<truncated>0</truncated>
		<difficult>0</difficult>
		<bndbox>
			<xmin>949</xmin>
			<ymin>1871</ymin>
			<xmax>1002</xmax>
			<ymax>1916</ymax>
		</bndbox>
	</object>
	<object>
		<name>sp06</name>
		<pose>Unspecified</pose>
		<truncated>0</truncated>
		<difficult>0</difficult>
		<bndbox>
			<xmin>942</xmin>
			<ymin>1777</ymin>
			<xmax>993</xmax>
			<ymax>1825</ymax>
		</bndbox>
	</object>
	<object>
		<name>sp06</name>
		<pose>Unspecified</pose>
		<truncated>0</truncated>
		<difficult>0</difficult>
		<bndbox>
			<xmin>1063</xmin>
			<ymin>1911</ymin>
			<xmax>1095</xmax>
			<ymax>1955</ymax>
		</bndbox>
	</object>
	<object>
		<name>sp06</name>
		<pose>Unspecified</pose>
		<truncated>0</truncated>
		<difficult>0</difficult>
		<bndbox>
			<xmin>1100</xmin>
			<ymin>1889</ymin>
			<xmax>1129</xmax>
			<ymax>1924</ymax>
		</bndbox>
	</object>
	<object>
		<name>sp06</name>
		<pose>Unspecified</pose>
		<truncated>0</truncated>
		<difficult>0</difficult>
		<bndbox>
			<xmin>1106</xmin>
			<ymin>1918</ymin>
			<xmax>1140</xmax>
			<ymax>1953</ymax>
		</bndbox>
	</object>
	<object>
		<name>sp06</name>
		<pose>Unspecified</pose>
		<truncated>0</truncated>
		<difficult>0</difficult>
		<bndbox>
			<xmin>1130</xmin>
			<ymin>1890</ymin>
			<xmax>1165</xmax>
			<ymax>1930</ymax>
		</bndbox>
	</object>
	<object>
		<name>sp06</name>
		<pose>Unspecified</pose>
		<truncated>0</truncated>
		<difficult>0</difficult>
		<bndbox>
			<xmin>1149</xmin>
			<ymin>1946</ymin>
			<xmax>1199</xmax>
			<ymax>1996</ymax>
		</bndbox>
	</object>
	<object>
		<name>sp06</name>
		<pose>Unspecified</pose>
		<truncated>0</truncated>
		<difficult>0</difficult>
		<bndbox>
			<xmin>1166</xmin>
			<ymin>1911</ymin>
			<xmax>1207</xmax>
			<ymax>1955</ymax>
		</bndbox>
	</object>
	<object>
		<name>sp06</name>
		<pose>Unspecified</pose>
		<truncated>0</truncated>
		<difficult>0</difficult>
		<bndbox>
			<xmin>1196</xmin>
			<ymin>1881</ymin>
			<xmax>1237</xmax>
			<ymax>1926</ymax>
		</bndbox>
	</object>
	<object>
		<name>sp06</name>
		<pose>Unspecified</pose>
		<truncated>0</truncated>
		<difficult>0</difficult>
		<bndbox>
			<xmin>1192</xmin>
			<ymin>1845</ymin>
			<xmax>1232</xmax>
			<ymax>1885</ymax>
		</bndbox>
	</object>
	<object>
		<name>sp06</name>
		<pose>Unspecified</pose>
		<truncated>0</truncated>
		<difficult>0</difficult>
		<bndbox>
			<xmin>1070</xmin>
			<ymin>1836</ymin>
			<xmax>1110</xmax>
			<ymax>1874</ymax>
		</bndbox>
	</object>
	<object>
		<name>sp06</name>
		<pose>Unspecified</pose>
		<truncated>0</truncated>
		<difficult>0</difficult>
		<bndbox>
			<xmin>1013</xmin>
			<ymin>1808</ymin>
			<xmax>1044</xmax>
			<ymax>1842</ymax>
		</bndbox>
	</object>
	<object>
		<name>sp06</name>
		<pose>Unspecified</pose>
		<truncated>0</truncated>
		<difficult>0</difficult>
		<bndbox>
			<xmin>1034</xmin>
			<ymin>1792</ymin>
			<xmax>1063</xmax>
			<ymax>1823</ymax>
		</bndbox>
	</object>
	<object>
		<name>sp06</name>
		<pose>Unspecified</pose>
		<truncated>0</truncated>
		<difficult>0</difficult>
		<bndbox>
			<xmin>1046</xmin>
			<ymin>1818</ymin>
			<xmax>1064</xmax>
			<ymax>1856</ymax>
		</bndbox>
	</object>
	<object>
		<name>sp06</name>
		<pose>Unspecified</pose>
		<truncated>0</truncated>
		<difficult>0</difficult>
		<bndbox>
			<xmin>1060</xmin>
			<ymin>1802</ymin>
			<xmax>1098</xmax>
			<ymax>1830</ymax>
		</bndbox>
	</object>
	<object>
		<name>sp06</name>
		<pose>Unspecified</pose>
		<truncated>0</truncated>
		<difficult>0</difficult>
		<bndbox>
			<xmin>1037</xmin>
			<ymin>1751</ymin>
			<xmax>1069</xmax>
			<ymax>1793</ymax>
		</bndbox>
	</object>
	<object>
		<name>sp06</name>
		<pose>Unspecified</pose>
		<truncated>0</truncated>
		<difficult>0</difficult>
		<bndbox>
			<xmin>1062</xmin>
			<ymin>1764</ymin>
			<xmax>1097</xmax>
			<ymax>1801</ymax>
		</bndbox>
	</object>
	<object>
		<name>sp06</name>
		<pose>Unspecified</pose>
		<truncated>0</truncated>
		<difficult>0</difficult>
		<bndbox>
			<xmin>1087</xmin>
			<ymin>1749</ymin>
			<xmax>1110</xmax>
			<ymax>1784</ymax>
		</bndbox>
	</object>
	<object>
		<name>sp06</name>
		<pose>Unspecified</pose>
		<truncated>0</truncated>
		<difficult>0</difficult>
		<bndbox>
			<xmin>1110</xmin>
			<ymin>1777</ymin>
			<xmax>1138</xmax>
			<ymax>1809</ymax>
		</bndbox>
	</object>
	<object>
		<name>sp06</name>
		<pose>Unspecified</pose>
		<truncated>0</truncated>
		<difficult>0</difficult>
		<bndbox>
			<xmin>1120</xmin>
			<ymin>1801</ymin>
			<xmax>1149</xmax>
			<ymax>1835</ymax>
		</bndbox>
	</object>
	<object>
		<name>sp06</name>
		<pose>Unspecified</pose>
		<truncated>0</truncated>
		<difficult>0</difficult>
		<bndbox>
			<xmin>1141</xmin>
			<ymin>1771</ymin>
			<xmax>1175</xmax>
			<ymax>1813</ymax>
		</bndbox>
	</object>
	<object>
		<name>sp06</name>
		<pose>Unspecified</pose>
		<truncated>0</truncated>
		<difficult>0</difficult>
		<bndbox>
			<xmin>1176</xmin>
			<ymin>1752</ymin>
			<xmax>1217</xmax>
			<ymax>1787</ymax>
		</bndbox>
	</object>
	<object>
		<name>sp06</name>
		<pose>Unspecified</pose>
		<truncated>0</truncated>
		<difficult>0</difficult>
		<bndbox>
			<xmin>1169</xmin>
			<ymin>1811</ymin>
			<xmax>1194</xmax>
			<ymax>1848</ymax>
		</bndbox>
	</object>
	<object>
		<name>sp06</name>
		<pose>Unspecified</pose>
		<truncated>0</truncated>
		<difficult>0</difficult>
		<bndbox>
			<xmin>1189</xmin>
			<ymin>1799</ymin>
			<xmax>1218</xmax>
			<ymax>1837</ymax>
		</bndbox>
	</object>
	<object>
		<name>sp06</name>
		<pose>Unspecified</pose>
		<truncated>0</truncated>
		<difficult>0</difficult>
		<bndbox>
			<xmin>1221</xmin>
			<ymin>1812</ymin>
			<xmax>1249</xmax>
			<ymax>1857</ymax>
		</bndbox>
	</object>
	<object>
		<name>sp06</name>
		<pose>Unspecified</pose>
		<truncated>0</truncated>
		<difficult>0</difficult>
		<bndbox>
			<xmin>1246</xmin>
			<ymin>1821</ymin>
			<xmax>1271</xmax>
			<ymax>1861</ymax>
		</bndbox>
	</object>
	<object>
		<name>sp06</name>
		<pose>Unspecified</pose>
		<truncated>0</truncated>
		<difficult>0</difficult>
		<bndbox>
			<xmin>1262</xmin>
			<ymin>1808</ymin>
			<xmax>1300</xmax>
			<ymax>1842</ymax>
		</bndbox>
	</object>
	<object>
		<name>sp06</name>
		<pose>Unspecified</pose>
		<truncated>0</truncated>
		<difficult>0</difficult>
		<bndbox>
			<xmin>1245</xmin>
			<ymin>1777</ymin>
			<xmax>1295</xmax>
			<ymax>1821</ymax>
		</bndbox>
	</object>
	<object>
		<name>sp06</name>
		<pose>Unspecified</pose>
		<truncated>0</truncated>
		<difficult>0</difficult>
		<bndbox>
			<xmin>1265</xmin>
			<ymin>1752</ymin>
			<xmax>1306</xmax>
			<ymax>1783</ymax>
		</bndbox>
	</object>
	<object>
		<name>sp06</name>
		<pose>Unspecified</pose>
		<truncated>0</truncated>
		<difficult>0</difficult>
		<bndbox>
			<xmin>1265</xmin>
			<ymin>1711</ymin>
			<xmax>1309</xmax>
			<ymax>1756</ymax>
		</bndbox>
	</object>
	<object>
		<name>sp06</name>
		<pose>Unspecified</pose>
		<truncated>0</truncated>
		<difficult>0</difficult>
		<bndbox>
			<xmin>1176</xmin>
			<ymin>1714</ymin>
			<xmax>1207</xmax>
			<ymax>1746</ymax>
		</bndbox>
	</object>
	<object>
		<name>sp06</name>
		<pose>Unspecified</pose>
		<truncated>0</truncated>
		<difficult>0</difficult>
		<bndbox>
			<xmin>1201</xmin>
			<ymin>1697</ymin>
			<xmax>1233</xmax>
			<ymax>1728</ymax>
		</bndbox>
	</object>
	<object>
		<name>sp06</name>
		<pose>Unspecified</pose>
		<truncated>0</truncated>
		<difficult>0</difficult>
		<bndbox>
			<xmin>1321</xmin>
			<ymin>1850</ymin>
			<xmax>1355</xmax>
			<ymax>1885</ymax>
		</bndbox>
	</object>
	<object>
		<name>sp06</name>
		<pose>Unspecified</pose>
		<truncated>0</truncated>
		<difficult>0</difficult>
		<bndbox>
			<xmin>1334</xmin>
			<ymin>1809</ymin>
			<xmax>1372</xmax>
			<ymax>1851</ymax>
		</bndbox>
	</object>
	<object>
		<name>sp06</name>
		<pose>Unspecified</pose>
		<truncated>0</truncated>
		<difficult>0</difficult>
		<bndbox>
			<xmin>1309</xmin>
			<ymin>1757</ymin>
			<xmax>1350</xmax>
			<ymax>1808</ymax>
		</bndbox>
	</object>
	<object>
		<name>sp06</name>
		<pose>Unspecified</pose>
		<truncated>0</truncated>
		<difficult>0</difficult>
		<bndbox>
			<xmin>1330</xmin>
			<ymin>1688</ymin>
			<xmax>1364</xmax>
			<ymax>1719</ymax>
		</bndbox>
	</object>
	<object>
		<name>sp06</name>
		<pose>Unspecified</pose>
		<truncated>0</truncated>
		<difficult>0</difficult>
		<bndbox>
			<xmin>1313</xmin>
			<ymin>1638</ymin>
			<xmax>1354</xmax>
			<ymax>1688</ymax>
		</bndbox>
	</object>
	<object>
		<name>sp06</name>
		<pose>Unspecified</pose>
		<truncated>0</truncated>
		<difficult>0</difficult>
		<bndbox>
			<xmin>1390</xmin>
			<ymin>1839</ymin>
			<xmax>1418</xmax>
			<ymax>1879</ymax>
		</bndbox>
	</object>
	<object>
		<name>sp06</name>
		<pose>Unspecified</pose>
		<truncated>0</truncated>
		<difficult>0</difficult>
		<bndbox>
			<xmin>1410</xmin>
			<ymin>2012</ymin>
			<xmax>1457</xmax>
			<ymax>2062</ymax>
		</bndbox>
	</object>
	<object>
		<name>sp06</name>
		<pose>Unspecified</pose>
		<truncated>0</truncated>
		<difficult>0</difficult>
		<bndbox>
			<xmin>1308</xmin>
			<ymin>2063</ymin>
			<xmax>1355</xmax>
			<ymax>2107</ymax>
		</bndbox>
	</object>
	<object>
		<name>sp06</name>
		<pose>Unspecified</pose>
		<truncated>0</truncated>
		<difficult>0</difficult>
		<bndbox>
			<xmin>1309</xmin>
			<ymin>2104</ymin>
			<xmax>1347</xmax>
			<ymax>2138</ymax>
		</bndbox>
	</object>
	<object>
		<name>sp06</name>
		<pose>Unspecified</pose>
		<truncated>0</truncated>
		<difficult>0</difficult>
		<bndbox>
			<xmin>1359</xmin>
			<ymin>2092</ymin>
			<xmax>1396</xmax>
			<ymax>2136</ymax>
		</bndbox>
	</object>
	<object>
		<name>sp06</name>
		<pose>Unspecified</pose>
		<truncated>0</truncated>
		<difficult>0</difficult>
		<bndbox>
			<xmin>1346</xmin>
			<ymin>2136</ymin>
			<xmax>1391</xmax>
			<ymax>2195</ymax>
		</bndbox>
	</object>
	<object>
		<name>sp06</name>
		<pose>Unspecified</pose>
		<truncated>0</truncated>
		<difficult>0</difficult>
		<bndbox>
			<xmin>1388</xmin>
			<ymin>2140</ymin>
			<xmax>1422</xmax>
			<ymax>2188</ymax>
		</bndbox>
	</object>
	<object>
		<name>sp06</name>
		<pose>Unspecified</pose>
		<truncated>0</truncated>
		<difficult>0</difficult>
		<bndbox>
			<xmin>1423</xmin>
			<ymin>2133</ymin>
			<xmax>1463</xmax>
			<ymax>2186</ymax>
		</bndbox>
	</object>
	<object>
		<name>sp06</name>
		<pose>Unspecified</pose>
		<truncated>0</truncated>
		<difficult>0</difficult>
		<bndbox>
			<xmin>1523</xmin>
			<ymin>2054</ymin>
			<xmax>1552</xmax>
			<ymax>2105</ymax>
		</bndbox>
	</object>
	<object>
		<name>sp06</name>
		<pose>Unspecified</pose>
		<truncated>0</truncated>
		<difficult>0</difficult>
		<bndbox>
			<xmin>1559</xmin>
			<ymin>2045</ymin>
			<xmax>1603</xmax>
			<ymax>2112</ymax>
		</bndbox>
	</object>
	<object>
		<name>sp06</name>
		<pose>Unspecified</pose>
		<truncated>0</truncated>
		<difficult>0</difficult>
		<bndbox>
			<xmin>1523</xmin>
			<ymin>1899</ymin>
			<xmax>1564</xmax>
			<ymax>1946</ymax>
		</bndbox>
	</object>
	<object>
		<name>sp06</name>
		<pose>Unspecified</pose>
		<truncated>0</truncated>
		<difficult>0</difficult>
		<bndbox>
			<xmin>1570</xmin>
			<ymin>1875</ymin>
			<xmax>1623</xmax>
			<ymax>1931</ymax>
		</bndbox>
	</object>
	<object>
		<name>sp06</name>
		<pose>Unspecified</pose>
		<truncated>0</truncated>
		<difficult>0</difficult>
		<bndbox>
			<xmin>1543</xmin>
			<ymin>1834</ymin>
			<xmax>1585</xmax>
			<ymax>1887</ymax>
		</bndbox>
	</object>
	<object>
		<name>sp06</name>
		<pose>Unspecified</pose>
		<truncated>0</truncated>
		<difficult>0</difficult>
		<bndbox>
			<xmin>1536</xmin>
			<ymin>1764</ymin>
			<xmax>1586</xmax>
			<ymax>1817</ymax>
		</bndbox>
	</object>
	<object>
		<name>sp06</name>
		<pose>Unspecified</pose>
		<truncated>0</truncated>
		<difficult>0</difficult>
		<bndbox>
			<xmin>1029</xmin>
			<ymin>1581</ymin>
			<xmax>1070</xmax>
			<ymax>1623</ymax>
		</bndbox>
	</object>
	<object>
		<name>sp06</name>
		<pose>Unspecified</pose>
		<truncated>0</truncated>
		<difficult>0</difficult>
		<bndbox>
			<xmin>1046</xmin>
			<ymin>1621</ymin>
			<xmax>1088</xmax>
			<ymax>1669</ymax>
		</bndbox>
	</object>
	<object>
		<name>sp06</name>
		<pose>Unspecified</pose>
		<truncated>0</truncated>
		<difficult>0</difficult>
		<bndbox>
			<xmin>1145</xmin>
			<ymin>1565</ymin>
			<xmax>1212</xmax>
			<ymax>1625</ymax>
		</bndbox>
	</object>
	<object>
		<name>sp06</name>
		<pose>Unspecified</pose>
		<truncated>0</truncated>
		<difficult>0</difficult>
		<bndbox>
			<xmin>1003</xmin>
			<ymin>1463</ymin>
			<xmax>1067</xmax>
			<ymax>1522</ymax>
		</bndbox>
	</object>
	<object>
		<name>sp06</name>
		<pose>Unspecified</pose>
		<truncated>0</truncated>
		<difficult>0</difficult>
		<bndbox>
			<xmin>1122</xmin>
			<ymin>1429</ymin>
			<xmax>1179</xmax>
			<ymax>1493</ymax>
		</bndbox>
	</object>
	<object>
		<name>sp06</name>
		<pose>Unspecified</pose>
		<truncated>0</truncated>
		<difficult>0</difficult>
		<bndbox>
			<xmin>1070</xmin>
			<ymin>1350</ymin>
			<xmax>1123</xmax>
			<ymax>1404</ymax>
		</bndbox>
	</object>
	<object>
		<name>sp06</name>
		<pose>Unspecified</pose>
		<truncated>0</truncated>
		<difficult>0</difficult>
		<bndbox>
			<xmin>1161</xmin>
			<ymin>1318</ymin>
			<xmax>1179</xmax>
			<ymax>1338</ymax>
		</bndbox>
	</object>
	<object>
		<name>sp06</name>
		<pose>Unspecified</pose>
		<truncated>0</truncated>
		<difficult>0</difficult>
		<bndbox>
			<xmin>1176</xmin>
			<ymin>1293</ymin>
			<xmax>1207</xmax>
			<ymax>1337</ymax>
		</bndbox>
	</object>
	<object>
		<name>sp06</name>
		<pose>Unspecified</pose>
		<truncated>0</truncated>
		<difficult>0</difficult>
		<bndbox>
			<xmin>1202</xmin>
			<ymin>1313</ymin>
			<xmax>1253</xmax>
			<ymax>1367</ymax>
		</bndbox>
	</object>
	<object>
		<name>sp06</name>
		<pose>Unspecified</pose>
		<truncated>0</truncated>
		<difficult>0</difficult>
		<bndbox>
			<xmin>1214</xmin>
			<ymin>1249</ymin>
			<xmax>1258</xmax>
			<ymax>1303</ymax>
		</bndbox>
	</object>
	<object>
		<name>sp06</name>
		<pose>Unspecified</pose>
		<truncated>0</truncated>
		<difficult>0</difficult>
		<bndbox>
			<xmin>1271</xmin>
			<ymin>1233</ymin>
			<xmax>1327</xmax>
			<ymax>1274</ymax>
		</bndbox>
	</object>
	<object>
		<name>sp06</name>
		<pose>Unspecified</pose>
		<truncated>0</truncated>
		<difficult>0</difficult>
		<bndbox>
			<xmin>1277</xmin>
			<ymin>1274</ymin>
			<xmax>1325</xmax>
			<ymax>1319</ymax>
		</bndbox>
	</object>
	<object>
		<name>sp06</name>
		<pose>Unspecified</pose>
		<truncated>0</truncated>
		<difficult>0</difficult>
		<bndbox>
			<xmin>1432</xmin>
			<ymin>1275</ymin>
			<xmax>1474</xmax>
			<ymax>1319</ymax>
		</bndbox>
	</object>
	<object>
		<name>sp06</name>
		<pose>Unspecified</pose>
		<truncated>0</truncated>
		<difficult>0</difficult>
		<bndbox>
			<xmin>1322</xmin>
			<ymin>1328</ymin>
			<xmax>1356</xmax>
			<ymax>1369</ymax>
		</bndbox>
	</object>
	<object>
		<name>sp06</name>
		<pose>Unspecified</pose>
		<truncated>0</truncated>
		<difficult>0</difficult>
		<bndbox>
			<xmin>1300</xmin>
			<ymin>1350</ymin>
			<xmax>1332</xmax>
			<ymax>1387</ymax>
		</bndbox>
	</object>
	<object>
		<name>sp06</name>
		<pose>Unspecified</pose>
		<truncated>0</truncated>
		<difficult>0</difficult>
		<bndbox>
			<xmin>1286</xmin>
			<ymin>1422</ymin>
			<xmax>1324</xmax>
			<ymax>1462</ymax>
		</bndbox>
	</object>
	<object>
		<name>sp06</name>
		<pose>Unspecified</pose>
		<truncated>0</truncated>
		<difficult>0</difficult>
		<bndbox>
			<xmin>1309</xmin>
			<ymin>1471</ymin>
			<xmax>1346</xmax>
			<ymax>1516</ymax>
		</bndbox>
	</object>
	<object>
		<name>sp06</name>
		<pose>Unspecified</pose>
		<truncated>0</truncated>
		<difficult>0</difficult>
		<bndbox>
			<xmin>1346</xmin>
			<ymin>1479</ymin>
			<xmax>1374</xmax>
			<ymax>1514</ymax>
		</bndbox>
	</object>
	<object>
		<name>sp06</name>
		<pose>Unspecified</pose>
		<truncated>0</truncated>
		<difficult>0</difficult>
		<bndbox>
			<xmin>1666</xmin>
			<ymin>2151</ymin>
			<xmax>1707</xmax>
			<ymax>2192</ymax>
		</bndbox>
	</object>
	<object>
		<name>sp06</name>
		<pose>Unspecified</pose>
		<truncated>0</truncated>
		<difficult>0</difficult>
		<bndbox>
			<xmin>1671</xmin>
			<ymin>2195</ymin>
			<xmax>1712</xmax>
			<ymax>2249</ymax>
		</bndbox>
	</object>
	<object>
		<name>sp06</name>
		<pose>Unspecified</pose>
		<truncated>0</truncated>
		<difficult>0</difficult>
		<bndbox>
			<xmin>1677</xmin>
			<ymin>1818</ymin>
			<xmax>1715</xmax>
			<ymax>1868</ymax>
		</bndbox>
	</object>
	<object>
		<name>sp06</name>
		<pose>Unspecified</pose>
		<truncated>0</truncated>
		<difficult>0</difficult>
		<bndbox>
			<xmin>1665</xmin>
			<ymin>1647</ymin>
			<xmax>1696</xmax>
			<ymax>1704</ymax>
		</bndbox>
	</object>
	<object>
		<name>sp06</name>
		<pose>Unspecified</pose>
		<truncated>0</truncated>
		<difficult>0</difficult>
		<bndbox>
			<xmin>1527</xmin>
			<ymin>1378</ymin>
			<xmax>1594</xmax>
			<ymax>1441</ymax>
		</bndbox>
	</object>
	<object>
		<name>sp06</name>
		<pose>Unspecified</pose>
		<truncated>0</truncated>
		<difficult>0</difficult>
		<bndbox>
			<xmin>1555</xmin>
			<ymin>1306</ymin>
			<xmax>1590</xmax>
			<ymax>1354</ymax>
		</bndbox>
	</object>
	<object>
		<name>sp06</name>
		<pose>Unspecified</pose>
		<truncated>0</truncated>
		<difficult>0</difficult>
		<bndbox>
			<xmin>1590</xmin>
			<ymin>1322</ymin>
			<xmax>1650</xmax>
			<ymax>1379</ymax>
		</bndbox>
	</object>
	<object>
		<name>sp06</name>
		<pose>Unspecified</pose>
		<truncated>0</truncated>
		<difficult>0</difficult>
		<bndbox>
			<xmin>1562</xmin>
			<ymin>1227</ymin>
			<xmax>1619</xmax>
			<ymax>1275</ymax>
		</bndbox>
	</object>
	<object>
		<name>sp06</name>
		<pose>Unspecified</pose>
		<truncated>0</truncated>
		<difficult>0</difficult>
		<bndbox>
			<xmin>1546</xmin>
			<ymin>1164</ymin>
			<xmax>1581</xmax>
			<ymax>1198</ymax>
		</bndbox>
	</object>
	<object>
		<name>sp06</name>
		<pose>Unspecified</pose>
		<truncated>0</truncated>
		<difficult>0</difficult>
		<bndbox>
			<xmin>1558</xmin>
			<ymin>1114</ymin>
			<xmax>1598</xmax>
			<ymax>1158</ymax>
		</bndbox>
	</object>
	<object>
		<name>sp06</name>
		<pose>Unspecified</pose>
		<truncated>0</truncated>
		<difficult>0</difficult>
		<bndbox>
			<xmin>1627</xmin>
			<ymin>1124</ymin>
			<xmax>1674</xmax>
			<ymax>1172</ymax>
		</bndbox>
	</object>
	<object>
		<name>sp06</name>
		<pose>Unspecified</pose>
		<truncated>0</truncated>
		<difficult>0</difficult>
		<bndbox>
			<xmin>1615</xmin>
			<ymin>1029</ymin>
			<xmax>1668</xmax>
			<ymax>1080</ymax>
		</bndbox>
	</object>
	<object>
		<name>sp06</name>
		<pose>Unspecified</pose>
		<truncated>0</truncated>
		<difficult>0</difficult>
		<bndbox>
			<xmin>1634</xmin>
			<ymin>916</ymin>
			<xmax>1685</xmax>
			<ymax>970</ymax>
		</bndbox>
	</object>
	<object>
		<name>sp06</name>
		<pose>Unspecified</pose>
		<truncated>0</truncated>
		<difficult>0</difficult>
		<bndbox>
			<xmin>1491</xmin>
			<ymin>1001</ymin>
			<xmax>1542</xmax>
			<ymax>1041</ymax>
		</bndbox>
	</object>
	<object>
		<name>sp06</name>
		<pose>Unspecified</pose>
		<truncated>0</truncated>
		<difficult>0</difficult>
		<bndbox>
			<xmin>1485</xmin>
			<ymin>1060</ymin>
			<xmax>1533</xmax>
			<ymax>1108</ymax>
		</bndbox>
	</object>
	<object>
		<name>sp06</name>
		<pose>Unspecified</pose>
		<truncated>0</truncated>
		<difficult>0</difficult>
		<bndbox>
			<xmin>1458</xmin>
			<ymin>1098</ymin>
			<xmax>1511</xmax>
			<ymax>1146</ymax>
		</bndbox>
	</object>
	<object>
		<name>sp06</name>
		<pose>Unspecified</pose>
		<truncated>0</truncated>
		<difficult>0</difficult>
		<bndbox>
			<xmin>1265</xmin>
			<ymin>1073</ymin>
			<xmax>1294</xmax>
			<ymax>1098</ymax>
		</bndbox>
	</object>
	<object>
		<name>sp06</name>
		<pose>Unspecified</pose>
		<truncated>0</truncated>
		<difficult>0</difficult>
		<bndbox>
			<xmin>1275</xmin>
			<ymin>1088</ymin>
			<xmax>1312</xmax>
			<ymax>1128</ymax>
		</bndbox>
	</object>
	<object>
		<name>sp06</name>
		<pose>Unspecified</pose>
		<truncated>0</truncated>
		<difficult>0</difficult>
		<bndbox>
			<xmin>1113</xmin>
			<ymin>1047</ymin>
			<xmax>1172</xmax>
			<ymax>1094</ymax>
		</bndbox>
	</object>
	<object>
		<name>sp06</name>
		<pose>Unspecified</pose>
		<truncated>0</truncated>
		<difficult>0</difficult>
		<bndbox>
			<xmin>1265</xmin>
			<ymin>871</ymin>
			<xmax>1310</xmax>
			<ymax>919</ymax>
		</bndbox>
	</object>
	<object>
		<name>sp06</name>
		<pose>Unspecified</pose>
		<truncated>0</truncated>
		<difficult>0</difficult>
		<bndbox>
			<xmin>1059</xmin>
			<ymin>1151</ymin>
			<xmax>1110</xmax>
			<ymax>1192</ymax>
		</bndbox>
	</object>
	<object>
		<name>sp06</name>
		<pose>Unspecified</pose>
		<truncated>0</truncated>
		<difficult>0</difficult>
		<bndbox>
			<xmin>1057</xmin>
			<ymin>1195</ymin>
			<xmax>1085</xmax>
			<ymax>1221</ymax>
		</bndbox>
	</object>
	<object>
		<name>sp06</name>
		<pose>Unspecified</pose>
		<truncated>0</truncated>
		<difficult>0</difficult>
		<bndbox>
			<xmin>949</xmin>
			<ymin>1161</ymin>
			<xmax>993</xmax>
			<ymax>1220</ymax>
		</bndbox>
	</object>
	<object>
		<name>sp06</name>
		<pose>Unspecified</pose>
		<truncated>0</truncated>
		<difficult>0</difficult>
		<bndbox>
			<xmin>890</xmin>
			<ymin>1132</ymin>
			<xmax>941</xmax>
			<ymax>1183</ymax>
		</bndbox>
	</object>
	<object>
		<name>sp06</name>
		<pose>Unspecified</pose>
		<truncated>0</truncated>
		<difficult>0</difficult>
		<bndbox>
			<xmin>844</xmin>
			<ymin>1063</ymin>
			<xmax>872</xmax>
			<ymax>1107</ymax>
		</bndbox>
	</object>
	<object>
		<name>sp06</name>
		<pose>Unspecified</pose>
		<truncated>0</truncated>
		<difficult>0</difficult>
		<bndbox>
			<xmin>874</xmin>
			<ymin>1060</ymin>
			<xmax>905</xmax>
			<ymax>1110</ymax>
		</bndbox>
	</object>
	<object>
		<name>sp06</name>
		<pose>Unspecified</pose>
		<truncated>0</truncated>
		<difficult>0</difficult>
		<bndbox>
			<xmin>819</xmin>
			<ymin>993</ymin>
			<xmax>857</xmax>
			<ymax>1031</ymax>
		</bndbox>
	</object>
	<object>
		<name>sp06</name>
		<pose>Unspecified</pose>
		<truncated>0</truncated>
		<difficult>0</difficult>
		<bndbox>
			<xmin>801</xmin>
			<ymin>953</ymin>
			<xmax>861</xmax>
			<ymax>993</ymax>
		</bndbox>
	</object>
	<object>
		<name>sp06</name>
		<pose>Unspecified</pose>
		<truncated>0</truncated>
		<difficult>0</difficult>
		<bndbox>
			<xmin>876</xmin>
			<ymin>931</ymin>
			<xmax>918</xmax>
			<ymax>978</ymax>
		</bndbox>
	</object>
	<object>
		<name>sp06</name>
		<pose>Unspecified</pose>
		<truncated>0</truncated>
		<difficult>0</difficult>
		<bndbox>
			<xmin>868</xmin>
			<ymin>886</ymin>
			<xmax>918</xmax>
			<ymax>930</ymax>
		</bndbox>
	</object>
	<object>
		<name>sp06</name>
		<pose>Unspecified</pose>
		<truncated>0</truncated>
		<difficult>0</difficult>
		<bndbox>
			<xmin>977</xmin>
			<ymin>865</ymin>
			<xmax>1027</xmax>
			<ymax>922</ymax>
		</bndbox>
	</object>
	<object>
		<name>sp06</name>
		<pose>Unspecified</pose>
		<truncated>0</truncated>
		<difficult>0</difficult>
		<bndbox>
			<xmin>1047</xmin>
			<ymin>846</ymin>
			<xmax>1085</xmax>
			<ymax>896</ymax>
		</bndbox>
	</object>
	<object>
		<name>sp06</name>
		<pose>Unspecified</pose>
		<truncated>0</truncated>
		<difficult>0</difficult>
		<bndbox>
			<xmin>1009</xmin>
			<ymin>960</ymin>
			<xmax>1043</xmax>
			<ymax>1002</ymax>
		</bndbox>
	</object>
	<object>
		<name>sp06</name>
		<pose>Unspecified</pose>
		<truncated>0</truncated>
		<difficult>0</difficult>
		<bndbox>
			<xmin>945</xmin>
			<ymin>1076</ymin>
			<xmax>983</xmax>
			<ymax>1117</ymax>
		</bndbox>
	</object>
	<object>
		<name>sp06</name>
		<pose>Unspecified</pose>
		<truncated>0</truncated>
		<difficult>0</difficult>
		<bndbox>
			<xmin>914</xmin>
			<ymin>1034</ymin>
			<xmax>964</xmax>
			<ymax>1085</ymax>
		</bndbox>
	</object>
	<object>
		<name>sp06</name>
		<pose>Unspecified</pose>
		<truncated>0</truncated>
		<difficult>0</difficult>
		<bndbox>
			<xmin>955</xmin>
			<ymin>1025</ymin>
			<xmax>1002</xmax>
			<ymax>1063</ymax>
		</bndbox>
	</object>
	<object>
		<name>sp06</name>
		<pose>Unspecified</pose>
		<truncated>0</truncated>
		<difficult>0</difficult>
		<bndbox>
			<xmin>972</xmin>
			<ymin>984</ymin>
			<xmax>1009</xmax>
			<ymax>1029</ymax>
		</bndbox>
	</object>
	<object>
		<name>sp06</name>
		<pose>Unspecified</pose>
		<truncated>0</truncated>
		<difficult>0</difficult>
		<bndbox>
			<xmin>937</xmin>
			<ymin>972</ymin>
			<xmax>984</xmax>
			<ymax>1023</ymax>
		</bndbox>
	</object>
	<object>
		<name>sp06</name>
		<pose>Unspecified</pose>
		<truncated>0</truncated>
		<difficult>0</difficult>
		<bndbox>
			<xmin>846</xmin>
			<ymin>804</ymin>
			<xmax>890</xmax>
			<ymax>858</ymax>
		</bndbox>
	</object>
	<object>
		<name>sp06</name>
		<pose>Unspecified</pose>
		<truncated>0</truncated>
		<difficult>0</difficult>
		<bndbox>
			<xmin>991</xmin>
			<ymin>764</ymin>
			<xmax>1044</xmax>
			<ymax>815</ymax>
		</bndbox>
	</object>
	<object>
		<name>sp06</name>
		<pose>Unspecified</pose>
		<truncated>0</truncated>
		<difficult>0</difficult>
		<bndbox>
			<xmin>1022</xmin>
			<ymin>744</ymin>
			<xmax>1048</xmax>
			<ymax>781</ymax>
		</bndbox>
	</object>
	<object>
		<name>sp06</name>
		<pose>Unspecified</pose>
		<truncated>0</truncated>
		<difficult>0</difficult>
		<bndbox>
			<xmin>1051</xmin>
			<ymin>714</ymin>
			<xmax>1086</xmax>
			<ymax>756</ymax>
		</bndbox>
	</object>
	<object>
		<name>sp06</name>
		<pose>Unspecified</pose>
		<truncated>0</truncated>
		<difficult>0</difficult>
		<bndbox>
			<xmin>1062</xmin>
			<ymin>685</ymin>
			<xmax>1097</xmax>
			<ymax>722</ymax>
		</bndbox>
	</object>
	<object>
		<name>sp06</name>
		<pose>Unspecified</pose>
		<truncated>0</truncated>
		<difficult>0</difficult>
		<bndbox>
			<xmin>1098</xmin>
			<ymin>691</ymin>
			<xmax>1124</xmax>
			<ymax>732</ymax>
		</bndbox>
	</object>
	<object>
		<name>sp06</name>
		<pose>Unspecified</pose>
		<truncated>0</truncated>
		<difficult>0</difficult>
		<bndbox>
			<xmin>1125</xmin>
			<ymin>733</ymin>
			<xmax>1163</xmax>
			<ymax>786</ymax>
		</bndbox>
	</object>
	<object>
		<name>sp06</name>
		<pose>Unspecified</pose>
		<truncated>0</truncated>
		<difficult>0</difficult>
		<bndbox>
			<xmin>1158</xmin>
			<ymin>760</ymin>
			<xmax>1187</xmax>
			<ymax>810</ymax>
		</bndbox>
	</object>
	<object>
		<name>sp06</name>
		<pose>Unspecified</pose>
		<truncated>0</truncated>
		<difficult>0</difficult>
		<bndbox>
			<xmin>1133</xmin>
			<ymin>815</ymin>
			<xmax>1184</xmax>
			<ymax>871</ymax>
		</bndbox>
	</object>
	<object>
		<name>sp06</name>
		<pose>Unspecified</pose>
		<truncated>0</truncated>
		<difficult>0</difficult>
		<bndbox>
			<xmin>953</xmin>
			<ymin>299</ymin>
			<xmax>993</xmax>
			<ymax>360</ymax>
		</bndbox>
	</object>
	<object>
		<name>sp06</name>
		<pose>Unspecified</pose>
		<truncated>0</truncated>
		<difficult>0</difficult>
		<bndbox>
			<xmin>994</xmin>
			<ymin>293</ymin>
			<xmax>1031</xmax>
			<ymax>337</ymax>
		</bndbox>
	</object>
	<object>
		<name>sp06</name>
		<pose>Unspecified</pose>
		<truncated>0</truncated>
		<difficult>0</difficult>
		<bndbox>
			<xmin>991</xmin>
			<ymin>338</ymin>
			<xmax>1033</xmax>
			<ymax>378</ymax>
		</bndbox>
	</object>
	<object>
		<name>sp06</name>
		<pose>Unspecified</pose>
		<truncated>0</truncated>
		<difficult>0</difficult>
		<bndbox>
			<xmin>1098</xmin>
			<ymin>268</ymin>
			<xmax>1154</xmax>
			<ymax>327</ymax>
		</bndbox>
	</object>
	<object>
		<name>sp06</name>
		<pose>Unspecified</pose>
		<truncated>0</truncated>
		<difficult>0</difficult>
		<bndbox>
			<xmin>1277</xmin>
			<ymin>262</ymin>
			<xmax>1321</xmax>
			<ymax>321</ymax>
		</bndbox>
	</object>
	<object>
		<name>sp06</name>
		<pose>Unspecified</pose>
		<truncated>0</truncated>
		<difficult>0</difficult>
		<bndbox>
			<xmin>1429</xmin>
			<ymin>266</ymin>
			<xmax>1466</xmax>
			<ymax>301</ymax>
		</bndbox>
	</object>
	<object>
		<name>sp06</name>
		<pose>Unspecified</pose>
		<truncated>0</truncated>
		<difficult>0</difficult>
		<bndbox>
			<xmin>1428</xmin>
			<ymin>299</ymin>
			<xmax>1465</xmax>
			<ymax>340</ymax>
		</bndbox>
	</object>
	<object>
		<name>sp06</name>
		<pose>Unspecified</pose>
		<truncated>0</truncated>
		<difficult>0</difficult>
		<bndbox>
			<xmin>1463</xmin>
			<ymin>307</ymin>
			<xmax>1514</xmax>
			<ymax>351</ymax>
		</bndbox>
	</object>
	<object>
		<name>sp06</name>
		<pose>Unspecified</pose>
		<truncated>0</truncated>
		<difficult>0</difficult>
		<bndbox>
			<xmin>1469</xmin>
			<ymin>397</ymin>
			<xmax>1507</xmax>
			<ymax>444</ymax>
		</bndbox>
	</object>
	<object>
		<name>sp06</name>
		<pose>Unspecified</pose>
		<truncated>0</truncated>
		<difficult>0</difficult>
		<bndbox>
			<xmin>1340</xmin>
			<ymin>464</ymin>
			<xmax>1387</xmax>
			<ymax>520</ymax>
		</bndbox>
	</object>
	<object>
		<name>sp06</name>
		<pose>Unspecified</pose>
		<truncated>0</truncated>
		<difficult>0</difficult>
		<bndbox>
			<xmin>1416</xmin>
			<ymin>480</ymin>
			<xmax>1467</xmax>
			<ymax>527</ymax>
		</bndbox>
	</object>
	<object>
		<name>sp06</name>
		<pose>Unspecified</pose>
		<truncated>0</truncated>
		<difficult>0</difficult>
		<bndbox>
			<xmin>1401</xmin>
			<ymin>587</ymin>
			<xmax>1451</xmax>
			<ymax>641</ymax>
		</bndbox>
	</object>
	<object>
		<name>sp06</name>
		<pose>Unspecified</pose>
		<truncated>0</truncated>
		<difficult>0</difficult>
		<bndbox>
			<xmin>1365</xmin>
			<ymin>603</ymin>
			<xmax>1402</xmax>
			<ymax>637</ymax>
		</bndbox>
	</object>
	<object>
		<name>sp06</name>
		<pose>Unspecified</pose>
		<truncated>0</truncated>
		<difficult>0</difficult>
		<bndbox>
			<xmin>1366</xmin>
			<ymin>628</ymin>
			<xmax>1397</xmax>
			<ymax>673</ymax>
		</bndbox>
	</object>
	<object>
		<name>sp06</name>
		<pose>Unspecified</pose>
		<truncated>0</truncated>
		<difficult>0</difficult>
		<bndbox>
			<xmin>1338</xmin>
			<ymin>638</ymin>
			<xmax>1376</xmax>
			<ymax>683</ymax>
		</bndbox>
	</object>
	<object>
		<name>sp06</name>
		<pose>Unspecified</pose>
		<truncated>0</truncated>
		<difficult>0</difficult>
		<bndbox>
			<xmin>1313</xmin>
			<ymin>641</ymin>
			<xmax>1342</xmax>
			<ymax>688</ymax>
		</bndbox>
	</object>
	<object>
		<name>sp06</name>
		<pose>Unspecified</pose>
		<truncated>0</truncated>
		<difficult>0</difficult>
		<bndbox>
			<xmin>1258</xmin>
			<ymin>713</ymin>
			<xmax>1299</xmax>
			<ymax>757</ymax>
		</bndbox>
	</object>
	<object>
		<name>sp06</name>
		<pose>Unspecified</pose>
		<truncated>0</truncated>
		<difficult>0</difficult>
		<bndbox>
			<xmin>1215</xmin>
			<ymin>682</ymin>
			<xmax>1253</xmax>
			<ymax>726</ymax>
		</bndbox>
	</object>
	<object>
		<name>sp06</name>
		<pose>Unspecified</pose>
		<truncated>0</truncated>
		<difficult>0</difficult>
		<bndbox>
			<xmin>1201</xmin>
			<ymin>714</ymin>
			<xmax>1236</xmax>
			<ymax>748</ymax>
		</bndbox>
	</object>
	<object>
		<name>sp06</name>
		<pose>Unspecified</pose>
		<truncated>0</truncated>
		<difficult>0</difficult>
		<bndbox>
			<xmin>1337</xmin>
			<ymin>769</ymin>
			<xmax>1360</xmax>
			<ymax>803</ymax>
		</bndbox>
	</object>
	<object>
		<name>sp06</name>
		<pose>Unspecified</pose>
		<truncated>0</truncated>
		<difficult>0</difficult>
		<bndbox>
			<xmin>1362</xmin>
			<ymin>770</ymin>
			<xmax>1403</xmax>
			<ymax>807</ymax>
		</bndbox>
	</object>
	<object>
		<name>sp06</name>
		<pose>Unspecified</pose>
		<truncated>0</truncated>
		<difficult>0</difficult>
		<bndbox>
			<xmin>1346</xmin>
			<ymin>805</ymin>
			<xmax>1387</xmax>
			<ymax>846</ymax>
		</bndbox>
	</object>
	<object>
		<name>sp06</name>
		<pose>Unspecified</pose>
		<truncated>0</truncated>
		<difficult>0</difficult>
		<bndbox>
			<xmin>1407</xmin>
			<ymin>799</ymin>
			<xmax>1448</xmax>
			<ymax>844</ymax>
		</bndbox>
	</object>
	<object>
		<name>sp06</name>
		<pose>Unspecified</pose>
		<truncated>0</truncated>
		<difficult>0</difficult>
		<bndbox>
			<xmin>1438</xmin>
			<ymin>783</ymin>
			<xmax>1478</xmax>
			<ymax>820</ymax>
		</bndbox>
	</object>
	<object>
		<name>sp06</name>
		<pose>Unspecified</pose>
		<truncated>0</truncated>
		<difficult>0</difficult>
		<bndbox>
			<xmin>1448</xmin>
			<ymin>820</ymin>
			<xmax>1493</xmax>
			<ymax>874</ymax>
		</bndbox>
	</object>
	<object>
		<name>sp06</name>
		<pose>Unspecified</pose>
		<truncated>0</truncated>
		<difficult>0</difficult>
		<bndbox>
			<xmin>1511</xmin>
			<ymin>714</ymin>
			<xmax>1543</xmax>
			<ymax>758</ymax>
		</bndbox>
	</object>
	<object>
		<name>sp06</name>
		<pose>Unspecified</pose>
		<truncated>0</truncated>
		<difficult>0</difficult>
		<bndbox>
			<xmin>1574</xmin>
			<ymin>752</ymin>
			<xmax>1611</xmax>
			<ymax>803</ymax>
		</bndbox>
	</object>
	<object>
		<name>sp06</name>
		<pose>Unspecified</pose>
		<truncated>0</truncated>
		<difficult>0</difficult>
		<bndbox>
			<xmin>1513</xmin>
			<ymin>590</ymin>
			<xmax>1572</xmax>
			<ymax>653</ymax>
		</bndbox>
	</object>
	<object>
		<name>sp06</name>
		<pose>Unspecified</pose>
		<truncated>0</truncated>
		<difficult>0</difficult>
		<bndbox>
			<xmin>1555</xmin>
			<ymin>452</ymin>
			<xmax>1593</xmax>
			<ymax>489</ymax>
		</bndbox>
	</object>
	<object>
		<name>sp06</name>
		<pose>Unspecified</pose>
		<truncated>0</truncated>
		<difficult>0</difficult>
		<bndbox>
			<xmin>1574</xmin>
			<ymin>488</ymin>
			<xmax>1597</xmax>
			<ymax>511</ymax>
		</bndbox>
	</object>
	<object>
		<name>sp06</name>
		<pose>Unspecified</pose>
		<truncated>0</truncated>
		<difficult>0</difficult>
		<bndbox>
			<xmin>1545</xmin>
			<ymin>488</ymin>
			<xmax>1577</xmax>
			<ymax>533</ymax>
		</bndbox>
	</object>
	<object>
		<name>sp06</name>
		<pose>Unspecified</pose>
		<truncated>0</truncated>
		<difficult>0</difficult>
		<bndbox>
			<xmin>1574</xmin>
			<ymin>508</ymin>
			<xmax>1619</xmax>
			<ymax>550</ymax>
		</bndbox>
	</object>
	<object>
		<name>sp06</name>
		<pose>Unspecified</pose>
		<truncated>0</truncated>
		<difficult>0</difficult>
		<bndbox>
			<xmin>1611</xmin>
			<ymin>545</ymin>
			<xmax>1653</xmax>
			<ymax>596</ymax>
		</bndbox>
	</object>
	<object>
		<name>sp06</name>
		<pose>Unspecified</pose>
		<truncated>0</truncated>
		<difficult>0</difficult>
		<bndbox>
			<xmin>1646</xmin>
			<ymin>524</ymin>
			<xmax>1681</xmax>
			<ymax>565</ymax>
		</bndbox>
	</object>
	<object>
		<name>sp06</name>
		<pose>Unspecified</pose>
		<truncated>0</truncated>
		<difficult>0</difficult>
		<bndbox>
			<xmin>1660</xmin>
			<ymin>463</ymin>
			<xmax>1704</xmax>
			<ymax>508</ymax>
		</bndbox>
	</object>
	<object>
		<name>sp06</name>
		<pose>Unspecified</pose>
		<truncated>0</truncated>
		<difficult>0</difficult>
		<bndbox>
			<xmin>1701</xmin>
			<ymin>549</ymin>
			<xmax>1745</xmax>
			<ymax>602</ymax>
		</bndbox>
	</object>
	<object>
		<name>sp06</name>
		<pose>Unspecified</pose>
		<truncated>0</truncated>
		<difficult>0</difficult>
		<bndbox>
			<xmin>1750</xmin>
			<ymin>540</ymin>
			<xmax>1791</xmax>
			<ymax>587</ymax>
		</bndbox>
	</object>
	<object>
		<name>sp06</name>
		<pose>Unspecified</pose>
		<truncated>0</truncated>
		<difficult>0</difficult>
		<bndbox>
			<xmin>1846</xmin>
			<ymin>556</ymin>
			<xmax>1893</xmax>
			<ymax>610</ymax>
		</bndbox>
	</object>
	<object>
		<name>sp06</name>
		<pose>Unspecified</pose>
		<truncated>0</truncated>
		<difficult>0</difficult>
		<bndbox>
			<xmin>1883</xmin>
			<ymin>600</ymin>
			<xmax>1939</xmax>
			<ymax>653</ymax>
		</bndbox>
	</object>
	<object>
		<name>sp06</name>
		<pose>Unspecified</pose>
		<truncated>0</truncated>
		<difficult>0</difficult>
		<bndbox>
			<xmin>1958</xmin>
			<ymin>643</ymin>
			<xmax>2002</xmax>
			<ymax>696</ymax>
		</bndbox>
	</object>
	<object>
		<name>sp06</name>
		<pose>Unspecified</pose>
		<truncated>0</truncated>
		<difficult>0</difficult>
		<bndbox>
			<xmin>2032</xmin>
			<ymin>722</ymin>
			<xmax>2063</xmax>
			<ymax>756</ymax>
		</bndbox>
	</object>
	<object>
		<name>sp06</name>
		<pose>Unspecified</pose>
		<truncated>0</truncated>
		<difficult>0</difficult>
		<bndbox>
			<xmin>1876</xmin>
			<ymin>814</ymin>
			<xmax>1911</xmax>
			<ymax>852</ymax>
		</bndbox>
	</object>
	<object>
		<name>sp06</name>
		<pose>Unspecified</pose>
		<truncated>0</truncated>
		<difficult>0</difficult>
		<bndbox>
			<xmin>1788</xmin>
			<ymin>824</ymin>
			<xmax>1832</xmax>
			<ymax>872</ymax>
		</bndbox>
	</object>
	<object>
		<name>sp06</name>
		<pose>Unspecified</pose>
		<truncated>0</truncated>
		<difficult>0</difficult>
		<bndbox>
			<xmin>2066</xmin>
			<ymin>821</ymin>
			<xmax>2104</xmax>
			<ymax>861</ymax>
		</bndbox>
	</object>
	<object>
		<name>sp06</name>
		<pose>Unspecified</pose>
		<truncated>0</truncated>
		<difficult>0</difficult>
		<bndbox>
			<xmin>1987</xmin>
			<ymin>774</ymin>
			<xmax>2016</xmax>
			<ymax>828</ymax>
		</bndbox>
	</object>
	<object>
		<name>sp06</name>
		<pose>Unspecified</pose>
		<truncated>0</truncated>
		<difficult>0</difficult>
		<bndbox>
			<xmin>2019</xmin>
			<ymin>785</ymin>
			<xmax>2053</xmax>
			<ymax>830</ymax>
		</bndbox>
	</object>
	<object>
		<name>sp06</name>
		<pose>Unspecified</pose>
		<truncated>0</truncated>
		<difficult>0</difficult>
		<bndbox>
			<xmin>1709</xmin>
			<ymin>2174</ymin>
			<xmax>1735</xmax>
			<ymax>2216</ymax>
		</bndbox>
	</object>
	<object>
		<name>sp06</name>
		<pose>Unspecified</pose>
		<truncated>0</truncated>
		<difficult>0</difficult>
		<bndbox>
			<xmin>1734</xmin>
			<ymin>1971</ymin>
			<xmax>1780</xmax>
			<ymax>2024</ymax>
		</bndbox>
	</object>
	<object>
		<name>sp06</name>
		<pose>Unspecified</pose>
		<truncated>0</truncated>
		<difficult>0</difficult>
		<bndbox>
			<xmin>1792</xmin>
			<ymin>2001</ymin>
			<xmax>1828</xmax>
			<ymax>2041</ymax>
		</bndbox>
	</object>
	<object>
		<name>sp06</name>
		<pose>Unspecified</pose>
		<truncated>0</truncated>
		<difficult>0</difficult>
		<bndbox>
			<xmin>1815</xmin>
			<ymin>1985</ymin>
			<xmax>1850</xmax>
			<ymax>2019</ymax>
		</bndbox>
	</object>
	<object>
		<name>sp06</name>
		<pose>Unspecified</pose>
		<truncated>0</truncated>
		<difficult>0</difficult>
		<bndbox>
			<xmin>1802</xmin>
			<ymin>1948</ymin>
			<xmax>1838</xmax>
			<ymax>1989</ymax>
		</bndbox>
	</object>
	<object>
		<name>sp06</name>
		<pose>Unspecified</pose>
		<truncated>0</truncated>
		<difficult>0</difficult>
		<bndbox>
			<xmin>1739</xmin>
			<ymin>1851</ymin>
			<xmax>1776</xmax>
			<ymax>1894</ymax>
		</bndbox>
	</object>
	<object>
		<name>sp06</name>
		<pose>Unspecified</pose>
		<truncated>0</truncated>
		<difficult>0</difficult>
		<bndbox>
			<xmin>1721</xmin>
			<ymin>1804</ymin>
			<xmax>1767</xmax>
			<ymax>1853</ymax>
		</bndbox>
	</object>
	<object>
		<name>sp06</name>
		<pose>Unspecified</pose>
		<truncated>0</truncated>
		<difficult>0</difficult>
		<bndbox>
			<xmin>1696</xmin>
			<ymin>1638</ymin>
			<xmax>1720</xmax>
			<ymax>1691</ymax>
		</bndbox>
	</object>
	<object>
		<name>sp06</name>
		<pose>Unspecified</pose>
		<truncated>0</truncated>
		<difficult>0</difficult>
		<bndbox>
			<xmin>1770</xmin>
			<ymin>1687</ymin>
			<xmax>1813</xmax>
			<ymax>1738</ymax>
		</bndbox>
	</object>
	<object>
		<name>sp06</name>
		<pose>Unspecified</pose>
		<truncated>0</truncated>
		<difficult>0</difficult>
		<bndbox>
			<xmin>1977</xmin>
			<ymin>1868</ymin>
			<xmax>2018</xmax>
			<ymax>1917</ymax>
		</bndbox>
	</object>
	<object>
		<name>sp06</name>
		<pose>Unspecified</pose>
		<truncated>0</truncated>
		<difficult>0</difficult>
		<bndbox>
			<xmin>2052</xmin>
			<ymin>1907</ymin>
			<xmax>2094</xmax>
			<ymax>1951</ymax>
		</bndbox>
	</object>
	<object>
		<name>sp06</name>
		<pose>Unspecified</pose>
		<truncated>0</truncated>
		<difficult>0</difficult>
		<bndbox>
			<xmin>2094</xmin>
			<ymin>1844</ymin>
			<xmax>2143</xmax>
			<ymax>1905</ymax>
		</bndbox>
	</object>
	<object>
		<name>sp06</name>
		<pose>Unspecified</pose>
		<truncated>0</truncated>
		<difficult>0</difficult>
		<bndbox>
			<xmin>2099</xmin>
			<ymin>1762</ymin>
			<xmax>2133</xmax>
			<ymax>1799</ymax>
		</bndbox>
	</object>
	<object>
		<name>sp06</name>
		<pose>Unspecified</pose>
		<truncated>0</truncated>
		<difficult>0</difficult>
		<bndbox>
			<xmin>2084</xmin>
			<ymin>1737</ymin>
			<xmax>2112</xmax>
			<ymax>1771</ymax>
		</bndbox>
	</object>
	<object>
		<name>sp06</name>
		<pose>Unspecified</pose>
		<truncated>0</truncated>
		<difficult>0</difficult>
		<bndbox>
			<xmin>2137</xmin>
			<ymin>1708</ymin>
			<xmax>2162</xmax>
			<ymax>1748</ymax>
		</bndbox>
	</object>
	<object>
		<name>sp06</name>
		<pose>Unspecified</pose>
		<truncated>0</truncated>
		<difficult>0</difficult>
		<bndbox>
			<xmin>2159</xmin>
			<ymin>1710</ymin>
			<xmax>2189</xmax>
			<ymax>1746</ymax>
		</bndbox>
	</object>
	<object>
		<name>sp06</name>
		<pose>Unspecified</pose>
		<truncated>0</truncated>
		<difficult>0</difficult>
		<bndbox>
			<xmin>2188</xmin>
			<ymin>1734</ymin>
			<xmax>2212</xmax>
			<ymax>1760</ymax>
		</bndbox>
	</object>
	<object>
		<name>sp06</name>
		<pose>Unspecified</pose>
		<truncated>0</truncated>
		<difficult>0</difficult>
		<bndbox>
			<xmin>2178</xmin>
			<ymin>1609</ymin>
			<xmax>2222</xmax>
			<ymax>1661</ymax>
		</bndbox>
	</object>
	<object>
		<name>sp06</name>
		<pose>Unspecified</pose>
		<truncated>0</truncated>
		<difficult>0</difficult>
		<bndbox>
			<xmin>2082</xmin>
			<ymin>1615</ymin>
			<xmax>2126</xmax>
			<ymax>1681</ymax>
		</bndbox>
	</object>
	<object>
		<name>sp06</name>
		<pose>Unspecified</pose>
		<truncated>0</truncated>
		<difficult>0</difficult>
		<bndbox>
			<xmin>1996</xmin>
			<ymin>1561</ymin>
			<xmax>2038</xmax>
			<ymax>1610</ymax>
		</bndbox>
	</object>
	<object>
		<name>sp06</name>
		<pose>Unspecified</pose>
		<truncated>0</truncated>
		<difficult>0</difficult>
		<bndbox>
			<xmin>2043</xmin>
			<ymin>1547</ymin>
			<xmax>2081</xmax>
			<ymax>1599</ymax>
		</bndbox>
	</object>
	<object>
		<name>sp06</name>
		<pose>Unspecified</pose>
		<truncated>0</truncated>
		<difficult>0</difficult>
		<bndbox>
			<xmin>2100</xmin>
			<ymin>1531</ymin>
			<xmax>2151</xmax>
			<ymax>1575</ymax>
		</bndbox>
	</object>
	<object>
		<name>sp06</name>
		<pose>Unspecified</pose>
		<truncated>0</truncated>
		<difficult>0</difficult>
		<bndbox>
			<xmin>2174</xmin>
			<ymin>1498</ymin>
			<xmax>2223</xmax>
			<ymax>1553</ymax>
		</bndbox>
	</object>
	<object>
		<name>sp06</name>
		<pose>Unspecified</pose>
		<truncated>0</truncated>
		<difficult>0</difficult>
		<bndbox>
			<xmin>1780</xmin>
			<ymin>1363</ymin>
			<xmax>1824</xmax>
			<ymax>1420</ymax>
		</bndbox>
	</object>
	<object>
		<name>sp06</name>
		<pose>Unspecified</pose>
		<truncated>0</truncated>
		<difficult>0</difficult>
		<bndbox>
			<xmin>1751</xmin>
			<ymin>1300</ymin>
			<xmax>1803</xmax>
			<ymax>1353</ymax>
		</bndbox>
	</object>
	<object>
		<name>sp06</name>
		<pose>Unspecified</pose>
		<truncated>0</truncated>
		<difficult>0</difficult>
		<bndbox>
			<xmin>1810</xmin>
			<ymin>1270</ymin>
			<xmax>1856</xmax>
			<ymax>1322</ymax>
		</bndbox>
	</object>
	<object>
		<name>sp06</name>
		<pose>Unspecified</pose>
		<truncated>0</truncated>
		<difficult>0</difficult>
		<bndbox>
			<xmin>1790</xmin>
			<ymin>1195</ymin>
			<xmax>1822</xmax>
			<ymax>1233</ymax>
		</bndbox>
	</object>
	<object>
		<name>sp06</name>
		<pose>Unspecified</pose>
		<truncated>0</truncated>
		<difficult>0</difficult>
		<bndbox>
			<xmin>1703</xmin>
			<ymin>1132</ymin>
			<xmax>1744</xmax>
			<ymax>1185</ymax>
		</bndbox>
	</object>
	<object>
		<name>sp06</name>
		<pose>Unspecified</pose>
		<truncated>0</truncated>
		<difficult>0</difficult>
		<bndbox>
			<xmin>1767</xmin>
			<ymin>1092</ymin>
			<xmax>1792</xmax>
			<ymax>1116</ymax>
		</bndbox>
	</object>
	<object>
		<name>sp06</name>
		<pose>Unspecified</pose>
		<truncated>0</truncated>
		<difficult>0</difficult>
		<bndbox>
			<xmin>1748</xmin>
			<ymin>1111</ymin>
			<xmax>1788</xmax>
			<ymax>1151</ymax>
		</bndbox>
	</object>
	<object>
		<name>sp06</name>
		<pose>Unspecified</pose>
		<truncated>0</truncated>
		<difficult>0</difficult>
		<bndbox>
			<xmin>1791</xmin>
			<ymin>1105</ymin>
			<xmax>1820</xmax>
			<ymax>1135</ymax>
		</bndbox>
	</object>
	<object>
		<name>sp06</name>
		<pose>Unspecified</pose>
		<truncated>0</truncated>
		<difficult>0</difficult>
		<bndbox>
			<xmin>1701</xmin>
			<ymin>1001</ymin>
			<xmax>1744</xmax>
			<ymax>1044</ymax>
		</bndbox>
	</object>
	<object>
		<name>sp06</name>
		<pose>Unspecified</pose>
		<truncated>0</truncated>
		<difficult>0</difficult>
		<bndbox>
			<xmin>1729</xmin>
			<ymin>960</ymin>
			<xmax>1769</xmax>
			<ymax>1006</ymax>
		</bndbox>
	</object>
	<object>
		<name>sp06</name>
		<pose>Unspecified</pose>
		<truncated>0</truncated>
		<difficult>0</difficult>
		<bndbox>
			<xmin>1755</xmin>
			<ymin>995</ymin>
			<xmax>1797</xmax>
			<ymax>1042</ymax>
		</bndbox>
	</object>
	<object>
		<name>sp06</name>
		<pose>Unspecified</pose>
		<truncated>0</truncated>
		<difficult>0</difficult>
		<bndbox>
			<xmin>1837</xmin>
			<ymin>1005</ymin>
			<xmax>1865</xmax>
			<ymax>1037</ymax>
		</bndbox>
	</object>
	<object>
		<name>sp06</name>
		<pose>Unspecified</pose>
		<truncated>0</truncated>
		<difficult>0</difficult>
		<bndbox>
			<xmin>1863</xmin>
			<ymin>996</ymin>
			<xmax>1893</xmax>
			<ymax>1036</ymax>
		</bndbox>
	</object>
	<object>
		<name>sp06</name>
		<pose>Unspecified</pose>
		<truncated>0</truncated>
		<difficult>0</difficult>
		<bndbox>
			<xmin>1889</xmin>
			<ymin>1007</ymin>
			<xmax>1927</xmax>
			<ymax>1043</ymax>
		</bndbox>
	</object>
	<object>
		<name>sp06</name>
		<pose>Unspecified</pose>
		<truncated>0</truncated>
		<difficult>0</difficult>
		<bndbox>
			<xmin>1862</xmin>
			<ymin>1055</ymin>
			<xmax>1899</xmax>
			<ymax>1091</ymax>
		</bndbox>
	</object>
	<object>
		<name>sp06</name>
		<pose>Unspecified</pose>
		<truncated>0</truncated>
		<difficult>0</difficult>
		<bndbox>
			<xmin>1892</xmin>
			<ymin>1098</ymin>
			<xmax>1936</xmax>
			<ymax>1127</ymax>
		</bndbox>
	</object>
	<object>
		<name>sp06</name>
		<pose>Unspecified</pose>
		<truncated>0</truncated>
		<difficult>0</difficult>
		<bndbox>
			<xmin>1897</xmin>
			<ymin>1126</ymin>
			<xmax>1935</xmax>
			<ymax>1152</ymax>
		</bndbox>
	</object>
	<object>
		<name>sp06</name>
		<pose>Unspecified</pose>
		<truncated>0</truncated>
		<difficult>0</difficult>
		<bndbox>
			<xmin>1828</xmin>
			<ymin>1163</ymin>
			<xmax>1869</xmax>
			<ymax>1210</ymax>
		</bndbox>
	</object>
	<object>
		<name>sp06</name>
		<pose>Unspecified</pose>
		<truncated>0</truncated>
		<difficult>0</difficult>
		<bndbox>
			<xmin>1864</xmin>
			<ymin>1356</ymin>
			<xmax>1902</xmax>
			<ymax>1400</ymax>
		</bndbox>
	</object>
	<object>
		<name>sp06</name>
		<pose>Unspecified</pose>
		<truncated>0</truncated>
		<difficult>0</difficult>
		<bndbox>
			<xmin>1903</xmin>
			<ymin>1359</ymin>
			<xmax>1937</xmax>
			<ymax>1399</ymax>
		</bndbox>
	</object>
	<object>
		<name>sp06</name>
		<pose>Unspecified</pose>
		<truncated>0</truncated>
		<difficult>0</difficult>
		<bndbox>
			<xmin>1947</xmin>
			<ymin>1322</ymin>
			<xmax>1987</xmax>
			<ymax>1369</ymax>
		</bndbox>
	</object>
	<object>
		<name>sp06</name>
		<pose>Unspecified</pose>
		<truncated>0</truncated>
		<difficult>0</difficult>
		<bndbox>
			<xmin>1942</xmin>
			<ymin>1385</ymin>
			<xmax>1990</xmax>
			<ymax>1436</ymax>
		</bndbox>
	</object>
	<object>
		<name>sp06</name>
		<pose>Unspecified</pose>
		<truncated>0</truncated>
		<difficult>0</difficult>
		<bndbox>
			<xmin>1926</xmin>
			<ymin>1426</ymin>
			<xmax>1969</xmax>
			<ymax>1472</ymax>
		</bndbox>
	</object>
	<object>
		<name>sp06</name>
		<pose>Unspecified</pose>
		<truncated>0</truncated>
		<difficult>0</difficult>
		<bndbox>
			<xmin>2036</xmin>
			<ymin>1427</ymin>
			<xmax>2088</xmax>
			<ymax>1482</ymax>
		</bndbox>
	</object>
	<object>
		<name>sp06</name>
		<pose>Unspecified</pose>
		<truncated>0</truncated>
		<difficult>0</difficult>
		<bndbox>
			<xmin>2034</xmin>
			<ymin>1287</ymin>
			<xmax>2078</xmax>
			<ymax>1331</ymax>
		</bndbox>
	</object>
	<object>
		<name>sp06</name>
		<pose>Unspecified</pose>
		<truncated>0</truncated>
		<difficult>0</difficult>
		<bndbox>
			<xmin>2079</xmin>
			<ymin>1352</ymin>
			<xmax>2126</xmax>
			<ymax>1403</ymax>
		</bndbox>
	</object>
	<object>
		<name>sp06</name>
		<pose>Unspecified</pose>
		<truncated>0</truncated>
		<difficult>0</difficult>
		<bndbox>
			<xmin>2177</xmin>
			<ymin>1354</ymin>
			<xmax>2220</xmax>
			<ymax>1391</ymax>
		</bndbox>
	</object>
	<object>
		<name>sp06</name>
		<pose>Unspecified</pose>
		<truncated>0</truncated>
		<difficult>0</difficult>
		<bndbox>
			<xmin>2144</xmin>
			<ymin>1397</ymin>
			<xmax>2199</xmax>
			<ymax>1454</ymax>
		</bndbox>
	</object>
	<object>
		<name>sp06</name>
		<pose>Unspecified</pose>
		<truncated>0</truncated>
		<difficult>0</difficult>
		<bndbox>
			<xmin>2170</xmin>
			<ymin>1183</ymin>
			<xmax>2201</xmax>
			<ymax>1213</ymax>
		</bndbox>
	</object>
	<object>
		<name>sp06</name>
		<pose>Unspecified</pose>
		<truncated>0</truncated>
		<difficult>0</difficult>
		<bndbox>
			<xmin>2152</xmin>
			<ymin>1105</ymin>
			<xmax>2186</xmax>
			<ymax>1158</ymax>
		</bndbox>
	</object>
	<object>
		<name>sp06</name>
		<pose>Unspecified</pose>
		<truncated>0</truncated>
		<difficult>0</difficult>
		<bndbox>
			<xmin>2046</xmin>
			<ymin>1213</ymin>
			<xmax>2093</xmax>
			<ymax>1261</ymax>
		</bndbox>
	</object>
	<object>
		<name>sp06</name>
		<pose>Unspecified</pose>
		<truncated>0</truncated>
		<difficult>0</difficult>
		<bndbox>
			<xmin>1951</xmin>
			<ymin>1231</ymin>
			<xmax>1989</xmax>
			<ymax>1275</ymax>
		</bndbox>
	</object>
	<object>
		<name>sp06</name>
		<pose>Unspecified</pose>
		<truncated>0</truncated>
		<difficult>0</difficult>
		<bndbox>
			<xmin>2093</xmin>
			<ymin>1025</ymin>
			<xmax>2133</xmax>
			<ymax>1051</ymax>
		</bndbox>
	</object>
	<object>
		<name>sp06</name>
		<pose>Unspecified</pose>
		<truncated>0</truncated>
		<difficult>0</difficult>
		<bndbox>
			<xmin>2049</xmin>
			<ymin>1026</ymin>
			<xmax>2087</xmax>
			<ymax>1069</ymax>
		</bndbox>
	</object>
	<object>
		<name>sp06</name>
		<pose>Unspecified</pose>
		<truncated>0</truncated>
		<difficult>0</difficult>
		<bndbox>
			<xmin>2094</xmin>
			<ymin>1088</ymin>
			<xmax>2126</xmax>
			<ymax>1125</ymax>
		</bndbox>
	</object>
	<object>
		<name>sp06</name>
		<pose>Unspecified</pose>
		<truncated>0</truncated>
		<difficult>0</difficult>
		<bndbox>
			<xmin>2078</xmin>
			<ymin>1102</ymin>
			<xmax>2103</xmax>
			<ymax>1150</ymax>
		</bndbox>
	</object>
	<object>
		<name>sp06</name>
		<pose>Unspecified</pose>
		<truncated>0</truncated>
		<difficult>0</difficult>
		<bndbox>
			<xmin>2065</xmin>
			<ymin>1160</ymin>
			<xmax>2099</xmax>
			<ymax>1196</ymax>
		</bndbox>
	</object>
	<object>
		<name>sp06</name>
		<pose>Unspecified</pose>
		<truncated>0</truncated>
		<difficult>0</difficult>
		<bndbox>
			<xmin>2024</xmin>
			<ymin>1135</ymin>
			<xmax>2067</xmax>
			<ymax>1178</ymax>
		</bndbox>
	</object>
	<object>
		<name>sp06</name>
		<pose>Unspecified</pose>
		<truncated>0</truncated>
		<difficult>0</difficult>
		<bndbox>
			<xmin>1956</xmin>
			<ymin>1163</ymin>
			<xmax>1985</xmax>
			<ymax>1191</ymax>
		</bndbox>
	</object>
	<object>
		<name>sp06</name>
		<pose>Unspecified</pose>
		<truncated>0</truncated>
		<difficult>0</difficult>
		<bndbox>
			<xmin>1965</xmin>
			<ymin>1192</ymin>
			<xmax>2003</xmax>
			<ymax>1218</ymax>
		</bndbox>
	</object>
	<object>
		<name>sp06</name>
		<pose>Unspecified</pose>
		<truncated>0</truncated>
		<difficult>0</difficult>
		<bndbox>
			<xmin>1984</xmin>
			<ymin>1157</ymin>
			<xmax>2009</xmax>
			<ymax>1187</ymax>
		</bndbox>
	</object>
	<object>
		<name>sp06</name>
		<pose>Unspecified</pose>
		<truncated>0</truncated>
		<difficult>0</difficult>
		<bndbox>
			<xmin>1940</xmin>
			<ymin>908</ymin>
			<xmax>1977</xmax>
			<ymax>956</ymax>
		</bndbox>
	</object>
	<object>
		<name>sp06</name>
		<pose>Unspecified</pose>
		<truncated>0</truncated>
		<difficult>0</difficult>
		<bndbox>
			<xmin>1976</xmin>
			<ymin>838</ymin>
			<xmax>2020</xmax>
			<ymax>880</ymax>
		</bndbox>
	</object>
	<object>
		<name>sp06</name>
		<pose>Unspecified</pose>
		<truncated>0</truncated>
		<difficult>0</difficult>
		<bndbox>
			<xmin>1988</xmin>
			<ymin>873</ymin>
			<xmax>2011</xmax>
			<ymax>907</ymax>
		</bndbox>
	</object>
	<object>
		<name>sp06</name>
		<pose>Unspecified</pose>
		<truncated>0</truncated>
		<difficult>0</difficult>
		<bndbox>
			<xmin>1971</xmin>
			<ymin>895</ymin>
			<xmax>2008</xmax>
			<ymax>939</ymax>
		</bndbox>
	</object>
	<object>
		<name>sp06</name>
		<pose>Unspecified</pose>
		<truncated>0</truncated>
		<difficult>0</difficult>
		<bndbox>
			<xmin>2005</xmin>
			<ymin>904</ymin>
			<xmax>2037</xmax>
			<ymax>934</ymax>
		</bndbox>
	</object>
	<object>
		<name>sp06</name>
		<pose>Unspecified</pose>
		<truncated>0</truncated>
		<difficult>0</difficult>
		<bndbox>
			<xmin>2006</xmin>
			<ymin>878</ymin>
			<xmax>2036</xmax>
			<ymax>904</ymax>
		</bndbox>
	</object>
	<object>
		<name>sp06</name>
		<pose>Unspecified</pose>
		<truncated>0</truncated>
		<difficult>0</difficult>
		<bndbox>
			<xmin>2035</xmin>
			<ymin>860</ymin>
			<xmax>2079</xmax>
			<ymax>901</ymax>
		</bndbox>
	</object>
	<object>
		<name>sp06</name>
		<pose>Unspecified</pose>
		<truncated>0</truncated>
		<difficult>0</difficult>
		<bndbox>
			<xmin>2043</xmin>
			<ymin>903</ymin>
			<xmax>2081</xmax>
			<ymax>937</ymax>
		</bndbox>
	</object>
	<object>
		<name>sp06</name>
		<pose>Unspecified</pose>
		<truncated>0</truncated>
		<difficult>0</difficult>
		<bndbox>
			<xmin>2059</xmin>
			<ymin>932</ymin>
			<xmax>2090</xmax>
			<ymax>964</ymax>
		</bndbox>
	</object>
	<object>
		<name>sp06</name>
		<pose>Unspecified</pose>
		<truncated>0</truncated>
		<difficult>0</difficult>
		<bndbox>
			<xmin>2085</xmin>
			<ymin>913</ymin>
			<xmax>2119</xmax>
			<ymax>948</ymax>
		</bndbox>
	</object>
	<object>
		<name>sp06</name>
		<pose>Unspecified</pose>
		<truncated>0</truncated>
		<difficult>0</difficult>
		<bndbox>
			<xmin>2108</xmin>
			<ymin>952</ymin>
			<xmax>2149</xmax>
			<ymax>995</ymax>
		</bndbox>
	</object>
	<object>
		<name>sp06</name>
		<pose>Unspecified</pose>
		<truncated>0</truncated>
		<difficult>0</difficult>
		<bndbox>
			<xmin>1930</xmin>
			<ymin>964</ymin>
			<xmax>1967</xmax>
			<ymax>995</ymax>
		</bndbox>
	</object>
	<object>
		<name>sp06</name>
		<pose>Unspecified</pose>
		<truncated>0</truncated>
		<difficult>0</difficult>
		<bndbox>
			<xmin>1984</xmin>
			<ymin>945</ymin>
			<xmax>2025</xmax>
			<ymax>981</ymax>
		</bndbox>
	</object>
	<object>
		<name>sp06</name>
		<pose>Unspecified</pose>
		<truncated>0</truncated>
		<difficult>0</difficult>
		<bndbox>
			<xmin>1978</xmin>
			<ymin>961</ymin>
			<xmax>2000</xmax>
			<ymax>993</ymax>
		</bndbox>
	</object>
	<object>
		<name>sp06</name>
		<pose>Unspecified</pose>
		<truncated>0</truncated>
		<difficult>0</difficult>
		<bndbox>
			<xmin>2000</xmin>
			<ymin>986</ymin>
			<xmax>2034</xmax>
			<ymax>1016</ymax>
		</bndbox>
	</object>
	<object>
		<name>sp06</name>
		<pose>Unspecified</pose>
		<truncated>0</truncated>
		<difficult>0</difficult>
		<bndbox>
			<xmin>2034</xmin>
			<ymin>979</ymin>
			<xmax>2066</xmax>
			<ymax>1015</ymax>
		</bndbox>
	</object>
	<object>
		<name>sp06</name>
		<pose>Unspecified</pose>
		<truncated>0</truncated>
		<difficult>0</difficult>
		<bndbox>
			<xmin>2046</xmin>
			<ymin>963</ymin>
			<xmax>2071</xmax>
			<ymax>991</ymax>
		</bndbox>
	</object>
	<object>
		<name>sp06</name>
		<pose>Unspecified</pose>
		<truncated>0</truncated>
		<difficult>0</difficult>
		<bndbox>
			<xmin>2065</xmin>
			<ymin>958</ymin>
			<xmax>2097</xmax>
			<ymax>984</ymax>
		</bndbox>
	</object>
	<object>
		<name>sp06</name>
		<pose>Unspecified</pose>
		<truncated>0</truncated>
		<difficult>0</difficult>
		<bndbox>
			<xmin>2066</xmin>
			<ymin>982</ymin>
			<xmax>2124</xmax>
			<ymax>1023</ymax>
		</bndbox>
	</object>
	<object>
		<name>sp06</name>
		<pose>Unspecified</pose>
		<truncated>0</truncated>
		<difficult>0</difficult>
		<bndbox>
			<xmin>1935</xmin>
			<ymin>1024</ymin>
			<xmax>1956</xmax>
			<ymax>1051</ymax>
		</bndbox>
	</object>
	<object>
		<name>sp06</name>
		<pose>Unspecified</pose>
		<truncated>0</truncated>
		<difficult>0</difficult>
		<bndbox>
			<xmin>1957</xmin>
			<ymin>1011</ymin>
			<xmax>1990</xmax>
			<ymax>1051</ymax>
		</bndbox>
	</object>
	<object>
		<name>sp06</name>
		<pose>Unspecified</pose>
		<truncated>0</truncated>
		<difficult>0</difficult>
		<bndbox>
			<xmin>1978</xmin>
			<ymin>1030</ymin>
			<xmax>2010</xmax>
			<ymax>1062</ymax>
		</bndbox>
	</object>
	<object>
		<name>sp06</name>
		<pose>Unspecified</pose>
		<truncated>0</truncated>
		<difficult>0</difficult>
		<bndbox>
			<xmin>2005</xmin>
			<ymin>1044</ymin>
			<xmax>2031</xmax>
			<ymax>1078</ymax>
		</bndbox>
	</object>
	<object>
		<name>sp06</name>
		<pose>Unspecified</pose>
		<truncated>0</truncated>
		<difficult>0</difficult>
		<bndbox>
			<xmin>1978</xmin>
			<ymin>1064</ymin>
			<xmax>2004</xmax>
			<ymax>1085</ymax>
		</bndbox>
	</object>
	<object>
		<name>sp06</name>
		<pose>Unspecified</pose>
		<truncated>0</truncated>
		<difficult>0</difficult>
		<bndbox>
			<xmin>1938</xmin>
			<ymin>1051</ymin>
			<xmax>1974</xmax>
			<ymax>1089</ymax>
		</bndbox>
	</object>
	<object>
		<name>sp06</name>
		<pose>Unspecified</pose>
		<truncated>0</truncated>
		<difficult>0</difficult>
		<bndbox>
			<xmin>1966</xmin>
			<ymin>1075</ymin>
			<xmax>2000</xmax>
			<ymax>1106</ymax>
		</bndbox>
	</object>
	<object>
		<name>sp06</name>
		<pose>Unspecified</pose>
		<truncated>0</truncated>
		<difficult>0</difficult>
		<bndbox>
			<xmin>2003</xmin>
			<ymin>1080</ymin>
			<xmax>2024</xmax>
			<ymax>1105</ymax>
		</bndbox>
	</object>
	<object>
		<name>sp06</name>
		<pose>Unspecified</pose>
		<truncated>0</truncated>
		<difficult>0</difficult>
		<bndbox>
			<xmin>1969</xmin>
			<ymin>1105</ymin>
			<xmax>1995</xmax>
			<ymax>1142</ymax>
		</bndbox>
	</object>
	<object>
		<name>sp06</name>
		<pose>Unspecified</pose>
		<truncated>0</truncated>
		<difficult>0</difficult>
		<bndbox>
			<xmin>1988</xmin>
			<ymin>1112</ymin>
			<xmax>2015</xmax>
			<ymax>1155</ymax>
		</bndbox>
	</object>
	<object>
		<name>sp06</name>
		<pose>Unspecified</pose>
		<truncated>0</truncated>
		<difficult>0</difficult>
		<bndbox>
			<xmin>2012</xmin>
			<ymin>1107</ymin>
			<xmax>2037</xmax>
			<ymax>1149</ymax>
		</bndbox>
	</object>
	<object>
		<name>sp06</name>
		<pose>Unspecified</pose>
		<truncated>0</truncated>
		<difficult>0</difficult>
		<bndbox>
			<xmin>2028</xmin>
			<ymin>1090</ymin>
			<xmax>2061</xmax>
			<ymax>1133</ymax>
		</bndbox>
	</object>
	<object>
		<name>sp06</name>
		<pose>Unspecified</pose>
		<truncated>0</truncated>
		<difficult>0</difficult>
		<bndbox>
			<xmin>785</xmin>
			<ymin>2367</ymin>
			<xmax>829</xmax>
			<ymax>2431</ymax>
		</bndbox>
	</object>
	<object>
		<name>sp06</name>
		<pose>Unspecified</pose>
		<truncated>0</truncated>
		<difficult>0</difficult>
		<bndbox>
			<xmin>886</xmin>
			<ymin>2360</ymin>
			<xmax>926</xmax>
			<ymax>2427</ymax>
		</bndbox>
	</object>
</annotation>