<annotation>
	<folder>my-project-name</folder>
	<filename>sp07_img04.jpg</filename>
	<path>/my-project-name/sp07_img04.jpg</path>
	<source>
		<database>Unspecified</database>
	</source>
	<size>
		<width>2958</width>
		<height>2960</height>
		<depth>3</depth>
	</size>
	<object>
		<name>sp07</name>
		<pose>Unspecified</pose>
		<truncated>0</truncated>
		<difficult>0</difficult>
		<bndbox>
			<xmin>1100</xmin>
			<ymin>1020</ymin>
			<xmax>1186</xmax>
			<ymax>1106</ymax>
		</bndbox>
	</object>
	<object>
		<name>sp07</name>
		<pose>Unspecified</pose>
		<truncated>0</truncated>
		<difficult>0</difficult>
		<bndbox>
			<xmin>1342</xmin>
			<ymin>1079</ymin>
			<xmax>1389</xmax>
			<ymax>1126</ymax>
		</bndbox>
	</object>
	<object>
		<name>sp07</name>
		<pose>Unspecified</pose>
		<truncated>0</truncated>
		<difficult>0</difficult>
		<bndbox>
			<xmin>2093</xmin>
			<ymin>1435</ymin>
			<xmax>2174</xmax>
			<ymax>1526</ymax>
		</bndbox>
	</object>
	<object>
		<name>sp07</name>
		<pose>Unspecified</pose>
		<truncated>0</truncated>
		<difficult>0</difficult>
		<bndbox>
			<xmin>1693</xmin>
			<ymin>1939</ymin>
			<xmax>1779</xmax>
			<ymax>2045</ymax>
		</bndbox>
	</object>
	<object>
		<name>sp07</name>
		<pose>Unspecified</pose>
		<truncated>0</truncated>
		<difficult>0</difficult>
		<bndbox>
			<xmin>1896</xmin>
			<ymin>2310</ymin>
			<xmax>1952</xmax>
			<ymax>2386</ymax>
		</bndbox>
	</object>
	<object>
		<name>sp07</name>
		<pose>Unspecified</pose>
		<truncated>0</truncated>
		<difficult>0</difficult>
		<bndbox>
			<xmin>1288</xmin>
			<ymin>2547</ymin>
			<xmax>1364</xmax>
			<ymax>2618</ymax>
		</bndbox>
	</object>
	<object>
		<name>sp07</name>
		<pose>Unspecified</pose>
		<truncated>0</truncated>
		<difficult>0</difficult>
		<bndbox>
			<xmin>764</xmin>
			<ymin>2270</ymin>
			<xmax>860</xmax>
			<ymax>2381</ymax>
		</bndbox>
	</object>
	<object>
		<name>sp07</name>
		<pose>Unspecified</pose>
		<truncated>0</truncated>
		<difficult>0</difficult>
		<bndbox>
			<xmin>307</xmin>
			<ymin>2000</ymin>
			<xmax>353</xmax>
			<ymax>2066</ymax>
		</bndbox>
	</object>
</annotation>