<annotation>
	<folder>my-project-name</folder>
	<filename>sp07_img07.jpg</filename>
	<path>/my-project-name/sp07_img07.jpg</path>
	<source>
		<database>Unspecified</database>
	</source>
	<size>
		<width>2752</width>
		<height>2779</height>
		<depth>3</depth>
	</size>
	<object>
		<name>sp07</name>
		<pose>Unspecified</pose>
		<truncated>0</truncated>
		<difficult>0</difficult>
		<bndbox>
			<xmin>1505</xmin>
			<ymin>240</ymin>
			<xmax>1555</xmax>
			<ymax>287</ymax>
		</bndbox>
	</object>
	<object>
		<name>sp07</name>
		<pose>Unspecified</pose>
		<truncated>0</truncated>
		<difficult>0</difficult>
		<bndbox>
			<xmin>638</xmin>
			<ymin>763</ymin>
			<xmax>688</xmax>
			<ymax>811</ymax>
		</bndbox>
	</object>
	<object>
		<name>sp07</name>
		<pose>Unspecified</pose>
		<truncated>0</truncated>
		<difficult>0</difficult>
		<bndbox>
			<xmin>1333</xmin>
			<ymin>1698</ymin>
			<xmax>1376</xmax>
			<ymax>1737</ymax>
		</bndbox>
	</object>
	<object>
		<name>sp07</name>
		<pose>Unspecified</pose>
		<truncated>0</truncated>
		<difficult>0</difficult>
		<bndbox>
			<xmin>2384</xmin>
			<ymin>799</ymin>
			<xmax>2443</xmax>
			<ymax>840</ymax>
		</bndbox>
	</object>
	<object>
		<name>sp07</name>
		<pose>Unspecified</pose>
		<truncated>0</truncated>
		<difficult>0</difficult>
		<bndbox>
			<xmin>854</xmin>
			<ymin>1335</ymin>
			<xmax>900</xmax>
			<ymax>1375</ymax>
		</bndbox>
	</object>
	<object>
		<name>sp07</name>
		<pose>Unspecified</pose>
		<truncated>0</truncated>
		<difficult>0</difficult>
		<bndbox>
			<xmin>1606</xmin>
			<ymin>986</ymin>
			<xmax>1653</xmax>
			<ymax>1036</ymax>
		</bndbox>
	</object>
	<object>
		<name>sp07</name>
		<pose>Unspecified</pose>
		<truncated>0</truncated>
		<difficult>0</difficult>
		<bndbox>
			<xmin>2575</xmin>
			<ymin>1474</ymin>
			<xmax>2615</xmax>
			<ymax>1508</ymax>
		</bndbox>
	</object>
	<object>
		<name>sp07</name>
		<pose>Unspecified</pose>
		<truncated>0</truncated>
		<difficult>0</difficult>
		<bndbox>
			<xmin>1077</xmin>
			<ymin>1949</ymin>
			<xmax>1118</xmax>
			<ymax>1985</ymax>
		</bndbox>
	</object>
	<object>
		<name>sp07</name>
		<pose>Unspecified</pose>
		<truncated>0</truncated>
		<difficult>0</difficult>
		<bndbox>
			<xmin>2300</xmin>
			<ymin>2068</ymin>
			<xmax>2337</xmax>
			<ymax>2109</ymax>
		</bndbox>
	</object>
	<object>
		<name>sp07</name>
		<pose>Unspecified</pose>
		<truncated>0</truncated>
		<difficult>0</difficult>
		<bndbox>
			<xmin>1721</xmin>
			<ymin>1018</ymin>
			<xmax>1766</xmax>
			<ymax>1061</ymax>
		</bndbox>
	</object>
	<object>
		<name>sp07</name>
		<pose>Unspecified</pose>
		<truncated>0</truncated>
		<difficult>0</difficult>
		<bndbox>
			<xmin>1989</xmin>
			<ymin>827</ymin>
			<xmax>2031</xmax>
			<ymax>872</ymax>
		</bndbox>
	</object>
	<object>
		<name>sp07</name>
		<pose>Unspecified</pose>
		<truncated>0</truncated>
		<difficult>0</difficult>
		<bndbox>
			<xmin>676</xmin>
			<ymin>1486</ymin>
			<xmax>720</xmax>
			<ymax>1529</ymax>
		</bndbox>
	</object>
	<object>
		<name>sp07</name>
		<pose>Unspecified</pose>
		<truncated>0</truncated>
		<difficult>0</difficult>
		<bndbox>
			<xmin>841</xmin>
			<ymin>579</ymin>
			<xmax>891</xmax>
			<ymax>628</ymax>
		</bndbox>
	</object>
	<object>
		<name>sp07</name>
		<pose>Unspecified</pose>
		<truncated>0</truncated>
		<difficult>0</difficult>
		<bndbox>
			<xmin>1731</xmin>
			<ymin>1691</ymin>
			<xmax>1780</xmax>
			<ymax>1735</ymax>
		</bndbox>
	</object>
	<object>
		<name>sp07</name>
		<pose>Unspecified</pose>
		<truncated>0</truncated>
		<difficult>0</difficult>
		<bndbox>
			<xmin>1294</xmin>
			<ymin>1529</ymin>
			<xmax>1349</xmax>
			<ymax>1572</ymax>
		</bndbox>
	</object>
	<object>
		<name>sp07</name>
		<pose>Unspecified</pose>
		<truncated>0</truncated>
		<difficult>0</difficult>
		<bndbox>
			<xmin>1573</xmin>
			<ymin>1726</ymin>
			<xmax>1618</xmax>
			<ymax>1771</ymax>
		</bndbox>
	</object>
	<object>
		<name>sp07</name>
		<pose>Unspecified</pose>
		<truncated>0</truncated>
		<difficult>0</difficult>
		<bndbox>
			<xmin>1624</xmin>
			<ymin>2258</ymin>
			<xmax>1678</xmax>
			<ymax>2304</ymax>
		</bndbox>
	</object>
	<object>
		<name>sp07</name>
		<pose>Unspecified</pose>
		<truncated>0</truncated>
		<difficult>0</difficult>
		<bndbox>
			<xmin>1669</xmin>
			<ymin>154</ymin>
			<xmax>1714</xmax>
			<ymax>194</ymax>
		</bndbox>
	</object>
	<object>
		<name>sp07</name>
		<pose>Unspecified</pose>
		<truncated>0</truncated>
		<difficult>0</difficult>
		<bndbox>
			<xmin>2481</xmin>
			<ymin>1142</ymin>
			<xmax>2521</xmax>
			<ymax>1172</ymax>
		</bndbox>
	</object>
	<object>
		<name>sp07</name>
		<pose>Unspecified</pose>
		<truncated>0</truncated>
		<difficult>0</difficult>
		<bndbox>
			<xmin>1824</xmin>
			<ymin>1491</ymin>
			<xmax>1868</xmax>
			<ymax>1529</ymax>
		</bndbox>
	</object>
	<object>
		<name>sp07</name>
		<pose>Unspecified</pose>
		<truncated>0</truncated>
		<difficult>0</difficult>
		<bndbox>
			<xmin>2370</xmin>
			<ymin>1287</ymin>
			<xmax>2407</xmax>
			<ymax>1313</ymax>
		</bndbox>
	</object>
	<object>
		<name>sp07</name>
		<pose>Unspecified</pose>
		<truncated>0</truncated>
		<difficult>0</difficult>
		<bndbox>
			<xmin>1931</xmin>
			<ymin>1825</ymin>
			<xmax>1967</xmax>
			<ymax>1863</ymax>
		</bndbox>
	</object>
	<object>
		<name>sp07</name>
		<pose>Unspecified</pose>
		<truncated>0</truncated>
		<difficult>0</difficult>
		<bndbox>
			<xmin>983</xmin>
			<ymin>1345</ymin>
			<xmax>1028</xmax>
			<ymax>1387</ymax>
		</bndbox>
	</object>
	<object>
		<name>sp07</name>
		<pose>Unspecified</pose>
		<truncated>0</truncated>
		<difficult>0</difficult>
		<bndbox>
			<xmin>884</xmin>
			<ymin>821</ymin>
			<xmax>923</xmax>
			<ymax>864</ymax>
		</bndbox>
	</object>
	<object>
		<name>sp07</name>
		<pose>Unspecified</pose>
		<truncated>0</truncated>
		<difficult>0</difficult>
		<bndbox>
			<xmin>932</xmin>
			<ymin>295</ymin>
			<xmax>974</xmax>
			<ymax>337</ymax>
		</bndbox>
	</object>
	<object>
		<name>sp07</name>
		<pose>Unspecified</pose>
		<truncated>0</truncated>
		<difficult>0</difficult>
		<bndbox>
			<xmin>1939</xmin>
			<ymin>1286</ymin>
			<xmax>1969</xmax>
			<ymax>1317</ymax>
		</bndbox>
	</object>
	<object>
		<name>sp07</name>
		<pose>Unspecified</pose>
		<truncated>0</truncated>
		<difficult>0</difficult>
		<bndbox>
			<xmin>1258</xmin>
			<ymin>1999</ymin>
			<xmax>1298</xmax>
			<ymax>2034</ymax>
		</bndbox>
	</object>
	<object>
		<name>sp07</name>
		<pose>Unspecified</pose>
		<truncated>0</truncated>
		<difficult>0</difficult>
		<bndbox>
			<xmin>1192</xmin>
			<ymin>2017</ymin>
			<xmax>1232</xmax>
			<ymax>2050</ymax>
		</bndbox>
	</object>
	<object>
		<name>sp07</name>
		<pose>Unspecified</pose>
		<truncated>0</truncated>
		<difficult>0</difficult>
		<bndbox>
			<xmin>2336</xmin>
			<ymin>1108</ymin>
			<xmax>2378</xmax>
			<ymax>1141</ymax>
		</bndbox>
	</object>
	<object>
		<name>sp07</name>
		<pose>Unspecified</pose>
		<truncated>0</truncated>
		<difficult>0</difficult>
		<bndbox>
			<xmin>2197</xmin>
			<ymin>1247</ymin>
			<xmax>2233</xmax>
			<ymax>1278</ymax>
		</bndbox>
	</object>
	<object>
		<name>sp07</name>
		<pose>Unspecified</pose>
		<truncated>0</truncated>
		<difficult>0</difficult>
		<bndbox>
			<xmin>870</xmin>
			<ymin>1183</ymin>
			<xmax>926</xmax>
			<ymax>1232</ymax>
		</bndbox>
	</object>
	<object>
		<name>sp07</name>
		<pose>Unspecified</pose>
		<truncated>0</truncated>
		<difficult>0</difficult>
		<bndbox>
			<xmin>956</xmin>
			<ymin>764</ymin>
			<xmax>1005</xmax>
			<ymax>805</ymax>
		</bndbox>
	</object>
	<object>
		<name>sp07</name>
		<pose>Unspecified</pose>
		<truncated>0</truncated>
		<difficult>0</difficult>
		<bndbox>
			<xmin>659</xmin>
			<ymin>1584</ymin>
			<xmax>693</xmax>
			<ymax>1618</ymax>
		</bndbox>
	</object>
	<object>
		<name>sp07</name>
		<pose>Unspecified</pose>
		<truncated>0</truncated>
		<difficult>0</difficult>
		<bndbox>
			<xmin>884</xmin>
			<ymin>1677</ymin>
			<xmax>921</xmax>
			<ymax>1719</ymax>
		</bndbox>
	</object>
	<object>
		<name>sp07</name>
		<pose>Unspecified</pose>
		<truncated>0</truncated>
		<difficult>0</difficult>
		<bndbox>
			<xmin>455</xmin>
			<ymin>1808</ymin>
			<xmax>502</xmax>
			<ymax>1856</ymax>
		</bndbox>
	</object>
	<object>
		<name>sp07</name>
		<pose>Unspecified</pose>
		<truncated>0</truncated>
		<difficult>0</difficult>
		<bndbox>
			<xmin>1322</xmin>
			<ymin>2438</ymin>
			<xmax>1369</xmax>
			<ymax>2478</ymax>
		</bndbox>
	</object>
	<object>
		<name>sp07</name>
		<pose>Unspecified</pose>
		<truncated>0</truncated>
		<difficult>0</difficult>
		<bndbox>
			<xmin>2416</xmin>
			<ymin>839</ymin>
			<xmax>2456</xmax>
			<ymax>871</ymax>
		</bndbox>
	</object>
	<object>
		<name>sp07</name>
		<pose>Unspecified</pose>
		<truncated>0</truncated>
		<difficult>0</difficult>
		<bndbox>
			<xmin>1833</xmin>
			<ymin>988</ymin>
			<xmax>1872</xmax>
			<ymax>1022</ymax>
		</bndbox>
	</object>
	<object>
		<name>sp07</name>
		<pose>Unspecified</pose>
		<truncated>0</truncated>
		<difficult>0</difficult>
		<bndbox>
			<xmin>1326</xmin>
			<ymin>1863</ymin>
			<xmax>1360</xmax>
			<ymax>1895</ymax>
		</bndbox>
	</object>
	<object>
		<name>sp07</name>
		<pose>Unspecified</pose>
		<truncated>0</truncated>
		<difficult>0</difficult>
		<bndbox>
			<xmin>2525</xmin>
			<ymin>1593</ymin>
			<xmax>2569</xmax>
			<ymax>1629</ymax>
		</bndbox>
	</object>
	<object>
		<name>sp07</name>
		<pose>Unspecified</pose>
		<truncated>0</truncated>
		<difficult>0</difficult>
		<bndbox>
			<xmin>995</xmin>
			<ymin>2445</ymin>
			<xmax>1038</xmax>
			<ymax>2480</ymax>
		</bndbox>
	</object>
	<object>
		<name>sp07</name>
		<pose>Unspecified</pose>
		<truncated>0</truncated>
		<difficult>0</difficult>
		<bndbox>
			<xmin>2037</xmin>
			<ymin>1864</ymin>
			<xmax>2074</xmax>
			<ymax>1897</ymax>
		</bndbox>
	</object>
	<object>
		<name>sp07</name>
		<pose>Unspecified</pose>
		<truncated>0</truncated>
		<difficult>0</difficult>
		<bndbox>
			<xmin>2164</xmin>
			<ymin>2208</ymin>
			<xmax>2203</xmax>
			<ymax>2247</ymax>
		</bndbox>
	</object>
	<object>
		<name>sp07</name>
		<pose>Unspecified</pose>
		<truncated>0</truncated>
		<difficult>0</difficult>
		<bndbox>
			<xmin>1252</xmin>
			<ymin>2423</ymin>
			<xmax>1290</xmax>
			<ymax>2457</ymax>
		</bndbox>
	</object>
	<object>
		<name>sp07</name>
		<pose>Unspecified</pose>
		<truncated>0</truncated>
		<difficult>0</difficult>
		<bndbox>
			<xmin>2231</xmin>
			<ymin>1625</ymin>
			<xmax>2267</xmax>
			<ymax>1653</ymax>
		</bndbox>
	</object>
	<object>
		<name>sp07</name>
		<pose>Unspecified</pose>
		<truncated>0</truncated>
		<difficult>0</difficult>
		<bndbox>
			<xmin>2198</xmin>
			<ymin>1699</ymin>
			<xmax>2235</xmax>
			<ymax>1731</ymax>
		</bndbox>
	</object>
	<object>
		<name>sp07</name>
		<pose>Unspecified</pose>
		<truncated>0</truncated>
		<difficult>0</difficult>
		<bndbox>
			<xmin>1385</xmin>
			<ymin>318</ymin>
			<xmax>1439</xmax>
			<ymax>371</ymax>
		</bndbox>
	</object>
	<object>
		<name>sp07</name>
		<pose>Unspecified</pose>
		<truncated>0</truncated>
		<difficult>0</difficult>
		<bndbox>
			<xmin>1764</xmin>
			<ymin>2367</ymin>
			<xmax>1807</xmax>
			<ymax>2409</ymax>
		</bndbox>
	</object>
	<object>
		<name>sp07</name>
		<pose>Unspecified</pose>
		<truncated>0</truncated>
		<difficult>0</difficult>
		<bndbox>
			<xmin>1070</xmin>
			<ymin>2146</ymin>
			<xmax>1118</xmax>
			<ymax>2182</ymax>
		</bndbox>
	</object>
	<object>
		<name>sp07</name>
		<pose>Unspecified</pose>
		<truncated>0</truncated>
		<difficult>0</difficult>
		<bndbox>
			<xmin>1080</xmin>
			<ymin>2524</ymin>
			<xmax>1121</xmax>
			<ymax>2558</ymax>
		</bndbox>
	</object>
	<object>
		<name>sp07</name>
		<pose>Unspecified</pose>
		<truncated>0</truncated>
		<difficult>0</difficult>
		<bndbox>
			<xmin>1127</xmin>
			<ymin>1843</ymin>
			<xmax>1166</xmax>
			<ymax>1876</ymax>
		</bndbox>
	</object>
	<object>
		<name>sp07</name>
		<pose>Unspecified</pose>
		<truncated>0</truncated>
		<difficult>0</difficult>
		<bndbox>
			<xmin>1174</xmin>
			<ymin>2350</ymin>
			<xmax>1226</xmax>
			<ymax>2394</ymax>
		</bndbox>
	</object>
	<object>
		<name>sp07</name>
		<pose>Unspecified</pose>
		<truncated>0</truncated>
		<difficult>0</difficult>
		<bndbox>
			<xmin>2564</xmin>
			<ymin>1169</ymin>
			<xmax>2605</xmax>
			<ymax>1201</ymax>
		</bndbox>
	</object>
	<object>
		<name>sp07</name>
		<pose>Unspecified</pose>
		<truncated>0</truncated>
		<difficult>0</difficult>
		<bndbox>
			<xmin>1132</xmin>
			<ymin>2391</ymin>
			<xmax>1169</xmax>
			<ymax>2423</ymax>
		</bndbox>
	</object>
	<object>
		<name>sp07</name>
		<pose>Unspecified</pose>
		<truncated>0</truncated>
		<difficult>0</difficult>
		<bndbox>
			<xmin>2002</xmin>
			<ymin>1372</ymin>
			<xmax>2035</xmax>
			<ymax>1402</ymax>
		</bndbox>
	</object>
	<object>
		<name>sp07</name>
		<pose>Unspecified</pose>
		<truncated>0</truncated>
		<difficult>0</difficult>
		<bndbox>
			<xmin>2007</xmin>
			<ymin>1402</ymin>
			<xmax>2037</xmax>
			<ymax>1433</ymax>
		</bndbox>
	</object>
	<object>
		<name>sp07</name>
		<pose>Unspecified</pose>
		<truncated>0</truncated>
		<difficult>0</difficult>
		<bndbox>
			<xmin>985</xmin>
			<ymin>1809</ymin>
			<xmax>1015</xmax>
			<ymax>1843</ymax>
		</bndbox>
	</object>
	<object>
		<name>sp07</name>
		<pose>Unspecified</pose>
		<truncated>0</truncated>
		<difficult>0</difficult>
		<bndbox>
			<xmin>1066</xmin>
			<ymin>1748</ymin>
			<xmax>1106</xmax>
			<ymax>1780</ymax>
		</bndbox>
	</object>
	<object>
		<name>sp07</name>
		<pose>Unspecified</pose>
		<truncated>0</truncated>
		<difficult>0</difficult>
		<bndbox>
			<xmin>564</xmin>
			<ymin>1681</ymin>
			<xmax>593</xmax>
			<ymax>1710</ymax>
		</bndbox>
	</object>
	<object>
		<name>sp07</name>
		<pose>Unspecified</pose>
		<truncated>0</truncated>
		<difficult>0</difficult>
		<bndbox>
			<xmin>2123</xmin>
			<ymin>2301</ymin>
			<xmax>2168</xmax>
			<ymax>2338</ymax>
		</bndbox>
	</object>
	<object>
		<name>sp07</name>
		<pose>Unspecified</pose>
		<truncated>0</truncated>
		<difficult>0</difficult>
		<bndbox>
			<xmin>2018</xmin>
			<ymin>1611</ymin>
			<xmax>2049</xmax>
			<ymax>1642</ymax>
		</bndbox>
	</object>
	<object>
		<name>sp07</name>
		<pose>Unspecified</pose>
		<truncated>0</truncated>
		<difficult>0</difficult>
		<bndbox>
			<xmin>1362</xmin>
			<ymin>391</ymin>
			<xmax>1405</xmax>
			<ymax>433</ymax>
		</bndbox>
	</object>
	<object>
		<name>sp07</name>
		<pose>Unspecified</pose>
		<truncated>0</truncated>
		<difficult>0</difficult>
		<bndbox>
			<xmin>1863</xmin>
			<ymin>1041</ymin>
			<xmax>1893</xmax>
			<ymax>1072</ymax>
		</bndbox>
	</object>
	<object>
		<name>sp07</name>
		<pose>Unspecified</pose>
		<truncated>0</truncated>
		<difficult>0</difficult>
		<bndbox>
			<xmin>2004</xmin>
			<ymin>1202</ymin>
			<xmax>2047</xmax>
			<ymax>1243</ymax>
		</bndbox>
	</object>
	<object>
		<name>sp07</name>
		<pose>Unspecified</pose>
		<truncated>0</truncated>
		<difficult>0</difficult>
		<bndbox>
			<xmin>798</xmin>
			<ymin>2492</ymin>
			<xmax>839</xmax>
			<ymax>2532</ymax>
		</bndbox>
	</object>
	<object>
		<name>sp07</name>
		<pose>Unspecified</pose>
		<truncated>0</truncated>
		<difficult>0</difficult>
		<bndbox>
			<xmin>685</xmin>
			<ymin>2138</ymin>
			<xmax>733</xmax>
			<ymax>2179</ymax>
		</bndbox>
	</object>
	<object>
		<name>sp07</name>
		<pose>Unspecified</pose>
		<truncated>0</truncated>
		<difficult>0</difficult>
		<bndbox>
			<xmin>1893</xmin>
			<ymin>2281</ymin>
			<xmax>1928</xmax>
			<ymax>2320</ymax>
		</bndbox>
	</object>
	<object>
		<name>sp07</name>
		<pose>Unspecified</pose>
		<truncated>0</truncated>
		<difficult>0</difficult>
		<bndbox>
			<xmin>1129</xmin>
			<ymin>1925</ymin>
			<xmax>1173</xmax>
			<ymax>1977</ymax>
		</bndbox>
	</object>
	<object>
		<name>sp07</name>
		<pose>Unspecified</pose>
		<truncated>0</truncated>
		<difficult>0</difficult>
		<bndbox>
			<xmin>1012</xmin>
			<ymin>1660</ymin>
			<xmax>1049</xmax>
			<ymax>1689</ymax>
		</bndbox>
	</object>
	<object>
		<name>sp07</name>
		<pose>Unspecified</pose>
		<truncated>0</truncated>
		<difficult>0</difficult>
		<bndbox>
			<xmin>1831</xmin>
			<ymin>2354</ymin>
			<xmax>1871</xmax>
			<ymax>2396</ymax>
		</bndbox>
	</object>
	<object>
		<name>sp07</name>
		<pose>Unspecified</pose>
		<truncated>0</truncated>
		<difficult>0</difficult>
		<bndbox>
			<xmin>2118</xmin>
			<ymin>1435</ymin>
			<xmax>2152</xmax>
			<ymax>1461</ymax>
		</bndbox>
	</object>
	<object>
		<name>sp07</name>
		<pose>Unspecified</pose>
		<truncated>0</truncated>
		<difficult>0</difficult>
		<bndbox>
			<xmin>2102</xmin>
			<ymin>1400</ymin>
			<xmax>2133</xmax>
			<ymax>1428</ymax>
		</bndbox>
	</object>
	<object>
		<name>sp07</name>
		<pose>Unspecified</pose>
		<truncated>0</truncated>
		<difficult>0</difficult>
		<bndbox>
			<xmin>1051</xmin>
			<ymin>1847</ymin>
			<xmax>1085</xmax>
			<ymax>1880</ymax>
		</bndbox>
	</object>
	<object>
		<name>sp07</name>
		<pose>Unspecified</pose>
		<truncated>0</truncated>
		<difficult>0</difficult>
		<bndbox>
			<xmin>1870</xmin>
			<ymin>2373</ymin>
			<xmax>1911</xmax>
			<ymax>2409</ymax>
		</bndbox>
	</object>
	<object>
		<name>sp07</name>
		<pose>Unspecified</pose>
		<truncated>0</truncated>
		<difficult>0</difficult>
		<bndbox>
			<xmin>630</xmin>
			<ymin>1678</ymin>
			<xmax>661</xmax>
			<ymax>1706</ymax>
		</bndbox>
	</object>
	<object>
		<name>sp07</name>
		<pose>Unspecified</pose>
		<truncated>0</truncated>
		<difficult>0</difficult>
		<bndbox>
			<xmin>1176</xmin>
			<ymin>1899</ymin>
			<xmax>1213</xmax>
			<ymax>1935</ymax>
		</bndbox>
	</object>
	<object>
		<name>sp07</name>
		<pose>Unspecified</pose>
		<truncated>0</truncated>
		<difficult>0</difficult>
		<bndbox>
			<xmin>990</xmin>
			<ymin>1693</ymin>
			<xmax>1026</xmax>
			<ymax>1724</ymax>
		</bndbox>
	</object>
	<object>
		<name>sp07</name>
		<pose>Unspecified</pose>
		<truncated>0</truncated>
		<difficult>0</difficult>
		<bndbox>
			<xmin>1914</xmin>
			<ymin>2348</ymin>
			<xmax>1949</xmax>
			<ymax>2384</ymax>
		</bndbox>
	</object>
	<object>
		<name>sp07</name>
		<pose>Unspecified</pose>
		<truncated>0</truncated>
		<difficult>0</difficult>
		<bndbox>
			<xmin>967</xmin>
			<ymin>844</ymin>
			<xmax>1002</xmax>
			<ymax>885</ymax>
		</bndbox>
	</object>
	<object>
		<name>sp07</name>
		<pose>Unspecified</pose>
		<truncated>0</truncated>
		<difficult>0</difficult>
		<bndbox>
			<xmin>637</xmin>
			<ymin>2111</ymin>
			<xmax>685</xmax>
			<ymax>2155</ymax>
		</bndbox>
	</object>
	<object>
		<name>sp07</name>
		<pose>Unspecified</pose>
		<truncated>0</truncated>
		<difficult>0</difficult>
		<bndbox>
			<xmin>1007</xmin>
			<ymin>1782</ymin>
			<xmax>1044</xmax>
			<ymax>1818</ymax>
		</bndbox>
	</object>
	<object>
		<name>sp07</name>
		<pose>Unspecified</pose>
		<truncated>0</truncated>
		<difficult>0</difficult>
		<bndbox>
			<xmin>684</xmin>
			<ymin>2108</ymin>
			<xmax>724</xmax>
			<ymax>2139</ymax>
		</bndbox>
	</object>
	<object>
		<name>sp07</name>
		<pose>Unspecified</pose>
		<truncated>0</truncated>
		<difficult>0</difficult>
		<bndbox>
			<xmin>2004</xmin>
			<ymin>1647</ymin>
			<xmax>2030</xmax>
			<ymax>1675</ymax>
		</bndbox>
	</object>
	<object>
		<name>sp07</name>
		<pose>Unspecified</pose>
		<truncated>0</truncated>
		<difficult>0</difficult>
		<bndbox>
			<xmin>1387</xmin>
			<ymin>377</ymin>
			<xmax>1431</xmax>
			<ymax>421</ymax>
		</bndbox>
	</object>
	<object>
		<name>sp07</name>
		<pose>Unspecified</pose>
		<truncated>0</truncated>
		<difficult>0</difficult>
		<bndbox>
			<xmin>1172</xmin>
			<ymin>1942</ymin>
			<xmax>1205</xmax>
			<ymax>1972</ymax>
		</bndbox>
	</object>
	<object>
		<name>sp07</name>
		<pose>Unspecified</pose>
		<truncated>0</truncated>
		<difficult>0</difficult>
		<bndbox>
			<xmin>2072</xmin>
			<ymin>1309</ymin>
			<xmax>2116</xmax>
			<ymax>1346</ymax>
		</bndbox>
	</object>
	<object>
		<name>sp07</name>
		<pose>Unspecified</pose>
		<truncated>0</truncated>
		<difficult>0</difficult>
		<bndbox>
			<xmin>2013</xmin>
			<ymin>1161</ymin>
			<xmax>2056</xmax>
			<ymax>1206</ymax>
		</bndbox>
	</object>
	<object>
		<name>sp07</name>
		<pose>Unspecified</pose>
		<truncated>0</truncated>
		<difficult>0</difficult>
		<bndbox>
			<xmin>2395</xmin>
			<ymin>894</ymin>
			<xmax>2451</xmax>
			<ymax>946</ymax>
		</bndbox>
	</object>
	<object>
		<name>sp07</name>
		<pose>Unspecified</pose>
		<truncated>0</truncated>
		<difficult>0</difficult>
		<bndbox>
			<xmin>1957</xmin>
			<ymin>2409</ymin>
			<xmax>2019</xmax>
			<ymax>2453</ymax>
		</bndbox>
	</object>
	<object>
		<name>sp07</name>
		<pose>Unspecified</pose>
		<truncated>0</truncated>
		<difficult>0</difficult>
		<bndbox>
			<xmin>2001</xmin>
			<ymin>1261</ymin>
			<xmax>2044</xmax>
			<ymax>1296</ymax>
		</bndbox>
	</object>
</annotation>