<annotation>
	<folder>my-project-name</folder>
	<filename>sp07_img02.jpg</filename>
	<path>/my-project-name/sp07_img02.jpg</path>
	<source>
		<database>Unspecified</database>
	</source>
	<size>
		<width>2851</width>
		<height>2857</height>
		<depth>3</depth>
	</size>
	<object>
		<name>sp07</name>
		<pose>Unspecified</pose>
		<truncated>0</truncated>
		<difficult>0</difficult>
		<bndbox>
			<xmin>340</xmin>
			<ymin>1276</ymin>
			<xmax>470</xmax>
			<ymax>1397</ymax>
		</bndbox>
	</object>
	<object>
		<name>sp07</name>
		<pose>Unspecified</pose>
		<truncated>0</truncated>
		<difficult>0</difficult>
		<bndbox>
			<xmin>928</xmin>
			<ymin>1622</ymin>
			<xmax>1048</xmax>
			<ymax>1708</ymax>
		</bndbox>
	</object>
	<object>
		<name>sp07</name>
		<pose>Unspecified</pose>
		<truncated>0</truncated>
		<difficult>0</difficult>
		<bndbox>
			<xmin>1101</xmin>
			<ymin>1632</ymin>
			<xmax>1187</xmax>
			<ymax>1693</ymax>
		</bndbox>
	</object>
	<object>
		<name>sp07</name>
		<pose>Unspecified</pose>
		<truncated>0</truncated>
		<difficult>0</difficult>
		<bndbox>
			<xmin>1259</xmin>
			<ymin>1207</ymin>
			<xmax>1310</xmax>
			<ymax>1288</ymax>
		</bndbox>
	</object>
</annotation>