<annotation>
	<folder>my-project-name</folder>
	<filename>sp07_img10.jpg</filename>
	<path>/my-project-name/sp07_img10.jpg</path>
	<source>
		<database>Unspecified</database>
	</source>
	<size>
		<width>2996</width>
		<height>2960</height>
		<depth>3</depth>
	</size>
	<object>
		<name>sp07</name>
		<pose>Unspecified</pose>
		<truncated>0</truncated>
		<difficult>0</difficult>
		<bndbox>
			<xmin>276</xmin>
			<ymin>1015</ymin>
			<xmax>339</xmax>
			<ymax>1061</ymax>
		</bndbox>
	</object>
	<object>
		<name>sp07</name>
		<pose>Unspecified</pose>
		<truncated>0</truncated>
		<difficult>0</difficult>
		<bndbox>
			<xmin>729</xmin>
			<ymin>417</ymin>
			<xmax>788</xmax>
			<ymax>463</ymax>
		</bndbox>
	</object>
	<object>
		<name>sp07</name>
		<pose>Unspecified</pose>
		<truncated>0</truncated>
		<difficult>0</difficult>
		<bndbox>
			<xmin>690</xmin>
			<ymin>340</ymin>
			<xmax>741</xmax>
			<ymax>389</ymax>
		</bndbox>
	</object>
	<object>
		<name>sp07</name>
		<pose>Unspecified</pose>
		<truncated>0</truncated>
		<difficult>0</difficult>
		<bndbox>
			<xmin>746</xmin>
			<ymin>303</ymin>
			<xmax>796</xmax>
			<ymax>351</ymax>
		</bndbox>
	</object>
	<object>
		<name>sp07</name>
		<pose>Unspecified</pose>
		<truncated>0</truncated>
		<difficult>0</difficult>
		<bndbox>
			<xmin>945</xmin>
			<ymin>342</ymin>
			<xmax>1004</xmax>
			<ymax>397</ymax>
		</bndbox>
	</object>
	<object>
		<name>sp07</name>
		<pose>Unspecified</pose>
		<truncated>0</truncated>
		<difficult>0</difficult>
		<bndbox>
			<xmin>1019</xmin>
			<ymin>338</ymin>
			<xmax>1074</xmax>
			<ymax>398</ymax>
		</bndbox>
	</object>
	<object>
		<name>sp07</name>
		<pose>Unspecified</pose>
		<truncated>0</truncated>
		<difficult>0</difficult>
		<bndbox>
			<xmin>930</xmin>
			<ymin>269</ymin>
			<xmax>981</xmax>
			<ymax>315</ymax>
		</bndbox>
	</object>
	<object>
		<name>sp07</name>
		<pose>Unspecified</pose>
		<truncated>0</truncated>
		<difficult>0</difficult>
		<bndbox>
			<xmin>955</xmin>
			<ymin>199</ymin>
			<xmax>1000</xmax>
			<ymax>246</ymax>
		</bndbox>
	</object>
	<object>
		<name>sp07</name>
		<pose>Unspecified</pose>
		<truncated>0</truncated>
		<difficult>0</difficult>
		<bndbox>
			<xmin>975</xmin>
			<ymin>262</ymin>
			<xmax>1029</xmax>
			<ymax>310</ymax>
		</bndbox>
	</object>
	<object>
		<name>sp07</name>
		<pose>Unspecified</pose>
		<truncated>0</truncated>
		<difficult>0</difficult>
		<bndbox>
			<xmin>1031</xmin>
			<ymin>268</ymin>
			<xmax>1085</xmax>
			<ymax>309</ymax>
		</bndbox>
	</object>
	<object>
		<name>sp07</name>
		<pose>Unspecified</pose>
		<truncated>0</truncated>
		<difficult>0</difficult>
		<bndbox>
			<xmin>1076</xmin>
			<ymin>206</ymin>
			<xmax>1124</xmax>
			<ymax>255</ymax>
		</bndbox>
	</object>
	<object>
		<name>sp07</name>
		<pose>Unspecified</pose>
		<truncated>0</truncated>
		<difficult>0</difficult>
		<bndbox>
			<xmin>1109</xmin>
			<ymin>140</ymin>
			<xmax>1151</xmax>
			<ymax>180</ymax>
		</bndbox>
	</object>
	<object>
		<name>sp07</name>
		<pose>Unspecified</pose>
		<truncated>0</truncated>
		<difficult>0</difficult>
		<bndbox>
			<xmin>1180</xmin>
			<ymin>118</ymin>
			<xmax>1208</xmax>
			<ymax>153</ymax>
		</bndbox>
	</object>
	<object>
		<name>sp07</name>
		<pose>Unspecified</pose>
		<truncated>0</truncated>
		<difficult>0</difficult>
		<bndbox>
			<xmin>1194</xmin>
			<ymin>234</ymin>
			<xmax>1244</xmax>
			<ymax>283</ymax>
		</bndbox>
	</object>
	<object>
		<name>sp07</name>
		<pose>Unspecified</pose>
		<truncated>0</truncated>
		<difficult>0</difficult>
		<bndbox>
			<xmin>1379</xmin>
			<ymin>187</ymin>
			<xmax>1423</xmax>
			<ymax>247</ymax>
		</bndbox>
	</object>
	<object>
		<name>sp07</name>
		<pose>Unspecified</pose>
		<truncated>0</truncated>
		<difficult>0</difficult>
		<bndbox>
			<xmin>1722</xmin>
			<ymin>281</ymin>
			<xmax>1781</xmax>
			<ymax>347</ymax>
		</bndbox>
	</object>
	<object>
		<name>sp07</name>
		<pose>Unspecified</pose>
		<truncated>0</truncated>
		<difficult>0</difficult>
		<bndbox>
			<xmin>1787</xmin>
			<ymin>318</ymin>
			<xmax>1834</xmax>
			<ymax>374</ymax>
		</bndbox>
	</object>
	<object>
		<name>sp07</name>
		<pose>Unspecified</pose>
		<truncated>0</truncated>
		<difficult>0</difficult>
		<bndbox>
			<xmin>1335</xmin>
			<ymin>577</ymin>
			<xmax>1385</xmax>
			<ymax>621</ymax>
		</bndbox>
	</object>
	<object>
		<name>sp07</name>
		<pose>Unspecified</pose>
		<truncated>0</truncated>
		<difficult>0</difficult>
		<bndbox>
			<xmin>1256</xmin>
			<ymin>666</ymin>
			<xmax>1310</xmax>
			<ymax>713</ymax>
		</bndbox>
	</object>
	<object>
		<name>sp07</name>
		<pose>Unspecified</pose>
		<truncated>0</truncated>
		<difficult>0</difficult>
		<bndbox>
			<xmin>1040</xmin>
			<ymin>688</ymin>
			<xmax>1100</xmax>
			<ymax>733</ymax>
		</bndbox>
	</object>
	<object>
		<name>sp07</name>
		<pose>Unspecified</pose>
		<truncated>0</truncated>
		<difficult>0</difficult>
		<bndbox>
			<xmin>645</xmin>
			<ymin>529</ymin>
			<xmax>698</xmax>
			<ymax>565</ymax>
		</bndbox>
	</object>
	<object>
		<name>sp07</name>
		<pose>Unspecified</pose>
		<truncated>0</truncated>
		<difficult>0</difficult>
		<bndbox>
			<xmin>581</xmin>
			<ymin>593</ymin>
			<xmax>638</xmax>
			<ymax>646</ymax>
		</bndbox>
	</object>
	<object>
		<name>sp07</name>
		<pose>Unspecified</pose>
		<truncated>0</truncated>
		<difficult>0</difficult>
		<bndbox>
			<xmin>776</xmin>
			<ymin>584</ymin>
			<xmax>830</xmax>
			<ymax>614</ymax>
		</bndbox>
	</object>
	<object>
		<name>sp07</name>
		<pose>Unspecified</pose>
		<truncated>0</truncated>
		<difficult>0</difficult>
		<bndbox>
			<xmin>761</xmin>
			<ymin>606</ymin>
			<xmax>809</xmax>
			<ymax>639</ymax>
		</bndbox>
	</object>
	<object>
		<name>sp07</name>
		<pose>Unspecified</pose>
		<truncated>0</truncated>
		<difficult>0</difficult>
		<bndbox>
			<xmin>756</xmin>
			<ymin>640</ymin>
			<xmax>810</xmax>
			<ymax>687</ymax>
		</bndbox>
	</object>
	<object>
		<name>sp07</name>
		<pose>Unspecified</pose>
		<truncated>0</truncated>
		<difficult>0</difficult>
		<bndbox>
			<xmin>694</xmin>
			<ymin>701</ymin>
			<xmax>744</xmax>
			<ymax>732</ymax>
		</bndbox>
	</object>
	<object>
		<name>sp07</name>
		<pose>Unspecified</pose>
		<truncated>0</truncated>
		<difficult>0</difficult>
		<bndbox>
			<xmin>675</xmin>
			<ymin>714</ymin>
			<xmax>714</xmax>
			<ymax>755</ymax>
		</bndbox>
	</object>
	<object>
		<name>sp07</name>
		<pose>Unspecified</pose>
		<truncated>0</truncated>
		<difficult>0</difficult>
		<bndbox>
			<xmin>634</xmin>
			<ymin>715</ymin>
			<xmax>676</xmax>
			<ymax>761</ymax>
		</bndbox>
	</object>
	<object>
		<name>sp07</name>
		<pose>Unspecified</pose>
		<truncated>0</truncated>
		<difficult>0</difficult>
		<bndbox>
			<xmin>1559</xmin>
			<ymin>693</ymin>
			<xmax>1608</xmax>
			<ymax>743</ymax>
		</bndbox>
	</object>
	<object>
		<name>sp07</name>
		<pose>Unspecified</pose>
		<truncated>0</truncated>
		<difficult>0</difficult>
		<bndbox>
			<xmin>1638</xmin>
			<ymin>722</ymin>
			<xmax>1686</xmax>
			<ymax>765</ymax>
		</bndbox>
	</object>
	<object>
		<name>sp07</name>
		<pose>Unspecified</pose>
		<truncated>0</truncated>
		<difficult>0</difficult>
		<bndbox>
			<xmin>1720</xmin>
			<ymin>678</ymin>
			<xmax>1770</xmax>
			<ymax>713</ymax>
		</bndbox>
	</object>
	<object>
		<name>sp07</name>
		<pose>Unspecified</pose>
		<truncated>0</truncated>
		<difficult>0</difficult>
		<bndbox>
			<xmin>1875</xmin>
			<ymin>331</ymin>
			<xmax>1929</xmax>
			<ymax>383</ymax>
		</bndbox>
	</object>
	<object>
		<name>sp07</name>
		<pose>Unspecified</pose>
		<truncated>0</truncated>
		<difficult>0</difficult>
		<bndbox>
			<xmin>2310</xmin>
			<ymin>473</ymin>
			<xmax>2353</xmax>
			<ymax>526</ymax>
		</bndbox>
	</object>
	<object>
		<name>sp07</name>
		<pose>Unspecified</pose>
		<truncated>0</truncated>
		<difficult>0</difficult>
		<bndbox>
			<xmin>1888</xmin>
			<ymin>567</ymin>
			<xmax>1945</xmax>
			<ymax>614</ymax>
		</bndbox>
	</object>
	<object>
		<name>sp07</name>
		<pose>Unspecified</pose>
		<truncated>0</truncated>
		<difficult>0</difficult>
		<bndbox>
			<xmin>1851</xmin>
			<ymin>608</ymin>
			<xmax>1886</xmax>
			<ymax>660</ymax>
		</bndbox>
	</object>
	<object>
		<name>sp07</name>
		<pose>Unspecified</pose>
		<truncated>0</truncated>
		<difficult>0</difficult>
		<bndbox>
			<xmin>1976</xmin>
			<ymin>900</ymin>
			<xmax>2032</xmax>
			<ymax>943</ymax>
		</bndbox>
	</object>
	<object>
		<name>sp07</name>
		<pose>Unspecified</pose>
		<truncated>0</truncated>
		<difficult>0</difficult>
		<bndbox>
			<xmin>1808</xmin>
			<ymin>861</ymin>
			<xmax>1858</xmax>
			<ymax>909</ymax>
		</bndbox>
	</object>
	<object>
		<name>sp07</name>
		<pose>Unspecified</pose>
		<truncated>0</truncated>
		<difficult>0</difficult>
		<bndbox>
			<xmin>1831</xmin>
			<ymin>907</ymin>
			<xmax>1885</xmax>
			<ymax>952</ymax>
		</bndbox>
	</object>
	<object>
		<name>sp07</name>
		<pose>Unspecified</pose>
		<truncated>0</truncated>
		<difficult>0</difficult>
		<bndbox>
			<xmin>1801</xmin>
			<ymin>928</ymin>
			<xmax>1845</xmax>
			<ymax>969</ymax>
		</bndbox>
	</object>
	<object>
		<name>sp07</name>
		<pose>Unspecified</pose>
		<truncated>0</truncated>
		<difficult>0</difficult>
		<bndbox>
			<xmin>1683</xmin>
			<ymin>951</ymin>
			<xmax>1738</xmax>
			<ymax>990</ymax>
		</bndbox>
	</object>
	<object>
		<name>sp07</name>
		<pose>Unspecified</pose>
		<truncated>0</truncated>
		<difficult>0</difficult>
		<bndbox>
			<xmin>1321</xmin>
			<ymin>910</ymin>
			<xmax>1373</xmax>
			<ymax>951</ymax>
		</bndbox>
	</object>
	<object>
		<name>sp07</name>
		<pose>Unspecified</pose>
		<truncated>0</truncated>
		<difficult>0</difficult>
		<bndbox>
			<xmin>1352</xmin>
			<ymin>961</ymin>
			<xmax>1405</xmax>
			<ymax>1000</ymax>
		</bndbox>
	</object>
	<object>
		<name>sp07</name>
		<pose>Unspecified</pose>
		<truncated>0</truncated>
		<difficult>0</difficult>
		<bndbox>
			<xmin>1232</xmin>
			<ymin>1027</ymin>
			<xmax>1302</xmax>
			<ymax>1080</ymax>
		</bndbox>
	</object>
	<object>
		<name>sp07</name>
		<pose>Unspecified</pose>
		<truncated>0</truncated>
		<difficult>0</difficult>
		<bndbox>
			<xmin>1294</xmin>
			<ymin>1104</ymin>
			<xmax>1348</xmax>
			<ymax>1158</ymax>
		</bndbox>
	</object>
	<object>
		<name>sp07</name>
		<pose>Unspecified</pose>
		<truncated>0</truncated>
		<difficult>0</difficult>
		<bndbox>
			<xmin>1370</xmin>
			<ymin>1113</ymin>
			<xmax>1412</xmax>
			<ymax>1151</ymax>
		</bndbox>
	</object>
	<object>
		<name>sp07</name>
		<pose>Unspecified</pose>
		<truncated>0</truncated>
		<difficult>0</difficult>
		<bndbox>
			<xmin>1403</xmin>
			<ymin>1132</ymin>
			<xmax>1441</xmax>
			<ymax>1167</ymax>
		</bndbox>
	</object>
	<object>
		<name>sp07</name>
		<pose>Unspecified</pose>
		<truncated>0</truncated>
		<difficult>0</difficult>
		<bndbox>
			<xmin>1418</xmin>
			<ymin>1052</ymin>
			<xmax>1439</xmax>
			<ymax>1073</ymax>
		</bndbox>
	</object>
	<object>
		<name>sp07</name>
		<pose>Unspecified</pose>
		<truncated>0</truncated>
		<difficult>0</difficult>
		<bndbox>
			<xmin>1439</xmin>
			<ymin>1063</ymin>
			<xmax>1477</xmax>
			<ymax>1100</ymax>
		</bndbox>
	</object>
	<object>
		<name>sp07</name>
		<pose>Unspecified</pose>
		<truncated>0</truncated>
		<difficult>0</difficult>
		<bndbox>
			<xmin>1454</xmin>
			<ymin>1044</ymin>
			<xmax>1485</xmax>
			<ymax>1058</ymax>
		</bndbox>
	</object>
	<object>
		<name>sp07</name>
		<pose>Unspecified</pose>
		<truncated>0</truncated>
		<difficult>0</difficult>
		<bndbox>
			<xmin>1467</xmin>
			<ymin>1063</ymin>
			<xmax>1492</xmax>
			<ymax>1089</ymax>
		</bndbox>
	</object>
	<object>
		<name>sp07</name>
		<pose>Unspecified</pose>
		<truncated>0</truncated>
		<difficult>0</difficult>
		<bndbox>
			<xmin>1480</xmin>
			<ymin>1050</ymin>
			<xmax>1510</xmax>
			<ymax>1087</ymax>
		</bndbox>
	</object>
	<object>
		<name>sp07</name>
		<pose>Unspecified</pose>
		<truncated>0</truncated>
		<difficult>0</difficult>
		<bndbox>
			<xmin>1513</xmin>
			<ymin>1039</ymin>
			<xmax>1552</xmax>
			<ymax>1079</ymax>
		</bndbox>
	</object>
	<object>
		<name>sp07</name>
		<pose>Unspecified</pose>
		<truncated>0</truncated>
		<difficult>0</difficult>
		<bndbox>
			<xmin>1643</xmin>
			<ymin>991</ymin>
			<xmax>1681</xmax>
			<ymax>1038</ymax>
		</bndbox>
	</object>
	<object>
		<name>sp07</name>
		<pose>Unspecified</pose>
		<truncated>0</truncated>
		<difficult>0</difficult>
		<bndbox>
			<xmin>1709</xmin>
			<ymin>988</ymin>
			<xmax>1749</xmax>
			<ymax>1029</ymax>
		</bndbox>
	</object>
	<object>
		<name>sp07</name>
		<pose>Unspecified</pose>
		<truncated>0</truncated>
		<difficult>0</difficult>
		<bndbox>
			<xmin>1747</xmin>
			<ymin>1019</ymin>
			<xmax>1800</xmax>
			<ymax>1063</ymax>
		</bndbox>
	</object>
	<object>
		<name>sp07</name>
		<pose>Unspecified</pose>
		<truncated>0</truncated>
		<difficult>0</difficult>
		<bndbox>
			<xmin>1838</xmin>
			<ymin>1086</ymin>
			<xmax>1892</xmax>
			<ymax>1127</ymax>
		</bndbox>
	</object>
	<object>
		<name>sp07</name>
		<pose>Unspecified</pose>
		<truncated>0</truncated>
		<difficult>0</difficult>
		<bndbox>
			<xmin>1770</xmin>
			<ymin>1118</ymin>
			<xmax>1809</xmax>
			<ymax>1161</ymax>
		</bndbox>
	</object>
	<object>
		<name>sp07</name>
		<pose>Unspecified</pose>
		<truncated>0</truncated>
		<difficult>0</difficult>
		<bndbox>
			<xmin>1699</xmin>
			<ymin>1066</ymin>
			<xmax>1738</xmax>
			<ymax>1110</ymax>
		</bndbox>
	</object>
	<object>
		<name>sp07</name>
		<pose>Unspecified</pose>
		<truncated>0</truncated>
		<difficult>0</difficult>
		<bndbox>
			<xmin>1593</xmin>
			<ymin>1069</ymin>
			<xmax>1630</xmax>
			<ymax>1108</ymax>
		</bndbox>
	</object>
	<object>
		<name>sp07</name>
		<pose>Unspecified</pose>
		<truncated>0</truncated>
		<difficult>0</difficult>
		<bndbox>
			<xmin>1675</xmin>
			<ymin>1080</ymin>
			<xmax>1697</xmax>
			<ymax>1110</ymax>
		</bndbox>
	</object>
	<object>
		<name>sp07</name>
		<pose>Unspecified</pose>
		<truncated>0</truncated>
		<difficult>0</difficult>
		<bndbox>
			<xmin>1619</xmin>
			<ymin>1076</ymin>
			<xmax>1653</xmax>
			<ymax>1112</ymax>
		</bndbox>
	</object>
	<object>
		<name>sp07</name>
		<pose>Unspecified</pose>
		<truncated>0</truncated>
		<difficult>0</difficult>
		<bndbox>
			<xmin>1538</xmin>
			<ymin>1086</ymin>
			<xmax>1582</xmax>
			<ymax>1130</ymax>
		</bndbox>
	</object>
	<object>
		<name>sp07</name>
		<pose>Unspecified</pose>
		<truncated>0</truncated>
		<difficult>0</difficult>
		<bndbox>
			<xmin>1688</xmin>
			<ymin>1103</ymin>
			<xmax>1715</xmax>
			<ymax>1130</ymax>
		</bndbox>
	</object>
	<object>
		<name>sp07</name>
		<pose>Unspecified</pose>
		<truncated>0</truncated>
		<difficult>0</difficult>
		<bndbox>
			<xmin>1684</xmin>
			<ymin>1121</ymin>
			<xmax>1714</xmax>
			<ymax>1151</ymax>
		</bndbox>
	</object>
	<object>
		<name>sp07</name>
		<pose>Unspecified</pose>
		<truncated>0</truncated>
		<difficult>0</difficult>
		<bndbox>
			<xmin>1706</xmin>
			<ymin>1111</ymin>
			<xmax>1740</xmax>
			<ymax>1144</ymax>
		</bndbox>
	</object>
	<object>
		<name>sp07</name>
		<pose>Unspecified</pose>
		<truncated>0</truncated>
		<difficult>0</difficult>
		<bndbox>
			<xmin>1510</xmin>
			<ymin>1221</ymin>
			<xmax>1539</xmax>
			<ymax>1246</ymax>
		</bndbox>
	</object>
	<object>
		<name>sp07</name>
		<pose>Unspecified</pose>
		<truncated>0</truncated>
		<difficult>0</difficult>
		<bndbox>
			<xmin>1517</xmin>
			<ymin>1241</ymin>
			<xmax>1552</xmax>
			<ymax>1271</ymax>
		</bndbox>
	</object>
	<object>
		<name>sp07</name>
		<pose>Unspecified</pose>
		<truncated>0</truncated>
		<difficult>0</difficult>
		<bndbox>
			<xmin>1555</xmin>
			<ymin>1266</ymin>
			<xmax>1593</xmax>
			<ymax>1309</ymax>
		</bndbox>
	</object>
	<object>
		<name>sp07</name>
		<pose>Unspecified</pose>
		<truncated>0</truncated>
		<difficult>0</difficult>
		<bndbox>
			<xmin>2131</xmin>
			<ymin>1173</ymin>
			<xmax>2173</xmax>
			<ymax>1224</ymax>
		</bndbox>
	</object>
	<object>
		<name>sp07</name>
		<pose>Unspecified</pose>
		<truncated>0</truncated>
		<difficult>0</difficult>
		<bndbox>
			<xmin>2209</xmin>
			<ymin>1191</ymin>
			<xmax>2253</xmax>
			<ymax>1233</ymax>
		</bndbox>
	</object>
	<object>
		<name>sp07</name>
		<pose>Unspecified</pose>
		<truncated>0</truncated>
		<difficult>0</difficult>
		<bndbox>
			<xmin>1387</xmin>
			<ymin>1299</ymin>
			<xmax>1431</xmax>
			<ymax>1339</ymax>
		</bndbox>
	</object>
	<object>
		<name>sp07</name>
		<pose>Unspecified</pose>
		<truncated>0</truncated>
		<difficult>0</difficult>
		<bndbox>
			<xmin>1434</xmin>
			<ymin>1312</ymin>
			<xmax>1471</xmax>
			<ymax>1343</ymax>
		</bndbox>
	</object>
	<object>
		<name>sp07</name>
		<pose>Unspecified</pose>
		<truncated>0</truncated>
		<difficult>0</difficult>
		<bndbox>
			<xmin>1491</xmin>
			<ymin>1340</ymin>
			<xmax>1540</xmax>
			<ymax>1387</ymax>
		</bndbox>
	</object>
	<object>
		<name>sp07</name>
		<pose>Unspecified</pose>
		<truncated>0</truncated>
		<difficult>0</difficult>
		<bndbox>
			<xmin>1345</xmin>
			<ymin>1370</ymin>
			<xmax>1385</xmax>
			<ymax>1394</ymax>
		</bndbox>
	</object>
	<object>
		<name>sp07</name>
		<pose>Unspecified</pose>
		<truncated>0</truncated>
		<difficult>0</difficult>
		<bndbox>
			<xmin>1356</xmin>
			<ymin>1383</ymin>
			<xmax>1395</xmax>
			<ymax>1415</ymax>
		</bndbox>
	</object>
	<object>
		<name>sp07</name>
		<pose>Unspecified</pose>
		<truncated>0</truncated>
		<difficult>0</difficult>
		<bndbox>
			<xmin>1520</xmin>
			<ymin>1477</ymin>
			<xmax>1575</xmax>
			<ymax>1517</ymax>
		</bndbox>
	</object>
	<object>
		<name>sp07</name>
		<pose>Unspecified</pose>
		<truncated>0</truncated>
		<difficult>0</difficult>
		<bndbox>
			<xmin>2691</xmin>
			<ymin>915</ymin>
			<xmax>2732</xmax>
			<ymax>955</ymax>
		</bndbox>
	</object>
	<object>
		<name>sp07</name>
		<pose>Unspecified</pose>
		<truncated>0</truncated>
		<difficult>0</difficult>
		<bndbox>
			<xmin>2713</xmin>
			<ymin>1008</ymin>
			<xmax>2756</xmax>
			<ymax>1040</ymax>
		</bndbox>
	</object>
	<object>
		<name>sp07</name>
		<pose>Unspecified</pose>
		<truncated>0</truncated>
		<difficult>0</difficult>
		<bndbox>
			<xmin>2731</xmin>
			<ymin>1036</ymin>
			<xmax>2769</xmax>
			<ymax>1079</ymax>
		</bndbox>
	</object>
	<object>
		<name>sp07</name>
		<pose>Unspecified</pose>
		<truncated>0</truncated>
		<difficult>0</difficult>
		<bndbox>
			<xmin>2782</xmin>
			<ymin>1125</ymin>
			<xmax>2830</xmax>
			<ymax>1181</ymax>
		</bndbox>
	</object>
	<object>
		<name>sp07</name>
		<pose>Unspecified</pose>
		<truncated>0</truncated>
		<difficult>0</difficult>
		<bndbox>
			<xmin>2574</xmin>
			<ymin>1551</ymin>
			<xmax>2627</xmax>
			<ymax>1611</ymax>
		</bndbox>
	</object>
	<object>
		<name>sp07</name>
		<pose>Unspecified</pose>
		<truncated>0</truncated>
		<difficult>0</difficult>
		<bndbox>
			<xmin>2384</xmin>
			<ymin>1660</ymin>
			<xmax>2444</xmax>
			<ymax>1697</ymax>
		</bndbox>
	</object>
	<object>
		<name>sp07</name>
		<pose>Unspecified</pose>
		<truncated>0</truncated>
		<difficult>0</difficult>
		<bndbox>
			<xmin>2172</xmin>
			<ymin>1636</ymin>
			<xmax>2225</xmax>
			<ymax>1688</ymax>
		</bndbox>
	</object>
	<object>
		<name>sp07</name>
		<pose>Unspecified</pose>
		<truncated>0</truncated>
		<difficult>0</difficult>
		<bndbox>
			<xmin>1986</xmin>
			<ymin>1705</ymin>
			<xmax>2043</xmax>
			<ymax>1754</ymax>
		</bndbox>
	</object>
	<object>
		<name>sp07</name>
		<pose>Unspecified</pose>
		<truncated>0</truncated>
		<difficult>0</difficult>
		<bndbox>
			<xmin>2030</xmin>
			<ymin>1785</ymin>
			<xmax>2100</xmax>
			<ymax>1849</ymax>
		</bndbox>
	</object>
	<object>
		<name>sp07</name>
		<pose>Unspecified</pose>
		<truncated>0</truncated>
		<difficult>0</difficult>
		<bndbox>
			<xmin>1963</xmin>
			<ymin>1838</ymin>
			<xmax>2010</xmax>
			<ymax>1875</ymax>
		</bndbox>
	</object>
	<object>
		<name>sp07</name>
		<pose>Unspecified</pose>
		<truncated>0</truncated>
		<difficult>0</difficult>
		<bndbox>
			<xmin>1928</xmin>
			<ymin>1866</ymin>
			<xmax>1976</xmax>
			<ymax>1908</ymax>
		</bndbox>
	</object>
	<object>
		<name>sp07</name>
		<pose>Unspecified</pose>
		<truncated>0</truncated>
		<difficult>0</difficult>
		<bndbox>
			<xmin>1886</xmin>
			<ymin>1928</ymin>
			<xmax>1949</xmax>
			<ymax>1968</ymax>
		</bndbox>
	</object>
	<object>
		<name>sp07</name>
		<pose>Unspecified</pose>
		<truncated>0</truncated>
		<difficult>0</difficult>
		<bndbox>
			<xmin>1656</xmin>
			<ymin>1602</ymin>
			<xmax>1710</xmax>
			<ymax>1649</ymax>
		</bndbox>
	</object>
	<object>
		<name>sp07</name>
		<pose>Unspecified</pose>
		<truncated>0</truncated>
		<difficult>0</difficult>
		<bndbox>
			<xmin>1504</xmin>
			<ymin>1758</ymin>
			<xmax>1554</xmax>
			<ymax>1794</ymax>
		</bndbox>
	</object>
	<object>
		<name>sp07</name>
		<pose>Unspecified</pose>
		<truncated>0</truncated>
		<difficult>0</difficult>
		<bndbox>
			<xmin>1541</xmin>
			<ymin>1963</ymin>
			<xmax>1584</xmax>
			<ymax>2004</ymax>
		</bndbox>
	</object>
	<object>
		<name>sp07</name>
		<pose>Unspecified</pose>
		<truncated>0</truncated>
		<difficult>0</difficult>
		<bndbox>
			<xmin>1352</xmin>
			<ymin>1889</ymin>
			<xmax>1396</xmax>
			<ymax>1914</ymax>
		</bndbox>
	</object>
	<object>
		<name>sp07</name>
		<pose>Unspecified</pose>
		<truncated>0</truncated>
		<difficult>0</difficult>
		<bndbox>
			<xmin>1302</xmin>
			<ymin>1904</ymin>
			<xmax>1349</xmax>
			<ymax>1949</ymax>
		</bndbox>
	</object>
	<object>
		<name>sp07</name>
		<pose>Unspecified</pose>
		<truncated>0</truncated>
		<difficult>0</difficult>
		<bndbox>
			<xmin>1429</xmin>
			<ymin>2003</ymin>
			<xmax>1486</xmax>
			<ymax>2050</ymax>
		</bndbox>
	</object>
	<object>
		<name>sp07</name>
		<pose>Unspecified</pose>
		<truncated>0</truncated>
		<difficult>0</difficult>
		<bndbox>
			<xmin>1382</xmin>
			<ymin>1572</ymin>
			<xmax>1422</xmax>
			<ymax>1607</ymax>
		</bndbox>
	</object>
	<object>
		<name>sp07</name>
		<pose>Unspecified</pose>
		<truncated>0</truncated>
		<difficult>0</difficult>
		<bndbox>
			<xmin>1333</xmin>
			<ymin>1589</ymin>
			<xmax>1372</xmax>
			<ymax>1624</ymax>
		</bndbox>
	</object>
	<object>
		<name>sp07</name>
		<pose>Unspecified</pose>
		<truncated>0</truncated>
		<difficult>0</difficult>
		<bndbox>
			<xmin>1305</xmin>
			<ymin>1571</ymin>
			<xmax>1356</xmax>
			<ymax>1614</ymax>
		</bndbox>
	</object>
	<object>
		<name>sp07</name>
		<pose>Unspecified</pose>
		<truncated>0</truncated>
		<difficult>0</difficult>
		<bndbox>
			<xmin>1299</xmin>
			<ymin>1550</ymin>
			<xmax>1339</xmax>
			<ymax>1571</ymax>
		</bndbox>
	</object>
	<object>
		<name>sp07</name>
		<pose>Unspecified</pose>
		<truncated>0</truncated>
		<difficult>0</difficult>
		<bndbox>
			<xmin>1291</xmin>
			<ymin>1531</ymin>
			<xmax>1322</xmax>
			<ymax>1560</ymax>
		</bndbox>
	</object>
	<object>
		<name>sp07</name>
		<pose>Unspecified</pose>
		<truncated>0</truncated>
		<difficult>0</difficult>
		<bndbox>
			<xmin>1261</xmin>
			<ymin>1592</ymin>
			<xmax>1309</xmax>
			<ymax>1629</ymax>
		</bndbox>
	</object>
	<object>
		<name>sp07</name>
		<pose>Unspecified</pose>
		<truncated>0</truncated>
		<difficult>0</difficult>
		<bndbox>
			<xmin>1271</xmin>
			<ymin>1620</ymin>
			<xmax>1311</xmax>
			<ymax>1663</ymax>
		</bndbox>
	</object>
	<object>
		<name>sp07</name>
		<pose>Unspecified</pose>
		<truncated>0</truncated>
		<difficult>0</difficult>
		<bndbox>
			<xmin>1237</xmin>
			<ymin>1644</ymin>
			<xmax>1282</xmax>
			<ymax>1686</ymax>
		</bndbox>
	</object>
	<object>
		<name>sp07</name>
		<pose>Unspecified</pose>
		<truncated>0</truncated>
		<difficult>0</difficult>
		<bndbox>
			<xmin>2053</xmin>
			<ymin>2113</ymin>
			<xmax>2100</xmax>
			<ymax>2158</ymax>
		</bndbox>
	</object>
	<object>
		<name>sp07</name>
		<pose>Unspecified</pose>
		<truncated>0</truncated>
		<difficult>0</difficult>
		<bndbox>
			<xmin>1791</xmin>
			<ymin>2460</ymin>
			<xmax>1850</xmax>
			<ymax>2507</ymax>
		</bndbox>
	</object>
	<object>
		<name>sp07</name>
		<pose>Unspecified</pose>
		<truncated>0</truncated>
		<difficult>0</difficult>
		<bndbox>
			<xmin>1777</xmin>
			<ymin>2221</ymin>
			<xmax>1818</xmax>
			<ymax>2259</ymax>
		</bndbox>
	</object>
	<object>
		<name>sp07</name>
		<pose>Unspecified</pose>
		<truncated>0</truncated>
		<difficult>0</difficult>
		<bndbox>
			<xmin>1810</xmin>
			<ymin>2210</ymin>
			<xmax>1839</xmax>
			<ymax>2252</ymax>
		</bndbox>
	</object>
	<object>
		<name>sp07</name>
		<pose>Unspecified</pose>
		<truncated>0</truncated>
		<difficult>0</difficult>
		<bndbox>
			<xmin>1844</xmin>
			<ymin>2175</ymin>
			<xmax>1891</xmax>
			<ymax>2210</ymax>
		</bndbox>
	</object>
	<object>
		<name>sp07</name>
		<pose>Unspecified</pose>
		<truncated>0</truncated>
		<difficult>0</difficult>
		<bndbox>
			<xmin>1809</xmin>
			<ymin>2103</ymin>
			<xmax>1848</xmax>
			<ymax>2145</ymax>
		</bndbox>
	</object>
	<object>
		<name>sp07</name>
		<pose>Unspecified</pose>
		<truncated>0</truncated>
		<difficult>0</difficult>
		<bndbox>
			<xmin>1581</xmin>
			<ymin>2207</ymin>
			<xmax>1627</xmax>
			<ymax>2252</ymax>
		</bndbox>
	</object>
	<object>
		<name>sp07</name>
		<pose>Unspecified</pose>
		<truncated>0</truncated>
		<difficult>0</difficult>
		<bndbox>
			<xmin>1650</xmin>
			<ymin>2307</ymin>
			<xmax>1703</xmax>
			<ymax>2360</ymax>
		</bndbox>
	</object>
	<object>
		<name>sp07</name>
		<pose>Unspecified</pose>
		<truncated>0</truncated>
		<difficult>0</difficult>
		<bndbox>
			<xmin>1512</xmin>
			<ymin>2239</ymin>
			<xmax>1560</xmax>
			<ymax>2274</ymax>
		</bndbox>
	</object>
	<object>
		<name>sp07</name>
		<pose>Unspecified</pose>
		<truncated>0</truncated>
		<difficult>0</difficult>
		<bndbox>
			<xmin>1345</xmin>
			<ymin>2267</ymin>
			<xmax>1406</xmax>
			<ymax>2322</ymax>
		</bndbox>
	</object>
	<object>
		<name>sp07</name>
		<pose>Unspecified</pose>
		<truncated>0</truncated>
		<difficult>0</difficult>
		<bndbox>
			<xmin>1411</xmin>
			<ymin>2360</ymin>
			<xmax>1466</xmax>
			<ymax>2409</ymax>
		</bndbox>
	</object>
	<object>
		<name>sp07</name>
		<pose>Unspecified</pose>
		<truncated>0</truncated>
		<difficult>0</difficult>
		<bndbox>
			<xmin>1144</xmin>
			<ymin>2286</ymin>
			<xmax>1196</xmax>
			<ymax>2327</ymax>
		</bndbox>
	</object>
	<object>
		<name>sp07</name>
		<pose>Unspecified</pose>
		<truncated>0</truncated>
		<difficult>0</difficult>
		<bndbox>
			<xmin>1076</xmin>
			<ymin>2143</ymin>
			<xmax>1128</xmax>
			<ymax>2186</ymax>
		</bndbox>
	</object>
	<object>
		<name>sp07</name>
		<pose>Unspecified</pose>
		<truncated>0</truncated>
		<difficult>0</difficult>
		<bndbox>
			<xmin>1040</xmin>
			<ymin>2130</ymin>
			<xmax>1088</xmax>
			<ymax>2170</ymax>
		</bndbox>
	</object>
	<object>
		<name>sp07</name>
		<pose>Unspecified</pose>
		<truncated>0</truncated>
		<difficult>0</difficult>
		<bndbox>
			<xmin>1059</xmin>
			<ymin>2049</ymin>
			<xmax>1102</xmax>
			<ymax>2088</ymax>
		</bndbox>
	</object>
	<object>
		<name>sp07</name>
		<pose>Unspecified</pose>
		<truncated>0</truncated>
		<difficult>0</difficult>
		<bndbox>
			<xmin>981</xmin>
			<ymin>2095</ymin>
			<xmax>1014</xmax>
			<ymax>2117</ymax>
		</bndbox>
	</object>
	<object>
		<name>sp07</name>
		<pose>Unspecified</pose>
		<truncated>0</truncated>
		<difficult>0</difficult>
		<bndbox>
			<xmin>978</xmin>
			<ymin>2111</ymin>
			<xmax>1012</xmax>
			<ymax>2142</ymax>
		</bndbox>
	</object>
	<object>
		<name>sp07</name>
		<pose>Unspecified</pose>
		<truncated>0</truncated>
		<difficult>0</difficult>
		<bndbox>
			<xmin>1005</xmin>
			<ymin>2102</ymin>
			<xmax>1032</xmax>
			<ymax>2139</ymax>
		</bndbox>
	</object>
	<object>
		<name>sp07</name>
		<pose>Unspecified</pose>
		<truncated>0</truncated>
		<difficult>0</difficult>
		<bndbox>
			<xmin>908</xmin>
			<ymin>2267</ymin>
			<xmax>958</xmax>
			<ymax>2308</ymax>
		</bndbox>
	</object>
	<object>
		<name>sp07</name>
		<pose>Unspecified</pose>
		<truncated>0</truncated>
		<difficult>0</difficult>
		<bndbox>
			<xmin>891</xmin>
			<ymin>2243</ymin>
			<xmax>939</xmax>
			<ymax>2279</ymax>
		</bndbox>
	</object>
	<object>
		<name>sp07</name>
		<pose>Unspecified</pose>
		<truncated>0</truncated>
		<difficult>0</difficult>
		<bndbox>
			<xmin>810</xmin>
			<ymin>2248</ymin>
			<xmax>846</xmax>
			<ymax>2285</ymax>
		</bndbox>
	</object>
	<object>
		<name>sp07</name>
		<pose>Unspecified</pose>
		<truncated>0</truncated>
		<difficult>0</difficult>
		<bndbox>
			<xmin>776</xmin>
			<ymin>2226</ymin>
			<xmax>818</xmax>
			<ymax>2261</ymax>
		</bndbox>
	</object>
	<object>
		<name>sp07</name>
		<pose>Unspecified</pose>
		<truncated>0</truncated>
		<difficult>0</difficult>
		<bndbox>
			<xmin>795</xmin>
			<ymin>2041</ymin>
			<xmax>845</xmax>
			<ymax>2081</ymax>
		</bndbox>
	</object>
	<object>
		<name>sp07</name>
		<pose>Unspecified</pose>
		<truncated>0</truncated>
		<difficult>0</difficult>
		<bndbox>
			<xmin>684</xmin>
			<ymin>2117</ymin>
			<xmax>736</xmax>
			<ymax>2172</ymax>
		</bndbox>
	</object>
	<object>
		<name>sp07</name>
		<pose>Unspecified</pose>
		<truncated>0</truncated>
		<difficult>0</difficult>
		<bndbox>
			<xmin>636</xmin>
			<ymin>2117</ymin>
			<xmax>695</xmax>
			<ymax>2167</ymax>
		</bndbox>
	</object>
	<object>
		<name>sp07</name>
		<pose>Unspecified</pose>
		<truncated>0</truncated>
		<difficult>0</difficult>
		<bndbox>
			<xmin>641</xmin>
			<ymin>2038</ymin>
			<xmax>696</xmax>
			<ymax>2090</ymax>
		</bndbox>
	</object>
	<object>
		<name>sp07</name>
		<pose>Unspecified</pose>
		<truncated>0</truncated>
		<difficult>0</difficult>
		<bndbox>
			<xmin>630</xmin>
			<ymin>1967</ymin>
			<xmax>672</xmax>
			<ymax>2015</ymax>
		</bndbox>
	</object>
	<object>
		<name>sp07</name>
		<pose>Unspecified</pose>
		<truncated>0</truncated>
		<difficult>0</difficult>
		<bndbox>
			<xmin>586</xmin>
			<ymin>1956</ymin>
			<xmax>623</xmax>
			<ymax>1996</ymax>
		</bndbox>
	</object>
	<object>
		<name>sp07</name>
		<pose>Unspecified</pose>
		<truncated>0</truncated>
		<difficult>0</difficult>
		<bndbox>
			<xmin>597</xmin>
			<ymin>1975</ymin>
			<xmax>638</xmax>
			<ymax>2014</ymax>
		</bndbox>
	</object>
	<object>
		<name>sp07</name>
		<pose>Unspecified</pose>
		<truncated>0</truncated>
		<difficult>0</difficult>
		<bndbox>
			<xmin>559</xmin>
			<ymin>1773</ymin>
			<xmax>603</xmax>
			<ymax>1827</ymax>
		</bndbox>
	</object>
	<object>
		<name>sp07</name>
		<pose>Unspecified</pose>
		<truncated>0</truncated>
		<difficult>0</difficult>
		<bndbox>
			<xmin>1053</xmin>
			<ymin>1847</ymin>
			<xmax>1112</xmax>
			<ymax>1892</ymax>
		</bndbox>
	</object>
	<object>
		<name>sp07</name>
		<pose>Unspecified</pose>
		<truncated>0</truncated>
		<difficult>0</difficult>
		<bndbox>
			<xmin>1046</xmin>
			<ymin>1780</ymin>
			<xmax>1086</xmax>
			<ymax>1806</ymax>
		</bndbox>
	</object>
	<object>
		<name>sp07</name>
		<pose>Unspecified</pose>
		<truncated>0</truncated>
		<difficult>0</difficult>
		<bndbox>
			<xmin>1074</xmin>
			<ymin>1794</ymin>
			<xmax>1112</xmax>
			<ymax>1827</ymax>
		</bndbox>
	</object>
	<object>
		<name>sp07</name>
		<pose>Unspecified</pose>
		<truncated>0</truncated>
		<difficult>0</difficult>
		<bndbox>
			<xmin>382</xmin>
			<ymin>1740</ymin>
			<xmax>427</xmax>
			<ymax>1791</ymax>
		</bndbox>
	</object>
	<object>
		<name>sp07</name>
		<pose>Unspecified</pose>
		<truncated>0</truncated>
		<difficult>0</difficult>
		<bndbox>
			<xmin>352</xmin>
			<ymin>1665</ymin>
			<xmax>402</xmax>
			<ymax>1706</ymax>
		</bndbox>
	</object>
	<object>
		<name>sp07</name>
		<pose>Unspecified</pose>
		<truncated>0</truncated>
		<difficult>0</difficult>
		<bndbox>
			<xmin>422</xmin>
			<ymin>1647</ymin>
			<xmax>488</xmax>
			<ymax>1693</ymax>
		</bndbox>
	</object>
	<object>
		<name>sp07</name>
		<pose>Unspecified</pose>
		<truncated>0</truncated>
		<difficult>0</difficult>
		<bndbox>
			<xmin>366</xmin>
			<ymin>1558</ymin>
			<xmax>420</xmax>
			<ymax>1602</ymax>
		</bndbox>
	</object>
	<object>
		<name>sp07</name>
		<pose>Unspecified</pose>
		<truncated>0</truncated>
		<difficult>0</difficult>
		<bndbox>
			<xmin>201</xmin>
			<ymin>1654</ymin>
			<xmax>251</xmax>
			<ymax>1697</ymax>
		</bndbox>
	</object>
	<object>
		<name>sp07</name>
		<pose>Unspecified</pose>
		<truncated>0</truncated>
		<difficult>0</difficult>
		<bndbox>
			<xmin>301</xmin>
			<ymin>1429</ymin>
			<xmax>358</xmax>
			<ymax>1474</ymax>
		</bndbox>
	</object>
	<object>
		<name>sp07</name>
		<pose>Unspecified</pose>
		<truncated>0</truncated>
		<difficult>0</difficult>
		<bndbox>
			<xmin>438</xmin>
			<ymin>1379</ymin>
			<xmax>489</xmax>
			<ymax>1421</ymax>
		</bndbox>
	</object>
	<object>
		<name>sp07</name>
		<pose>Unspecified</pose>
		<truncated>0</truncated>
		<difficult>0</difficult>
		<bndbox>
			<xmin>1117</xmin>
			<ymin>1497</ymin>
			<xmax>1157</xmax>
			<ymax>1528</ymax>
		</bndbox>
	</object>
	<object>
		<name>sp07</name>
		<pose>Unspecified</pose>
		<truncated>0</truncated>
		<difficult>0</difficult>
		<bndbox>
			<xmin>1123</xmin>
			<ymin>1535</ymin>
			<xmax>1164</xmax>
			<ymax>1580</ymax>
		</bndbox>
	</object>
	<object>
		<name>sp07</name>
		<pose>Unspecified</pose>
		<truncated>0</truncated>
		<difficult>0</difficult>
		<bndbox>
			<xmin>889</xmin>
			<ymin>1295</ymin>
			<xmax>945</xmax>
			<ymax>1334</ymax>
		</bndbox>
	</object>
	<object>
		<name>sp07</name>
		<pose>Unspecified</pose>
		<truncated>0</truncated>
		<difficult>0</difficult>
		<bndbox>
			<xmin>739</xmin>
			<ymin>1286</ymin>
			<xmax>799</xmax>
			<ymax>1335</ymax>
		</bndbox>
	</object>
	<object>
		<name>sp07</name>
		<pose>Unspecified</pose>
		<truncated>0</truncated>
		<difficult>0</difficult>
		<bndbox>
			<xmin>591</xmin>
			<ymin>1199</ymin>
			<xmax>642</xmax>
			<ymax>1240</ymax>
		</bndbox>
	</object>
	<object>
		<name>sp07</name>
		<pose>Unspecified</pose>
		<truncated>0</truncated>
		<difficult>0</difficult>
		<bndbox>
			<xmin>553</xmin>
			<ymin>1310</ymin>
			<xmax>593</xmax>
			<ymax>1354</ymax>
		</bndbox>
	</object>
	<object>
		<name>sp07</name>
		<pose>Unspecified</pose>
		<truncated>0</truncated>
		<difficult>0</difficult>
		<bndbox>
			<xmin>510</xmin>
			<ymin>1287</ymin>
			<xmax>559</xmax>
			<ymax>1340</ymax>
		</bndbox>
	</object>
	<object>
		<name>sp07</name>
		<pose>Unspecified</pose>
		<truncated>0</truncated>
		<difficult>0</difficult>
		<bndbox>
			<xmin>473</xmin>
			<ymin>1267</ymin>
			<xmax>516</xmax>
			<ymax>1296</ymax>
		</bndbox>
	</object>
	<object>
		<name>sp07</name>
		<pose>Unspecified</pose>
		<truncated>0</truncated>
		<difficult>0</difficult>
		<bndbox>
			<xmin>357</xmin>
			<ymin>1165</ymin>
			<xmax>413</xmax>
			<ymax>1216</ymax>
		</bndbox>
	</object>
	<object>
		<name>sp07</name>
		<pose>Unspecified</pose>
		<truncated>0</truncated>
		<difficult>0</difficult>
		<bndbox>
			<xmin>413</xmin>
			<ymin>1051</ymin>
			<xmax>460</xmax>
			<ymax>1087</ymax>
		</bndbox>
	</object>
	<object>
		<name>sp07</name>
		<pose>Unspecified</pose>
		<truncated>0</truncated>
		<difficult>0</difficult>
		<bndbox>
			<xmin>239</xmin>
			<ymin>1088</ymin>
			<xmax>291</xmax>
			<ymax>1141</ymax>
		</bndbox>
	</object>
	<object>
		<name>sp07</name>
		<pose>Unspecified</pose>
		<truncated>0</truncated>
		<difficult>0</difficult>
		<bndbox>
			<xmin>382</xmin>
			<ymin>794</ymin>
			<xmax>435</xmax>
			<ymax>843</ymax>
		</bndbox>
	</object>
	<object>
		<name>sp07</name>
		<pose>Unspecified</pose>
		<truncated>0</truncated>
		<difficult>0</difficult>
		<bndbox>
			<xmin>676</xmin>
			<ymin>981</ymin>
			<xmax>739</xmax>
			<ymax>1039</ymax>
		</bndbox>
	</object>
	<object>
		<name>sp07</name>
		<pose>Unspecified</pose>
		<truncated>0</truncated>
		<difficult>0</difficult>
		<bndbox>
			<xmin>400</xmin>
			<ymin>975</ymin>
			<xmax>455</xmax>
			<ymax>1025</ymax>
		</bndbox>
	</object>
	<object>
		<name>sp07</name>
		<pose>Unspecified</pose>
		<truncated>0</truncated>
		<difficult>0</difficult>
		<bndbox>
			<xmin>532</xmin>
			<ymin>932</ymin>
			<xmax>596</xmax>
			<ymax>984</ymax>
		</bndbox>
	</object>
	<object>
		<name>sp07</name>
		<pose>Unspecified</pose>
		<truncated>0</truncated>
		<difficult>0</difficult>
		<bndbox>
			<xmin>586</xmin>
			<ymin>843</ymin>
			<xmax>634</xmax>
			<ymax>892</ymax>
		</bndbox>
	</object>
	<object>
		<name>sp07</name>
		<pose>Unspecified</pose>
		<truncated>0</truncated>
		<difficult>0</difficult>
		<bndbox>
			<xmin>645</xmin>
			<ymin>860</ymin>
			<xmax>667</xmax>
			<ymax>900</ymax>
		</bndbox>
	</object>
	<object>
		<name>sp07</name>
		<pose>Unspecified</pose>
		<truncated>0</truncated>
		<difficult>0</difficult>
		<bndbox>
			<xmin>644</xmin>
			<ymin>850</ymin>
			<xmax>688</xmax>
			<ymax>877</ymax>
		</bndbox>
	</object>
	<object>
		<name>sp07</name>
		<pose>Unspecified</pose>
		<truncated>0</truncated>
		<difficult>0</difficult>
		<bndbox>
			<xmin>638</xmin>
			<ymin>779</ymin>
			<xmax>692</xmax>
			<ymax>829</ymax>
		</bndbox>
	</object>
	<object>
		<name>sp07</name>
		<pose>Unspecified</pose>
		<truncated>0</truncated>
		<difficult>0</difficult>
		<bndbox>
			<xmin>1007</xmin>
			<ymin>814</ymin>
			<xmax>1063</xmax>
			<ymax>864</ymax>
		</bndbox>
	</object>
</annotation>