<annotation>
	<folder>my-project-name</folder>
	<filename>sp08_img08.jpg</filename>
	<path>/my-project-name/sp08_img08.jpg</path>
	<source>
		<database>Unspecified</database>
	</source>
	<size>
		<width>2786</width>
		<height>2782</height>
		<depth>3</depth>
	</size>
	<object>
		<name>sp08</name>
		<pose>Unspecified</pose>
		<truncated>0</truncated>
		<difficult>0</difficult>
		<bndbox>
			<xmin>2114</xmin>
			<ymin>1455</ymin>
			<xmax>2496</xmax>
			<ymax>1821</ymax>
		</bndbox>
	</object>
	<object>
		<name>sp08</name>
		<pose>Unspecified</pose>
		<truncated>0</truncated>
		<difficult>0</difficult>
		<bndbox>
			<xmin>1533</xmin>
			<ymin>302</ymin>
			<xmax>1828</xmax>
			<ymax>584</ymax>
		</bndbox>
	</object>
	<object>
		<name>sp08</name>
		<pose>Unspecified</pose>
		<truncated>0</truncated>
		<difficult>0</difficult>
		<bndbox>
			<xmin>2145</xmin>
			<ymin>1095</ymin>
			<xmax>2482</xmax>
			<ymax>1432</ymax>
		</bndbox>
	</object>
	<object>
		<name>sp08</name>
		<pose>Unspecified</pose>
		<truncated>0</truncated>
		<difficult>0</difficult>
		<bndbox>
			<xmin>1893</xmin>
			<ymin>913</ymin>
			<xmax>2193</xmax>
			<ymax>1209</ymax>
		</bndbox>
	</object>
	<object>
		<name>sp08</name>
		<pose>Unspecified</pose>
		<truncated>0</truncated>
		<difficult>0</difficult>
		<bndbox>
			<xmin>282</xmin>
			<ymin>1316</ymin>
			<xmax>572</xmax>
			<ymax>1623</ymax>
		</bndbox>
	</object>
	<object>
		<name>sp08</name>
		<pose>Unspecified</pose>
		<truncated>0</truncated>
		<difficult>0</difficult>
		<bndbox>
			<xmin>930</xmin>
			<ymin>1946</ymin>
			<xmax>1277</xmax>
			<ymax>2239</ymax>
		</bndbox>
	</object>
	<object>
		<name>sp08</name>
		<pose>Unspecified</pose>
		<truncated>0</truncated>
		<difficult>0</difficult>
		<bndbox>
			<xmin>1752</xmin>
			<ymin>1126</ymin>
			<xmax>2009</xmax>
			<ymax>1391</ymax>
		</bndbox>
	</object>
	<object>
		<name>sp08</name>
		<pose>Unspecified</pose>
		<truncated>0</truncated>
		<difficult>0</difficult>
		<bndbox>
			<xmin>641</xmin>
			<ymin>734</ymin>
			<xmax>1019</xmax>
			<ymax>1036</ymax>
		</bndbox>
	</object>
	<object>
		<name>sp08</name>
		<pose>Unspecified</pose>
		<truncated>0</truncated>
		<difficult>0</difficult>
		<bndbox>
			<xmin>857</xmin>
			<ymin>416</ymin>
			<xmax>1169</xmax>
			<ymax>723</ymax>
		</bndbox>
	</object>
	<object>
		<name>sp08</name>
		<pose>Unspecified</pose>
		<truncated>0</truncated>
		<difficult>0</difficult>
		<bndbox>
			<xmin>2128</xmin>
			<ymin>2032</ymin>
			<xmax>2402</xmax>
			<ymax>2369</ymax>
		</bndbox>
	</object>
	<object>
		<name>sp08</name>
		<pose>Unspecified</pose>
		<truncated>0</truncated>
		<difficult>0</difficult>
		<bndbox>
			<xmin>145</xmin>
			<ymin>1650</ymin>
			<xmax>390</xmax>
			<ymax>1975</ymax>
		</bndbox>
	</object>
	<object>
		<name>sp08</name>
		<pose>Unspecified</pose>
		<truncated>0</truncated>
		<difficult>0</difficult>
		<bndbox>
			<xmin>748</xmin>
			<ymin>414</ymin>
			<xmax>989</xmax>
			<ymax>710</ymax>
		</bndbox>
	</object>
	<object>
		<name>sp08</name>
		<pose>Unspecified</pose>
		<truncated>0</truncated>
		<difficult>0</difficult>
		<bndbox>
			<xmin>1579</xmin>
			<ymin>1301</ymin>
			<xmax>1882</xmax>
			<ymax>1639</ymax>
		</bndbox>
	</object>
	<object>
		<name>sp08</name>
		<pose>Unspecified</pose>
		<truncated>0</truncated>
		<difficult>0</difficult>
		<bndbox>
			<xmin>1624</xmin>
			<ymin>1759</ymin>
			<xmax>1970</xmax>
			<ymax>2085</ymax>
		</bndbox>
	</object>
	<object>
		<name>sp08</name>
		<pose>Unspecified</pose>
		<truncated>0</truncated>
		<difficult>0</difficult>
		<bndbox>
			<xmin>2049</xmin>
			<ymin>702</ymin>
			<xmax>2297</xmax>
			<ymax>980</ymax>
		</bndbox>
	</object>
	<object>
		<name>sp08</name>
		<pose>Unspecified</pose>
		<truncated>0</truncated>
		<difficult>0</difficult>
		<bndbox>
			<xmin>1810</xmin>
			<ymin>589</ymin>
			<xmax>2051</xmax>
			<ymax>857</ymax>
		</bndbox>
	</object>
	<object>
		<name>sp08</name>
		<pose>Unspecified</pose>
		<truncated>0</truncated>
		<difficult>0</difficult>
		<bndbox>
			<xmin>1117</xmin>
			<ymin>909</ymin>
			<xmax>1404</xmax>
			<ymax>1145</ymax>
		</bndbox>
	</object>
	<object>
		<name>sp08</name>
		<pose>Unspecified</pose>
		<truncated>0</truncated>
		<difficult>0</difficult>
		<bndbox>
			<xmin>502</xmin>
			<ymin>1657</ymin>
			<xmax>786</xmax>
			<ymax>1957</ymax>
		</bndbox>
	</object>
	<object>
		<name>sp08</name>
		<pose>Unspecified</pose>
		<truncated>0</truncated>
		<difficult>0</difficult>
		<bndbox>
			<xmin>1912</xmin>
			<ymin>1288</ymin>
			<xmax>2230</xmax>
			<ymax>1643</ymax>
		</bndbox>
	</object>
	<object>
		<name>sp08</name>
		<pose>Unspecified</pose>
		<truncated>0</truncated>
		<difficult>0</difficult>
		<bndbox>
			<xmin>1079</xmin>
			<ymin>707</ymin>
			<xmax>1248</xmax>
			<ymax>874</ymax>
		</bndbox>
	</object>
	<object>
		<name>sp08</name>
		<pose>Unspecified</pose>
		<truncated>0</truncated>
		<difficult>0</difficult>
		<bndbox>
			<xmin>1726</xmin>
			<ymin>834</ymin>
			<xmax>2006</xmax>
			<ymax>1120</ymax>
		</bndbox>
	</object>
	<object>
		<name>sp08</name>
		<pose>Unspecified</pose>
		<truncated>0</truncated>
		<difficult>0</difficult>
		<bndbox>
			<xmin>529</xmin>
			<ymin>1262</ymin>
			<xmax>815</xmax>
			<ymax>1522</ymax>
		</bndbox>
	</object>
	<object>
		<name>sp08</name>
		<pose>Unspecified</pose>
		<truncated>0</truncated>
		<difficult>0</difficult>
		<bndbox>
			<xmin>1537</xmin>
			<ymin>775</ymin>
			<xmax>1772</xmax>
			<ymax>1019</ymax>
		</bndbox>
	</object>
	<object>
		<name>sp08</name>
		<pose>Unspecified</pose>
		<truncated>0</truncated>
		<difficult>0</difficult>
		<bndbox>
			<xmin>1348</xmin>
			<ymin>1324</ymin>
			<xmax>1633</xmax>
			<ymax>1605</ymax>
		</bndbox>
	</object>
	<object>
		<name>sp08</name>
		<pose>Unspecified</pose>
		<truncated>0</truncated>
		<difficult>0</difficult>
		<bndbox>
			<xmin>1706</xmin>
			<ymin>2055</ymin>
			<xmax>1995</xmax>
			<ymax>2383</ymax>
		</bndbox>
	</object>
	<object>
		<name>sp08</name>
		<pose>Unspecified</pose>
		<truncated>0</truncated>
		<difficult>0</difficult>
		<bndbox>
			<xmin>416</xmin>
			<ymin>2118</ymin>
			<xmax>727</xmax>
			<ymax>2430</ymax>
		</bndbox>
	</object>
	<object>
		<name>sp08</name>
		<pose>Unspecified</pose>
		<truncated>0</truncated>
		<difficult>0</difficult>
		<bndbox>
			<xmin>1317</xmin>
			<ymin>1709</ymin>
			<xmax>1589</xmax>
			<ymax>1969</ymax>
		</bndbox>
	</object>
	<object>
		<name>sp08</name>
		<pose>Unspecified</pose>
		<truncated>0</truncated>
		<difficult>0</difficult>
		<bndbox>
			<xmin>920</xmin>
			<ymin>1642</ymin>
			<xmax>1281</xmax>
			<ymax>1970</ymax>
		</bndbox>
	</object>
	<object>
		<name>sp08</name>
		<pose>Unspecified</pose>
		<truncated>0</truncated>
		<difficult>0</difficult>
		<bndbox>
			<xmin>2097</xmin>
			<ymin>1936</ymin>
			<xmax>2251</xmax>
			<ymax>2125</ymax>
		</bndbox>
	</object>
	<object>
		<name>sp08</name>
		<pose>Unspecified</pose>
		<truncated>0</truncated>
		<difficult>0</difficult>
		<bndbox>
			<xmin>1531</xmin>
			<ymin>1167</ymin>
			<xmax>1822</xmax>
			<ymax>1400</ymax>
		</bndbox>
	</object>
	<object>
		<name>sp08</name>
		<pose>Unspecified</pose>
		<truncated>0</truncated>
		<difficult>0</difficult>
		<bndbox>
			<xmin>672</xmin>
			<ymin>2362</ymin>
			<xmax>835</xmax>
			<ymax>2482</ymax>
		</bndbox>
	</object>
	<object>
		<name>sp08</name>
		<pose>Unspecified</pose>
		<truncated>0</truncated>
		<difficult>0</difficult>
		<bndbox>
			<xmin>817</xmin>
			<ymin>2449</ymin>
			<xmax>958</xmax>
			<ymax>2590</ymax>
		</bndbox>
	</object>
	<object>
		<name>sp08</name>
		<pose>Unspecified</pose>
		<truncated>0</truncated>
		<difficult>0</difficult>
		<bndbox>
			<xmin>871</xmin>
			<ymin>2322</ymin>
			<xmax>1034</xmax>
			<ymax>2445</ymax>
		</bndbox>
	</object>
</annotation>