<annotation>
	<folder>my-project-name</folder>
	<filename>sp08_img02.jpg</filename>
	<path>/my-project-name/sp08_img02.jpg</path>
	<source>
		<database>Unspecified</database>
	</source>
	<size>
		<width>2978</width>
		<height>2986</height>
		<depth>3</depth>
	</size>
	<object>
		<name>sp08</name>
		<pose>Unspecified</pose>
		<truncated>0</truncated>
		<difficult>0</difficult>
		<bndbox>
			<xmin>713</xmin>
			<ymin>942</ymin>
			<xmax>1068</xmax>
			<ymax>1238</ymax>
		</bndbox>
	</object>
	<object>
		<name>sp08</name>
		<pose>Unspecified</pose>
		<truncated>0</truncated>
		<difficult>0</difficult>
		<bndbox>
			<xmin>1301</xmin>
			<ymin>807</ymin>
			<xmax>1655</xmax>
			<ymax>1126</ymax>
		</bndbox>
	</object>
	<object>
		<name>sp08</name>
		<pose>Unspecified</pose>
		<truncated>0</truncated>
		<difficult>0</difficult>
		<bndbox>
			<xmin>1465</xmin>
			<ymin>154</ymin>
			<xmax>1831</xmax>
			<ymax>538</ymax>
		</bndbox>
	</object>
	<object>
		<name>sp08</name>
		<pose>Unspecified</pose>
		<truncated>0</truncated>
		<difficult>0</difficult>
		<bndbox>
			<xmin>572</xmin>
			<ymin>1159</ymin>
			<xmax>880</xmax>
			<ymax>1449</ymax>
		</bndbox>
	</object>
	<object>
		<name>sp08</name>
		<pose>Unspecified</pose>
		<truncated>0</truncated>
		<difficult>0</difficult>
		<bndbox>
			<xmin>831</xmin>
			<ymin>1271</ymin>
			<xmax>1203</xmax>
			<ymax>1620</ymax>
		</bndbox>
	</object>
	<object>
		<name>sp08</name>
		<pose>Unspecified</pose>
		<truncated>0</truncated>
		<difficult>0</difficult>
		<bndbox>
			<xmin>537</xmin>
			<ymin>2317</ymin>
			<xmax>862</xmax>
			<ymax>2666</ymax>
		</bndbox>
	</object>
	<object>
		<name>sp08</name>
		<pose>Unspecified</pose>
		<truncated>0</truncated>
		<difficult>0</difficult>
		<bndbox>
			<xmin>2264</xmin>
			<ymin>1236</ymin>
			<xmax>2559</xmax>
			<ymax>1543</ymax>
		</bndbox>
	</object>
	<object>
		<name>sp08</name>
		<pose>Unspecified</pose>
		<truncated>0</truncated>
		<difficult>0</difficult>
		<bndbox>
			<xmin>2099</xmin>
			<ymin>1371</ymin>
			<xmax>2395</xmax>
			<ymax>1773</ymax>
		</bndbox>
	</object>
	<object>
		<name>sp08</name>
		<pose>Unspecified</pose>
		<truncated>0</truncated>
		<difficult>0</difficult>
		<bndbox>
			<xmin>2258</xmin>
			<ymin>1577</ymin>
			<xmax>2624</xmax>
			<ymax>1949</ymax>
		</bndbox>
	</object>
	<object>
		<name>sp08</name>
		<pose>Unspecified</pose>
		<truncated>0</truncated>
		<difficult>0</difficult>
		<bndbox>
			<xmin>2440</xmin>
			<ymin>666</ymin>
			<xmax>2759</xmax>
			<ymax>1079</ymax>
		</bndbox>
	</object>
	<object>
		<name>sp08</name>
		<pose>Unspecified</pose>
		<truncated>0</truncated>
		<difficult>0</difficult>
		<bndbox>
			<xmin>2311</xmin>
			<ymin>2206</ymin>
			<xmax>2565</xmax>
			<ymax>2501</ymax>
		</bndbox>
	</object>
	<object>
		<name>sp08</name>
		<pose>Unspecified</pose>
		<truncated>0</truncated>
		<difficult>0</difficult>
		<bndbox>
			<xmin>766</xmin>
			<ymin>648</ymin>
			<xmax>1126</xmax>
			<ymax>985</ymax>
		</bndbox>
	</object>
</annotation>