<annotation>
	<folder>my-project-name</folder>
	<filename>sp08_img01.jpg</filename>
	<path>/my-project-name/sp08_img01.jpg</path>
	<source>
		<database>Unspecified</database>
	</source>
	<size>
		<width>2931</width>
		<height>2936</height>
		<depth>3</depth>
	</size>
	<object>
		<name>sp08</name>
		<pose>Unspecified</pose>
		<truncated>0</truncated>
		<difficult>0</difficult>
		<bndbox>
			<xmin>1345</xmin>
			<ymin>198</ymin>
			<xmax>1759</xmax>
			<ymax>549</ymax>
		</bndbox>
	</object>
	<object>
		<name>sp08</name>
		<pose>Unspecified</pose>
		<truncated>0</truncated>
		<difficult>0</difficult>
		<bndbox>
			<xmin>1214</xmin>
			<ymin>773</ymin>
			<xmax>1615</xmax>
			<ymax>1211</ymax>
		</bndbox>
	</object>
	<object>
		<name>sp08</name>
		<pose>Unspecified</pose>
		<truncated>0</truncated>
		<difficult>0</difficult>
		<bndbox>
			<xmin>651</xmin>
			<ymin>660</ymin>
			<xmax>1115</xmax>
			<ymax>1049</ymax>
		</bndbox>
	</object>
	<object>
		<name>sp08</name>
		<pose>Unspecified</pose>
		<truncated>0</truncated>
		<difficult>0</difficult>
		<bndbox>
			<xmin>608</xmin>
			<ymin>916</ymin>
			<xmax>1021</xmax>
			<ymax>1267</ymax>
		</bndbox>
	</object>
	<object>
		<name>sp08</name>
		<pose>Unspecified</pose>
		<truncated>0</truncated>
		<difficult>0</difficult>
		<bndbox>
			<xmin>514</xmin>
			<ymin>1191</ymin>
			<xmax>952</xmax>
			<ymax>1499</ymax>
		</bndbox>
	</object>
	<object>
		<name>sp08</name>
		<pose>Unspecified</pose>
		<truncated>0</truncated>
		<difficult>0</difficult>
		<bndbox>
			<xmin>789</xmin>
			<ymin>1335</ymin>
			<xmax>1140</xmax>
			<ymax>1692</ymax>
		</bndbox>
	</object>
	<object>
		<name>sp08</name>
		<pose>Unspecified</pose>
		<truncated>0</truncated>
		<difficult>0</difficult>
		<bndbox>
			<xmin>2158</xmin>
			<ymin>1235</ymin>
			<xmax>2559</xmax>
			<ymax>1505</ymax>
		</bndbox>
	</object>
	<object>
		<name>sp08</name>
		<pose>Unspecified</pose>
		<truncated>0</truncated>
		<difficult>0</difficult>
		<bndbox>
			<xmin>1995</xmin>
			<ymin>1435</ymin>
			<xmax>2359</xmax>
			<ymax>1692</ymax>
		</bndbox>
	</object>
	<object>
		<name>sp08</name>
		<pose>Unspecified</pose>
		<truncated>0</truncated>
		<difficult>0</difficult>
		<bndbox>
			<xmin>2358</xmin>
			<ymin>635</ymin>
			<xmax>2715</xmax>
			<ymax>1061</ymax>
		</bndbox>
	</object>
	<object>
		<name>sp08</name>
		<pose>Unspecified</pose>
		<truncated>0</truncated>
		<difficult>0</difficult>
		<bndbox>
			<xmin>2220</xmin>
			<ymin>1498</ymin>
			<xmax>2659</xmax>
			<ymax>1892</ymax>
		</bndbox>
	</object>
	<object>
		<name>sp08</name>
		<pose>Unspecified</pose>
		<truncated>0</truncated>
		<difficult>0</difficult>
		<bndbox>
			<xmin>2201</xmin>
			<ymin>2116</ymin>
			<xmax>2602</xmax>
			<ymax>2449</ymax>
		</bndbox>
	</object>
	<object>
		<name>sp08</name>
		<pose>Unspecified</pose>
		<truncated>0</truncated>
		<difficult>0</difficult>
		<bndbox>
			<xmin>576</xmin>
			<ymin>2334</ymin>
			<xmax>898</xmax>
			<ymax>2635</ymax>
		</bndbox>
	</object>
</annotation>