<annotation>
	<folder>my-project-name</folder>
	<filename>sp08_img06.jpg</filename>
	<path>/my-project-name/sp08_img06.jpg</path>
	<source>
		<database>Unspecified</database>
	</source>
	<size>
		<width>2754</width>
		<height>2761</height>
		<depth>3</depth>
	</size>
	<object>
		<name>sp08</name>
		<pose>Unspecified</pose>
		<truncated>0</truncated>
		<difficult>0</difficult>
		<bndbox>
			<xmin>653</xmin>
			<ymin>453</ymin>
			<xmax>971</xmax>
			<ymax>798</ymax>
		</bndbox>
	</object>
	<object>
		<name>sp08</name>
		<pose>Unspecified</pose>
		<truncated>0</truncated>
		<difficult>0</difficult>
		<bndbox>
			<xmin>942</xmin>
			<ymin>129</ymin>
			<xmax>1345</xmax>
			<ymax>491</ymax>
		</bndbox>
	</object>
	<object>
		<name>sp08</name>
		<pose>Unspecified</pose>
		<truncated>0</truncated>
		<difficult>0</difficult>
		<bndbox>
			<xmin>1703</xmin>
			<ymin>688</ymin>
			<xmax>1944</xmax>
			<ymax>1037</ymax>
		</bndbox>
	</object>
	<object>
		<name>sp08</name>
		<pose>Unspecified</pose>
		<truncated>0</truncated>
		<difficult>0</difficult>
		<bndbox>
			<xmin>1825</xmin>
			<ymin>782</ymin>
			<xmax>2052</xmax>
			<ymax>1109</ymax>
		</bndbox>
	</object>
	<object>
		<name>sp08</name>
		<pose>Unspecified</pose>
		<truncated>0</truncated>
		<difficult>0</difficult>
		<bndbox>
			<xmin>2167</xmin>
			<ymin>908</ymin>
			<xmax>2471</xmax>
			<ymax>1226</ymax>
		</bndbox>
	</object>
	<object>
		<name>sp08</name>
		<pose>Unspecified</pose>
		<truncated>0</truncated>
		<difficult>0</difficult>
		<bndbox>
			<xmin>1694</xmin>
			<ymin>1255</ymin>
			<xmax>1971</xmax>
			<ymax>1546</ymax>
		</bndbox>
	</object>
	<object>
		<name>sp08</name>
		<pose>Unspecified</pose>
		<truncated>0</truncated>
		<difficult>0</difficult>
		<bndbox>
			<xmin>1217</xmin>
			<ymin>1485</ymin>
			<xmax>1466</xmax>
			<ymax>1767</ymax>
		</bndbox>
	</object>
	<object>
		<name>sp08</name>
		<pose>Unspecified</pose>
		<truncated>0</truncated>
		<difficult>0</difficult>
		<bndbox>
			<xmin>987</xmin>
			<ymin>1517</ymin>
			<xmax>1210</xmax>
			<ymax>1834</ymax>
		</bndbox>
	</object>
	<object>
		<name>sp08</name>
		<pose>Unspecified</pose>
		<truncated>0</truncated>
		<difficult>0</difficult>
		<bndbox>
			<xmin>829</xmin>
			<ymin>1544</ymin>
			<xmax>1061</xmax>
			<ymax>1789</ymax>
		</bndbox>
	</object>
	<object>
		<name>sp08</name>
		<pose>Unspecified</pose>
		<truncated>0</truncated>
		<difficult>0</difficult>
		<bndbox>
			<xmin>708</xmin>
			<ymin>1395</ymin>
			<xmax>926</xmax>
			<ymax>1641</ymax>
		</bndbox>
	</object>
	<object>
		<name>sp08</name>
		<pose>Unspecified</pose>
		<truncated>0</truncated>
		<difficult>0</difficult>
		<bndbox>
			<xmin>649</xmin>
			<ymin>1566</ymin>
			<xmax>863</xmax>
			<ymax>1776</ymax>
		</bndbox>
	</object>
	<object>
		<name>sp08</name>
		<pose>Unspecified</pose>
		<truncated>0</truncated>
		<difficult>0</difficult>
		<bndbox>
			<xmin>545</xmin>
			<ymin>1449</ymin>
			<xmax>714</xmax>
			<ymax>1677</ymax>
		</bndbox>
	</object>
	<object>
		<name>sp08</name>
		<pose>Unspecified</pose>
		<truncated>0</truncated>
		<difficult>0</difficult>
		<bndbox>
			<xmin>653</xmin>
			<ymin>1715</ymin>
			<xmax>930</xmax>
			<ymax>1970</ymax>
		</bndbox>
	</object>
	<object>
		<name>sp08</name>
		<pose>Unspecified</pose>
		<truncated>0</truncated>
		<difficult>0</difficult>
		<bndbox>
			<xmin>464</xmin>
			<ymin>1355</ymin>
			<xmax>637</xmax>
			<ymax>1537</ymax>
		</bndbox>
	</object>
	<object>
		<name>sp08</name>
		<pose>Unspecified</pose>
		<truncated>0</truncated>
		<difficult>0</difficult>
		<bndbox>
			<xmin>244</xmin>
			<ymin>1201</ymin>
			<xmax>610</xmax>
			<ymax>1465</ymax>
		</bndbox>
	</object>
	<object>
		<name>sp08</name>
		<pose>Unspecified</pose>
		<truncated>0</truncated>
		<difficult>0</difficult>
		<bndbox>
			<xmin>311</xmin>
			<ymin>886</ymin>
			<xmax>646</xmax>
			<ymax>1181</ymax>
		</bndbox>
	</object>
	<object>
		<name>sp08</name>
		<pose>Unspecified</pose>
		<truncated>0</truncated>
		<difficult>0</difficult>
		<bndbox>
			<xmin>1136</xmin>
			<ymin>2251</ymin>
			<xmax>1471</xmax>
			<ymax>2600</ymax>
		</bndbox>
	</object>
</annotation>