<annotation>
	<folder>my-project-name</folder>
	<filename>sp08_img10.jpg</filename>
	<path>/my-project-name/sp08_img10.jpg</path>
	<source>
		<database>Unspecified</database>
	</source>
	<size>
		<width>2722</width>
		<height>2718</height>
		<depth>3</depth>
	</size>
	<object>
		<name>sp08</name>
		<pose>Unspecified</pose>
		<truncated>0</truncated>
		<difficult>0</difficult>
		<bndbox>
			<xmin>684</xmin>
			<ymin>452</ymin>
			<xmax>898</xmax>
			<ymax>696</ymax>
		</bndbox>
	</object>
	<object>
		<name>sp08</name>
		<pose>Unspecified</pose>
		<truncated>0</truncated>
		<difficult>0</difficult>
		<bndbox>
			<xmin>884</xmin>
			<ymin>458</ymin>
			<xmax>1081</xmax>
			<ymax>726</ymax>
		</bndbox>
	</object>
	<object>
		<name>sp08</name>
		<pose>Unspecified</pose>
		<truncated>0</truncated>
		<difficult>0</difficult>
		<bndbox>
			<xmin>674</xmin>
			<ymin>748</ymin>
			<xmax>978</xmax>
			<ymax>1076</ymax>
		</bndbox>
	</object>
	<object>
		<name>sp08</name>
		<pose>Unspecified</pose>
		<truncated>0</truncated>
		<difficult>0</difficult>
		<bndbox>
			<xmin>1394</xmin>
			<ymin>295</ymin>
			<xmax>1751</xmax>
			<ymax>573</ymax>
		</bndbox>
	</object>
	<object>
		<name>sp08</name>
		<pose>Unspecified</pose>
		<truncated>0</truncated>
		<difficult>0</difficult>
		<bndbox>
			<xmin>510</xmin>
			<ymin>1268</ymin>
			<xmax>808</xmax>
			<ymax>1569</ymax>
		</bndbox>
	</object>
	<object>
		<name>sp08</name>
		<pose>Unspecified</pose>
		<truncated>0</truncated>
		<difficult>0</difficult>
		<bndbox>
			<xmin>294</xmin>
			<ymin>1332</ymin>
			<xmax>558</xmax>
			<ymax>1633</ymax>
		</bndbox>
	</object>
	<object>
		<name>sp08</name>
		<pose>Unspecified</pose>
		<truncated>0</truncated>
		<difficult>0</difficult>
		<bndbox>
			<xmin>127</xmin>
			<ymin>1642</ymin>
			<xmax>411</xmax>
			<ymax>1983</ymax>
		</bndbox>
	</object>
	<object>
		<name>sp08</name>
		<pose>Unspecified</pose>
		<truncated>0</truncated>
		<difficult>0</difficult>
		<bndbox>
			<xmin>530</xmin>
			<ymin>1662</ymin>
			<xmax>765</xmax>
			<ymax>1939</ymax>
		</bndbox>
	</object>
	<object>
		<name>sp08</name>
		<pose>Unspecified</pose>
		<truncated>0</truncated>
		<difficult>0</difficult>
		<bndbox>
			<xmin>724</xmin>
			<ymin>1698</ymin>
			<xmax>888</xmax>
			<ymax>1909</ymax>
		</bndbox>
	</object>
	<object>
		<name>sp08</name>
		<pose>Unspecified</pose>
		<truncated>0</truncated>
		<difficult>0</difficult>
		<bndbox>
			<xmin>857</xmin>
			<ymin>1745</ymin>
			<xmax>991</xmax>
			<ymax>1956</ymax>
		</bndbox>
	</object>
	<object>
		<name>sp08</name>
		<pose>Unspecified</pose>
		<truncated>0</truncated>
		<difficult>0</difficult>
		<bndbox>
			<xmin>937</xmin>
			<ymin>1658</ymin>
			<xmax>1111</xmax>
			<ymax>1869</ymax>
		</bndbox>
	</object>
	<object>
		<name>sp08</name>
		<pose>Unspecified</pose>
		<truncated>0</truncated>
		<difficult>0</difficult>
		<bndbox>
			<xmin>1037</xmin>
			<ymin>1752</ymin>
			<xmax>1225</xmax>
			<ymax>1963</ymax>
		</bndbox>
	</object>
	<object>
		<name>sp08</name>
		<pose>Unspecified</pose>
		<truncated>0</truncated>
		<difficult>0</difficult>
		<bndbox>
			<xmin>937</xmin>
			<ymin>1125</ymin>
			<xmax>1151</xmax>
			<ymax>1396</ymax>
		</bndbox>
	</object>
	<object>
		<name>sp08</name>
		<pose>Unspecified</pose>
		<truncated>0</truncated>
		<difficult>0</difficult>
		<bndbox>
			<xmin>1097</xmin>
			<ymin>1082</ymin>
			<xmax>1335</xmax>
			<ymax>1376</ymax>
		</bndbox>
	</object>
	<object>
		<name>sp08</name>
		<pose>Unspecified</pose>
		<truncated>0</truncated>
		<difficult>0</difficult>
		<bndbox>
			<xmin>1070</xmin>
			<ymin>895</ymin>
			<xmax>1195</xmax>
			<ymax>1103</ymax>
		</bndbox>
	</object>
	<object>
		<name>sp08</name>
		<pose>Unspecified</pose>
		<truncated>0</truncated>
		<difficult>0</difficult>
		<bndbox>
			<xmin>1174</xmin>
			<ymin>968</ymin>
			<xmax>1341</xmax>
			<ymax>1086</ymax>
		</bndbox>
	</object>
	<object>
		<name>sp08</name>
		<pose>Unspecified</pose>
		<truncated>0</truncated>
		<difficult>0</difficult>
		<bndbox>
			<xmin>1094</xmin>
			<ymin>632</ymin>
			<xmax>1321</xmax>
			<ymax>856</ymax>
		</bndbox>
	</object>
	<object>
		<name>sp08</name>
		<pose>Unspecified</pose>
		<truncated>0</truncated>
		<difficult>0</difficult>
		<bndbox>
			<xmin>1214</xmin>
			<ymin>492</ymin>
			<xmax>1385</xmax>
			<ymax>729</ymax>
		</bndbox>
	</object>
	<object>
		<name>sp08</name>
		<pose>Unspecified</pose>
		<truncated>0</truncated>
		<difficult>0</difficult>
		<bndbox>
			<xmin>1377</xmin>
			<ymin>622</ymin>
			<xmax>1498</xmax>
			<ymax>749</ymax>
		</bndbox>
	</object>
	<object>
		<name>sp08</name>
		<pose>Unspecified</pose>
		<truncated>0</truncated>
		<difficult>0</difficult>
		<bndbox>
			<xmin>1490</xmin>
			<ymin>708</ymin>
			<xmax>1638</xmax>
			<ymax>799</ymax>
		</bndbox>
	</object>
	<object>
		<name>sp08</name>
		<pose>Unspecified</pose>
		<truncated>0</truncated>
		<difficult>0</difficult>
		<bndbox>
			<xmin>1480</xmin>
			<ymin>582</ymin>
			<xmax>1585</xmax>
			<ymax>719</ymax>
		</bndbox>
	</object>
	<object>
		<name>sp08</name>
		<pose>Unspecified</pose>
		<truncated>0</truncated>
		<difficult>0</difficult>
		<bndbox>
			<xmin>1620</xmin>
			<ymin>568</ymin>
			<xmax>1728</xmax>
			<ymax>736</ymax>
		</bndbox>
	</object>
	<object>
		<name>sp08</name>
		<pose>Unspecified</pose>
		<truncated>0</truncated>
		<difficult>0</difficult>
		<bndbox>
			<xmin>1270</xmin>
			<ymin>788</ymin>
			<xmax>1485</xmax>
			<ymax>966</ymax>
		</bndbox>
	</object>
	<object>
		<name>sp08</name>
		<pose>Unspecified</pose>
		<truncated>0</truncated>
		<difficult>0</difficult>
		<bndbox>
			<xmin>1477</xmin>
			<ymin>808</ymin>
			<xmax>1631</xmax>
			<ymax>966</ymax>
		</bndbox>
	</object>
	<object>
		<name>sp08</name>
		<pose>Unspecified</pose>
		<truncated>0</truncated>
		<difficult>0</difficult>
		<bndbox>
			<xmin>1480</xmin>
			<ymin>1172</ymin>
			<xmax>1728</xmax>
			<ymax>1353</ymax>
		</bndbox>
	</object>
	<object>
		<name>sp08</name>
		<pose>Unspecified</pose>
		<truncated>0</truncated>
		<difficult>0</difficult>
		<bndbox>
			<xmin>1367</xmin>
			<ymin>1375</ymin>
			<xmax>1551</xmax>
			<ymax>1553</ymax>
		</bndbox>
	</object>
	<object>
		<name>sp08</name>
		<pose>Unspecified</pose>
		<truncated>0</truncated>
		<difficult>0</difficult>
		<bndbox>
			<xmin>1284</xmin>
			<ymin>1535</ymin>
			<xmax>1445</xmax>
			<ymax>1703</ymax>
		</bndbox>
	</object>
	<object>
		<name>sp08</name>
		<pose>Unspecified</pose>
		<truncated>0</truncated>
		<difficult>0</difficult>
		<bndbox>
			<xmin>1067</xmin>
			<ymin>1408</ymin>
			<xmax>1311</xmax>
			<ymax>1669</ymax>
		</bndbox>
	</object>
	<object>
		<name>sp08</name>
		<pose>Unspecified</pose>
		<truncated>0</truncated>
		<difficult>0</difficult>
		<bndbox>
			<xmin>1320</xmin>
			<ymin>1705</ymin>
			<xmax>1535</xmax>
			<ymax>1886</ymax>
		</bndbox>
	</object>
	<object>
		<name>sp08</name>
		<pose>Unspecified</pose>
		<truncated>0</truncated>
		<difficult>0</difficult>
		<bndbox>
			<xmin>1490</xmin>
			<ymin>1658</ymin>
			<xmax>1638</xmax>
			<ymax>1846</ymax>
		</bndbox>
	</object>
	<object>
		<name>sp08</name>
		<pose>Unspecified</pose>
		<truncated>0</truncated>
		<difficult>0</difficult>
		<bndbox>
			<xmin>1000</xmin>
			<ymin>1955</ymin>
			<xmax>1211</xmax>
			<ymax>2206</ymax>
		</bndbox>
	</object>
	<object>
		<name>sp08</name>
		<pose>Unspecified</pose>
		<truncated>0</truncated>
		<difficult>0</difficult>
		<bndbox>
			<xmin>477</xmin>
			<ymin>2115</ymin>
			<xmax>735</xmax>
			<ymax>2323</ymax>
		</bndbox>
	</object>
	<object>
		<name>sp08</name>
		<pose>Unspecified</pose>
		<truncated>0</truncated>
		<difficult>0</difficult>
		<bndbox>
			<xmin>1554</xmin>
			<ymin>1735</ymin>
			<xmax>1718</xmax>
			<ymax>1979</ymax>
		</bndbox>
	</object>
	<object>
		<name>sp08</name>
		<pose>Unspecified</pose>
		<truncated>0</truncated>
		<difficult>0</difficult>
		<bndbox>
			<xmin>1717</xmin>
			<ymin>1778</ymin>
			<xmax>1928</xmax>
			<ymax>2026</ymax>
		</bndbox>
	</object>
	<object>
		<name>sp08</name>
		<pose>Unspecified</pose>
		<truncated>0</truncated>
		<difficult>0</difficult>
		<bndbox>
			<xmin>1570</xmin>
			<ymin>1348</ymin>
			<xmax>1868</xmax>
			<ymax>1595</ymax>
		</bndbox>
	</object>
	<object>
		<name>sp08</name>
		<pose>Unspecified</pose>
		<truncated>0</truncated>
		<difficult>0</difficult>
		<bndbox>
			<xmin>1724</xmin>
			<ymin>1102</ymin>
			<xmax>1958</xmax>
			<ymax>1359</ymax>
		</bndbox>
	</object>
	<object>
		<name>sp08</name>
		<pose>Unspecified</pose>
		<truncated>0</truncated>
		<difficult>0</difficult>
		<bndbox>
			<xmin>1697</xmin>
			<ymin>812</ymin>
			<xmax>1878</xmax>
			<ymax>1066</ymax>
		</bndbox>
	</object>
	<object>
		<name>sp08</name>
		<pose>Unspecified</pose>
		<truncated>0</truncated>
		<difficult>0</difficult>
		<bndbox>
			<xmin>1760</xmin>
			<ymin>555</ymin>
			<xmax>1908</xmax>
			<ymax>829</ymax>
		</bndbox>
	</object>
	<object>
		<name>sp08</name>
		<pose>Unspecified</pose>
		<truncated>0</truncated>
		<difficult>0</difficult>
		<bndbox>
			<xmin>1894</xmin>
			<ymin>592</ymin>
			<xmax>2031</xmax>
			<ymax>906</ymax>
		</bndbox>
	</object>
	<object>
		<name>sp08</name>
		<pose>Unspecified</pose>
		<truncated>0</truncated>
		<difficult>0</difficult>
		<bndbox>
			<xmin>2017</xmin>
			<ymin>655</ymin>
			<xmax>2208</xmax>
			<ymax>986</ymax>
		</bndbox>
	</object>
	<object>
		<name>sp08</name>
		<pose>Unspecified</pose>
		<truncated>0</truncated>
		<difficult>0</difficult>
		<bndbox>
			<xmin>1867</xmin>
			<ymin>888</ymin>
			<xmax>2138</xmax>
			<ymax>1166</ymax>
		</bndbox>
	</object>
	<object>
		<name>sp08</name>
		<pose>Unspecified</pose>
		<truncated>0</truncated>
		<difficult>0</difficult>
		<bndbox>
			<xmin>2094</xmin>
			<ymin>1045</ymin>
			<xmax>2405</xmax>
			<ymax>1403</ymax>
		</bndbox>
	</object>
	<object>
		<name>sp08</name>
		<pose>Unspecified</pose>
		<truncated>0</truncated>
		<difficult>0</difficult>
		<bndbox>
			<xmin>2117</xmin>
			<ymin>1375</ymin>
			<xmax>2434</xmax>
			<ymax>1786</ymax>
		</bndbox>
	</object>
	<object>
		<name>sp08</name>
		<pose>Unspecified</pose>
		<truncated>0</truncated>
		<difficult>0</difficult>
		<bndbox>
			<xmin>1907</xmin>
			<ymin>1338</ymin>
			<xmax>2155</xmax>
			<ymax>1603</ymax>
		</bndbox>
	</object>
	<object>
		<name>sp08</name>
		<pose>Unspecified</pose>
		<truncated>0</truncated>
		<difficult>0</difficult>
		<bndbox>
			<xmin>1927</xmin>
			<ymin>1248</ymin>
			<xmax>2108</xmax>
			<ymax>1456</ymax>
		</bndbox>
	</object>
	<object>
		<name>sp08</name>
		<pose>Unspecified</pose>
		<truncated>0</truncated>
		<difficult>0</difficult>
		<bndbox>
			<xmin>824</xmin>
			<ymin>2278</ymin>
			<xmax>1081</xmax>
			<ymax>2469</ymax>
		</bndbox>
	</object>
	<object>
		<name>sp08</name>
		<pose>Unspecified</pose>
		<truncated>0</truncated>
		<difficult>0</difficult>
		<bndbox>
			<xmin>1024</xmin>
			<ymin>2345</ymin>
			<xmax>1231</xmax>
			<ymax>2473</ymax>
		</bndbox>
	</object>
	<object>
		<name>sp08</name>
		<pose>Unspecified</pose>
		<truncated>0</truncated>
		<difficult>0</difficult>
		<bndbox>
			<xmin>1367</xmin>
			<ymin>2065</ymin>
			<xmax>1565</xmax>
			<ymax>2263</ymax>
		</bndbox>
	</object>
	<object>
		<name>sp08</name>
		<pose>Unspecified</pose>
		<truncated>0</truncated>
		<difficult>0</difficult>
		<bndbox>
			<xmin>1727</xmin>
			<ymin>2028</ymin>
			<xmax>1988</xmax>
			<ymax>2309</ymax>
		</bndbox>
	</object>
	<object>
		<name>sp08</name>
		<pose>Unspecified</pose>
		<truncated>0</truncated>
		<difficult>0</difficult>
		<bndbox>
			<xmin>2097</xmin>
			<ymin>2012</ymin>
			<xmax>2375</xmax>
			<ymax>2219</ymax>
		</bndbox>
	</object>
	<object>
		<name>sp08</name>
		<pose>Unspecified</pose>
		<truncated>0</truncated>
		<difficult>0</difficult>
		<bndbox>
			<xmin>1160</xmin>
			<ymin>2252</ymin>
			<xmax>1295</xmax>
			<ymax>2389</ymax>
		</bndbox>
	</object>
	<object>
		<name>sp08</name>
		<pose>Unspecified</pose>
		<truncated>0</truncated>
		<difficult>0</difficult>
		<bndbox>
			<xmin>1244</xmin>
			<ymin>2322</ymin>
			<xmax>1348</xmax>
			<ymax>2453</ymax>
		</bndbox>
	</object>
	<object>
		<name>sp08</name>
		<pose>Unspecified</pose>
		<truncated>0</truncated>
		<difficult>0</difficult>
		<bndbox>
			<xmin>1337</xmin>
			<ymin>2255</ymin>
			<xmax>1465</xmax>
			<ymax>2393</ymax>
		</bndbox>
	</object>
	<object>
		<name>sp08</name>
		<pose>Unspecified</pose>
		<truncated>0</truncated>
		<difficult>0</difficult>
		<bndbox>
			<xmin>1294</xmin>
			<ymin>2382</ymin>
			<xmax>1468</xmax>
			<ymax>2519</ymax>
		</bndbox>
	</object>
	<object>
		<name>sp08</name>
		<pose>Unspecified</pose>
		<truncated>0</truncated>
		<difficult>0</difficult>
		<bndbox>
			<xmin>1440</xmin>
			<ymin>2365</ymin>
			<xmax>1625</xmax>
			<ymax>2509</ymax>
		</bndbox>
	</object>
	<object>
		<name>sp08</name>
		<pose>Unspecified</pose>
		<truncated>0</truncated>
		<difficult>0</difficult>
		<bndbox>
			<xmin>1600</xmin>
			<ymin>2382</ymin>
			<xmax>1718</xmax>
			<ymax>2466</ymax>
		</bndbox>
	</object>
	<object>
		<name>sp08</name>
		<pose>Unspecified</pose>
		<truncated>0</truncated>
		<difficult>0</difficult>
		<bndbox>
			<xmin>1704</xmin>
			<ymin>2358</ymin>
			<xmax>1871</xmax>
			<ymax>2433</ymax>
		</bndbox>
	</object>
</annotation>