<annotation>
	<folder>my-project-name</folder>
	<filename>sp09_img05.jpg</filename>
	<path>/my-project-name/sp09_img05.jpg</path>
	<source>
		<database>Unspecified</database>
	</source>
	<size>
		<width>2813</width>
		<height>2815</height>
		<depth>3</depth>
	</size>
	<object>
		<name>sp09</name>
		<pose>Unspecified</pose>
		<truncated>0</truncated>
		<difficult>0</difficult>
		<bndbox>
			<xmin>373</xmin>
			<ymin>981</ymin>
			<xmax>413</xmax>
			<ymax>1018</ymax>
		</bndbox>
	</object>
	<object>
		<name>sp09</name>
		<pose>Unspecified</pose>
		<truncated>0</truncated>
		<difficult>0</difficult>
		<bndbox>
			<xmin>954</xmin>
			<ymin>955</ymin>
			<xmax>989</xmax>
			<ymax>993</ymax>
		</bndbox>
	</object>
	<object>
		<name>sp09</name>
		<pose>Unspecified</pose>
		<truncated>0</truncated>
		<difficult>0</difficult>
		<bndbox>
			<xmin>1115</xmin>
			<ymin>894</ymin>
			<xmax>1147</xmax>
			<ymax>934</ymax>
		</bndbox>
	</object>
	<object>
		<name>sp09</name>
		<pose>Unspecified</pose>
		<truncated>0</truncated>
		<difficult>0</difficult>
		<bndbox>
			<xmin>1185</xmin>
			<ymin>562</ymin>
			<xmax>1219</xmax>
			<ymax>601</ymax>
		</bndbox>
	</object>
	<object>
		<name>sp09</name>
		<pose>Unspecified</pose>
		<truncated>0</truncated>
		<difficult>0</difficult>
		<bndbox>
			<xmin>1226</xmin>
			<ymin>426</ymin>
			<xmax>1264</xmax>
			<ymax>463</ymax>
		</bndbox>
	</object>
	<object>
		<name>sp09</name>
		<pose>Unspecified</pose>
		<truncated>0</truncated>
		<difficult>0</difficult>
		<bndbox>
			<xmin>1220</xmin>
			<ymin>969</ymin>
			<xmax>1247</xmax>
			<ymax>1008</ymax>
		</bndbox>
	</object>
	<object>
		<name>sp09</name>
		<pose>Unspecified</pose>
		<truncated>0</truncated>
		<difficult>0</difficult>
		<bndbox>
			<xmin>908</xmin>
			<ymin>1248</ymin>
			<xmax>944</xmax>
			<ymax>1280</ymax>
		</bndbox>
	</object>
	<object>
		<name>sp09</name>
		<pose>Unspecified</pose>
		<truncated>0</truncated>
		<difficult>0</difficult>
		<bndbox>
			<xmin>853</xmin>
			<ymin>1302</ymin>
			<xmax>883</xmax>
			<ymax>1334</ymax>
		</bndbox>
	</object>
	<object>
		<name>sp09</name>
		<pose>Unspecified</pose>
		<truncated>0</truncated>
		<difficult>0</difficult>
		<bndbox>
			<xmin>1202</xmin>
			<ymin>1368</ymin>
			<xmax>1242</xmax>
			<ymax>1411</ymax>
		</bndbox>
	</object>
	<object>
		<name>sp09</name>
		<pose>Unspecified</pose>
		<truncated>0</truncated>
		<difficult>0</difficult>
		<bndbox>
			<xmin>1246</xmin>
			<ymin>986</ymin>
			<xmax>1277</xmax>
			<ymax>1019</ymax>
		</bndbox>
	</object>
	<object>
		<name>sp09</name>
		<pose>Unspecified</pose>
		<truncated>0</truncated>
		<difficult>0</difficult>
		<bndbox>
			<xmin>1276</xmin>
			<ymin>1002</ymin>
			<xmax>1308</xmax>
			<ymax>1039</ymax>
		</bndbox>
	</object>
	<object>
		<name>sp09</name>
		<pose>Unspecified</pose>
		<truncated>0</truncated>
		<difficult>0</difficult>
		<bndbox>
			<xmin>1321</xmin>
			<ymin>1030</ymin>
			<xmax>1360</xmax>
			<ymax>1067</ymax>
		</bndbox>
	</object>
	<object>
		<name>sp09</name>
		<pose>Unspecified</pose>
		<truncated>0</truncated>
		<difficult>0</difficult>
		<bndbox>
			<xmin>1482</xmin>
			<ymin>1135</ymin>
			<xmax>1511</xmax>
			<ymax>1160</ymax>
		</bndbox>
	</object>
	<object>
		<name>sp09</name>
		<pose>Unspecified</pose>
		<truncated>0</truncated>
		<difficult>0</difficult>
		<bndbox>
			<xmin>1667</xmin>
			<ymin>1078</ymin>
			<xmax>1708</xmax>
			<ymax>1120</ymax>
		</bndbox>
	</object>
	<object>
		<name>sp09</name>
		<pose>Unspecified</pose>
		<truncated>0</truncated>
		<difficult>0</difficult>
		<bndbox>
			<xmin>1618</xmin>
			<ymin>723</ymin>
			<xmax>1647</xmax>
			<ymax>752</ymax>
		</bndbox>
	</object>
	<object>
		<name>sp09</name>
		<pose>Unspecified</pose>
		<truncated>0</truncated>
		<difficult>0</difficult>
		<bndbox>
			<xmin>1713</xmin>
			<ymin>750</ymin>
			<xmax>1750</xmax>
			<ymax>788</ymax>
		</bndbox>
	</object>
	<object>
		<name>sp09</name>
		<pose>Unspecified</pose>
		<truncated>0</truncated>
		<difficult>0</difficult>
		<bndbox>
			<xmin>1769</xmin>
			<ymin>705</ymin>
			<xmax>1803</xmax>
			<ymax>744</ymax>
		</bndbox>
	</object>
	<object>
		<name>sp09</name>
		<pose>Unspecified</pose>
		<truncated>0</truncated>
		<difficult>0</difficult>
		<bndbox>
			<xmin>1772</xmin>
			<ymin>1101</ymin>
			<xmax>1814</xmax>
			<ymax>1136</ymax>
		</bndbox>
	</object>
	<object>
		<name>sp09</name>
		<pose>Unspecified</pose>
		<truncated>0</truncated>
		<difficult>0</difficult>
		<bndbox>
			<xmin>1558</xmin>
			<ymin>1190</ymin>
			<xmax>1596</xmax>
			<ymax>1228</ymax>
		</bndbox>
	</object>
	<object>
		<name>sp09</name>
		<pose>Unspecified</pose>
		<truncated>0</truncated>
		<difficult>0</difficult>
		<bndbox>
			<xmin>1671</xmin>
			<ymin>1237</ymin>
			<xmax>1703</xmax>
			<ymax>1267</ymax>
		</bndbox>
	</object>
	<object>
		<name>sp09</name>
		<pose>Unspecified</pose>
		<truncated>0</truncated>
		<difficult>0</difficult>
		<bndbox>
			<xmin>1649</xmin>
			<ymin>1264</ymin>
			<xmax>1677</xmax>
			<ymax>1292</ymax>
		</bndbox>
	</object>
	<object>
		<name>sp09</name>
		<pose>Unspecified</pose>
		<truncated>0</truncated>
		<difficult>0</difficult>
		<bndbox>
			<xmin>1505</xmin>
			<ymin>1159</ymin>
			<xmax>1545</xmax>
			<ymax>1189</ymax>
		</bndbox>
	</object>
	<object>
		<name>sp09</name>
		<pose>Unspecified</pose>
		<truncated>0</truncated>
		<difficult>0</difficult>
		<bndbox>
			<xmin>2228</xmin>
			<ymin>1279</ymin>
			<xmax>2269</xmax>
			<ymax>1321</ymax>
		</bndbox>
	</object>
	<object>
		<name>sp09</name>
		<pose>Unspecified</pose>
		<truncated>0</truncated>
		<difficult>0</difficult>
		<bndbox>
			<xmin>1896</xmin>
			<ymin>1003</ymin>
			<xmax>1944</xmax>
			<ymax>1042</ymax>
		</bndbox>
	</object>
	<object>
		<name>sp09</name>
		<pose>Unspecified</pose>
		<truncated>0</truncated>
		<difficult>0</difficult>
		<bndbox>
			<xmin>1954</xmin>
			<ymin>610</ymin>
			<xmax>1987</xmax>
			<ymax>644</ymax>
		</bndbox>
	</object>
	<object>
		<name>sp09</name>
		<pose>Unspecified</pose>
		<truncated>0</truncated>
		<difficult>0</difficult>
		<bndbox>
			<xmin>2085</xmin>
			<ymin>483</ymin>
			<xmax>2131</xmax>
			<ymax>522</ymax>
		</bndbox>
	</object>
	<object>
		<name>sp09</name>
		<pose>Unspecified</pose>
		<truncated>0</truncated>
		<difficult>0</difficult>
		<bndbox>
			<xmin>1985</xmin>
			<ymin>350</ymin>
			<xmax>2024</xmax>
			<ymax>391</ymax>
		</bndbox>
	</object>
	<object>
		<name>sp09</name>
		<pose>Unspecified</pose>
		<truncated>0</truncated>
		<difficult>0</difficult>
		<bndbox>
			<xmin>2033</xmin>
			<ymin>681</ymin>
			<xmax>2065</xmax>
			<ymax>714</ymax>
		</bndbox>
	</object>
	<object>
		<name>sp09</name>
		<pose>Unspecified</pose>
		<truncated>0</truncated>
		<difficult>0</difficult>
		<bndbox>
			<xmin>2065</xmin>
			<ymin>670</ymin>
			<xmax>2092</xmax>
			<ymax>700</ymax>
		</bndbox>
	</object>
	<object>
		<name>sp09</name>
		<pose>Unspecified</pose>
		<truncated>0</truncated>
		<difficult>0</difficult>
		<bndbox>
			<xmin>2186</xmin>
			<ymin>600</ymin>
			<xmax>2222</xmax>
			<ymax>639</ymax>
		</bndbox>
	</object>
	<object>
		<name>sp09</name>
		<pose>Unspecified</pose>
		<truncated>0</truncated>
		<difficult>0</difficult>
		<bndbox>
			<xmin>2121</xmin>
			<ymin>667</ymin>
			<xmax>2158</xmax>
			<ymax>706</ymax>
		</bndbox>
	</object>
	<object>
		<name>sp09</name>
		<pose>Unspecified</pose>
		<truncated>0</truncated>
		<difficult>0</difficult>
		<bndbox>
			<xmin>2205</xmin>
			<ymin>645</ymin>
			<xmax>2242</xmax>
			<ymax>682</ymax>
		</bndbox>
	</object>
	<object>
		<name>sp09</name>
		<pose>Unspecified</pose>
		<truncated>0</truncated>
		<difficult>0</difficult>
		<bndbox>
			<xmin>2262</xmin>
			<ymin>675</ymin>
			<xmax>2298</xmax>
			<ymax>713</ymax>
		</bndbox>
	</object>
	<object>
		<name>sp09</name>
		<pose>Unspecified</pose>
		<truncated>0</truncated>
		<difficult>0</difficult>
		<bndbox>
			<xmin>2220</xmin>
			<ymin>698</ymin>
			<xmax>2251</xmax>
			<ymax>732</ymax>
		</bndbox>
	</object>
	<object>
		<name>sp09</name>
		<pose>Unspecified</pose>
		<truncated>0</truncated>
		<difficult>0</difficult>
		<bndbox>
			<xmin>2421</xmin>
			<ymin>783</ymin>
			<xmax>2453</xmax>
			<ymax>806</ymax>
		</bndbox>
	</object>
	<object>
		<name>sp09</name>
		<pose>Unspecified</pose>
		<truncated>0</truncated>
		<difficult>0</difficult>
		<bndbox>
			<xmin>2345</xmin>
			<ymin>802</ymin>
			<xmax>2371</xmax>
			<ymax>828</ymax>
		</bndbox>
	</object>
	<object>
		<name>sp09</name>
		<pose>Unspecified</pose>
		<truncated>0</truncated>
		<difficult>0</difficult>
		<bndbox>
			<xmin>2343</xmin>
			<ymin>837</ymin>
			<xmax>2377</xmax>
			<ymax>873</ymax>
		</bndbox>
	</object>
	<object>
		<name>sp09</name>
		<pose>Unspecified</pose>
		<truncated>0</truncated>
		<difficult>0</difficult>
		<bndbox>
			<xmin>2490</xmin>
			<ymin>854</ymin>
			<xmax>2527</xmax>
			<ymax>890</ymax>
		</bndbox>
	</object>
	<object>
		<name>sp09</name>
		<pose>Unspecified</pose>
		<truncated>0</truncated>
		<difficult>0</difficult>
		<bndbox>
			<xmin>2588</xmin>
			<ymin>937</ymin>
			<xmax>2621</xmax>
			<ymax>969</ymax>
		</bndbox>
	</object>
	<object>
		<name>sp09</name>
		<pose>Unspecified</pose>
		<truncated>0</truncated>
		<difficult>0</difficult>
		<bndbox>
			<xmin>2547</xmin>
			<ymin>981</ymin>
			<xmax>2582</xmax>
			<ymax>1014</ymax>
		</bndbox>
	</object>
	<object>
		<name>sp09</name>
		<pose>Unspecified</pose>
		<truncated>0</truncated>
		<difficult>0</difficult>
		<bndbox>
			<xmin>2536</xmin>
			<ymin>941</ymin>
			<xmax>2569</xmax>
			<ymax>969</ymax>
		</bndbox>
	</object>
	<object>
		<name>sp09</name>
		<pose>Unspecified</pose>
		<truncated>0</truncated>
		<difficult>0</difficult>
		<bndbox>
			<xmin>2551</xmin>
			<ymin>903</ymin>
			<xmax>2587</xmax>
			<ymax>929</ymax>
		</bndbox>
	</object>
	<object>
		<name>sp09</name>
		<pose>Unspecified</pose>
		<truncated>0</truncated>
		<difficult>0</difficult>
		<bndbox>
			<xmin>2537</xmin>
			<ymin>916</ymin>
			<xmax>2570</xmax>
			<ymax>942</ymax>
		</bndbox>
	</object>
	<object>
		<name>sp09</name>
		<pose>Unspecified</pose>
		<truncated>0</truncated>
		<difficult>0</difficult>
		<bndbox>
			<xmin>1890</xmin>
			<ymin>1526</ymin>
			<xmax>1931</xmax>
			<ymax>1566</ymax>
		</bndbox>
	</object>
	<object>
		<name>sp09</name>
		<pose>Unspecified</pose>
		<truncated>0</truncated>
		<difficult>0</difficult>
		<bndbox>
			<xmin>1750</xmin>
			<ymin>1565</ymin>
			<xmax>1786</xmax>
			<ymax>1599</ymax>
		</bndbox>
	</object>
	<object>
		<name>sp09</name>
		<pose>Unspecified</pose>
		<truncated>0</truncated>
		<difficult>0</difficult>
		<bndbox>
			<xmin>1531</xmin>
			<ymin>1536</ymin>
			<xmax>1577</xmax>
			<ymax>1583</ymax>
		</bndbox>
	</object>
	<object>
		<name>sp09</name>
		<pose>Unspecified</pose>
		<truncated>0</truncated>
		<difficult>0</difficult>
		<bndbox>
			<xmin>1455</xmin>
			<ymin>1634</ymin>
			<xmax>1491</xmax>
			<ymax>1676</ymax>
		</bndbox>
	</object>
	<object>
		<name>sp09</name>
		<pose>Unspecified</pose>
		<truncated>0</truncated>
		<difficult>0</difficult>
		<bndbox>
			<xmin>1341</xmin>
			<ymin>1695</ymin>
			<xmax>1380</xmax>
			<ymax>1725</ymax>
		</bndbox>
	</object>
	<object>
		<name>sp09</name>
		<pose>Unspecified</pose>
		<truncated>0</truncated>
		<difficult>0</difficult>
		<bndbox>
			<xmin>2579</xmin>
			<ymin>1869</ymin>
			<xmax>2624</xmax>
			<ymax>1910</ymax>
		</bndbox>
	</object>
	<object>
		<name>sp09</name>
		<pose>Unspecified</pose>
		<truncated>0</truncated>
		<difficult>0</difficult>
		<bndbox>
			<xmin>2558</xmin>
			<ymin>1961</ymin>
			<xmax>2596</xmax>
			<ymax>1996</ymax>
		</bndbox>
	</object>
	<object>
		<name>sp09</name>
		<pose>Unspecified</pose>
		<truncated>0</truncated>
		<difficult>0</difficult>
		<bndbox>
			<xmin>1837</xmin>
			<ymin>1924</ymin>
			<xmax>1875</xmax>
			<ymax>1966</ymax>
		</bndbox>
	</object>
	<object>
		<name>sp09</name>
		<pose>Unspecified</pose>
		<truncated>0</truncated>
		<difficult>0</difficult>
		<bndbox>
			<xmin>1639</xmin>
			<ymin>1953</ymin>
			<xmax>1671</xmax>
			<ymax>1989</ymax>
		</bndbox>
	</object>
	<object>
		<name>sp09</name>
		<pose>Unspecified</pose>
		<truncated>0</truncated>
		<difficult>0</difficult>
		<bndbox>
			<xmin>1614</xmin>
			<ymin>1919</ymin>
			<xmax>1648</xmax>
			<ymax>1953</ymax>
		</bndbox>
	</object>
	<object>
		<name>sp09</name>
		<pose>Unspecified</pose>
		<truncated>0</truncated>
		<difficult>0</difficult>
		<bndbox>
			<xmin>1375</xmin>
			<ymin>1867</ymin>
			<xmax>1408</xmax>
			<ymax>1904</ymax>
		</bndbox>
	</object>
	<object>
		<name>sp09</name>
		<pose>Unspecified</pose>
		<truncated>0</truncated>
		<difficult>0</difficult>
		<bndbox>
			<xmin>1331</xmin>
			<ymin>1899</ymin>
			<xmax>1360</xmax>
			<ymax>1938</ymax>
		</bndbox>
	</object>
	<object>
		<name>sp09</name>
		<pose>Unspecified</pose>
		<truncated>0</truncated>
		<difficult>0</difficult>
		<bndbox>
			<xmin>1275</xmin>
			<ymin>1878</ymin>
			<xmax>1317</xmax>
			<ymax>1914</ymax>
		</bndbox>
	</object>
	<object>
		<name>sp09</name>
		<pose>Unspecified</pose>
		<truncated>0</truncated>
		<difficult>0</difficult>
		<bndbox>
			<xmin>1459</xmin>
			<ymin>1917</ymin>
			<xmax>1482</xmax>
			<ymax>1955</ymax>
		</bndbox>
	</object>
	<object>
		<name>sp09</name>
		<pose>Unspecified</pose>
		<truncated>0</truncated>
		<difficult>0</difficult>
		<bndbox>
			<xmin>1437</xmin>
			<ymin>1914</ymin>
			<xmax>1459</xmax>
			<ymax>1946</ymax>
		</bndbox>
	</object>
	<object>
		<name>sp09</name>
		<pose>Unspecified</pose>
		<truncated>0</truncated>
		<difficult>0</difficult>
		<bndbox>
			<xmin>1355</xmin>
			<ymin>1967</ymin>
			<xmax>1394</xmax>
			<ymax>2003</ymax>
		</bndbox>
	</object>
	<object>
		<name>sp09</name>
		<pose>Unspecified</pose>
		<truncated>0</truncated>
		<difficult>0</difficult>
		<bndbox>
			<xmin>1295</xmin>
			<ymin>2000</ymin>
			<xmax>1328</xmax>
			<ymax>2031</ymax>
		</bndbox>
	</object>
	<object>
		<name>sp09</name>
		<pose>Unspecified</pose>
		<truncated>0</truncated>
		<difficult>0</difficult>
		<bndbox>
			<xmin>1316</xmin>
			<ymin>2054</ymin>
			<xmax>1348</xmax>
			<ymax>2080</ymax>
		</bndbox>
	</object>
	<object>
		<name>sp09</name>
		<pose>Unspecified</pose>
		<truncated>0</truncated>
		<difficult>0</difficult>
		<bndbox>
			<xmin>1562</xmin>
			<ymin>2028</ymin>
			<xmax>1600</xmax>
			<ymax>2069</ymax>
		</bndbox>
	</object>
	<object>
		<name>sp09</name>
		<pose>Unspecified</pose>
		<truncated>0</truncated>
		<difficult>0</difficult>
		<bndbox>
			<xmin>1554</xmin>
			<ymin>1986</ymin>
			<xmax>1590</xmax>
			<ymax>2027</ymax>
		</bndbox>
	</object>
	<object>
		<name>sp09</name>
		<pose>Unspecified</pose>
		<truncated>0</truncated>
		<difficult>0</difficult>
		<bndbox>
			<xmin>1526</xmin>
			<ymin>2007</ymin>
			<xmax>1556</xmax>
			<ymax>2041</ymax>
		</bndbox>
	</object>
	<object>
		<name>sp09</name>
		<pose>Unspecified</pose>
		<truncated>0</truncated>
		<difficult>0</difficult>
		<bndbox>
			<xmin>2069</xmin>
			<ymin>2100</ymin>
			<xmax>2115</xmax>
			<ymax>2134</ymax>
		</bndbox>
	</object>
	<object>
		<name>sp09</name>
		<pose>Unspecified</pose>
		<truncated>0</truncated>
		<difficult>0</difficult>
		<bndbox>
			<xmin>2299</xmin>
			<ymin>2217</ymin>
			<xmax>2341</xmax>
			<ymax>2251</ymax>
		</bndbox>
	</object>
	<object>
		<name>sp09</name>
		<pose>Unspecified</pose>
		<truncated>0</truncated>
		<difficult>0</difficult>
		<bndbox>
			<xmin>2075</xmin>
			<ymin>2416</ymin>
			<xmax>2113</xmax>
			<ymax>2456</ymax>
		</bndbox>
	</object>
	<object>
		<name>sp09</name>
		<pose>Unspecified</pose>
		<truncated>0</truncated>
		<difficult>0</difficult>
		<bndbox>
			<xmin>2020</xmin>
			<ymin>2371</ymin>
			<xmax>2059</xmax>
			<ymax>2417</ymax>
		</bndbox>
	</object>
	<object>
		<name>sp09</name>
		<pose>Unspecified</pose>
		<truncated>0</truncated>
		<difficult>0</difficult>
		<bndbox>
			<xmin>1510</xmin>
			<ymin>2257</ymin>
			<xmax>1538</xmax>
			<ymax>2293</ymax>
		</bndbox>
	</object>
	<object>
		<name>sp09</name>
		<pose>Unspecified</pose>
		<truncated>0</truncated>
		<difficult>0</difficult>
		<bndbox>
			<xmin>1485</xmin>
			<ymin>2261</ymin>
			<xmax>1511</xmax>
			<ymax>2296</ymax>
		</bndbox>
	</object>
	<object>
		<name>sp09</name>
		<pose>Unspecified</pose>
		<truncated>0</truncated>
		<difficult>0</difficult>
		<bndbox>
			<xmin>1510</xmin>
			<ymin>2178</ymin>
			<xmax>1549</xmax>
			<ymax>2218</ymax>
		</bndbox>
	</object>
	<object>
		<name>sp09</name>
		<pose>Unspecified</pose>
		<truncated>0</truncated>
		<difficult>0</difficult>
		<bndbox>
			<xmin>1512</xmin>
			<ymin>2126</ymin>
			<xmax>1539</xmax>
			<ymax>2162</ymax>
		</bndbox>
	</object>
	<object>
		<name>sp09</name>
		<pose>Unspecified</pose>
		<truncated>0</truncated>
		<difficult>0</difficult>
		<bndbox>
			<xmin>1264</xmin>
			<ymin>2167</ymin>
			<xmax>1297</xmax>
			<ymax>2207</ymax>
		</bndbox>
	</object>
	<object>
		<name>sp09</name>
		<pose>Unspecified</pose>
		<truncated>0</truncated>
		<difficult>0</difficult>
		<bndbox>
			<xmin>1323</xmin>
			<ymin>2095</ymin>
			<xmax>1356</xmax>
			<ymax>2129</ymax>
		</bndbox>
	</object>
	<object>
		<name>sp09</name>
		<pose>Unspecified</pose>
		<truncated>0</truncated>
		<difficult>0</difficult>
		<bndbox>
			<xmin>2489</xmin>
			<ymin>2078</ymin>
			<xmax>2521</xmax>
			<ymax>2108</ymax>
		</bndbox>
	</object>
	<object>
		<name>sp09</name>
		<pose>Unspecified</pose>
		<truncated>0</truncated>
		<difficult>0</difficult>
		<bndbox>
			<xmin>2454</xmin>
			<ymin>2124</ymin>
			<xmax>2483</xmax>
			<ymax>2162</ymax>
		</bndbox>
	</object>
	<object>
		<name>sp09</name>
		<pose>Unspecified</pose>
		<truncated>0</truncated>
		<difficult>0</difficult>
		<bndbox>
			<xmin>1127</xmin>
			<ymin>2269</ymin>
			<xmax>1159</xmax>
			<ymax>2307</ymax>
		</bndbox>
	</object>
	<object>
		<name>sp09</name>
		<pose>Unspecified</pose>
		<truncated>0</truncated>
		<difficult>0</difficult>
		<bndbox>
			<xmin>1014</xmin>
			<ymin>2040</ymin>
			<xmax>1055</xmax>
			<ymax>2080</ymax>
		</bndbox>
	</object>
	<object>
		<name>sp09</name>
		<pose>Unspecified</pose>
		<truncated>0</truncated>
		<difficult>0</difficult>
		<bndbox>
			<xmin>999</xmin>
			<ymin>1910</ymin>
			<xmax>1041</xmax>
			<ymax>1948</ymax>
		</bndbox>
	</object>
	<object>
		<name>sp09</name>
		<pose>Unspecified</pose>
		<truncated>0</truncated>
		<difficult>0</difficult>
		<bndbox>
			<xmin>1083</xmin>
			<ymin>1962</ymin>
			<xmax>1125</xmax>
			<ymax>1991</ymax>
		</bndbox>
	</object>
	<object>
		<name>sp09</name>
		<pose>Unspecified</pose>
		<truncated>0</truncated>
		<difficult>0</difficult>
		<bndbox>
			<xmin>1214</xmin>
			<ymin>1954</ymin>
			<xmax>1255</xmax>
			<ymax>1991</ymax>
		</bndbox>
	</object>
	<object>
		<name>sp09</name>
		<pose>Unspecified</pose>
		<truncated>0</truncated>
		<difficult>0</difficult>
		<bndbox>
			<xmin>1197</xmin>
			<ymin>2028</ymin>
			<xmax>1231</xmax>
			<ymax>2058</ymax>
		</bndbox>
	</object>
	<object>
		<name>sp09</name>
		<pose>Unspecified</pose>
		<truncated>0</truncated>
		<difficult>0</difficult>
		<bndbox>
			<xmin>1416</xmin>
			<ymin>2039</ymin>
			<xmax>1439</xmax>
			<ymax>2064</ymax>
		</bndbox>
	</object>
	<object>
		<name>sp09</name>
		<pose>Unspecified</pose>
		<truncated>0</truncated>
		<difficult>0</difficult>
		<bndbox>
			<xmin>1389</xmin>
			<ymin>2026</ymin>
			<xmax>1415</xmax>
			<ymax>2052</ymax>
		</bndbox>
	</object>
	<object>
		<name>sp09</name>
		<pose>Unspecified</pose>
		<truncated>0</truncated>
		<difficult>0</difficult>
		<bndbox>
			<xmin>1558</xmin>
			<ymin>2488</ymin>
			<xmax>1597</xmax>
			<ymax>2529</ymax>
		</bndbox>
	</object>
	<object>
		<name>sp09</name>
		<pose>Unspecified</pose>
		<truncated>0</truncated>
		<difficult>0</difficult>
		<bndbox>
			<xmin>1401</xmin>
			<ymin>2051</ymin>
			<xmax>1422</xmax>
			<ymax>2074</ymax>
		</bndbox>
	</object>
</annotation>