<annotation>
	<folder>my-project-name</folder>
	<filename>sp09_img04.jpg</filename>
	<path>/my-project-name/sp09_img04.jpg</path>
	<source>
		<database>Unspecified</database>
	</source>
	<size>
		<width>3039</width>
		<height>2981</height>
		<depth>3</depth>
	</size>
	<object>
		<name>sp09</name>
		<pose>Unspecified</pose>
		<truncated>0</truncated>
		<difficult>0</difficult>
		<bndbox>
			<xmin>1809</xmin>
			<ymin>721</ymin>
			<xmax>1849</xmax>
			<ymax>758</ymax>
		</bndbox>
	</object>
	<object>
		<name>sp09</name>
		<pose>Unspecified</pose>
		<truncated>0</truncated>
		<difficult>0</difficult>
		<bndbox>
			<xmin>1958</xmin>
			<ymin>682</ymin>
			<xmax>1999</xmax>
			<ymax>715</ymax>
		</bndbox>
	</object>
	<object>
		<name>sp09</name>
		<pose>Unspecified</pose>
		<truncated>0</truncated>
		<difficult>0</difficult>
		<bndbox>
			<xmin>2099</xmin>
			<ymin>882</ymin>
			<xmax>2140</xmax>
			<ymax>916</ymax>
		</bndbox>
	</object>
	<object>
		<name>sp09</name>
		<pose>Unspecified</pose>
		<truncated>0</truncated>
		<difficult>0</difficult>
		<bndbox>
			<xmin>2366</xmin>
			<ymin>1072</ymin>
			<xmax>2402</xmax>
			<ymax>1103</ymax>
		</bndbox>
	</object>
	<object>
		<name>sp09</name>
		<pose>Unspecified</pose>
		<truncated>0</truncated>
		<difficult>0</difficult>
		<bndbox>
			<xmin>1466</xmin>
			<ymin>1272</ymin>
			<xmax>1503</xmax>
			<ymax>1306</ymax>
		</bndbox>
	</object>
	<object>
		<name>sp09</name>
		<pose>Unspecified</pose>
		<truncated>0</truncated>
		<difficult>0</difficult>
		<bndbox>
			<xmin>1399</xmin>
			<ymin>1603</ymin>
			<xmax>1447</xmax>
			<ymax>1638</ymax>
		</bndbox>
	</object>
	<object>
		<name>sp09</name>
		<pose>Unspecified</pose>
		<truncated>0</truncated>
		<difficult>0</difficult>
		<bndbox>
			<xmin>131</xmin>
			<ymin>1359</ymin>
			<xmax>169</xmax>
			<ymax>1405</ymax>
		</bndbox>
	</object>
	<object>
		<name>sp09</name>
		<pose>Unspecified</pose>
		<truncated>0</truncated>
		<difficult>0</difficult>
		<bndbox>
			<xmin>409</xmin>
			<ymin>2233</ymin>
			<xmax>450</xmax>
			<ymax>2270</ymax>
		</bndbox>
	</object>
	<object>
		<name>sp09</name>
		<pose>Unspecified</pose>
		<truncated>0</truncated>
		<difficult>0</difficult>
		<bndbox>
			<xmin>413</xmin>
			<ymin>2312</ymin>
			<xmax>454</xmax>
			<ymax>2355</ymax>
		</bndbox>
	</object>
</annotation>