<annotation>
	<folder>my-project-name</folder>
	<filename>sp09_img10.jpg</filename>
	<path>/my-project-name/sp09_img10.jpg</path>
	<source>
		<database>Unspecified</database>
	</source>
	<size>
		<width>2786</width>
		<height>2793</height>
		<depth>3</depth>
	</size>
	<object>
		<name>sp09</name>
		<pose>Unspecified</pose>
		<truncated>0</truncated>
		<difficult>0</difficult>
		<bndbox>
			<xmin>1720</xmin>
			<ymin>252</ymin>
			<xmax>1747</xmax>
			<ymax>289</ymax>
		</bndbox>
	</object>
	<object>
		<name>sp09</name>
		<pose>Unspecified</pose>
		<truncated>0</truncated>
		<difficult>0</difficult>
		<bndbox>
			<xmin>1695</xmin>
			<ymin>243</ymin>
			<xmax>1719</xmax>
			<ymax>280</ymax>
		</bndbox>
	</object>
	<object>
		<name>sp09</name>
		<pose>Unspecified</pose>
		<truncated>0</truncated>
		<difficult>0</difficult>
		<bndbox>
			<xmin>1959</xmin>
			<ymin>749</ymin>
			<xmax>1983</xmax>
			<ymax>767</ymax>
		</bndbox>
	</object>
	<object>
		<name>sp09</name>
		<pose>Unspecified</pose>
		<truncated>0</truncated>
		<difficult>0</difficult>
		<bndbox>
			<xmin>1948</xmin>
			<ymin>724</ymin>
			<xmax>1984</xmax>
			<ymax>748</ymax>
		</bndbox>
	</object>
	<object>
		<name>sp09</name>
		<pose>Unspecified</pose>
		<truncated>0</truncated>
		<difficult>0</difficult>
		<bndbox>
			<xmin>1192</xmin>
			<ymin>1775</ymin>
			<xmax>1204</xmax>
			<ymax>1800</ymax>
		</bndbox>
	</object>
	<object>
		<name>sp09</name>
		<pose>Unspecified</pose>
		<truncated>0</truncated>
		<difficult>0</difficult>
		<bndbox>
			<xmin>1186</xmin>
			<ymin>1774</ymin>
			<xmax>1192</xmax>
			<ymax>1799</ymax>
		</bndbox>
	</object>
	<object>
		<name>sp09</name>
		<pose>Unspecified</pose>
		<truncated>0</truncated>
		<difficult>0</difficult>
		<bndbox>
			<xmin>1160</xmin>
			<ymin>1766</ymin>
			<xmax>1174</xmax>
			<ymax>1802</ymax>
		</bndbox>
	</object>
	<object>
		<name>sp09</name>
		<pose>Unspecified</pose>
		<truncated>0</truncated>
		<difficult>0</difficult>
		<bndbox>
			<xmin>1128</xmin>
			<ymin>1765</ymin>
			<xmax>1141</xmax>
			<ymax>1788</ymax>
		</bndbox>
	</object>
	<object>
		<name>sp09</name>
		<pose>Unspecified</pose>
		<truncated>0</truncated>
		<difficult>0</difficult>
		<bndbox>
			<xmin>1117</xmin>
			<ymin>1760</ymin>
			<xmax>1131</xmax>
			<ymax>1793</ymax>
		</bndbox>
	</object>
	<object>
		<name>sp09</name>
		<pose>Unspecified</pose>
		<truncated>0</truncated>
		<difficult>0</difficult>
		<bndbox>
			<xmin>1101</xmin>
			<ymin>1763</ymin>
			<xmax>1116</xmax>
			<ymax>1788</ymax>
		</bndbox>
	</object>
	<object>
		<name>sp09</name>
		<pose>Unspecified</pose>
		<truncated>0</truncated>
		<difficult>0</difficult>
		<bndbox>
			<xmin>420</xmin>
			<ymin>747</ymin>
			<xmax>456</xmax>
			<ymax>784</ymax>
		</bndbox>
	</object>
	<object>
		<name>sp09</name>
		<pose>Unspecified</pose>
		<truncated>0</truncated>
		<difficult>0</difficult>
		<bndbox>
			<xmin>283</xmin>
			<ymin>888</ymin>
			<xmax>323</xmax>
			<ymax>925</ymax>
		</bndbox>
	</object>
	<object>
		<name>sp09</name>
		<pose>Unspecified</pose>
		<truncated>0</truncated>
		<difficult>0</difficult>
		<bndbox>
			<xmin>324</xmin>
			<ymin>992</ymin>
			<xmax>361</xmax>
			<ymax>1031</ymax>
		</bndbox>
	</object>
	<object>
		<name>sp09</name>
		<pose>Unspecified</pose>
		<truncated>0</truncated>
		<difficult>0</difficult>
		<bndbox>
			<xmin>648</xmin>
			<ymin>937</ymin>
			<xmax>688</xmax>
			<ymax>972</ymax>
		</bndbox>
	</object>
	<object>
		<name>sp09</name>
		<pose>Unspecified</pose>
		<truncated>0</truncated>
		<difficult>0</difficult>
		<bndbox>
			<xmin>740</xmin>
			<ymin>835</ymin>
			<xmax>775</xmax>
			<ymax>862</ymax>
		</bndbox>
	</object>
	<object>
		<name>sp09</name>
		<pose>Unspecified</pose>
		<truncated>0</truncated>
		<difficult>0</difficult>
		<bndbox>
			<xmin>786</xmin>
			<ymin>712</ymin>
			<xmax>815</xmax>
			<ymax>738</ymax>
		</bndbox>
	</object>
	<object>
		<name>sp09</name>
		<pose>Unspecified</pose>
		<truncated>0</truncated>
		<difficult>0</difficult>
		<bndbox>
			<xmin>833</xmin>
			<ymin>643</ymin>
			<xmax>867</xmax>
			<ymax>674</ymax>
		</bndbox>
	</object>
	<object>
		<name>sp09</name>
		<pose>Unspecified</pose>
		<truncated>0</truncated>
		<difficult>0</difficult>
		<bndbox>
			<xmin>738</xmin>
			<ymin>784</ymin>
			<xmax>767</xmax>
			<ymax>810</ymax>
		</bndbox>
	</object>
	<object>
		<name>sp09</name>
		<pose>Unspecified</pose>
		<truncated>0</truncated>
		<difficult>0</difficult>
		<bndbox>
			<xmin>727</xmin>
			<ymin>797</ymin>
			<xmax>747</xmax>
			<ymax>825</ymax>
		</bndbox>
	</object>
	<object>
		<name>sp09</name>
		<pose>Unspecified</pose>
		<truncated>0</truncated>
		<difficult>0</difficult>
		<bndbox>
			<xmin>756</xmin>
			<ymin>1089</ymin>
			<xmax>775</xmax>
			<ymax>1118</ymax>
		</bndbox>
	</object>
	<object>
		<name>sp09</name>
		<pose>Unspecified</pose>
		<truncated>0</truncated>
		<difficult>0</difficult>
		<bndbox>
			<xmin>622</xmin>
			<ymin>1145</ymin>
			<xmax>656</xmax>
			<ymax>1175</ymax>
		</bndbox>
	</object>
	<object>
		<name>sp09</name>
		<pose>Unspecified</pose>
		<truncated>0</truncated>
		<difficult>0</difficult>
		<bndbox>
			<xmin>810</xmin>
			<ymin>1168</ymin>
			<xmax>834</xmax>
			<ymax>1192</ymax>
		</bndbox>
	</object>
	<object>
		<name>sp09</name>
		<pose>Unspecified</pose>
		<truncated>0</truncated>
		<difficult>0</difficult>
		<bndbox>
			<xmin>1228</xmin>
			<ymin>1101</ymin>
			<xmax>1269</xmax>
			<ymax>1129</ymax>
		</bndbox>
	</object>
	<object>
		<name>sp09</name>
		<pose>Unspecified</pose>
		<truncated>0</truncated>
		<difficult>0</difficult>
		<bndbox>
			<xmin>1187</xmin>
			<ymin>1263</ymin>
			<xmax>1223</xmax>
			<ymax>1289</ymax>
		</bndbox>
	</object>
	<object>
		<name>sp09</name>
		<pose>Unspecified</pose>
		<truncated>0</truncated>
		<difficult>0</difficult>
		<bndbox>
			<xmin>1527</xmin>
			<ymin>1233</ymin>
			<xmax>1562</xmax>
			<ymax>1270</ymax>
		</bndbox>
	</object>
	<object>
		<name>sp09</name>
		<pose>Unspecified</pose>
		<truncated>0</truncated>
		<difficult>0</difficult>
		<bndbox>
			<xmin>1624</xmin>
			<ymin>1186</ymin>
			<xmax>1662</xmax>
			<ymax>1225</ymax>
		</bndbox>
	</object>
	<object>
		<name>sp09</name>
		<pose>Unspecified</pose>
		<truncated>0</truncated>
		<difficult>0</difficult>
		<bndbox>
			<xmin>1799</xmin>
			<ymin>1209</ymin>
			<xmax>1839</xmax>
			<ymax>1254</ymax>
		</bndbox>
	</object>
	<object>
		<name>sp09</name>
		<pose>Unspecified</pose>
		<truncated>0</truncated>
		<difficult>0</difficult>
		<bndbox>
			<xmin>1510</xmin>
			<ymin>964</ymin>
			<xmax>1541</xmax>
			<ymax>988</ymax>
		</bndbox>
	</object>
	<object>
		<name>sp09</name>
		<pose>Unspecified</pose>
		<truncated>0</truncated>
		<difficult>0</difficult>
		<bndbox>
			<xmin>1410</xmin>
			<ymin>971</ymin>
			<xmax>1447</xmax>
			<ymax>1002</ymax>
		</bndbox>
	</object>
	<object>
		<name>sp09</name>
		<pose>Unspecified</pose>
		<truncated>0</truncated>
		<difficult>0</difficult>
		<bndbox>
			<xmin>1442</xmin>
			<ymin>797</ymin>
			<xmax>1472</xmax>
			<ymax>833</ymax>
		</bndbox>
	</object>
	<object>
		<name>sp09</name>
		<pose>Unspecified</pose>
		<truncated>0</truncated>
		<difficult>0</difficult>
		<bndbox>
			<xmin>1381</xmin>
			<ymin>804</ymin>
			<xmax>1411</xmax>
			<ymax>831</ymax>
		</bndbox>
	</object>
	<object>
		<name>sp09</name>
		<pose>Unspecified</pose>
		<truncated>0</truncated>
		<difficult>0</difficult>
		<bndbox>
			<xmin>1325</xmin>
			<ymin>768</ymin>
			<xmax>1352</xmax>
			<ymax>797</ymax>
		</bndbox>
	</object>
	<object>
		<name>sp09</name>
		<pose>Unspecified</pose>
		<truncated>0</truncated>
		<difficult>0</difficult>
		<bndbox>
			<xmin>1383</xmin>
			<ymin>724</ymin>
			<xmax>1411</xmax>
			<ymax>754</ymax>
		</bndbox>
	</object>
	<object>
		<name>sp09</name>
		<pose>Unspecified</pose>
		<truncated>0</truncated>
		<difficult>0</difficult>
		<bndbox>
			<xmin>1384</xmin>
			<ymin>606</ymin>
			<xmax>1420</xmax>
			<ymax>641</ymax>
		</bndbox>
	</object>
	<object>
		<name>sp09</name>
		<pose>Unspecified</pose>
		<truncated>0</truncated>
		<difficult>0</difficult>
		<bndbox>
			<xmin>1525</xmin>
			<ymin>681</ymin>
			<xmax>1549</xmax>
			<ymax>702</ymax>
		</bndbox>
	</object>
	<object>
		<name>sp09</name>
		<pose>Unspecified</pose>
		<truncated>0</truncated>
		<difficult>0</difficult>
		<bndbox>
			<xmin>1491</xmin>
			<ymin>714</ymin>
			<xmax>1518</xmax>
			<ymax>741</ymax>
		</bndbox>
	</object>
	<object>
		<name>sp09</name>
		<pose>Unspecified</pose>
		<truncated>0</truncated>
		<difficult>0</difficult>
		<bndbox>
			<xmin>1174</xmin>
			<ymin>383</ymin>
			<xmax>1197</xmax>
			<ymax>418</ymax>
		</bndbox>
	</object>
	<object>
		<name>sp09</name>
		<pose>Unspecified</pose>
		<truncated>0</truncated>
		<difficult>0</difficult>
		<bndbox>
			<xmin>1196</xmin>
			<ymin>378</ymin>
			<xmax>1216</xmax>
			<ymax>411</ymax>
		</bndbox>
	</object>
	<object>
		<name>sp09</name>
		<pose>Unspecified</pose>
		<truncated>0</truncated>
		<difficult>0</difficult>
		<bndbox>
			<xmin>1273</xmin>
			<ymin>348</ymin>
			<xmax>1295</xmax>
			<ymax>374</ymax>
		</bndbox>
	</object>
	<object>
		<name>sp09</name>
		<pose>Unspecified</pose>
		<truncated>0</truncated>
		<difficult>0</difficult>
		<bndbox>
			<xmin>1297</xmin>
			<ymin>327</ymin>
			<xmax>1323</xmax>
			<ymax>351</ymax>
		</bndbox>
	</object>
	<object>
		<name>sp09</name>
		<pose>Unspecified</pose>
		<truncated>0</truncated>
		<difficult>0</difficult>
		<bndbox>
			<xmin>1273</xmin>
			<ymin>148</ymin>
			<xmax>1308</xmax>
			<ymax>184</ymax>
		</bndbox>
	</object>
	<object>
		<name>sp09</name>
		<pose>Unspecified</pose>
		<truncated>0</truncated>
		<difficult>0</difficult>
		<bndbox>
			<xmin>1371</xmin>
			<ymin>192</ymin>
			<xmax>1408</xmax>
			<ymax>223</ymax>
		</bndbox>
	</object>
	<object>
		<name>sp09</name>
		<pose>Unspecified</pose>
		<truncated>0</truncated>
		<difficult>0</difficult>
		<bndbox>
			<xmin>946</xmin>
			<ymin>207</ymin>
			<xmax>984</xmax>
			<ymax>231</ymax>
		</bndbox>
	</object>
	<object>
		<name>sp09</name>
		<pose>Unspecified</pose>
		<truncated>0</truncated>
		<difficult>0</difficult>
		<bndbox>
			<xmin>1458</xmin>
			<ymin>340</ymin>
			<xmax>1490</xmax>
			<ymax>367</ymax>
		</bndbox>
	</object>
	<object>
		<name>sp09</name>
		<pose>Unspecified</pose>
		<truncated>0</truncated>
		<difficult>0</difficult>
		<bndbox>
			<xmin>1515</xmin>
			<ymin>240</ymin>
			<xmax>1549</xmax>
			<ymax>272</ymax>
		</bndbox>
	</object>
	<object>
		<name>sp09</name>
		<pose>Unspecified</pose>
		<truncated>0</truncated>
		<difficult>0</difficult>
		<bndbox>
			<xmin>1578</xmin>
			<ymin>274</ymin>
			<xmax>1602</xmax>
			<ymax>305</ymax>
		</bndbox>
	</object>
	<object>
		<name>sp09</name>
		<pose>Unspecified</pose>
		<truncated>0</truncated>
		<difficult>0</difficult>
		<bndbox>
			<xmin>1556</xmin>
			<ymin>296</ymin>
			<xmax>1587</xmax>
			<ymax>316</ymax>
		</bndbox>
	</object>
	<object>
		<name>sp09</name>
		<pose>Unspecified</pose>
		<truncated>0</truncated>
		<difficult>0</difficult>
		<bndbox>
			<xmin>1635</xmin>
			<ymin>327</ymin>
			<xmax>1664</xmax>
			<ymax>341</ymax>
		</bndbox>
	</object>
	<object>
		<name>sp09</name>
		<pose>Unspecified</pose>
		<truncated>0</truncated>
		<difficult>0</difficult>
		<bndbox>
			<xmin>1668</xmin>
			<ymin>289</ymin>
			<xmax>1688</xmax>
			<ymax>313</ymax>
		</bndbox>
	</object>
	<object>
		<name>sp09</name>
		<pose>Unspecified</pose>
		<truncated>0</truncated>
		<difficult>0</difficult>
		<bndbox>
			<xmin>1635</xmin>
			<ymin>260</ymin>
			<xmax>1657</xmax>
			<ymax>287</ymax>
		</bndbox>
	</object>
	<object>
		<name>sp09</name>
		<pose>Unspecified</pose>
		<truncated>0</truncated>
		<difficult>0</difficult>
		<bndbox>
			<xmin>1610</xmin>
			<ymin>237</ymin>
			<xmax>1631</xmax>
			<ymax>270</ymax>
		</bndbox>
	</object>
	<object>
		<name>sp09</name>
		<pose>Unspecified</pose>
		<truncated>0</truncated>
		<difficult>0</difficult>
		<bndbox>
			<xmin>1624</xmin>
			<ymin>519</ymin>
			<xmax>1651</xmax>
			<ymax>546</ymax>
		</bndbox>
	</object>
	<object>
		<name>sp09</name>
		<pose>Unspecified</pose>
		<truncated>0</truncated>
		<difficult>0</difficult>
		<bndbox>
			<xmin>1725</xmin>
			<ymin>574</ymin>
			<xmax>1746</xmax>
			<ymax>600</ymax>
		</bndbox>
	</object>
	<object>
		<name>sp09</name>
		<pose>Unspecified</pose>
		<truncated>0</truncated>
		<difficult>0</difficult>
		<bndbox>
			<xmin>1722</xmin>
			<ymin>527</ymin>
			<xmax>1747</xmax>
			<ymax>549</ymax>
		</bndbox>
	</object>
	<object>
		<name>sp09</name>
		<pose>Unspecified</pose>
		<truncated>0</truncated>
		<difficult>0</difficult>
		<bndbox>
			<xmin>1771</xmin>
			<ymin>522</ymin>
			<xmax>1793</xmax>
			<ymax>548</ymax>
		</bndbox>
	</object>
	<object>
		<name>sp09</name>
		<pose>Unspecified</pose>
		<truncated>0</truncated>
		<difficult>0</difficult>
		<bndbox>
			<xmin>1755</xmin>
			<ymin>581</ymin>
			<xmax>1779</xmax>
			<ymax>610</ymax>
		</bndbox>
	</object>
	<object>
		<name>sp09</name>
		<pose>Unspecified</pose>
		<truncated>0</truncated>
		<difficult>0</difficult>
		<bndbox>
			<xmin>1783</xmin>
			<ymin>448</ymin>
			<xmax>1803</xmax>
			<ymax>484</ymax>
		</bndbox>
	</object>
	<object>
		<name>sp09</name>
		<pose>Unspecified</pose>
		<truncated>0</truncated>
		<difficult>0</difficult>
		<bndbox>
			<xmin>1819</xmin>
			<ymin>338</ymin>
			<xmax>1836</xmax>
			<ymax>359</ymax>
		</bndbox>
	</object>
	<object>
		<name>sp09</name>
		<pose>Unspecified</pose>
		<truncated>0</truncated>
		<difficult>0</difficult>
		<bndbox>
			<xmin>1787</xmin>
			<ymin>333</ymin>
			<xmax>1810</xmax>
			<ymax>356</ymax>
		</bndbox>
	</object>
	<object>
		<name>sp09</name>
		<pose>Unspecified</pose>
		<truncated>0</truncated>
		<difficult>0</difficult>
		<bndbox>
			<xmin>1791</xmin>
			<ymin>307</ymin>
			<xmax>1811</xmax>
			<ymax>331</ymax>
		</bndbox>
	</object>
	<object>
		<name>sp09</name>
		<pose>Unspecified</pose>
		<truncated>0</truncated>
		<difficult>0</difficult>
		<bndbox>
			<xmin>584</xmin>
			<ymin>1360</ymin>
			<xmax>623</xmax>
			<ymax>1392</ymax>
		</bndbox>
	</object>
	<object>
		<name>sp09</name>
		<pose>Unspecified</pose>
		<truncated>0</truncated>
		<difficult>0</difficult>
		<bndbox>
			<xmin>735</xmin>
			<ymin>1435</ymin>
			<xmax>759</xmax>
			<ymax>1462</ymax>
		</bndbox>
	</object>
	<object>
		<name>sp09</name>
		<pose>Unspecified</pose>
		<truncated>0</truncated>
		<difficult>0</difficult>
		<bndbox>
			<xmin>1033</xmin>
			<ymin>1496</ymin>
			<xmax>1057</xmax>
			<ymax>1521</ymax>
		</bndbox>
	</object>
	<object>
		<name>sp09</name>
		<pose>Unspecified</pose>
		<truncated>0</truncated>
		<difficult>0</difficult>
		<bndbox>
			<xmin>1301</xmin>
			<ymin>1491</ymin>
			<xmax>1325</xmax>
			<ymax>1511</ymax>
		</bndbox>
	</object>
	<object>
		<name>sp09</name>
		<pose>Unspecified</pose>
		<truncated>0</truncated>
		<difficult>0</difficult>
		<bndbox>
			<xmin>1456</xmin>
			<ymin>952</ymin>
			<xmax>1476</xmax>
			<ymax>982</ymax>
		</bndbox>
	</object>
	<object>
		<name>sp09</name>
		<pose>Unspecified</pose>
		<truncated>0</truncated>
		<difficult>0</difficult>
		<bndbox>
			<xmin>1494</xmin>
			<ymin>950</ymin>
			<xmax>1509</xmax>
			<ymax>971</ymax>
		</bndbox>
	</object>
	<object>
		<name>sp09</name>
		<pose>Unspecified</pose>
		<truncated>0</truncated>
		<difficult>0</difficult>
		<bndbox>
			<xmin>1920</xmin>
			<ymin>553</ymin>
			<xmax>1942</xmax>
			<ymax>582</ymax>
		</bndbox>
	</object>
	<object>
		<name>sp09</name>
		<pose>Unspecified</pose>
		<truncated>0</truncated>
		<difficult>0</difficult>
		<bndbox>
			<xmin>1869</xmin>
			<ymin>334</ymin>
			<xmax>1889</xmax>
			<ymax>368</ymax>
		</bndbox>
	</object>
	<object>
		<name>sp09</name>
		<pose>Unspecified</pose>
		<truncated>0</truncated>
		<difficult>0</difficult>
		<bndbox>
			<xmin>1857</xmin>
			<ymin>255</ymin>
			<xmax>1888</xmax>
			<ymax>292</ymax>
		</bndbox>
	</object>
	<object>
		<name>sp09</name>
		<pose>Unspecified</pose>
		<truncated>0</truncated>
		<difficult>0</difficult>
		<bndbox>
			<xmin>1683</xmin>
			<ymin>212</ymin>
			<xmax>1700</xmax>
			<ymax>240</ymax>
		</bndbox>
	</object>
	<object>
		<name>sp09</name>
		<pose>Unspecified</pose>
		<truncated>0</truncated>
		<difficult>0</difficult>
		<bndbox>
			<xmin>1662</xmin>
			<ymin>222</ymin>
			<xmax>1688</xmax>
			<ymax>246</ymax>
		</bndbox>
	</object>
	<object>
		<name>sp09</name>
		<pose>Unspecified</pose>
		<truncated>0</truncated>
		<difficult>0</difficult>
		<bndbox>
			<xmin>1954</xmin>
			<ymin>243</ymin>
			<xmax>1983</xmax>
			<ymax>270</ymax>
		</bndbox>
	</object>
	<object>
		<name>sp09</name>
		<pose>Unspecified</pose>
		<truncated>0</truncated>
		<difficult>0</difficult>
		<bndbox>
			<xmin>1767</xmin>
			<ymin>275</ymin>
			<xmax>1788</xmax>
			<ymax>302</ymax>
		</bndbox>
	</object>
	<object>
		<name>sp09</name>
		<pose>Unspecified</pose>
		<truncated>0</truncated>
		<difficult>0</difficult>
		<bndbox>
			<xmin>1753</xmin>
			<ymin>286</ymin>
			<xmax>1773</xmax>
			<ymax>313</ymax>
		</bndbox>
	</object>
	<object>
		<name>sp09</name>
		<pose>Unspecified</pose>
		<truncated>0</truncated>
		<difficult>0</difficult>
		<bndbox>
			<xmin>1863</xmin>
			<ymin>181</ymin>
			<xmax>1883</xmax>
			<ymax>204</ymax>
		</bndbox>
	</object>
	<object>
		<name>sp09</name>
		<pose>Unspecified</pose>
		<truncated>0</truncated>
		<difficult>0</difficult>
		<bndbox>
			<xmin>2132</xmin>
			<ymin>549</ymin>
			<xmax>2160</xmax>
			<ymax>577</ymax>
		</bndbox>
	</object>
	<object>
		<name>sp09</name>
		<pose>Unspecified</pose>
		<truncated>0</truncated>
		<difficult>0</difficult>
		<bndbox>
			<xmin>2143</xmin>
			<ymin>519</ymin>
			<xmax>2178</xmax>
			<ymax>545</ymax>
		</bndbox>
	</object>
	<object>
		<name>sp09</name>
		<pose>Unspecified</pose>
		<truncated>0</truncated>
		<difficult>0</difficult>
		<bndbox>
			<xmin>2241</xmin>
			<ymin>526</ymin>
			<xmax>2276</xmax>
			<ymax>551</ymax>
		</bndbox>
	</object>
	<object>
		<name>sp09</name>
		<pose>Unspecified</pose>
		<truncated>0</truncated>
		<difficult>0</difficult>
		<bndbox>
			<xmin>2259</xmin>
			<ymin>568</ymin>
			<xmax>2281</xmax>
			<ymax>592</ymax>
		</bndbox>
	</object>
	<object>
		<name>sp09</name>
		<pose>Unspecified</pose>
		<truncated>0</truncated>
		<difficult>0</difficult>
		<bndbox>
			<xmin>2211</xmin>
			<ymin>561</ymin>
			<xmax>2238</xmax>
			<ymax>595</ymax>
		</bndbox>
	</object>
	<object>
		<name>sp09</name>
		<pose>Unspecified</pose>
		<truncated>0</truncated>
		<difficult>0</difficult>
		<bndbox>
			<xmin>1963</xmin>
			<ymin>1153</ymin>
			<xmax>1994</xmax>
			<ymax>1176</ymax>
		</bndbox>
	</object>
	<object>
		<name>sp09</name>
		<pose>Unspecified</pose>
		<truncated>0</truncated>
		<difficult>0</difficult>
		<bndbox>
			<xmin>1471</xmin>
			<ymin>940</ymin>
			<xmax>1491</xmax>
			<ymax>960</ymax>
		</bndbox>
	</object>
	<object>
		<name>sp09</name>
		<pose>Unspecified</pose>
		<truncated>0</truncated>
		<difficult>0</difficult>
		<bndbox>
			<xmin>1480</xmin>
			<ymin>946</ymin>
			<xmax>1491</xmax>
			<ymax>970</ymax>
		</bndbox>
	</object>
	<object>
		<name>sp09</name>
		<pose>Unspecified</pose>
		<truncated>0</truncated>
		<difficult>0</difficult>
		<bndbox>
			<xmin>1975</xmin>
			<ymin>953</ymin>
			<xmax>2008</xmax>
			<ymax>984</ymax>
		</bndbox>
	</object>
	<object>
		<name>sp09</name>
		<pose>Unspecified</pose>
		<truncated>0</truncated>
		<difficult>0</difficult>
		<bndbox>
			<xmin>1997</xmin>
			<ymin>898</ymin>
			<xmax>2031</xmax>
			<ymax>921</ymax>
		</bndbox>
	</object>
	<object>
		<name>sp09</name>
		<pose>Unspecified</pose>
		<truncated>0</truncated>
		<difficult>0</difficult>
		<bndbox>
			<xmin>1997</xmin>
			<ymin>883</ymin>
			<xmax>2028</xmax>
			<ymax>900</ymax>
		</bndbox>
	</object>
	<object>
		<name>sp09</name>
		<pose>Unspecified</pose>
		<truncated>0</truncated>
		<difficult>0</difficult>
		<bndbox>
			<xmin>1986</xmin>
			<ymin>816</ymin>
			<xmax>2011</xmax>
			<ymax>841</ymax>
		</bndbox>
	</object>
	<object>
		<name>sp09</name>
		<pose>Unspecified</pose>
		<truncated>0</truncated>
		<difficult>0</difficult>
		<bndbox>
			<xmin>1923</xmin>
			<ymin>664</ymin>
			<xmax>1951</xmax>
			<ymax>682</ymax>
		</bndbox>
	</object>
	<object>
		<name>sp09</name>
		<pose>Unspecified</pose>
		<truncated>0</truncated>
		<difficult>0</difficult>
		<bndbox>
			<xmin>1926</xmin>
			<ymin>684</ymin>
			<xmax>1946</xmax>
			<ymax>698</ymax>
		</bndbox>
	</object>
	<object>
		<name>sp09</name>
		<pose>Unspecified</pose>
		<truncated>0</truncated>
		<difficult>0</difficult>
		<bndbox>
			<xmin>1953</xmin>
			<ymin>705</ymin>
			<xmax>1976</xmax>
			<ymax>721</ymax>
		</bndbox>
	</object>
	<object>
		<name>sp09</name>
		<pose>Unspecified</pose>
		<truncated>0</truncated>
		<difficult>0</difficult>
		<bndbox>
			<xmin>1963</xmin>
			<ymin>763</ymin>
			<xmax>1988</xmax>
			<ymax>792</ymax>
		</bndbox>
	</object>
	<object>
		<name>sp09</name>
		<pose>Unspecified</pose>
		<truncated>0</truncated>
		<difficult>0</difficult>
		<bndbox>
			<xmin>2512</xmin>
			<ymin>834</ymin>
			<xmax>2533</xmax>
			<ymax>858</ymax>
		</bndbox>
	</object>
	<object>
		<name>sp09</name>
		<pose>Unspecified</pose>
		<truncated>0</truncated>
		<difficult>0</difficult>
		<bndbox>
			<xmin>2496</xmin>
			<ymin>782</ymin>
			<xmax>2519</xmax>
			<ymax>815</ymax>
		</bndbox>
	</object>
	<object>
		<name>sp09</name>
		<pose>Unspecified</pose>
		<truncated>0</truncated>
		<difficult>0</difficult>
		<bndbox>
			<xmin>2600</xmin>
			<ymin>987</ymin>
			<xmax>2624</xmax>
			<ymax>1008</ymax>
		</bndbox>
	</object>
	<object>
		<name>sp09</name>
		<pose>Unspecified</pose>
		<truncated>0</truncated>
		<difficult>0</difficult>
		<bndbox>
			<xmin>2622</xmin>
			<ymin>1060</ymin>
			<xmax>2652</xmax>
			<ymax>1081</ymax>
		</bndbox>
	</object>
	<object>
		<name>sp09</name>
		<pose>Unspecified</pose>
		<truncated>0</truncated>
		<difficult>0</difficult>
		<bndbox>
			<xmin>2484</xmin>
			<ymin>712</ymin>
			<xmax>2512</xmax>
			<ymax>744</ymax>
		</bndbox>
	</object>
	<object>
		<name>sp09</name>
		<pose>Unspecified</pose>
		<truncated>0</truncated>
		<difficult>0</difficult>
		<bndbox>
			<xmin>2361</xmin>
			<ymin>555</ymin>
			<xmax>2378</xmax>
			<ymax>576</ymax>
		</bndbox>
	</object>
	<object>
		<name>sp09</name>
		<pose>Unspecified</pose>
		<truncated>0</truncated>
		<difficult>0</difficult>
		<bndbox>
			<xmin>2376</xmin>
			<ymin>547</ymin>
			<xmax>2396</xmax>
			<ymax>573</ymax>
		</bndbox>
	</object>
	<object>
		<name>sp09</name>
		<pose>Unspecified</pose>
		<truncated>0</truncated>
		<difficult>0</difficult>
		<bndbox>
			<xmin>2612</xmin>
			<ymin>1333</ymin>
			<xmax>2645</xmax>
			<ymax>1366</ymax>
		</bndbox>
	</object>
	<object>
		<name>sp09</name>
		<pose>Unspecified</pose>
		<truncated>0</truncated>
		<difficult>0</difficult>
		<bndbox>
			<xmin>2564</xmin>
			<ymin>1733</ymin>
			<xmax>2584</xmax>
			<ymax>1757</ymax>
		</bndbox>
	</object>
	<object>
		<name>sp09</name>
		<pose>Unspecified</pose>
		<truncated>0</truncated>
		<difficult>0</difficult>
		<bndbox>
			<xmin>2511</xmin>
			<ymin>1852</ymin>
			<xmax>2546</xmax>
			<ymax>1877</ymax>
		</bndbox>
	</object>
	<object>
		<name>sp09</name>
		<pose>Unspecified</pose>
		<truncated>0</truncated>
		<difficult>0</difficult>
		<bndbox>
			<xmin>2317</xmin>
			<ymin>1784</ymin>
			<xmax>2347</xmax>
			<ymax>1815</ymax>
		</bndbox>
	</object>
	<object>
		<name>sp09</name>
		<pose>Unspecified</pose>
		<truncated>0</truncated>
		<difficult>0</difficult>
		<bndbox>
			<xmin>2065</xmin>
			<ymin>1778</ymin>
			<xmax>2091</xmax>
			<ymax>1810</ymax>
		</bndbox>
	</object>
	<object>
		<name>sp09</name>
		<pose>Unspecified</pose>
		<truncated>0</truncated>
		<difficult>0</difficult>
		<bndbox>
			<xmin>1953</xmin>
			<ymin>1787</ymin>
			<xmax>1980</xmax>
			<ymax>1814</ymax>
		</bndbox>
	</object>
	<object>
		<name>sp09</name>
		<pose>Unspecified</pose>
		<truncated>0</truncated>
		<difficult>0</difficult>
		<bndbox>
			<xmin>1942</xmin>
			<ymin>1762</ymin>
			<xmax>1967</xmax>
			<ymax>1788</ymax>
		</bndbox>
	</object>
	<object>
		<name>sp09</name>
		<pose>Unspecified</pose>
		<truncated>0</truncated>
		<difficult>0</difficult>
		<bndbox>
			<xmin>1858</xmin>
			<ymin>1591</ymin>
			<xmax>1888</xmax>
			<ymax>1617</ymax>
		</bndbox>
	</object>
	<object>
		<name>sp09</name>
		<pose>Unspecified</pose>
		<truncated>0</truncated>
		<difficult>0</difficult>
		<bndbox>
			<xmin>1803</xmin>
			<ymin>1568</ymin>
			<xmax>1832</xmax>
			<ymax>1600</ymax>
		</bndbox>
	</object>
	<object>
		<name>sp09</name>
		<pose>Unspecified</pose>
		<truncated>0</truncated>
		<difficult>0</difficult>
		<bndbox>
			<xmin>1716</xmin>
			<ymin>1537</ymin>
			<xmax>1746</xmax>
			<ymax>1567</ymax>
		</bndbox>
	</object>
	<object>
		<name>sp09</name>
		<pose>Unspecified</pose>
		<truncated>0</truncated>
		<difficult>0</difficult>
		<bndbox>
			<xmin>1693</xmin>
			<ymin>1505</ymin>
			<xmax>1724</xmax>
			<ymax>1534</ymax>
		</bndbox>
	</object>
	<object>
		<name>sp09</name>
		<pose>Unspecified</pose>
		<truncated>0</truncated>
		<difficult>0</difficult>
		<bndbox>
			<xmin>1755</xmin>
			<ymin>1608</ymin>
			<xmax>1783</xmax>
			<ymax>1639</ymax>
		</bndbox>
	</object>
	<object>
		<name>sp09</name>
		<pose>Unspecified</pose>
		<truncated>0</truncated>
		<difficult>0</difficult>
		<bndbox>
			<xmin>1828</xmin>
			<ymin>1650</ymin>
			<xmax>1859</xmax>
			<ymax>1683</ymax>
		</bndbox>
	</object>
	<object>
		<name>sp09</name>
		<pose>Unspecified</pose>
		<truncated>0</truncated>
		<difficult>0</difficult>
		<bndbox>
			<xmin>1788</xmin>
			<ymin>1660</ymin>
			<xmax>1819</xmax>
			<ymax>1690</ymax>
		</bndbox>
	</object>
	<object>
		<name>sp09</name>
		<pose>Unspecified</pose>
		<truncated>0</truncated>
		<difficult>0</difficult>
		<bndbox>
			<xmin>1768</xmin>
			<ymin>1698</ymin>
			<xmax>1797</xmax>
			<ymax>1725</ymax>
		</bndbox>
	</object>
	<object>
		<name>sp09</name>
		<pose>Unspecified</pose>
		<truncated>0</truncated>
		<difficult>0</difficult>
		<bndbox>
			<xmin>1729</xmin>
			<ymin>1664</ymin>
			<xmax>1761</xmax>
			<ymax>1686</ymax>
		</bndbox>
	</object>
	<object>
		<name>sp09</name>
		<pose>Unspecified</pose>
		<truncated>0</truncated>
		<difficult>0</difficult>
		<bndbox>
			<xmin>1734</xmin>
			<ymin>1683</ymin>
			<xmax>1754</xmax>
			<ymax>1702</ymax>
		</bndbox>
	</object>
	<object>
		<name>sp09</name>
		<pose>Unspecified</pose>
		<truncated>0</truncated>
		<difficult>0</difficult>
		<bndbox>
			<xmin>1674</xmin>
			<ymin>1702</ymin>
			<xmax>1697</xmax>
			<ymax>1728</ymax>
		</bndbox>
	</object>
	<object>
		<name>sp09</name>
		<pose>Unspecified</pose>
		<truncated>0</truncated>
		<difficult>0</difficult>
		<bndbox>
			<xmin>1652</xmin>
			<ymin>1695</ymin>
			<xmax>1673</xmax>
			<ymax>1720</ymax>
		</bndbox>
	</object>
	<object>
		<name>sp09</name>
		<pose>Unspecified</pose>
		<truncated>0</truncated>
		<difficult>0</difficult>
		<bndbox>
			<xmin>1630</xmin>
			<ymin>1604</ymin>
			<xmax>1664</xmax>
			<ymax>1636</ymax>
		</bndbox>
	</object>
	<object>
		<name>sp09</name>
		<pose>Unspecified</pose>
		<truncated>0</truncated>
		<difficult>0</difficult>
		<bndbox>
			<xmin>1553</xmin>
			<ymin>1562</ymin>
			<xmax>1584</xmax>
			<ymax>1586</ymax>
		</bndbox>
	</object>
	<object>
		<name>sp09</name>
		<pose>Unspecified</pose>
		<truncated>0</truncated>
		<difficult>0</difficult>
		<bndbox>
			<xmin>1547</xmin>
			<ymin>1599</ymin>
			<xmax>1573</xmax>
			<ymax>1626</ymax>
		</bndbox>
	</object>
	<object>
		<name>sp09</name>
		<pose>Unspecified</pose>
		<truncated>0</truncated>
		<difficult>0</difficult>
		<bndbox>
			<xmin>1431</xmin>
			<ymin>1559</ymin>
			<xmax>1460</xmax>
			<ymax>1585</ymax>
		</bndbox>
	</object>
	<object>
		<name>sp09</name>
		<pose>Unspecified</pose>
		<truncated>0</truncated>
		<difficult>0</difficult>
		<bndbox>
			<xmin>1488</xmin>
			<ymin>1643</ymin>
			<xmax>1521</xmax>
			<ymax>1674</ymax>
		</bndbox>
	</object>
	<object>
		<name>sp09</name>
		<pose>Unspecified</pose>
		<truncated>0</truncated>
		<difficult>0</difficult>
		<bndbox>
			<xmin>1593</xmin>
			<ymin>1633</ymin>
			<xmax>1610</xmax>
			<ymax>1655</ymax>
		</bndbox>
	</object>
	<object>
		<name>sp09</name>
		<pose>Unspecified</pose>
		<truncated>0</truncated>
		<difficult>0</difficult>
		<bndbox>
			<xmin>1578</xmin>
			<ymin>1611</ymin>
			<xmax>1598</xmax>
			<ymax>1636</ymax>
		</bndbox>
	</object>
	<object>
		<name>sp09</name>
		<pose>Unspecified</pose>
		<truncated>0</truncated>
		<difficult>0</difficult>
		<bndbox>
			<xmin>1612</xmin>
			<ymin>1663</ymin>
			<xmax>1640</xmax>
			<ymax>1685</ymax>
		</bndbox>
	</object>
	<object>
		<name>sp09</name>
		<pose>Unspecified</pose>
		<truncated>0</truncated>
		<difficult>0</difficult>
		<bndbox>
			<xmin>1571</xmin>
			<ymin>1689</ymin>
			<xmax>1600</xmax>
			<ymax>1718</ymax>
		</bndbox>
	</object>
	<object>
		<name>sp09</name>
		<pose>Unspecified</pose>
		<truncated>0</truncated>
		<difficult>0</difficult>
		<bndbox>
			<xmin>1436</xmin>
			<ymin>1603</ymin>
			<xmax>1468</xmax>
			<ymax>1633</ymax>
		</bndbox>
	</object>
	<object>
		<name>sp09</name>
		<pose>Unspecified</pose>
		<truncated>0</truncated>
		<difficult>0</difficult>
		<bndbox>
			<xmin>1431</xmin>
			<ymin>1657</ymin>
			<xmax>1453</xmax>
			<ymax>1679</ymax>
		</bndbox>
	</object>
	<object>
		<name>sp09</name>
		<pose>Unspecified</pose>
		<truncated>0</truncated>
		<difficult>0</difficult>
		<bndbox>
			<xmin>1645</xmin>
			<ymin>1732</ymin>
			<xmax>1668</xmax>
			<ymax>1758</ymax>
		</bndbox>
	</object>
	<object>
		<name>sp09</name>
		<pose>Unspecified</pose>
		<truncated>0</truncated>
		<difficult>0</difficult>
		<bndbox>
			<xmin>1669</xmin>
			<ymin>1811</ymin>
			<xmax>1696</xmax>
			<ymax>1844</ymax>
		</bndbox>
	</object>
	<object>
		<name>sp09</name>
		<pose>Unspecified</pose>
		<truncated>0</truncated>
		<difficult>0</difficult>
		<bndbox>
			<xmin>1583</xmin>
			<ymin>1763</ymin>
			<xmax>1607</xmax>
			<ymax>1792</ymax>
		</bndbox>
	</object>
	<object>
		<name>sp09</name>
		<pose>Unspecified</pose>
		<truncated>0</truncated>
		<difficult>0</difficult>
		<bndbox>
			<xmin>1557</xmin>
			<ymin>1799</ymin>
			<xmax>1587</xmax>
			<ymax>1827</ymax>
		</bndbox>
	</object>
	<object>
		<name>sp09</name>
		<pose>Unspecified</pose>
		<truncated>0</truncated>
		<difficult>0</difficult>
		<bndbox>
			<xmin>1460</xmin>
			<ymin>1786</ymin>
			<xmax>1491</xmax>
			<ymax>1811</ymax>
		</bndbox>
	</object>
	<object>
		<name>sp09</name>
		<pose>Unspecified</pose>
		<truncated>0</truncated>
		<difficult>0</difficult>
		<bndbox>
			<xmin>1405</xmin>
			<ymin>1816</ymin>
			<xmax>1427</xmax>
			<ymax>1836</ymax>
		</bndbox>
	</object>
	<object>
		<name>sp09</name>
		<pose>Unspecified</pose>
		<truncated>0</truncated>
		<difficult>0</difficult>
		<bndbox>
			<xmin>1419</xmin>
			<ymin>1762</ymin>
			<xmax>1449</xmax>
			<ymax>1791</ymax>
		</bndbox>
	</object>
	<object>
		<name>sp09</name>
		<pose>Unspecified</pose>
		<truncated>0</truncated>
		<difficult>0</difficult>
		<bndbox>
			<xmin>1408</xmin>
			<ymin>1733</ymin>
			<xmax>1432</xmax>
			<ymax>1756</ymax>
		</bndbox>
	</object>
	<object>
		<name>sp09</name>
		<pose>Unspecified</pose>
		<truncated>0</truncated>
		<difficult>0</difficult>
		<bndbox>
			<xmin>1333</xmin>
			<ymin>1742</ymin>
			<xmax>1360</xmax>
			<ymax>1772</ymax>
		</bndbox>
	</object>
	<object>
		<name>sp09</name>
		<pose>Unspecified</pose>
		<truncated>0</truncated>
		<difficult>0</difficult>
		<bndbox>
			<xmin>1469</xmin>
			<ymin>1843</ymin>
			<xmax>1503</xmax>
			<ymax>1878</ymax>
		</bndbox>
	</object>
	<object>
		<name>sp09</name>
		<pose>Unspecified</pose>
		<truncated>0</truncated>
		<difficult>0</difficult>
		<bndbox>
			<xmin>1464</xmin>
			<ymin>1817</ymin>
			<xmax>1493</xmax>
			<ymax>1843</ymax>
		</bndbox>
	</object>
	<object>
		<name>sp09</name>
		<pose>Unspecified</pose>
		<truncated>0</truncated>
		<difficult>0</difficult>
		<bndbox>
			<xmin>1563</xmin>
			<ymin>1763</ymin>
			<xmax>1580</xmax>
			<ymax>1792</ymax>
		</bndbox>
	</object>
	<object>
		<name>sp09</name>
		<pose>Unspecified</pose>
		<truncated>0</truncated>
		<difficult>0</difficult>
		<bndbox>
			<xmin>1548</xmin>
			<ymin>1767</ymin>
			<xmax>1566</xmax>
			<ymax>1787</ymax>
		</bndbox>
	</object>
	<object>
		<name>sp09</name>
		<pose>Unspecified</pose>
		<truncated>0</truncated>
		<difficult>0</difficult>
		<bndbox>
			<xmin>1591</xmin>
			<ymin>1864</ymin>
			<xmax>1621</xmax>
			<ymax>1903</ymax>
		</bndbox>
	</object>
	<object>
		<name>sp09</name>
		<pose>Unspecified</pose>
		<truncated>0</truncated>
		<difficult>0</difficult>
		<bndbox>
			<xmin>1564</xmin>
			<ymin>1894</ymin>
			<xmax>1588</xmax>
			<ymax>1919</ymax>
		</bndbox>
	</object>
	<object>
		<name>sp09</name>
		<pose>Unspecified</pose>
		<truncated>0</truncated>
		<difficult>0</difficult>
		<bndbox>
			<xmin>1694</xmin>
			<ymin>1886</ymin>
			<xmax>1709</xmax>
			<ymax>1922</ymax>
		</bndbox>
	</object>
	<object>
		<name>sp09</name>
		<pose>Unspecified</pose>
		<truncated>0</truncated>
		<difficult>0</difficult>
		<bndbox>
			<xmin>1706</xmin>
			<ymin>1886</ymin>
			<xmax>1726</xmax>
			<ymax>1922</ymax>
		</bndbox>
	</object>
	<object>
		<name>sp09</name>
		<pose>Unspecified</pose>
		<truncated>0</truncated>
		<difficult>0</difficult>
		<bndbox>
			<xmin>1373</xmin>
			<ymin>1823</ymin>
			<xmax>1387</xmax>
			<ymax>1847</ymax>
		</bndbox>
	</object>
	<object>
		<name>sp09</name>
		<pose>Unspecified</pose>
		<truncated>0</truncated>
		<difficult>0</difficult>
		<bndbox>
			<xmin>1358</xmin>
			<ymin>1820</ymin>
			<xmax>1373</xmax>
			<ymax>1853</ymax>
		</bndbox>
	</object>
	<object>
		<name>sp09</name>
		<pose>Unspecified</pose>
		<truncated>0</truncated>
		<difficult>0</difficult>
		<bndbox>
			<xmin>1827</xmin>
			<ymin>1926</ymin>
			<xmax>1851</xmax>
			<ymax>1957</ymax>
		</bndbox>
	</object>
	<object>
		<name>sp09</name>
		<pose>Unspecified</pose>
		<truncated>0</truncated>
		<difficult>0</difficult>
		<bndbox>
			<xmin>2509</xmin>
			<ymin>1928</ymin>
			<xmax>2535</xmax>
			<ymax>1960</ymax>
		</bndbox>
	</object>
	<object>
		<name>sp09</name>
		<pose>Unspecified</pose>
		<truncated>0</truncated>
		<difficult>0</difficult>
		<bndbox>
			<xmin>1886</xmin>
			<ymin>1938</ymin>
			<xmax>1915</xmax>
			<ymax>1971</ymax>
		</bndbox>
	</object>
	<object>
		<name>sp09</name>
		<pose>Unspecified</pose>
		<truncated>0</truncated>
		<difficult>0</difficult>
		<bndbox>
			<xmin>2226</xmin>
			<ymin>2117</ymin>
			<xmax>2263</xmax>
			<ymax>2149</ymax>
		</bndbox>
	</object>
	<object>
		<name>sp09</name>
		<pose>Unspecified</pose>
		<truncated>0</truncated>
		<difficult>0</difficult>
		<bndbox>
			<xmin>2205</xmin>
			<ymin>2145</ymin>
			<xmax>2233</xmax>
			<ymax>2177</ymax>
		</bndbox>
	</object>
	<object>
		<name>sp09</name>
		<pose>Unspecified</pose>
		<truncated>0</truncated>
		<difficult>0</difficult>
		<bndbox>
			<xmin>2136</xmin>
			<ymin>2208</ymin>
			<xmax>2158</xmax>
			<ymax>2247</ymax>
		</bndbox>
	</object>
	<object>
		<name>sp09</name>
		<pose>Unspecified</pose>
		<truncated>0</truncated>
		<difficult>0</difficult>
		<bndbox>
			<xmin>2071</xmin>
			<ymin>2239</ymin>
			<xmax>2114</xmax>
			<ymax>2273</ymax>
		</bndbox>
	</object>
	<object>
		<name>sp09</name>
		<pose>Unspecified</pose>
		<truncated>0</truncated>
		<difficult>0</difficult>
		<bndbox>
			<xmin>1675</xmin>
			<ymin>2211</ymin>
			<xmax>1717</xmax>
			<ymax>2244</ymax>
		</bndbox>
	</object>
	<object>
		<name>sp09</name>
		<pose>Unspecified</pose>
		<truncated>0</truncated>
		<difficult>0</difficult>
		<bndbox>
			<xmin>2070</xmin>
			<ymin>2337</ymin>
			<xmax>2095</xmax>
			<ymax>2371</ymax>
		</bndbox>
	</object>
	<object>
		<name>sp09</name>
		<pose>Unspecified</pose>
		<truncated>0</truncated>
		<difficult>0</difficult>
		<bndbox>
			<xmin>1689</xmin>
			<ymin>2373</ymin>
			<xmax>1724</xmax>
			<ymax>2414</ymax>
		</bndbox>
	</object>
	<object>
		<name>sp09</name>
		<pose>Unspecified</pose>
		<truncated>0</truncated>
		<difficult>0</difficult>
		<bndbox>
			<xmin>845</xmin>
			<ymin>2031</ymin>
			<xmax>871</xmax>
			<ymax>2062</ymax>
		</bndbox>
	</object>
	<object>
		<name>sp09</name>
		<pose>Unspecified</pose>
		<truncated>0</truncated>
		<difficult>0</difficult>
		<bndbox>
			<xmin>915</xmin>
			<ymin>2001</ymin>
			<xmax>944</xmax>
			<ymax>2033</ymax>
		</bndbox>
	</object>
	<object>
		<name>sp09</name>
		<pose>Unspecified</pose>
		<truncated>0</truncated>
		<difficult>0</difficult>
		<bndbox>
			<xmin>1253</xmin>
			<ymin>1865</ymin>
			<xmax>1283</xmax>
			<ymax>1901</ymax>
		</bndbox>
	</object>
	<object>
		<name>sp09</name>
		<pose>Unspecified</pose>
		<truncated>0</truncated>
		<difficult>0</difficult>
		<bndbox>
			<xmin>1245</xmin>
			<ymin>1758</ymin>
			<xmax>1271</xmax>
			<ymax>1793</ymax>
		</bndbox>
	</object>
	<object>
		<name>sp09</name>
		<pose>Unspecified</pose>
		<truncated>0</truncated>
		<difficult>0</difficult>
		<bndbox>
			<xmin>1257</xmin>
			<ymin>1623</ymin>
			<xmax>1287</xmax>
			<ymax>1658</ymax>
		</bndbox>
	</object>
	<object>
		<name>sp09</name>
		<pose>Unspecified</pose>
		<truncated>0</truncated>
		<difficult>0</difficult>
		<bndbox>
			<xmin>1214</xmin>
			<ymin>1717</ymin>
			<xmax>1244</xmax>
			<ymax>1747</ymax>
		</bndbox>
	</object>
	<object>
		<name>sp09</name>
		<pose>Unspecified</pose>
		<truncated>0</truncated>
		<difficult>0</difficult>
		<bndbox>
			<xmin>1136</xmin>
			<ymin>1696</ymin>
			<xmax>1165</xmax>
			<ymax>1725</ymax>
		</bndbox>
	</object>
	<object>
		<name>sp09</name>
		<pose>Unspecified</pose>
		<truncated>0</truncated>
		<difficult>0</difficult>
		<bndbox>
			<xmin>1132</xmin>
			<ymin>1728</ymin>
			<xmax>1164</xmax>
			<ymax>1753</ymax>
		</bndbox>
	</object>
	<object>
		<name>sp09</name>
		<pose>Unspecified</pose>
		<truncated>0</truncated>
		<difficult>0</difficult>
		<bndbox>
			<xmin>1087</xmin>
			<ymin>1724</ymin>
			<xmax>1109</xmax>
			<ymax>1739</ymax>
		</bndbox>
	</object>
	<object>
		<name>sp09</name>
		<pose>Unspecified</pose>
		<truncated>0</truncated>
		<difficult>0</difficult>
		<bndbox>
			<xmin>1058</xmin>
			<ymin>1703</ymin>
			<xmax>1084</xmax>
			<ymax>1720</ymax>
		</bndbox>
	</object>
	<object>
		<name>sp09</name>
		<pose>Unspecified</pose>
		<truncated>0</truncated>
		<difficult>0</difficult>
		<bndbox>
			<xmin>1046</xmin>
			<ymin>1685</ymin>
			<xmax>1071</xmax>
			<ymax>1713</ymax>
		</bndbox>
	</object>
	<object>
		<name>sp09</name>
		<pose>Unspecified</pose>
		<truncated>0</truncated>
		<difficult>0</difficult>
		<bndbox>
			<xmin>1052</xmin>
			<ymin>1620</ymin>
			<xmax>1082</xmax>
			<ymax>1646</ymax>
		</bndbox>
	</object>
	<object>
		<name>sp09</name>
		<pose>Unspecified</pose>
		<truncated>0</truncated>
		<difficult>0</difficult>
		<bndbox>
			<xmin>1058</xmin>
			<ymin>1647</ymin>
			<xmax>1078</xmax>
			<ymax>1661</ymax>
		</bndbox>
	</object>
	<object>
		<name>sp09</name>
		<pose>Unspecified</pose>
		<truncated>0</truncated>
		<difficult>0</difficult>
		<bndbox>
			<xmin>975</xmin>
			<ymin>1592</ymin>
			<xmax>999</xmax>
			<ymax>1620</ymax>
		</bndbox>
	</object>
	<object>
		<name>sp09</name>
		<pose>Unspecified</pose>
		<truncated>0</truncated>
		<difficult>0</difficult>
		<bndbox>
			<xmin>942</xmin>
			<ymin>1715</ymin>
			<xmax>968</xmax>
			<ymax>1736</ymax>
		</bndbox>
	</object>
	<object>
		<name>sp09</name>
		<pose>Unspecified</pose>
		<truncated>0</truncated>
		<difficult>0</difficult>
		<bndbox>
			<xmin>855</xmin>
			<ymin>1676</ymin>
			<xmax>874</xmax>
			<ymax>1701</ymax>
		</bndbox>
	</object>
	<object>
		<name>sp09</name>
		<pose>Unspecified</pose>
		<truncated>0</truncated>
		<difficult>0</difficult>
		<bndbox>
			<xmin>794</xmin>
			<ymin>1647</ymin>
			<xmax>813</xmax>
			<ymax>1665</ymax>
		</bndbox>
	</object>
	<object>
		<name>sp09</name>
		<pose>Unspecified</pose>
		<truncated>0</truncated>
		<difficult>0</difficult>
		<bndbox>
			<xmin>914</xmin>
			<ymin>1654</ymin>
			<xmax>932</xmax>
			<ymax>1673</ymax>
		</bndbox>
	</object>
	<object>
		<name>sp09</name>
		<pose>Unspecified</pose>
		<truncated>0</truncated>
		<difficult>0</difficult>
		<bndbox>
			<xmin>928</xmin>
			<ymin>1651</ymin>
			<xmax>951</xmax>
			<ymax>1680</ymax>
		</bndbox>
	</object>
	<object>
		<name>sp09</name>
		<pose>Unspecified</pose>
		<truncated>0</truncated>
		<difficult>0</difficult>
		<bndbox>
			<xmin>945</xmin>
			<ymin>1663</ymin>
			<xmax>969</xmax>
			<ymax>1678</ymax>
		</bndbox>
	</object>
	<object>
		<name>sp09</name>
		<pose>Unspecified</pose>
		<truncated>0</truncated>
		<difficult>0</difficult>
		<bndbox>
			<xmin>955</xmin>
			<ymin>1680</ymin>
			<xmax>976</xmax>
			<ymax>1691</ymax>
		</bndbox>
	</object>
	<object>
		<name>sp09</name>
		<pose>Unspecified</pose>
		<truncated>0</truncated>
		<difficult>0</difficult>
		<bndbox>
			<xmin>1048</xmin>
			<ymin>1739</ymin>
			<xmax>1069</xmax>
			<ymax>1760</ymax>
		</bndbox>
	</object>
	<object>
		<name>sp09</name>
		<pose>Unspecified</pose>
		<truncated>0</truncated>
		<difficult>0</difficult>
		<bndbox>
			<xmin>1071</xmin>
			<ymin>1766</ymin>
			<xmax>1091</xmax>
			<ymax>1791</ymax>
		</bndbox>
	</object>
	<object>
		<name>sp09</name>
		<pose>Unspecified</pose>
		<truncated>0</truncated>
		<difficult>0</difficult>
		<bndbox>
			<xmin>1056</xmin>
			<ymin>1761</ymin>
			<xmax>1075</xmax>
			<ymax>1780</ymax>
		</bndbox>
	</object>
	<object>
		<name>sp09</name>
		<pose>Unspecified</pose>
		<truncated>0</truncated>
		<difficult>0</difficult>
		<bndbox>
			<xmin>1205</xmin>
			<ymin>1787</ymin>
			<xmax>1227</xmax>
			<ymax>1809</ymax>
		</bndbox>
	</object>
	<object>
		<name>sp09</name>
		<pose>Unspecified</pose>
		<truncated>0</truncated>
		<difficult>0</difficult>
		<bndbox>
			<xmin>1175</xmin>
			<ymin>1767</ymin>
			<xmax>1187</xmax>
			<ymax>1806</ymax>
		</bndbox>
	</object>
	<object>
		<name>sp09</name>
		<pose>Unspecified</pose>
		<truncated>0</truncated>
		<difficult>0</difficult>
		<bndbox>
			<xmin>1138</xmin>
			<ymin>1768</ymin>
			<xmax>1156</xmax>
			<ymax>1791</ymax>
		</bndbox>
	</object>
	<object>
		<name>sp09</name>
		<pose>Unspecified</pose>
		<truncated>0</truncated>
		<difficult>0</difficult>
		<bndbox>
			<xmin>1106</xmin>
			<ymin>1749</ymin>
			<xmax>1125</xmax>
			<ymax>1764</ymax>
		</bndbox>
	</object>
</annotation>