<annotation>
	<folder>my-project-name</folder>
	<filename>sp09_img06.jpg</filename>
	<path>/my-project-name/sp09_img06.jpg</path>
	<source>
		<database>Unspecified</database>
	</source>
	<size>
		<width>2733</width>
		<height>2745</height>
		<depth>3</depth>
	</size>
	<object>
		<name>sp09</name>
		<pose>Unspecified</pose>
		<truncated>0</truncated>
		<difficult>0</difficult>
		<bndbox>
			<xmin>2506</xmin>
			<ymin>1005</ymin>
			<xmax>2536</xmax>
			<ymax>1031</ymax>
		</bndbox>
	</object>
	<object>
		<name>sp09</name>
		<pose>Unspecified</pose>
		<truncated>0</truncated>
		<difficult>0</difficult>
		<bndbox>
			<xmin>2494</xmin>
			<ymin>968</ymin>
			<xmax>2524</xmax>
			<ymax>994</ymax>
		</bndbox>
	</object>
	<object>
		<name>sp09</name>
		<pose>Unspecified</pose>
		<truncated>0</truncated>
		<difficult>0</difficult>
		<bndbox>
			<xmin>2552</xmin>
			<ymin>967</ymin>
			<xmax>2572</xmax>
			<ymax>992</ymax>
		</bndbox>
	</object>
	<object>
		<name>sp09</name>
		<pose>Unspecified</pose>
		<truncated>0</truncated>
		<difficult>0</difficult>
		<bndbox>
			<xmin>2460</xmin>
			<ymin>878</ymin>
			<xmax>2486</xmax>
			<ymax>906</ymax>
		</bndbox>
	</object>
	<object>
		<name>sp09</name>
		<pose>Unspecified</pose>
		<truncated>0</truncated>
		<difficult>0</difficult>
		<bndbox>
			<xmin>2309</xmin>
			<ymin>850</ymin>
			<xmax>2335</xmax>
			<ymax>875</ymax>
		</bndbox>
	</object>
	<object>
		<name>sp09</name>
		<pose>Unspecified</pose>
		<truncated>0</truncated>
		<difficult>0</difficult>
		<bndbox>
			<xmin>2390</xmin>
			<ymin>797</ymin>
			<xmax>2411</xmax>
			<ymax>822</ymax>
		</bndbox>
	</object>
	<object>
		<name>sp09</name>
		<pose>Unspecified</pose>
		<truncated>0</truncated>
		<difficult>0</difficult>
		<bndbox>
			<xmin>2312</xmin>
			<ymin>819</ymin>
			<xmax>2336</xmax>
			<ymax>837</ymax>
		</bndbox>
	</object>
	<object>
		<name>sp09</name>
		<pose>Unspecified</pose>
		<truncated>0</truncated>
		<difficult>0</difficult>
		<bndbox>
			<xmin>2232</xmin>
			<ymin>691</ymin>
			<xmax>2260</xmax>
			<ymax>717</ymax>
		</bndbox>
	</object>
	<object>
		<name>sp09</name>
		<pose>Unspecified</pose>
		<truncated>0</truncated>
		<difficult>0</difficult>
		<bndbox>
			<xmin>2194</xmin>
			<ymin>708</ymin>
			<xmax>2219</xmax>
			<ymax>734</ymax>
		</bndbox>
	</object>
	<object>
		<name>sp09</name>
		<pose>Unspecified</pose>
		<truncated>0</truncated>
		<difficult>0</difficult>
		<bndbox>
			<xmin>2180</xmin>
			<ymin>659</ymin>
			<xmax>2206</xmax>
			<ymax>682</ymax>
		</bndbox>
	</object>
	<object>
		<name>sp09</name>
		<pose>Unspecified</pose>
		<truncated>0</truncated>
		<difficult>0</difficult>
		<bndbox>
			<xmin>2166</xmin>
			<ymin>615</ymin>
			<xmax>2190</xmax>
			<ymax>639</ymax>
		</bndbox>
	</object>
	<object>
		<name>sp09</name>
		<pose>Unspecified</pose>
		<truncated>0</truncated>
		<difficult>0</difficult>
		<bndbox>
			<xmin>2069</xmin>
			<ymin>497</ymin>
			<xmax>2094</xmax>
			<ymax>520</ymax>
		</bndbox>
	</object>
	<object>
		<name>sp09</name>
		<pose>Unspecified</pose>
		<truncated>0</truncated>
		<difficult>0</difficult>
		<bndbox>
			<xmin>1977</xmin>
			<ymin>355</ymin>
			<xmax>2004</xmax>
			<ymax>385</ymax>
		</bndbox>
	</object>
	<object>
		<name>sp09</name>
		<pose>Unspecified</pose>
		<truncated>0</truncated>
		<difficult>0</difficult>
		<bndbox>
			<xmin>2098</xmin>
			<ymin>677</ymin>
			<xmax>2124</xmax>
			<ymax>706</ymax>
		</bndbox>
	</object>
	<object>
		<name>sp09</name>
		<pose>Unspecified</pose>
		<truncated>0</truncated>
		<difficult>0</difficult>
		<bndbox>
			<xmin>2011</xmin>
			<ymin>687</ymin>
			<xmax>2033</xmax>
			<ymax>715</ymax>
		</bndbox>
	</object>
	<object>
		<name>sp09</name>
		<pose>Unspecified</pose>
		<truncated>0</truncated>
		<difficult>0</difficult>
		<bndbox>
			<xmin>2037</xmin>
			<ymin>673</ymin>
			<xmax>2060</xmax>
			<ymax>700</ymax>
		</bndbox>
	</object>
	<object>
		<name>sp09</name>
		<pose>Unspecified</pose>
		<truncated>0</truncated>
		<difficult>0</difficult>
		<bndbox>
			<xmin>1931</xmin>
			<ymin>611</ymin>
			<xmax>1957</xmax>
			<ymax>636</ymax>
		</bndbox>
	</object>
	<object>
		<name>sp09</name>
		<pose>Unspecified</pose>
		<truncated>0</truncated>
		<difficult>0</difficult>
		<bndbox>
			<xmin>1744</xmin>
			<ymin>705</ymin>
			<xmax>1765</xmax>
			<ymax>729</ymax>
		</bndbox>
	</object>
	<object>
		<name>sp09</name>
		<pose>Unspecified</pose>
		<truncated>0</truncated>
		<difficult>0</difficult>
		<bndbox>
			<xmin>1614</xmin>
			<ymin>1219</ymin>
			<xmax>1637</xmax>
			<ymax>1244</ymax>
		</bndbox>
	</object>
	<object>
		<name>sp09</name>
		<pose>Unspecified</pose>
		<truncated>0</truncated>
		<difficult>0</difficult>
		<bndbox>
			<xmin>1594</xmin>
			<ymin>1246</ymin>
			<xmax>1614</xmax>
			<ymax>1269</ymax>
		</bndbox>
	</object>
	<object>
		<name>sp09</name>
		<pose>Unspecified</pose>
		<truncated>0</truncated>
		<difficult>0</difficult>
		<bndbox>
			<xmin>1860</xmin>
			<ymin>1006</ymin>
			<xmax>1888</xmax>
			<ymax>1028</ymax>
		</bndbox>
	</object>
	<object>
		<name>sp09</name>
		<pose>Unspecified</pose>
		<truncated>0</truncated>
		<difficult>0</difficult>
		<bndbox>
			<xmin>1723</xmin>
			<ymin>1091</ymin>
			<xmax>1759</xmax>
			<ymax>1125</ymax>
		</bndbox>
	</object>
	<object>
		<name>sp09</name>
		<pose>Unspecified</pose>
		<truncated>0</truncated>
		<difficult>0</difficult>
		<bndbox>
			<xmin>1623</xmin>
			<ymin>1064</ymin>
			<xmax>1654</xmax>
			<ymax>1101</ymax>
		</bndbox>
	</object>
	<object>
		<name>sp09</name>
		<pose>Unspecified</pose>
		<truncated>0</truncated>
		<difficult>0</difficult>
		<bndbox>
			<xmin>1680</xmin>
			<ymin>746</ymin>
			<xmax>1709</xmax>
			<ymax>773</ymax>
		</bndbox>
	</object>
	<object>
		<name>sp09</name>
		<pose>Unspecified</pose>
		<truncated>0</truncated>
		<difficult>0</difficult>
		<bndbox>
			<xmin>1589</xmin>
			<ymin>709</ymin>
			<xmax>1611</xmax>
			<ymax>731</ymax>
		</bndbox>
	</object>
	<object>
		<name>sp09</name>
		<pose>Unspecified</pose>
		<truncated>0</truncated>
		<difficult>0</difficult>
		<bndbox>
			<xmin>1220</xmin>
			<ymin>405</ymin>
			<xmax>1245</xmax>
			<ymax>430</ymax>
		</bndbox>
	</object>
	<object>
		<name>sp09</name>
		<pose>Unspecified</pose>
		<truncated>0</truncated>
		<difficult>0</difficult>
		<bndbox>
			<xmin>1171</xmin>
			<ymin>537</ymin>
			<xmax>1202</xmax>
			<ymax>568</ymax>
		</bndbox>
	</object>
	<object>
		<name>sp09</name>
		<pose>Unspecified</pose>
		<truncated>0</truncated>
		<difficult>0</difficult>
		<bndbox>
			<xmin>1370</xmin>
			<ymin>1878</ymin>
			<xmax>1391</xmax>
			<ymax>1904</ymax>
		</bndbox>
	</object>
	<object>
		<name>sp09</name>
		<pose>Unspecified</pose>
		<truncated>0</truncated>
		<difficult>0</difficult>
		<bndbox>
			<xmin>1349</xmin>
			<ymin>1877</ymin>
			<xmax>1368</xmax>
			<ymax>1898</ymax>
		</bndbox>
	</object>
	<object>
		<name>sp09</name>
		<pose>Unspecified</pose>
		<truncated>0</truncated>
		<difficult>0</difficult>
		<bndbox>
			<xmin>1327</xmin>
			<ymin>1993</ymin>
			<xmax>1345</xmax>
			<ymax>2010</ymax>
		</bndbox>
	</object>
	<object>
		<name>sp09</name>
		<pose>Unspecified</pose>
		<truncated>0</truncated>
		<difficult>0</difficult>
		<bndbox>
			<xmin>1300</xmin>
			<ymin>1982</ymin>
			<xmax>1319</xmax>
			<ymax>2003</ymax>
		</bndbox>
	</object>
	<object>
		<name>sp09</name>
		<pose>Unspecified</pose>
		<truncated>0</truncated>
		<difficult>0</difficult>
		<bndbox>
			<xmin>1307</xmin>
			<ymin>2004</ymin>
			<xmax>1324</xmax>
			<ymax>2018</ymax>
		</bndbox>
	</object>
	<object>
		<name>sp09</name>
		<pose>Unspecified</pose>
		<truncated>0</truncated>
		<difficult>0</difficult>
		<bndbox>
			<xmin>1526</xmin>
			<ymin>1891</ymin>
			<xmax>1553</xmax>
			<ymax>1918</ymax>
		</bndbox>
	</object>
	<object>
		<name>sp09</name>
		<pose>Unspecified</pose>
		<truncated>0</truncated>
		<difficult>0</difficult>
		<bndbox>
			<xmin>1435</xmin>
			<ymin>1970</ymin>
			<xmax>1460</xmax>
			<ymax>1994</ymax>
		</bndbox>
	</object>
	<object>
		<name>sp09</name>
		<pose>Unspecified</pose>
		<truncated>0</truncated>
		<difficult>0</difficult>
		<bndbox>
			<xmin>1464</xmin>
			<ymin>1962</ymin>
			<xmax>1488</xmax>
			<ymax>1984</ymax>
		</bndbox>
	</object>
	<object>
		<name>sp09</name>
		<pose>Unspecified</pose>
		<truncated>0</truncated>
		<difficult>0</difficult>
		<bndbox>
			<xmin>1465</xmin>
			<ymin>2002</ymin>
			<xmax>1493</xmax>
			<ymax>2026</ymax>
		</bndbox>
	</object>
	<object>
		<name>sp09</name>
		<pose>Unspecified</pose>
		<truncated>0</truncated>
		<difficult>0</difficult>
		<bndbox>
			<xmin>1408</xmin>
			<ymin>2089</ymin>
			<xmax>1440</xmax>
			<ymax>2115</ymax>
		</bndbox>
	</object>
	<object>
		<name>sp09</name>
		<pose>Unspecified</pose>
		<truncated>0</truncated>
		<difficult>0</difficult>
		<bndbox>
			<xmin>1547</xmin>
			<ymin>1923</ymin>
			<xmax>1575</xmax>
			<ymax>1947</ymax>
		</bndbox>
	</object>
	<object>
		<name>sp09</name>
		<pose>Unspecified</pose>
		<truncated>0</truncated>
		<difficult>0</difficult>
		<bndbox>
			<xmin>1412</xmin>
			<ymin>2143</ymin>
			<xmax>1441</xmax>
			<ymax>2171</ymax>
		</bndbox>
	</object>
	<object>
		<name>sp09</name>
		<pose>Unspecified</pose>
		<truncated>0</truncated>
		<difficult>0</difficult>
		<bndbox>
			<xmin>1747</xmin>
			<ymin>1911</ymin>
			<xmax>1777</xmax>
			<ymax>1943</ymax>
		</bndbox>
	</object>
	<object>
		<name>sp09</name>
		<pose>Unspecified</pose>
		<truncated>0</truncated>
		<difficult>0</difficult>
		<bndbox>
			<xmin>1378</xmin>
			<ymin>2221</ymin>
			<xmax>1398</xmax>
			<ymax>2246</ymax>
		</bndbox>
	</object>
	<object>
		<name>sp09</name>
		<pose>Unspecified</pose>
		<truncated>0</truncated>
		<difficult>0</difficult>
		<bndbox>
			<xmin>1401</xmin>
			<ymin>2213</ymin>
			<xmax>1429</xmax>
			<ymax>2241</ymax>
		</bndbox>
	</object>
	<object>
		<name>sp09</name>
		<pose>Unspecified</pose>
		<truncated>0</truncated>
		<difficult>0</difficult>
		<bndbox>
			<xmin>1905</xmin>
			<ymin>2362</ymin>
			<xmax>1937</xmax>
			<ymax>2394</ymax>
		</bndbox>
	</object>
	<object>
		<name>sp09</name>
		<pose>Unspecified</pose>
		<truncated>0</truncated>
		<difficult>0</difficult>
		<bndbox>
			<xmin>1441</xmin>
			<ymin>2448</ymin>
			<xmax>1469</xmax>
			<ymax>2473</ymax>
		</bndbox>
	</object>
	<object>
		<name>sp09</name>
		<pose>Unspecified</pose>
		<truncated>0</truncated>
		<difficult>0</difficult>
		<bndbox>
			<xmin>1228</xmin>
			<ymin>2044</ymin>
			<xmax>1257</xmax>
			<ymax>2071</ymax>
		</bndbox>
	</object>
	<object>
		<name>sp09</name>
		<pose>Unspecified</pose>
		<truncated>0</truncated>
		<difficult>0</difficult>
		<bndbox>
			<xmin>1227</xmin>
			<ymin>2000</ymin>
			<xmax>1251</xmax>
			<ymax>2024</ymax>
		</bndbox>
	</object>
	<object>
		<name>sp09</name>
		<pose>Unspecified</pose>
		<truncated>0</truncated>
		<difficult>0</difficult>
		<bndbox>
			<xmin>1209</xmin>
			<ymin>1950</ymin>
			<xmax>1236</xmax>
			<ymax>1975</ymax>
		</bndbox>
	</object>
	<object>
		<name>sp09</name>
		<pose>Unspecified</pose>
		<truncated>0</truncated>
		<difficult>0</difficult>
		<bndbox>
			<xmin>1167</xmin>
			<ymin>2117</ymin>
			<xmax>1197</xmax>
			<ymax>2143</ymax>
		</bndbox>
	</object>
	<object>
		<name>sp09</name>
		<pose>Unspecified</pose>
		<truncated>0</truncated>
		<difficult>0</difficult>
		<bndbox>
			<xmin>1034</xmin>
			<ymin>2203</ymin>
			<xmax>1061</xmax>
			<ymax>2232</ymax>
		</bndbox>
	</object>
	<object>
		<name>sp09</name>
		<pose>Unspecified</pose>
		<truncated>0</truncated>
		<difficult>0</difficult>
		<bndbox>
			<xmin>938</xmin>
			<ymin>1977</ymin>
			<xmax>965</xmax>
			<ymax>2003</ymax>
		</bndbox>
	</object>
	<object>
		<name>sp09</name>
		<pose>Unspecified</pose>
		<truncated>0</truncated>
		<difficult>0</difficult>
		<bndbox>
			<xmin>1005</xmin>
			<ymin>1898</ymin>
			<xmax>1039</xmax>
			<ymax>1931</ymax>
		</bndbox>
	</object>
	<object>
		<name>sp09</name>
		<pose>Unspecified</pose>
		<truncated>0</truncated>
		<difficult>0</difficult>
		<bndbox>
			<xmin>925</xmin>
			<ymin>1848</ymin>
			<xmax>956</xmax>
			<ymax>1879</ymax>
		</bndbox>
	</object>
	<object>
		<name>sp09</name>
		<pose>Unspecified</pose>
		<truncated>0</truncated>
		<difficult>0</difficult>
		<bndbox>
			<xmin>1201</xmin>
			<ymin>1834</ymin>
			<xmax>1227</xmax>
			<ymax>1862</ymax>
		</bndbox>
	</object>
	<object>
		<name>sp09</name>
		<pose>Unspecified</pose>
		<truncated>0</truncated>
		<difficult>0</difficult>
		<bndbox>
			<xmin>1111</xmin>
			<ymin>1971</ymin>
			<xmax>1141</xmax>
			<ymax>1998</ymax>
		</bndbox>
	</object>
	<object>
		<name>sp09</name>
		<pose>Unspecified</pose>
		<truncated>0</truncated>
		<difficult>0</difficult>
		<bndbox>
			<xmin>1137</xmin>
			<ymin>1903</ymin>
			<xmax>1166</xmax>
			<ymax>1936</ymax>
		</bndbox>
	</object>
	<object>
		<name>sp09</name>
		<pose>Unspecified</pose>
		<truncated>0</truncated>
		<difficult>0</difficult>
		<bndbox>
			<xmin>1276</xmin>
			<ymin>1922</ymin>
			<xmax>1303</xmax>
			<ymax>1948</ymax>
		</bndbox>
	</object>
	<object>
		<name>sp09</name>
		<pose>Unspecified</pose>
		<truncated>0</truncated>
		<difficult>0</difficult>
		<bndbox>
			<xmin>1288</xmin>
			<ymin>1827</ymin>
			<xmax>1318</xmax>
			<ymax>1855</ymax>
		</bndbox>
	</object>
	<object>
		<name>sp09</name>
		<pose>Unspecified</pose>
		<truncated>0</truncated>
		<difficult>0</difficult>
		<bndbox>
			<xmin>1245</xmin>
			<ymin>1855</ymin>
			<xmax>1273</xmax>
			<ymax>1885</ymax>
		</bndbox>
	</object>
	<object>
		<name>sp09</name>
		<pose>Unspecified</pose>
		<truncated>0</truncated>
		<difficult>0</difficult>
		<bndbox>
			<xmin>1974</xmin>
			<ymin>2092</ymin>
			<xmax>2001</xmax>
			<ymax>2120</ymax>
		</bndbox>
	</object>
	<object>
		<name>sp09</name>
		<pose>Unspecified</pose>
		<truncated>0</truncated>
		<difficult>0</difficult>
		<bndbox>
			<xmin>2193</xmin>
			<ymin>2224</ymin>
			<xmax>2222</xmax>
			<ymax>2249</ymax>
		</bndbox>
	</object>
	<object>
		<name>sp09</name>
		<pose>Unspecified</pose>
		<truncated>0</truncated>
		<difficult>0</difficult>
		<bndbox>
			<xmin>1956</xmin>
			<ymin>2410</ymin>
			<xmax>1982</xmax>
			<ymax>2438</ymax>
		</bndbox>
	</object>
	<object>
		<name>sp09</name>
		<pose>Unspecified</pose>
		<truncated>0</truncated>
		<difficult>0</difficult>
		<bndbox>
			<xmin>1272</xmin>
			<ymin>1650</ymin>
			<xmax>1296</xmax>
			<ymax>1678</ymax>
		</bndbox>
	</object>
	<object>
		<name>sp09</name>
		<pose>Unspecified</pose>
		<truncated>0</truncated>
		<difficult>0</difficult>
		<bndbox>
			<xmin>1383</xmin>
			<ymin>1598</ymin>
			<xmax>1414</xmax>
			<ymax>1632</ymax>
		</bndbox>
	</object>
	<object>
		<name>sp09</name>
		<pose>Unspecified</pose>
		<truncated>0</truncated>
		<difficult>0</difficult>
		<bndbox>
			<xmin>1465</xmin>
			<ymin>1505</ymin>
			<xmax>1497</xmax>
			<ymax>1542</ymax>
		</bndbox>
	</object>
	<object>
		<name>sp09</name>
		<pose>Unspecified</pose>
		<truncated>0</truncated>
		<difficult>0</difficult>
		<bndbox>
			<xmin>1679</xmin>
			<ymin>1548</ymin>
			<xmax>1706</xmax>
			<ymax>1576</ymax>
		</bndbox>
	</object>
	<object>
		<name>sp09</name>
		<pose>Unspecified</pose>
		<truncated>0</truncated>
		<difficult>0</difficult>
		<bndbox>
			<xmin>1819</xmin>
			<ymin>1515</ymin>
			<xmax>1851</xmax>
			<ymax>1544</ymax>
		</bndbox>
	</object>
	<object>
		<name>sp09</name>
		<pose>Unspecified</pose>
		<truncated>0</truncated>
		<difficult>0</difficult>
		<bndbox>
			<xmin>2174</xmin>
			<ymin>1293</ymin>
			<xmax>2200</xmax>
			<ymax>1321</ymax>
		</bndbox>
	</object>
	<object>
		<name>sp09</name>
		<pose>Unspecified</pose>
		<truncated>0</truncated>
		<difficult>0</difficult>
		<bndbox>
			<xmin>1148</xmin>
			<ymin>1326</ymin>
			<xmax>1180</xmax>
			<ymax>1362</ymax>
		</bndbox>
	</object>
	<object>
		<name>sp09</name>
		<pose>Unspecified</pose>
		<truncated>0</truncated>
		<difficult>0</difficult>
		<bndbox>
			<xmin>870</xmin>
			<ymin>1195</ymin>
			<xmax>899</xmax>
			<ymax>1229</ymax>
		</bndbox>
	</object>
	<object>
		<name>sp09</name>
		<pose>Unspecified</pose>
		<truncated>0</truncated>
		<difficult>0</difficult>
		<bndbox>
			<xmin>812</xmin>
			<ymin>1247</ymin>
			<xmax>839</xmax>
			<ymax>1276</ymax>
		</bndbox>
	</object>
	<object>
		<name>sp09</name>
		<pose>Unspecified</pose>
		<truncated>0</truncated>
		<difficult>0</difficult>
		<bndbox>
			<xmin>922</xmin>
			<ymin>909</ymin>
			<xmax>964</xmax>
			<ymax>943</ymax>
		</bndbox>
	</object>
	<object>
		<name>sp09</name>
		<pose>Unspecified</pose>
		<truncated>0</truncated>
		<difficult>0</difficult>
		<bndbox>
			<xmin>368</xmin>
			<ymin>911</ymin>
			<xmax>402</xmax>
			<ymax>940</ymax>
		</bndbox>
	</object>
	<object>
		<name>sp09</name>
		<pose>Unspecified</pose>
		<truncated>0</truncated>
		<difficult>0</difficult>
		<bndbox>
			<xmin>1086</xmin>
			<ymin>861</ymin>
			<xmax>1117</xmax>
			<ymax>894</ymax>
		</bndbox>
	</object>
	<object>
		<name>sp09</name>
		<pose>Unspecified</pose>
		<truncated>0</truncated>
		<difficult>0</difficult>
		<bndbox>
			<xmin>1427</xmin>
			<ymin>1099</ymin>
			<xmax>1458</xmax>
			<ymax>1133</ymax>
		</bndbox>
	</object>
	<object>
		<name>sp09</name>
		<pose>Unspecified</pose>
		<truncated>0</truncated>
		<difficult>0</difficult>
		<bndbox>
			<xmin>1182</xmin>
			<ymin>933</ymin>
			<xmax>1213</xmax>
			<ymax>965</ymax>
		</bndbox>
	</object>
	<object>
		<name>sp09</name>
		<pose>Unspecified</pose>
		<truncated>0</truncated>
		<difficult>0</difficult>
		<bndbox>
			<xmin>1503</xmin>
			<ymin>1169</ymin>
			<xmax>1537</xmax>
			<ymax>1200</ymax>
		</bndbox>
	</object>
	<object>
		<name>sp09</name>
		<pose>Unspecified</pose>
		<truncated>0</truncated>
		<difficult>0</difficult>
		<bndbox>
			<xmin>1457</xmin>
			<ymin>1132</ymin>
			<xmax>1488</xmax>
			<ymax>1161</ymax>
		</bndbox>
	</object>
	<object>
		<name>sp09</name>
		<pose>Unspecified</pose>
		<truncated>0</truncated>
		<difficult>0</difficult>
		<bndbox>
			<xmin>1238</xmin>
			<ymin>972</ymin>
			<xmax>1270</xmax>
			<ymax>1003</ymax>
		</bndbox>
	</object>
	<object>
		<name>sp09</name>
		<pose>Unspecified</pose>
		<truncated>0</truncated>
		<difficult>0</difficult>
		<bndbox>
			<xmin>1282</xmin>
			<ymin>999</ymin>
			<xmax>1316</xmax>
			<ymax>1031</ymax>
		</bndbox>
	</object>
	<object>
		<name>sp09</name>
		<pose>Unspecified</pose>
		<truncated>0</truncated>
		<difficult>0</difficult>
		<bndbox>
			<xmin>2491</xmin>
			<ymin>1901</ymin>
			<xmax>2520</xmax>
			<ymax>1928</ymax>
		</bndbox>
	</object>
	<object>
		<name>sp09</name>
		<pose>Unspecified</pose>
		<truncated>0</truncated>
		<difficult>0</difficult>
		<bndbox>
			<xmin>2460</xmin>
			<ymin>1986</ymin>
			<xmax>2484</xmax>
			<ymax>2010</ymax>
		</bndbox>
	</object>
	<object>
		<name>sp09</name>
		<pose>Unspecified</pose>
		<truncated>0</truncated>
		<difficult>0</difficult>
		<bndbox>
			<xmin>2384</xmin>
			<ymin>2099</ymin>
			<xmax>2408</xmax>
			<ymax>2126</ymax>
		</bndbox>
	</object>
	<object>
		<name>sp09</name>
		<pose>Unspecified</pose>
		<truncated>0</truncated>
		<difficult>0</difficult>
		<bndbox>
			<xmin>2350</xmin>
			<ymin>2149</ymin>
			<xmax>2373</xmax>
			<ymax>2172</ymax>
		</bndbox>
	</object>
	<object>
		<name>sp09</name>
		<pose>Unspecified</pose>
		<truncated>0</truncated>
		<difficult>0</difficult>
		<bndbox>
			<xmin>1459</xmin>
			<ymin>2624</ymin>
			<xmax>1490</xmax>
			<ymax>2644</ymax>
		</bndbox>
	</object>
	<object>
		<name>sp09</name>
		<pose>Unspecified</pose>
		<truncated>0</truncated>
		<difficult>0</difficult>
		<bndbox>
			<xmin>1209</xmin>
			<ymin>955</ymin>
			<xmax>1236</xmax>
			<ymax>987</ymax>
		</bndbox>
	</object>
	<object>
		<name>sp09</name>
		<pose>Unspecified</pose>
		<truncated>0</truncated>
		<difficult>0</difficult>
		<bndbox>
			<xmin>1599</xmin>
			<ymin>1230</ymin>
			<xmax>1616</xmax>
			<ymax>1249</ymax>
		</bndbox>
	</object>
	<object>
		<name>sp09</name>
		<pose>Unspecified</pose>
		<truncated>0</truncated>
		<difficult>0</difficult>
		<bndbox>
			<xmin>2518</xmin>
			<ymin>923</ymin>
			<xmax>2541</xmax>
			<ymax>951</ymax>
		</bndbox>
	</object>
	<object>
		<name>sp09</name>
		<pose>Unspecified</pose>
		<truncated>0</truncated>
		<difficult>0</difficult>
		<bndbox>
			<xmin>2497</xmin>
			<ymin>936</ymin>
			<xmax>2518</xmax>
			<ymax>957</ymax>
		</bndbox>
	</object>
</annotation>