<annotation>
	<folder>my-project-name</folder>
	<filename>sp09_img01.jpg</filename>
	<path>/my-project-name/sp09_img01.jpg</path>
	<source>
		<database>Unspecified</database>
	</source>
	<size>
		<width>2931</width>
		<height>2917</height>
		<depth>3</depth>
	</size>
	<object>
		<name>sp09</name>
		<pose>Unspecified</pose>
		<truncated>0</truncated>
		<difficult>0</difficult>
		<bndbox>
			<xmin>1669</xmin>
			<ymin>2153</ymin>
			<xmax>1727</xmax>
			<ymax>2195</ymax>
		</bndbox>
	</object>
	<object>
		<name>sp09</name>
		<pose>Unspecified</pose>
		<truncated>0</truncated>
		<difficult>0</difficult>
		<bndbox>
			<xmin>1195</xmin>
			<ymin>1128</ymin>
			<xmax>1233</xmax>
			<ymax>1179</ymax>
		</bndbox>
	</object>
	<object>
		<name>sp09</name>
		<pose>Unspecified</pose>
		<truncated>0</truncated>
		<difficult>0</difficult>
		<bndbox>
			<xmin>1323</xmin>
			<ymin>1358</ymin>
			<xmax>1377</xmax>
			<ymax>1403</ymax>
		</bndbox>
	</object>
</annotation>