<annotation>
	<folder>my-project-name</folder>
	<filename>sp10_img14.jpg</filename>
	<path>/my-project-name/sp10_img14.jpg</path>
	<source>
		<database>Unspecified</database>
	</source>
	<size>
		<width>2191</width>
		<height>2183</height>
		<depth>3</depth>
	</size>
	<object>
		<name>sp10</name>
		<pose>Unspecified</pose>
		<truncated>0</truncated>
		<difficult>0</difficult>
		<bndbox>
			<xmin>1799</xmin>
			<ymin>288</ymin>
			<xmax>1831</xmax>
			<ymax>324</ymax>
		</bndbox>
	</object>
	<object>
		<name>sp10</name>
		<pose>Unspecified</pose>
		<truncated>0</truncated>
		<difficult>0</difficult>
		<bndbox>
			<xmin>1751</xmin>
			<ymin>245</ymin>
			<xmax>1779</xmax>
			<ymax>284</ymax>
		</bndbox>
	</object>
	<object>
		<name>sp10</name>
		<pose>Unspecified</pose>
		<truncated>0</truncated>
		<difficult>0</difficult>
		<bndbox>
			<xmin>390</xmin>
			<ymin>940</ymin>
			<xmax>417</xmax>
			<ymax>964</ymax>
		</bndbox>
	</object>
	<object>
		<name>sp10</name>
		<pose>Unspecified</pose>
		<truncated>0</truncated>
		<difficult>0</difficult>
		<bndbox>
			<xmin>367</xmin>
			<ymin>834</ymin>
			<xmax>387</xmax>
			<ymax>852</ymax>
		</bndbox>
	</object>
	<object>
		<name>sp10</name>
		<pose>Unspecified</pose>
		<truncated>0</truncated>
		<difficult>0</difficult>
		<bndbox>
			<xmin>361</xmin>
			<ymin>815</ymin>
			<xmax>381</xmax>
			<ymax>835</ymax>
		</bndbox>
	</object>
	<object>
		<name>sp10</name>
		<pose>Unspecified</pose>
		<truncated>0</truncated>
		<difficult>0</difficult>
		<bndbox>
			<xmin>221</xmin>
			<ymin>813</ymin>
			<xmax>241</xmax>
			<ymax>833</ymax>
		</bndbox>
	</object>
	<object>
		<name>sp10</name>
		<pose>Unspecified</pose>
		<truncated>0</truncated>
		<difficult>0</difficult>
		<bndbox>
			<xmin>218</xmin>
			<ymin>791</ymin>
			<xmax>241</xmax>
			<ymax>811</ymax>
		</bndbox>
	</object>
	<object>
		<name>sp10</name>
		<pose>Unspecified</pose>
		<truncated>0</truncated>
		<difficult>0</difficult>
		<bndbox>
			<xmin>407</xmin>
			<ymin>1196</ymin>
			<xmax>441</xmax>
			<ymax>1232</ymax>
		</bndbox>
	</object>
	<object>
		<name>sp10</name>
		<pose>Unspecified</pose>
		<truncated>0</truncated>
		<difficult>0</difficult>
		<bndbox>
			<xmin>1194</xmin>
			<ymin>268</ymin>
			<xmax>1226</xmax>
			<ymax>294</ymax>
		</bndbox>
	</object>
	<object>
		<name>sp10</name>
		<pose>Unspecified</pose>
		<truncated>0</truncated>
		<difficult>0</difficult>
		<bndbox>
			<xmin>839</xmin>
			<ymin>222</ymin>
			<xmax>878</xmax>
			<ymax>263</ymax>
		</bndbox>
	</object>
	<object>
		<name>sp10</name>
		<pose>Unspecified</pose>
		<truncated>0</truncated>
		<difficult>0</difficult>
		<bndbox>
			<xmin>799</xmin>
			<ymin>258</ymin>
			<xmax>847</xmax>
			<ymax>306</ymax>
		</bndbox>
	</object>
	<object>
		<name>sp10</name>
		<pose>Unspecified</pose>
		<truncated>0</truncated>
		<difficult>0</difficult>
		<bndbox>
			<xmin>895</xmin>
			<ymin>510</ymin>
			<xmax>921</xmax>
			<ymax>527</ymax>
		</bndbox>
	</object>
	<object>
		<name>sp10</name>
		<pose>Unspecified</pose>
		<truncated>0</truncated>
		<difficult>0</difficult>
		<bndbox>
			<xmin>940</xmin>
			<ymin>497</ymin>
			<xmax>974</xmax>
			<ymax>526</ymax>
		</bndbox>
	</object>
	<object>
		<name>sp10</name>
		<pose>Unspecified</pose>
		<truncated>0</truncated>
		<difficult>0</difficult>
		<bndbox>
			<xmin>879</xmin>
			<ymin>915</ymin>
			<xmax>902</xmax>
			<ymax>940</ymax>
		</bndbox>
	</object>
	<object>
		<name>sp10</name>
		<pose>Unspecified</pose>
		<truncated>0</truncated>
		<difficult>0</difficult>
		<bndbox>
			<xmin>891</xmin>
			<ymin>928</ymin>
			<xmax>928</xmax>
			<ymax>958</ymax>
		</bndbox>
	</object>
	<object>
		<name>sp10</name>
		<pose>Unspecified</pose>
		<truncated>0</truncated>
		<difficult>0</difficult>
		<bndbox>
			<xmin>918</xmin>
			<ymin>899</ymin>
			<xmax>956</xmax>
			<ymax>941</ymax>
		</bndbox>
	</object>
	<object>
		<name>sp10</name>
		<pose>Unspecified</pose>
		<truncated>0</truncated>
		<difficult>0</difficult>
		<bndbox>
			<xmin>856</xmin>
			<ymin>887</ymin>
			<xmax>891</xmax>
			<ymax>919</ymax>
		</bndbox>
	</object>
	<object>
		<name>sp10</name>
		<pose>Unspecified</pose>
		<truncated>0</truncated>
		<difficult>0</difficult>
		<bndbox>
			<xmin>842</xmin>
			<ymin>826</ymin>
			<xmax>867</xmax>
			<ymax>857</ymax>
		</bndbox>
	</object>
	<object>
		<name>sp10</name>
		<pose>Unspecified</pose>
		<truncated>0</truncated>
		<difficult>0</difficult>
		<bndbox>
			<xmin>826</xmin>
			<ymin>856</ymin>
			<xmax>859</xmax>
			<ymax>891</ymax>
		</bndbox>
	</object>
	<object>
		<name>sp10</name>
		<pose>Unspecified</pose>
		<truncated>0</truncated>
		<difficult>0</difficult>
		<bndbox>
			<xmin>644</xmin>
			<ymin>869</ymin>
			<xmax>671</xmax>
			<ymax>905</ymax>
		</bndbox>
	</object>
	<object>
		<name>sp10</name>
		<pose>Unspecified</pose>
		<truncated>0</truncated>
		<difficult>0</difficult>
		<bndbox>
			<xmin>724</xmin>
			<ymin>824</ymin>
			<xmax>769</xmax>
			<ymax>866</ymax>
		</bndbox>
	</object>
	<object>
		<name>sp10</name>
		<pose>Unspecified</pose>
		<truncated>0</truncated>
		<difficult>0</difficult>
		<bndbox>
			<xmin>777</xmin>
			<ymin>792</ymin>
			<xmax>817</xmax>
			<ymax>809</ymax>
		</bndbox>
	</object>
	<object>
		<name>sp10</name>
		<pose>Unspecified</pose>
		<truncated>0</truncated>
		<difficult>0</difficult>
		<bndbox>
			<xmin>837</xmin>
			<ymin>788</ymin>
			<xmax>879</xmax>
			<ymax>807</ymax>
		</bndbox>
	</object>
	<object>
		<name>sp10</name>
		<pose>Unspecified</pose>
		<truncated>0</truncated>
		<difficult>0</difficult>
		<bndbox>
			<xmin>819</xmin>
			<ymin>758</ymin>
			<xmax>855</xmax>
			<ymax>788</ymax>
		</bndbox>
	</object>
	<object>
		<name>sp10</name>
		<pose>Unspecified</pose>
		<truncated>0</truncated>
		<difficult>0</difficult>
		<bndbox>
			<xmin>839</xmin>
			<ymin>745</ymin>
			<xmax>875</xmax>
			<ymax>771</ymax>
		</bndbox>
	</object>
	<object>
		<name>sp10</name>
		<pose>Unspecified</pose>
		<truncated>0</truncated>
		<difficult>0</difficult>
		<bndbox>
			<xmin>1002</xmin>
			<ymin>927</ymin>
			<xmax>1046</xmax>
			<ymax>972</ymax>
		</bndbox>
	</object>
	<object>
		<name>sp10</name>
		<pose>Unspecified</pose>
		<truncated>0</truncated>
		<difficult>0</difficult>
		<bndbox>
			<xmin>1470</xmin>
			<ymin>868</ymin>
			<xmax>1521</xmax>
			<ymax>916</ymax>
		</bndbox>
	</object>
	<object>
		<name>sp10</name>
		<pose>Unspecified</pose>
		<truncated>0</truncated>
		<difficult>0</difficult>
		<bndbox>
			<xmin>1608</xmin>
			<ymin>903</ymin>
			<xmax>1667</xmax>
			<ymax>965</ymax>
		</bndbox>
	</object>
	<object>
		<name>sp10</name>
		<pose>Unspecified</pose>
		<truncated>0</truncated>
		<difficult>0</difficult>
		<bndbox>
			<xmin>2063</xmin>
			<ymin>1020</ymin>
			<xmax>2108</xmax>
			<ymax>1059</ymax>
		</bndbox>
	</object>
	<object>
		<name>sp10</name>
		<pose>Unspecified</pose>
		<truncated>0</truncated>
		<difficult>0</difficult>
		<bndbox>
			<xmin>2074</xmin>
			<ymin>992</ymin>
			<xmax>2112</xmax>
			<ymax>1011</ymax>
		</bndbox>
	</object>
	<object>
		<name>sp10</name>
		<pose>Unspecified</pose>
		<truncated>0</truncated>
		<difficult>0</difficult>
		<bndbox>
			<xmin>2070</xmin>
			<ymin>967</ymin>
			<xmax>2111</xmax>
			<ymax>990</ymax>
		</bndbox>
	</object>
	<object>
		<name>sp10</name>
		<pose>Unspecified</pose>
		<truncated>0</truncated>
		<difficult>0</difficult>
		<bndbox>
			<xmin>2057</xmin>
			<ymin>860</ymin>
			<xmax>2102</xmax>
			<ymax>905</ymax>
		</bndbox>
	</object>
	<object>
		<name>sp10</name>
		<pose>Unspecified</pose>
		<truncated>0</truncated>
		<difficult>0</difficult>
		<bndbox>
			<xmin>2014</xmin>
			<ymin>708</ymin>
			<xmax>2057</xmax>
			<ymax>762</ymax>
		</bndbox>
	</object>
	<object>
		<name>sp10</name>
		<pose>Unspecified</pose>
		<truncated>0</truncated>
		<difficult>0</difficult>
		<bndbox>
			<xmin>1950</xmin>
			<ymin>567</ymin>
			<xmax>2001</xmax>
			<ymax>631</ymax>
		</bndbox>
	</object>
	<object>
		<name>sp10</name>
		<pose>Unspecified</pose>
		<truncated>0</truncated>
		<difficult>0</difficult>
		<bndbox>
			<xmin>1811</xmin>
			<ymin>702</ymin>
			<xmax>1864</xmax>
			<ymax>755</ymax>
		</bndbox>
	</object>
	<object>
		<name>sp10</name>
		<pose>Unspecified</pose>
		<truncated>0</truncated>
		<difficult>0</difficult>
		<bndbox>
			<xmin>1832</xmin>
			<ymin>368</ymin>
			<xmax>1877</xmax>
			<ymax>419</ymax>
		</bndbox>
	</object>
	<object>
		<name>sp10</name>
		<pose>Unspecified</pose>
		<truncated>0</truncated>
		<difficult>0</difficult>
		<bndbox>
			<xmin>1772</xmin>
			<ymin>325</ymin>
			<xmax>1813</xmax>
			<ymax>385</ymax>
		</bndbox>
	</object>
	<object>
		<name>sp10</name>
		<pose>Unspecified</pose>
		<truncated>0</truncated>
		<difficult>0</difficult>
		<bndbox>
			<xmin>2070</xmin>
			<ymin>1064</ymin>
			<xmax>2112</xmax>
			<ymax>1112</ymax>
		</bndbox>
	</object>
	<object>
		<name>sp10</name>
		<pose>Unspecified</pose>
		<truncated>0</truncated>
		<difficult>0</difficult>
		<bndbox>
			<xmin>2103</xmin>
			<ymin>1095</ymin>
			<xmax>2132</xmax>
			<ymax>1124</ymax>
		</bndbox>
	</object>
	<object>
		<name>sp10</name>
		<pose>Unspecified</pose>
		<truncated>0</truncated>
		<difficult>0</difficult>
		<bndbox>
			<xmin>2063</xmin>
			<ymin>1253</ymin>
			<xmax>2113</xmax>
			<ymax>1300</ymax>
		</bndbox>
	</object>
	<object>
		<name>sp10</name>
		<pose>Unspecified</pose>
		<truncated>0</truncated>
		<difficult>0</difficult>
		<bndbox>
			<xmin>2002</xmin>
			<ymin>1101</ymin>
			<xmax>2052</xmax>
			<ymax>1156</ymax>
		</bndbox>
	</object>
	<object>
		<name>sp10</name>
		<pose>Unspecified</pose>
		<truncated>0</truncated>
		<difficult>0</difficult>
		<bndbox>
			<xmin>1944</xmin>
			<ymin>1174</ymin>
			<xmax>2000</xmax>
			<ymax>1229</ymax>
		</bndbox>
	</object>
	<object>
		<name>sp10</name>
		<pose>Unspecified</pose>
		<truncated>0</truncated>
		<difficult>0</difficult>
		<bndbox>
			<xmin>1842</xmin>
			<ymin>1166</ymin>
			<xmax>1892</xmax>
			<ymax>1224</ymax>
		</bndbox>
	</object>
	<object>
		<name>sp10</name>
		<pose>Unspecified</pose>
		<truncated>0</truncated>
		<difficult>0</difficult>
		<bndbox>
			<xmin>1643</xmin>
			<ymin>1136</ymin>
			<xmax>1688</xmax>
			<ymax>1176</ymax>
		</bndbox>
	</object>
	<object>
		<name>sp10</name>
		<pose>Unspecified</pose>
		<truncated>0</truncated>
		<difficult>0</difficult>
		<bndbox>
			<xmin>1608</xmin>
			<ymin>1195</ymin>
			<xmax>1651</xmax>
			<ymax>1239</ymax>
		</bndbox>
	</object>
	<object>
		<name>sp10</name>
		<pose>Unspecified</pose>
		<truncated>0</truncated>
		<difficult>0</difficult>
		<bndbox>
			<xmin>1539</xmin>
			<ymin>1174</ymin>
			<xmax>1571</xmax>
			<ymax>1211</ymax>
		</bndbox>
	</object>
	<object>
		<name>sp10</name>
		<pose>Unspecified</pose>
		<truncated>0</truncated>
		<difficult>0</difficult>
		<bndbox>
			<xmin>1435</xmin>
			<ymin>1159</ymin>
			<xmax>1494</xmax>
			<ymax>1215</ymax>
		</bndbox>
	</object>
	<object>
		<name>sp10</name>
		<pose>Unspecified</pose>
		<truncated>0</truncated>
		<difficult>0</difficult>
		<bndbox>
			<xmin>1031</xmin>
			<ymin>1074</ymin>
			<xmax>1078</xmax>
			<ymax>1111</ymax>
		</bndbox>
	</object>
	<object>
		<name>sp10</name>
		<pose>Unspecified</pose>
		<truncated>0</truncated>
		<difficult>0</difficult>
		<bndbox>
			<xmin>1017</xmin>
			<ymin>1051</ymin>
			<xmax>1047</xmax>
			<ymax>1083</ymax>
		</bndbox>
	</object>
	<object>
		<name>sp10</name>
		<pose>Unspecified</pose>
		<truncated>0</truncated>
		<difficult>0</difficult>
		<bndbox>
			<xmin>2009</xmin>
			<ymin>1387</ymin>
			<xmax>2039</xmax>
			<ymax>1423</ymax>
		</bndbox>
	</object>
	<object>
		<name>sp10</name>
		<pose>Unspecified</pose>
		<truncated>0</truncated>
		<difficult>0</difficult>
		<bndbox>
			<xmin>1989</xmin>
			<ymin>1403</ymin>
			<xmax>2015</xmax>
			<ymax>1431</ymax>
		</bndbox>
	</object>
	<object>
		<name>sp10</name>
		<pose>Unspecified</pose>
		<truncated>0</truncated>
		<difficult>0</difficult>
		<bndbox>
			<xmin>1976</xmin>
			<ymin>1417</ymin>
			<xmax>2011</xmax>
			<ymax>1445</ymax>
		</bndbox>
	</object>
	<object>
		<name>sp10</name>
		<pose>Unspecified</pose>
		<truncated>0</truncated>
		<difficult>0</difficult>
		<bndbox>
			<xmin>1965</xmin>
			<ymin>1432</ymin>
			<xmax>2004</xmax>
			<ymax>1466</ymax>
		</bndbox>
	</object>
	<object>
		<name>sp10</name>
		<pose>Unspecified</pose>
		<truncated>0</truncated>
		<difficult>0</difficult>
		<bndbox>
			<xmin>1977</xmin>
			<ymin>1487</ymin>
			<xmax>2021</xmax>
			<ymax>1543</ymax>
		</bndbox>
	</object>
	<object>
		<name>sp10</name>
		<pose>Unspecified</pose>
		<truncated>0</truncated>
		<difficult>0</difficult>
		<bndbox>
			<xmin>1488</xmin>
			<ymin>1217</ymin>
			<xmax>1534</xmax>
			<ymax>1264</ymax>
		</bndbox>
	</object>
	<object>
		<name>sp10</name>
		<pose>Unspecified</pose>
		<truncated>0</truncated>
		<difficult>0</difficult>
		<bndbox>
			<xmin>1699</xmin>
			<ymin>1291</ymin>
			<xmax>1750</xmax>
			<ymax>1334</ymax>
		</bndbox>
	</object>
	<object>
		<name>sp10</name>
		<pose>Unspecified</pose>
		<truncated>0</truncated>
		<difficult>0</difficult>
		<bndbox>
			<xmin>1688</xmin>
			<ymin>1244</ymin>
			<xmax>1734</xmax>
			<ymax>1285</ymax>
		</bndbox>
	</object>
	<object>
		<name>sp10</name>
		<pose>Unspecified</pose>
		<truncated>0</truncated>
		<difficult>0</difficult>
		<bndbox>
			<xmin>1618</xmin>
			<ymin>1239</ymin>
			<xmax>1660</xmax>
			<ymax>1279</ymax>
		</bndbox>
	</object>
	<object>
		<name>sp10</name>
		<pose>Unspecified</pose>
		<truncated>0</truncated>
		<difficult>0</difficult>
		<bndbox>
			<xmin>1558</xmin>
			<ymin>1229</ymin>
			<xmax>1586</xmax>
			<ymax>1262</ymax>
		</bndbox>
	</object>
	<object>
		<name>sp10</name>
		<pose>Unspecified</pose>
		<truncated>0</truncated>
		<difficult>0</difficult>
		<bndbox>
			<xmin>1578</xmin>
			<ymin>1294</ymin>
			<xmax>1638</xmax>
			<ymax>1357</ymax>
		</bndbox>
	</object>
	<object>
		<name>sp10</name>
		<pose>Unspecified</pose>
		<truncated>0</truncated>
		<difficult>0</difficult>
		<bndbox>
			<xmin>1505</xmin>
			<ymin>1317</ymin>
			<xmax>1557</xmax>
			<ymax>1380</ymax>
		</bndbox>
	</object>
	<object>
		<name>sp10</name>
		<pose>Unspecified</pose>
		<truncated>0</truncated>
		<difficult>0</difficult>
		<bndbox>
			<xmin>1314</xmin>
			<ymin>1994</ymin>
			<xmax>1370</xmax>
			<ymax>2042</ymax>
		</bndbox>
	</object>
	<object>
		<name>sp10</name>
		<pose>Unspecified</pose>
		<truncated>0</truncated>
		<difficult>0</difficult>
		<bndbox>
			<xmin>1146</xmin>
			<ymin>2037</ymin>
			<xmax>1197</xmax>
			<ymax>2096</ymax>
		</bndbox>
	</object>
	<object>
		<name>sp10</name>
		<pose>Unspecified</pose>
		<truncated>0</truncated>
		<difficult>0</difficult>
		<bndbox>
			<xmin>1125</xmin>
			<ymin>1528</ymin>
			<xmax>1155</xmax>
			<ymax>1568</ymax>
		</bndbox>
	</object>
	<object>
		<name>sp10</name>
		<pose>Unspecified</pose>
		<truncated>0</truncated>
		<difficult>0</difficult>
		<bndbox>
			<xmin>1102</xmin>
			<ymin>1512</ymin>
			<xmax>1135</xmax>
			<ymax>1550</ymax>
		</bndbox>
	</object>
	<object>
		<name>sp10</name>
		<pose>Unspecified</pose>
		<truncated>0</truncated>
		<difficult>0</difficult>
		<bndbox>
			<xmin>1063</xmin>
			<ymin>1527</ymin>
			<xmax>1097</xmax>
			<ymax>1573</ymax>
		</bndbox>
	</object>
	<object>
		<name>sp10</name>
		<pose>Unspecified</pose>
		<truncated>0</truncated>
		<difficult>0</difficult>
		<bndbox>
			<xmin>1052</xmin>
			<ymin>1490</ymin>
			<xmax>1086</xmax>
			<ymax>1523</ymax>
		</bndbox>
	</object>
	<object>
		<name>sp10</name>
		<pose>Unspecified</pose>
		<truncated>0</truncated>
		<difficult>0</difficult>
		<bndbox>
			<xmin>1085</xmin>
			<ymin>1466</ymin>
			<xmax>1129</xmax>
			<ymax>1511</ymax>
		</bndbox>
	</object>
	<object>
		<name>sp10</name>
		<pose>Unspecified</pose>
		<truncated>0</truncated>
		<difficult>0</difficult>
		<bndbox>
			<xmin>1151</xmin>
			<ymin>1493</ymin>
			<xmax>1181</xmax>
			<ymax>1534</ymax>
		</bndbox>
	</object>
	<object>
		<name>sp10</name>
		<pose>Unspecified</pose>
		<truncated>0</truncated>
		<difficult>0</difficult>
		<bndbox>
			<xmin>1173</xmin>
			<ymin>1519</ymin>
			<xmax>1210</xmax>
			<ymax>1554</ymax>
		</bndbox>
	</object>
	<object>
		<name>sp10</name>
		<pose>Unspecified</pose>
		<truncated>0</truncated>
		<difficult>0</difficult>
		<bndbox>
			<xmin>1158</xmin>
			<ymin>1555</ymin>
			<xmax>1211</xmax>
			<ymax>1579</ymax>
		</bndbox>
	</object>
	<object>
		<name>sp10</name>
		<pose>Unspecified</pose>
		<truncated>0</truncated>
		<difficult>0</difficult>
		<bndbox>
			<xmin>1150</xmin>
			<ymin>1578</ymin>
			<xmax>1195</xmax>
			<ymax>1613</ymax>
		</bndbox>
	</object>
	<object>
		<name>sp10</name>
		<pose>Unspecified</pose>
		<truncated>0</truncated>
		<difficult>0</difficult>
		<bndbox>
			<xmin>1224</xmin>
			<ymin>1564</ymin>
			<xmax>1274</xmax>
			<ymax>1595</ymax>
		</bndbox>
	</object>
	<object>
		<name>sp10</name>
		<pose>Unspecified</pose>
		<truncated>0</truncated>
		<difficult>0</difficult>
		<bndbox>
			<xmin>1229</xmin>
			<ymin>1533</ymin>
			<xmax>1272</xmax>
			<ymax>1568</ymax>
		</bndbox>
	</object>
	<object>
		<name>sp10</name>
		<pose>Unspecified</pose>
		<truncated>0</truncated>
		<difficult>0</difficult>
		<bndbox>
			<xmin>958</xmin>
			<ymin>1250</ymin>
			<xmax>1020</xmax>
			<ymax>1307</ymax>
		</bndbox>
	</object>
	<object>
		<name>sp10</name>
		<pose>Unspecified</pose>
		<truncated>0</truncated>
		<difficult>0</difficult>
		<bndbox>
			<xmin>949</xmin>
			<ymin>1298</ymin>
			<xmax>1004</xmax>
			<ymax>1360</ymax>
		</bndbox>
	</object>
	<object>
		<name>sp10</name>
		<pose>Unspecified</pose>
		<truncated>0</truncated>
		<difficult>0</difficult>
		<bndbox>
			<xmin>863</xmin>
			<ymin>1376</ymin>
			<xmax>915</xmax>
			<ymax>1449</ymax>
		</bndbox>
	</object>
	<object>
		<name>sp10</name>
		<pose>Unspecified</pose>
		<truncated>0</truncated>
		<difficult>0</difficult>
		<bndbox>
			<xmin>523</xmin>
			<ymin>1608</ymin>
			<xmax>543</xmax>
			<ymax>1633</ymax>
		</bndbox>
	</object>
	<object>
		<name>sp10</name>
		<pose>Unspecified</pose>
		<truncated>0</truncated>
		<difficult>0</difficult>
		<bndbox>
			<xmin>522</xmin>
			<ymin>1531</ymin>
			<xmax>546</xmax>
			<ymax>1564</ymax>
		</bndbox>
	</object>
	<object>
		<name>sp10</name>
		<pose>Unspecified</pose>
		<truncated>0</truncated>
		<difficult>0</difficult>
		<bndbox>
			<xmin>513</xmin>
			<ymin>1761</ymin>
			<xmax>552</xmax>
			<ymax>1800</ymax>
		</bndbox>
	</object>
	<object>
		<name>sp10</name>
		<pose>Unspecified</pose>
		<truncated>0</truncated>
		<difficult>0</difficult>
		<bndbox>
			<xmin>652</xmin>
			<ymin>1881</ymin>
			<xmax>689</xmax>
			<ymax>1922</ymax>
		</bndbox>
	</object>
	<object>
		<name>sp10</name>
		<pose>Unspecified</pose>
		<truncated>0</truncated>
		<difficult>0</difficult>
		<bndbox>
			<xmin>647</xmin>
			<ymin>1939</ymin>
			<xmax>687</xmax>
			<ymax>1980</ymax>
		</bndbox>
	</object>
	<object>
		<name>sp10</name>
		<pose>Unspecified</pose>
		<truncated>0</truncated>
		<difficult>0</difficult>
		<bndbox>
			<xmin>797</xmin>
			<ymin>1845</ymin>
			<xmax>833</xmax>
			<ymax>1887</ymax>
		</bndbox>
	</object>
	<object>
		<name>sp10</name>
		<pose>Unspecified</pose>
		<truncated>0</truncated>
		<difficult>0</difficult>
		<bndbox>
			<xmin>820</xmin>
			<ymin>1774</ymin>
			<xmax>861</xmax>
			<ymax>1821</ymax>
		</bndbox>
	</object>
	<object>
		<name>sp10</name>
		<pose>Unspecified</pose>
		<truncated>0</truncated>
		<difficult>0</difficult>
		<bndbox>
			<xmin>863</xmin>
			<ymin>1720</ymin>
			<xmax>907</xmax>
			<ymax>1767</ymax>
		</bndbox>
	</object>
	<object>
		<name>sp10</name>
		<pose>Unspecified</pose>
		<truncated>0</truncated>
		<difficult>0</difficult>
		<bndbox>
			<xmin>871</xmin>
			<ymin>1664</ymin>
			<xmax>908</xmax>
			<ymax>1694</ymax>
		</bndbox>
	</object>
	<object>
		<name>sp10</name>
		<pose>Unspecified</pose>
		<truncated>0</truncated>
		<difficult>0</difficult>
		<bndbox>
			<xmin>906</xmin>
			<ymin>1649</ymin>
			<xmax>947</xmax>
			<ymax>1684</ymax>
		</bndbox>
	</object>
	<object>
		<name>sp10</name>
		<pose>Unspecified</pose>
		<truncated>0</truncated>
		<difficult>0</difficult>
		<bndbox>
			<xmin>952</xmin>
			<ymin>1677</ymin>
			<xmax>991</xmax>
			<ymax>1718</ymax>
		</bndbox>
	</object>
	<object>
		<name>sp10</name>
		<pose>Unspecified</pose>
		<truncated>0</truncated>
		<difficult>0</difficult>
		<bndbox>
			<xmin>1042</xmin>
			<ymin>1640</ymin>
			<xmax>1080</xmax>
			<ymax>1677</ymax>
		</bndbox>
	</object>
	<object>
		<name>sp10</name>
		<pose>Unspecified</pose>
		<truncated>0</truncated>
		<difficult>0</difficult>
		<bndbox>
			<xmin>969</xmin>
			<ymin>1815</ymin>
			<xmax>1011</xmax>
			<ymax>1852</ymax>
		</bndbox>
	</object>
	<object>
		<name>sp10</name>
		<pose>Unspecified</pose>
		<truncated>0</truncated>
		<difficult>0</difficult>
		<bndbox>
			<xmin>1085</xmin>
			<ymin>1778</ymin>
			<xmax>1127</xmax>
			<ymax>1818</ymax>
		</bndbox>
	</object>
	<object>
		<name>sp10</name>
		<pose>Unspecified</pose>
		<truncated>0</truncated>
		<difficult>0</difficult>
		<bndbox>
			<xmin>1116</xmin>
			<ymin>1818</ymin>
			<xmax>1153</xmax>
			<ymax>1853</ymax>
		</bndbox>
	</object>
	<object>
		<name>sp10</name>
		<pose>Unspecified</pose>
		<truncated>0</truncated>
		<difficult>0</difficult>
		<bndbox>
			<xmin>703</xmin>
			<ymin>1655</ymin>
			<xmax>747</xmax>
			<ymax>1692</ymax>
		</bndbox>
	</object>
	<object>
		<name>sp10</name>
		<pose>Unspecified</pose>
		<truncated>0</truncated>
		<difficult>0</difficult>
		<bndbox>
			<xmin>633</xmin>
			<ymin>1650</ymin>
			<xmax>679</xmax>
			<ymax>1689</ymax>
		</bndbox>
	</object>
	<object>
		<name>sp10</name>
		<pose>Unspecified</pose>
		<truncated>0</truncated>
		<difficult>0</difficult>
		<bndbox>
			<xmin>1202</xmin>
			<ymin>1668</ymin>
			<xmax>1238</xmax>
			<ymax>1709</ymax>
		</bndbox>
	</object>
	<object>
		<name>sp10</name>
		<pose>Unspecified</pose>
		<truncated>0</truncated>
		<difficult>0</difficult>
		<bndbox>
			<xmin>1222</xmin>
			<ymin>1745</ymin>
			<xmax>1254</xmax>
			<ymax>1779</ymax>
		</bndbox>
	</object>
	<object>
		<name>sp10</name>
		<pose>Unspecified</pose>
		<truncated>0</truncated>
		<difficult>0</difficult>
		<bndbox>
			<xmin>1149</xmin>
			<ymin>1878</ymin>
			<xmax>1183</xmax>
			<ymax>1914</ymax>
		</bndbox>
	</object>
	<object>
		<name>sp10</name>
		<pose>Unspecified</pose>
		<truncated>0</truncated>
		<difficult>0</difficult>
		<bndbox>
			<xmin>1272</xmin>
			<ymin>1805</ymin>
			<xmax>1312</xmax>
			<ymax>1844</ymax>
		</bndbox>
	</object>
	<object>
		<name>sp10</name>
		<pose>Unspecified</pose>
		<truncated>0</truncated>
		<difficult>0</difficult>
		<bndbox>
			<xmin>1514</xmin>
			<ymin>1844</ymin>
			<xmax>1544</xmax>
			<ymax>1876</ymax>
		</bndbox>
	</object>
	<object>
		<name>sp10</name>
		<pose>Unspecified</pose>
		<truncated>0</truncated>
		<difficult>0</difficult>
		<bndbox>
			<xmin>1547</xmin>
			<ymin>1822</ymin>
			<xmax>1584</xmax>
			<ymax>1861</ymax>
		</bndbox>
	</object>
	<object>
		<name>sp10</name>
		<pose>Unspecified</pose>
		<truncated>0</truncated>
		<difficult>0</difficult>
		<bndbox>
			<xmin>1686</xmin>
			<ymin>1830</ymin>
			<xmax>1719</xmax>
			<ymax>1861</ymax>
		</bndbox>
	</object>
	<object>
		<name>sp10</name>
		<pose>Unspecified</pose>
		<truncated>0</truncated>
		<difficult>0</difficult>
		<bndbox>
			<xmin>1731</xmin>
			<ymin>1789</ymin>
			<xmax>1762</xmax>
			<ymax>1821</ymax>
		</bndbox>
	</object>
	<object>
		<name>sp10</name>
		<pose>Unspecified</pose>
		<truncated>0</truncated>
		<difficult>0</difficult>
		<bndbox>
			<xmin>1810</xmin>
			<ymin>1663</ymin>
			<xmax>1846</xmax>
			<ymax>1695</ymax>
		</bndbox>
	</object>
	<object>
		<name>sp10</name>
		<pose>Unspecified</pose>
		<truncated>0</truncated>
		<difficult>0</difficult>
		<bndbox>
			<xmin>539</xmin>
			<ymin>1612</ymin>
			<xmax>561</xmax>
			<ymax>1642</ymax>
		</bndbox>
	</object>
	<object>
		<name>sp10</name>
		<pose>Unspecified</pose>
		<truncated>0</truncated>
		<difficult>0</difficult>
		<bndbox>
			<xmin>559</xmin>
			<ymin>1614</ymin>
			<xmax>583</xmax>
			<ymax>1641</ymax>
		</bndbox>
	</object>
	<object>
		<name>sp10</name>
		<pose>Unspecified</pose>
		<truncated>0</truncated>
		<difficult>0</difficult>
		<bndbox>
			<xmin>603</xmin>
			<ymin>1541</ymin>
			<xmax>629</xmax>
			<ymax>1565</ymax>
		</bndbox>
	</object>
	<object>
		<name>sp10</name>
		<pose>Unspecified</pose>
		<truncated>0</truncated>
		<difficult>0</difficult>
		<bndbox>
			<xmin>719</xmin>
			<ymin>1520</ymin>
			<xmax>755</xmax>
			<ymax>1553</ymax>
		</bndbox>
	</object>
	<object>
		<name>sp10</name>
		<pose>Unspecified</pose>
		<truncated>0</truncated>
		<difficult>0</difficult>
		<bndbox>
			<xmin>644</xmin>
			<ymin>1538</ymin>
			<xmax>673</xmax>
			<ymax>1566</ymax>
		</bndbox>
	</object>
	<object>
		<name>sp10</name>
		<pose>Unspecified</pose>
		<truncated>0</truncated>
		<difficult>0</difficult>
		<bndbox>
			<xmin>665</xmin>
			<ymin>1557</ymin>
			<xmax>694</xmax>
			<ymax>1582</ymax>
		</bndbox>
	</object>
	<object>
		<name>sp10</name>
		<pose>Unspecified</pose>
		<truncated>0</truncated>
		<difficult>0</difficult>
		<bndbox>
			<xmin>749</xmin>
			<ymin>1618</ymin>
			<xmax>785</xmax>
			<ymax>1652</ymax>
		</bndbox>
	</object>
	<object>
		<name>sp10</name>
		<pose>Unspecified</pose>
		<truncated>0</truncated>
		<difficult>0</difficult>
		<bndbox>
			<xmin>703</xmin>
			<ymin>1450</ymin>
			<xmax>728</xmax>
			<ymax>1472</ymax>
		</bndbox>
	</object>
	<object>
		<name>sp10</name>
		<pose>Unspecified</pose>
		<truncated>0</truncated>
		<difficult>0</difficult>
		<bndbox>
			<xmin>725</xmin>
			<ymin>1381</ymin>
			<xmax>768</xmax>
			<ymax>1415</ymax>
		</bndbox>
	</object>
	<object>
		<name>sp10</name>
		<pose>Unspecified</pose>
		<truncated>0</truncated>
		<difficult>0</difficult>
		<bndbox>
			<xmin>659</xmin>
			<ymin>1463</ymin>
			<xmax>692</xmax>
			<ymax>1488</ymax>
		</bndbox>
	</object>
	<object>
		<name>sp10</name>
		<pose>Unspecified</pose>
		<truncated>0</truncated>
		<difficult>0</difficult>
		<bndbox>
			<xmin>624</xmin>
			<ymin>1468</ymin>
			<xmax>647</xmax>
			<ymax>1492</ymax>
		</bndbox>
	</object>
	<object>
		<name>sp10</name>
		<pose>Unspecified</pose>
		<truncated>0</truncated>
		<difficult>0</difficult>
		<bndbox>
			<xmin>626</xmin>
			<ymin>1439</ymin>
			<xmax>653</xmax>
			<ymax>1465</ymax>
		</bndbox>
	</object>
	<object>
		<name>sp10</name>
		<pose>Unspecified</pose>
		<truncated>0</truncated>
		<difficult>0</difficult>
		<bndbox>
			<xmin>626</xmin>
			<ymin>1397</ymin>
			<xmax>656</xmax>
			<ymax>1426</ymax>
		</bndbox>
	</object>
	<object>
		<name>sp10</name>
		<pose>Unspecified</pose>
		<truncated>0</truncated>
		<difficult>0</difficult>
		<bndbox>
			<xmin>587</xmin>
			<ymin>1481</ymin>
			<xmax>620</xmax>
			<ymax>1514</ymax>
		</bndbox>
	</object>
	<object>
		<name>sp10</name>
		<pose>Unspecified</pose>
		<truncated>0</truncated>
		<difficult>0</difficult>
		<bndbox>
			<xmin>532</xmin>
			<ymin>1509</ymin>
			<xmax>562</xmax>
			<ymax>1531</ymax>
		</bndbox>
	</object>
	<object>
		<name>sp10</name>
		<pose>Unspecified</pose>
		<truncated>0</truncated>
		<difficult>0</difficult>
		<bndbox>
			<xmin>612</xmin>
			<ymin>1575</ymin>
			<xmax>634</xmax>
			<ymax>1592</ymax>
		</bndbox>
	</object>
	<object>
		<name>sp10</name>
		<pose>Unspecified</pose>
		<truncated>0</truncated>
		<difficult>0</difficult>
		<bndbox>
			<xmin>617</xmin>
			<ymin>1589</ymin>
			<xmax>641</xmax>
			<ymax>1614</ymax>
		</bndbox>
	</object>
	<object>
		<name>sp10</name>
		<pose>Unspecified</pose>
		<truncated>0</truncated>
		<difficult>0</difficult>
		<bndbox>
			<xmin>631</xmin>
			<ymin>1624</ymin>
			<xmax>657</xmax>
			<ymax>1652</ymax>
		</bndbox>
	</object>
	<object>
		<name>sp10</name>
		<pose>Unspecified</pose>
		<truncated>0</truncated>
		<difficult>0</difficult>
		<bndbox>
			<xmin>669</xmin>
			<ymin>1603</ymin>
			<xmax>694</xmax>
			<ymax>1624</ymax>
		</bndbox>
	</object>
	<object>
		<name>sp10</name>
		<pose>Unspecified</pose>
		<truncated>0</truncated>
		<difficult>0</difficult>
		<bndbox>
			<xmin>984</xmin>
			<ymin>1479</ymin>
			<xmax>1029</xmax>
			<ymax>1524</ymax>
		</bndbox>
	</object>
	<object>
		<name>sp10</name>
		<pose>Unspecified</pose>
		<truncated>0</truncated>
		<difficult>0</difficult>
		<bndbox>
			<xmin>1009</xmin>
			<ymin>1549</ymin>
			<xmax>1057</xmax>
			<ymax>1589</ymax>
		</bndbox>
	</object>
	<object>
		<name>sp10</name>
		<pose>Unspecified</pose>
		<truncated>0</truncated>
		<difficult>0</difficult>
		<bndbox>
			<xmin>1309</xmin>
			<ymin>1500</ymin>
			<xmax>1347</xmax>
			<ymax>1536</ymax>
		</bndbox>
	</object>
	<object>
		<name>sp10</name>
		<pose>Unspecified</pose>
		<truncated>0</truncated>
		<difficult>0</difficult>
		<bndbox>
			<xmin>1383</xmin>
			<ymin>1447</ymin>
			<xmax>1436</xmax>
			<ymax>1491</ymax>
		</bndbox>
	</object>
	<object>
		<name>sp10</name>
		<pose>Unspecified</pose>
		<truncated>0</truncated>
		<difficult>0</difficult>
		<bndbox>
			<xmin>165</xmin>
			<ymin>1325</ymin>
			<xmax>204</xmax>
			<ymax>1362</ymax>
		</bndbox>
	</object>
	<object>
		<name>sp10</name>
		<pose>Unspecified</pose>
		<truncated>0</truncated>
		<difficult>0</difficult>
		<bndbox>
			<xmin>265</xmin>
			<ymin>1310</ymin>
			<xmax>297</xmax>
			<ymax>1341</ymax>
		</bndbox>
	</object>
	<object>
		<name>sp10</name>
		<pose>Unspecified</pose>
		<truncated>0</truncated>
		<difficult>0</difficult>
		<bndbox>
			<xmin>342</xmin>
			<ymin>1507</ymin>
			<xmax>375</xmax>
			<ymax>1541</ymax>
		</bndbox>
	</object>
	<object>
		<name>sp10</name>
		<pose>Unspecified</pose>
		<truncated>0</truncated>
		<difficult>0</difficult>
		<bndbox>
			<xmin>394</xmin>
			<ymin>1294</ymin>
			<xmax>422</xmax>
			<ymax>1321</ymax>
		</bndbox>
	</object>
	<object>
		<name>sp10</name>
		<pose>Unspecified</pose>
		<truncated>0</truncated>
		<difficult>0</difficult>
		<bndbox>
			<xmin>428</xmin>
			<ymin>1265</ymin>
			<xmax>453</xmax>
			<ymax>1290</ymax>
		</bndbox>
	</object>
	<object>
		<name>sp10</name>
		<pose>Unspecified</pose>
		<truncated>0</truncated>
		<difficult>0</difficult>
		<bndbox>
			<xmin>454</xmin>
			<ymin>1244</ymin>
			<xmax>478</xmax>
			<ymax>1268</ymax>
		</bndbox>
	</object>
	<object>
		<name>sp10</name>
		<pose>Unspecified</pose>
		<truncated>0</truncated>
		<difficult>0</difficult>
		<bndbox>
			<xmin>460</xmin>
			<ymin>1302</ymin>
			<xmax>493</xmax>
			<ymax>1333</ymax>
		</bndbox>
	</object>
	<object>
		<name>sp10</name>
		<pose>Unspecified</pose>
		<truncated>0</truncated>
		<difficult>0</difficult>
		<bndbox>
			<xmin>468</xmin>
			<ymin>1255</ymin>
			<xmax>496</xmax>
			<ymax>1280</ymax>
		</bndbox>
	</object>
	<object>
		<name>sp10</name>
		<pose>Unspecified</pose>
		<truncated>0</truncated>
		<difficult>0</difficult>
		<bndbox>
			<xmin>517</xmin>
			<ymin>1269</ymin>
			<xmax>544</xmax>
			<ymax>1300</ymax>
		</bndbox>
	</object>
	<object>
		<name>sp10</name>
		<pose>Unspecified</pose>
		<truncated>0</truncated>
		<difficult>0</difficult>
		<bndbox>
			<xmin>562</xmin>
			<ymin>1307</ymin>
			<xmax>591</xmax>
			<ymax>1334</ymax>
		</bndbox>
	</object>
	<object>
		<name>sp10</name>
		<pose>Unspecified</pose>
		<truncated>0</truncated>
		<difficult>0</difficult>
		<bndbox>
			<xmin>542</xmin>
			<ymin>1360</ymin>
			<xmax>565</xmax>
			<ymax>1385</ymax>
		</bndbox>
	</object>
	<object>
		<name>sp10</name>
		<pose>Unspecified</pose>
		<truncated>0</truncated>
		<difficult>0</difficult>
		<bndbox>
			<xmin>565</xmin>
			<ymin>1364</ymin>
			<xmax>584</xmax>
			<ymax>1385</ymax>
		</bndbox>
	</object>
	<object>
		<name>sp10</name>
		<pose>Unspecified</pose>
		<truncated>0</truncated>
		<difficult>0</difficult>
		<bndbox>
			<xmin>584</xmin>
			<ymin>1385</ymin>
			<xmax>602</xmax>
			<ymax>1404</ymax>
		</bndbox>
	</object>
	<object>
		<name>sp10</name>
		<pose>Unspecified</pose>
		<truncated>0</truncated>
		<difficult>0</difficult>
		<bndbox>
			<xmin>595</xmin>
			<ymin>1401</ymin>
			<xmax>617</xmax>
			<ymax>1420</ymax>
		</bndbox>
	</object>
	<object>
		<name>sp10</name>
		<pose>Unspecified</pose>
		<truncated>0</truncated>
		<difficult>0</difficult>
		<bndbox>
			<xmin>559</xmin>
			<ymin>1431</ymin>
			<xmax>583</xmax>
			<ymax>1452</ymax>
		</bndbox>
	</object>
	<object>
		<name>sp10</name>
		<pose>Unspecified</pose>
		<truncated>0</truncated>
		<difficult>0</difficult>
		<bndbox>
			<xmin>559</xmin>
			<ymin>1411</ymin>
			<xmax>585</xmax>
			<ymax>1432</ymax>
		</bndbox>
	</object>
	<object>
		<name>sp10</name>
		<pose>Unspecified</pose>
		<truncated>0</truncated>
		<difficult>0</difficult>
		<bndbox>
			<xmin>585</xmin>
			<ymin>1416</ymin>
			<xmax>604</xmax>
			<ymax>1435</ymax>
		</bndbox>
	</object>
	<object>
		<name>sp10</name>
		<pose>Unspecified</pose>
		<truncated>0</truncated>
		<difficult>0</difficult>
		<bndbox>
			<xmin>649</xmin>
			<ymin>1318</ymin>
			<xmax>695</xmax>
			<ymax>1366</ymax>
		</bndbox>
	</object>
	<object>
		<name>sp10</name>
		<pose>Unspecified</pose>
		<truncated>0</truncated>
		<difficult>0</difficult>
		<bndbox>
			<xmin>654</xmin>
			<ymin>1260</ymin>
			<xmax>692</xmax>
			<ymax>1304</ymax>
		</bndbox>
	</object>
	<object>
		<name>sp10</name>
		<pose>Unspecified</pose>
		<truncated>0</truncated>
		<difficult>0</difficult>
		<bndbox>
			<xmin>705</xmin>
			<ymin>1260</ymin>
			<xmax>746</xmax>
			<ymax>1304</ymax>
		</bndbox>
	</object>
	<object>
		<name>sp10</name>
		<pose>Unspecified</pose>
		<truncated>0</truncated>
		<difficult>0</difficult>
		<bndbox>
			<xmin>668</xmin>
			<ymin>1211</ymin>
			<xmax>708</xmax>
			<ymax>1251</ymax>
		</bndbox>
	</object>
	<object>
		<name>sp10</name>
		<pose>Unspecified</pose>
		<truncated>0</truncated>
		<difficult>0</difficult>
		<bndbox>
			<xmin>495</xmin>
			<ymin>1220</ymin>
			<xmax>526</xmax>
			<ymax>1251</ymax>
		</bndbox>
	</object>
	<object>
		<name>sp10</name>
		<pose>Unspecified</pose>
		<truncated>0</truncated>
		<difficult>0</difficult>
		<bndbox>
			<xmin>321</xmin>
			<ymin>1014</ymin>
			<xmax>352</xmax>
			<ymax>1043</ymax>
		</bndbox>
	</object>
	<object>
		<name>sp10</name>
		<pose>Unspecified</pose>
		<truncated>0</truncated>
		<difficult>0</difficult>
		<bndbox>
			<xmin>279</xmin>
			<ymin>1095</ymin>
			<xmax>308</xmax>
			<ymax>1128</ymax>
		</bndbox>
	</object>
	<object>
		<name>sp10</name>
		<pose>Unspecified</pose>
		<truncated>0</truncated>
		<difficult>0</difficult>
		<bndbox>
			<xmin>266</xmin>
			<ymin>1142</ymin>
			<xmax>300</xmax>
			<ymax>1176</ymax>
		</bndbox>
	</object>
	<object>
		<name>sp10</name>
		<pose>Unspecified</pose>
		<truncated>0</truncated>
		<difficult>0</difficult>
		<bndbox>
			<xmin>370</xmin>
			<ymin>1109</ymin>
			<xmax>397</xmax>
			<ymax>1135</ymax>
		</bndbox>
	</object>
	<object>
		<name>sp10</name>
		<pose>Unspecified</pose>
		<truncated>0</truncated>
		<difficult>0</difficult>
		<bndbox>
			<xmin>404</xmin>
			<ymin>1109</ymin>
			<xmax>431</xmax>
			<ymax>1134</ymax>
		</bndbox>
	</object>
	<object>
		<name>sp10</name>
		<pose>Unspecified</pose>
		<truncated>0</truncated>
		<difficult>0</difficult>
		<bndbox>
			<xmin>386</xmin>
			<ymin>1083</ymin>
			<xmax>413</xmax>
			<ymax>1104</ymax>
		</bndbox>
	</object>
	<object>
		<name>sp10</name>
		<pose>Unspecified</pose>
		<truncated>0</truncated>
		<difficult>0</difficult>
		<bndbox>
			<xmin>387</xmin>
			<ymin>1058</ymin>
			<xmax>408</xmax>
			<ymax>1084</ymax>
		</bndbox>
	</object>
	<object>
		<name>sp10</name>
		<pose>Unspecified</pose>
		<truncated>0</truncated>
		<difficult>0</difficult>
		<bndbox>
			<xmin>417</xmin>
			<ymin>1056</ymin>
			<xmax>444</xmax>
			<ymax>1077</ymax>
		</bndbox>
	</object>
	<object>
		<name>sp10</name>
		<pose>Unspecified</pose>
		<truncated>0</truncated>
		<difficult>0</difficult>
		<bndbox>
			<xmin>420</xmin>
			<ymin>1077</ymin>
			<xmax>445</xmax>
			<ymax>1101</ymax>
		</bndbox>
	</object>
	<object>
		<name>sp10</name>
		<pose>Unspecified</pose>
		<truncated>0</truncated>
		<difficult>0</difficult>
		<bndbox>
			<xmin>449</xmin>
			<ymin>1101</ymin>
			<xmax>480</xmax>
			<ymax>1130</ymax>
		</bndbox>
	</object>
	<object>
		<name>sp10</name>
		<pose>Unspecified</pose>
		<truncated>0</truncated>
		<difficult>0</difficult>
		<bndbox>
			<xmin>501</xmin>
			<ymin>1108</ymin>
			<xmax>530</xmax>
			<ymax>1135</ymax>
		</bndbox>
	</object>
	<object>
		<name>sp10</name>
		<pose>Unspecified</pose>
		<truncated>0</truncated>
		<difficult>0</difficult>
		<bndbox>
			<xmin>496</xmin>
			<ymin>1068</ymin>
			<xmax>520</xmax>
			<ymax>1093</ymax>
		</bndbox>
	</object>
	<object>
		<name>sp10</name>
		<pose>Unspecified</pose>
		<truncated>0</truncated>
		<difficult>0</difficult>
		<bndbox>
			<xmin>559</xmin>
			<ymin>1068</ymin>
			<xmax>590</xmax>
			<ymax>1093</ymax>
		</bndbox>
	</object>
	<object>
		<name>sp10</name>
		<pose>Unspecified</pose>
		<truncated>0</truncated>
		<difficult>0</difficult>
		<bndbox>
			<xmin>599</xmin>
			<ymin>1149</ymin>
			<xmax>638</xmax>
			<ymax>1181</ymax>
		</bndbox>
	</object>
	<object>
		<name>sp10</name>
		<pose>Unspecified</pose>
		<truncated>0</truncated>
		<difficult>0</difficult>
		<bndbox>
			<xmin>535</xmin>
			<ymin>972</ymin>
			<xmax>566</xmax>
			<ymax>1004</ymax>
		</bndbox>
	</object>
	<object>
		<name>sp10</name>
		<pose>Unspecified</pose>
		<truncated>0</truncated>
		<difficult>0</difficult>
		<bndbox>
			<xmin>563</xmin>
			<ymin>983</ymin>
			<xmax>600</xmax>
			<ymax>1024</ymax>
		</bndbox>
	</object>
	<object>
		<name>sp10</name>
		<pose>Unspecified</pose>
		<truncated>0</truncated>
		<difficult>0</difficult>
		<bndbox>
			<xmin>392</xmin>
			<ymin>965</ymin>
			<xmax>426</xmax>
			<ymax>992</ymax>
		</bndbox>
	</object>
	<object>
		<name>sp10</name>
		<pose>Unspecified</pose>
		<truncated>0</truncated>
		<difficult>0</difficult>
		<bndbox>
			<xmin>434</xmin>
			<ymin>1191</ymin>
			<xmax>461</xmax>
			<ymax>1215</ymax>
		</bndbox>
	</object>
	<object>
		<name>sp10</name>
		<pose>Unspecified</pose>
		<truncated>0</truncated>
		<difficult>0</difficult>
		<bndbox>
			<xmin>769</xmin>
			<ymin>954</ymin>
			<xmax>809</xmax>
			<ymax>993</ymax>
		</bndbox>
	</object>
	<object>
		<name>sp10</name>
		<pose>Unspecified</pose>
		<truncated>0</truncated>
		<difficult>0</difficult>
		<bndbox>
			<xmin>838</xmin>
			<ymin>962</ymin>
			<xmax>872</xmax>
			<ymax>1000</ymax>
		</bndbox>
	</object>
	<object>
		<name>sp10</name>
		<pose>Unspecified</pose>
		<truncated>0</truncated>
		<difficult>0</difficult>
		<bndbox>
			<xmin>816</xmin>
			<ymin>1074</ymin>
			<xmax>849</xmax>
			<ymax>1108</ymax>
		</bndbox>
	</object>
	<object>
		<name>sp10</name>
		<pose>Unspecified</pose>
		<truncated>0</truncated>
		<difficult>0</difficult>
		<bndbox>
			<xmin>871</xmin>
			<ymin>1107</ymin>
			<xmax>904</xmax>
			<ymax>1139</ymax>
		</bndbox>
	</object>
	<object>
		<name>sp10</name>
		<pose>Unspecified</pose>
		<truncated>0</truncated>
		<difficult>0</difficult>
		<bndbox>
			<xmin>161</xmin>
			<ymin>946</ymin>
			<xmax>198</xmax>
			<ymax>974</ymax>
		</bndbox>
	</object>
	<object>
		<name>sp10</name>
		<pose>Unspecified</pose>
		<truncated>0</truncated>
		<difficult>0</difficult>
		<bndbox>
			<xmin>241</xmin>
			<ymin>828</ymin>
			<xmax>266</xmax>
			<ymax>856</ymax>
		</bndbox>
	</object>
	<object>
		<name>sp10</name>
		<pose>Unspecified</pose>
		<truncated>0</truncated>
		<difficult>0</difficult>
		<bndbox>
			<xmin>255</xmin>
			<ymin>748</ymin>
			<xmax>284</xmax>
			<ymax>774</ymax>
		</bndbox>
	</object>
	<object>
		<name>sp10</name>
		<pose>Unspecified</pose>
		<truncated>0</truncated>
		<difficult>0</difficult>
		<bndbox>
			<xmin>288</xmin>
			<ymin>827</ymin>
			<xmax>311</xmax>
			<ymax>854</ymax>
		</bndbox>
	</object>
	<object>
		<name>sp10</name>
		<pose>Unspecified</pose>
		<truncated>0</truncated>
		<difficult>0</difficult>
		<bndbox>
			<xmin>309</xmin>
			<ymin>831</ymin>
			<xmax>334</xmax>
			<ymax>859</ymax>
		</bndbox>
	</object>
	<object>
		<name>sp10</name>
		<pose>Unspecified</pose>
		<truncated>0</truncated>
		<difficult>0</difficult>
		<bndbox>
			<xmin>350</xmin>
			<ymin>770</ymin>
			<xmax>383</xmax>
			<ymax>802</ymax>
		</bndbox>
	</object>
	<object>
		<name>sp10</name>
		<pose>Unspecified</pose>
		<truncated>0</truncated>
		<difficult>0</difficult>
		<bndbox>
			<xmin>315</xmin>
			<ymin>930</ymin>
			<xmax>349</xmax>
			<ymax>959</ymax>
		</bndbox>
	</object>
	<object>
		<name>sp10</name>
		<pose>Unspecified</pose>
		<truncated>0</truncated>
		<difficult>0</difficult>
		<bndbox>
			<xmin>416</xmin>
			<ymin>930</ymin>
			<xmax>442</xmax>
			<ymax>958</ymax>
		</bndbox>
	</object>
	<object>
		<name>sp10</name>
		<pose>Unspecified</pose>
		<truncated>0</truncated>
		<difficult>0</difficult>
		<bndbox>
			<xmin>466</xmin>
			<ymin>819</ymin>
			<xmax>493</xmax>
			<ymax>850</ymax>
		</bndbox>
	</object>
	<object>
		<name>sp10</name>
		<pose>Unspecified</pose>
		<truncated>0</truncated>
		<difficult>0</difficult>
		<bndbox>
			<xmin>560</xmin>
			<ymin>892</ymin>
			<xmax>593</xmax>
			<ymax>924</ymax>
		</bndbox>
	</object>
	<object>
		<name>sp10</name>
		<pose>Unspecified</pose>
		<truncated>0</truncated>
		<difficult>0</difficult>
		<bndbox>
			<xmin>623</xmin>
			<ymin>840</ymin>
			<xmax>658</xmax>
			<ymax>878</ymax>
		</bndbox>
	</object>
	<object>
		<name>sp10</name>
		<pose>Unspecified</pose>
		<truncated>0</truncated>
		<difficult>0</difficult>
		<bndbox>
			<xmin>367</xmin>
			<ymin>853</ymin>
			<xmax>406</xmax>
			<ymax>881</ymax>
		</bndbox>
	</object>
	<object>
		<name>sp10</name>
		<pose>Unspecified</pose>
		<truncated>0</truncated>
		<difficult>0</difficult>
		<bndbox>
			<xmin>472</xmin>
			<ymin>763</ymin>
			<xmax>502</xmax>
			<ymax>797</ymax>
		</bndbox>
	</object>
	<object>
		<name>sp10</name>
		<pose>Unspecified</pose>
		<truncated>0</truncated>
		<difficult>0</difficult>
		<bndbox>
			<xmin>307</xmin>
			<ymin>547</ymin>
			<xmax>335</xmax>
			<ymax>573</ymax>
		</bndbox>
	</object>
	<object>
		<name>sp10</name>
		<pose>Unspecified</pose>
		<truncated>0</truncated>
		<difficult>0</difficult>
		<bndbox>
			<xmin>299</xmin>
			<ymin>563</ymin>
			<xmax>323</xmax>
			<ymax>589</ymax>
		</bndbox>
	</object>
	<object>
		<name>sp10</name>
		<pose>Unspecified</pose>
		<truncated>0</truncated>
		<difficult>0</difficult>
		<bndbox>
			<xmin>255</xmin>
			<ymin>606</ymin>
			<xmax>281</xmax>
			<ymax>628</ymax>
		</bndbox>
	</object>
	<object>
		<name>sp10</name>
		<pose>Unspecified</pose>
		<truncated>0</truncated>
		<difficult>0</difficult>
		<bndbox>
			<xmin>255</xmin>
			<ymin>622</ymin>
			<xmax>282</xmax>
			<ymax>641</ymax>
		</bndbox>
	</object>
	<object>
		<name>sp10</name>
		<pose>Unspecified</pose>
		<truncated>0</truncated>
		<difficult>0</difficult>
		<bndbox>
			<xmin>251</xmin>
			<ymin>655</ymin>
			<xmax>284</xmax>
			<ymax>683</ymax>
		</bndbox>
	</object>
	<object>
		<name>sp10</name>
		<pose>Unspecified</pose>
		<truncated>0</truncated>
		<difficult>0</difficult>
		<bndbox>
			<xmin>295</xmin>
			<ymin>643</ymin>
			<xmax>323</xmax>
			<ymax>670</ymax>
		</bndbox>
	</object>
	<object>
		<name>sp10</name>
		<pose>Unspecified</pose>
		<truncated>0</truncated>
		<difficult>0</difficult>
		<bndbox>
			<xmin>263</xmin>
			<ymin>707</ymin>
			<xmax>284</xmax>
			<ymax>730</ymax>
		</bndbox>
	</object>
	<object>
		<name>sp10</name>
		<pose>Unspecified</pose>
		<truncated>0</truncated>
		<difficult>0</difficult>
		<bndbox>
			<xmin>273</xmin>
			<ymin>721</ymin>
			<xmax>299</xmax>
			<ymax>747</ymax>
		</bndbox>
	</object>
	<object>
		<name>sp10</name>
		<pose>Unspecified</pose>
		<truncated>0</truncated>
		<difficult>0</difficult>
		<bndbox>
			<xmin>400</xmin>
			<ymin>682</ymin>
			<xmax>431</xmax>
			<ymax>712</ymax>
		</bndbox>
	</object>
	<object>
		<name>sp10</name>
		<pose>Unspecified</pose>
		<truncated>0</truncated>
		<difficult>0</difficult>
		<bndbox>
			<xmin>396</xmin>
			<ymin>599</ymin>
			<xmax>425</xmax>
			<ymax>635</ymax>
		</bndbox>
	</object>
	<object>
		<name>sp10</name>
		<pose>Unspecified</pose>
		<truncated>0</truncated>
		<difficult>0</difficult>
		<bndbox>
			<xmin>456</xmin>
			<ymin>481</ymin>
			<xmax>483</xmax>
			<ymax>512</ymax>
		</bndbox>
	</object>
	<object>
		<name>sp10</name>
		<pose>Unspecified</pose>
		<truncated>0</truncated>
		<difficult>0</difficult>
		<bndbox>
			<xmin>450</xmin>
			<ymin>726</ymin>
			<xmax>488</xmax>
			<ymax>761</ymax>
		</bndbox>
	</object>
	<object>
		<name>sp10</name>
		<pose>Unspecified</pose>
		<truncated>0</truncated>
		<difficult>0</difficult>
		<bndbox>
			<xmin>708</xmin>
			<ymin>604</ymin>
			<xmax>740</xmax>
			<ymax>640</ymax>
		</bndbox>
	</object>
	<object>
		<name>sp10</name>
		<pose>Unspecified</pose>
		<truncated>0</truncated>
		<difficult>0</difficult>
		<bndbox>
			<xmin>679</xmin>
			<ymin>664</ymin>
			<xmax>715</xmax>
			<ymax>694</ymax>
		</bndbox>
	</object>
	<object>
		<name>sp10</name>
		<pose>Unspecified</pose>
		<truncated>0</truncated>
		<difficult>0</difficult>
		<bndbox>
			<xmin>742</xmin>
			<ymin>649</ymin>
			<xmax>778</xmax>
			<ymax>682</ymax>
		</bndbox>
	</object>
	<object>
		<name>sp10</name>
		<pose>Unspecified</pose>
		<truncated>0</truncated>
		<difficult>0</difficult>
		<bndbox>
			<xmin>706</xmin>
			<ymin>687</ymin>
			<xmax>741</xmax>
			<ymax>721</ymax>
		</bndbox>
	</object>
	<object>
		<name>sp10</name>
		<pose>Unspecified</pose>
		<truncated>0</truncated>
		<difficult>0</difficult>
		<bndbox>
			<xmin>695</xmin>
			<ymin>743</ymin>
			<xmax>732</xmax>
			<ymax>780</ymax>
		</bndbox>
	</object>
	<object>
		<name>sp10</name>
		<pose>Unspecified</pose>
		<truncated>0</truncated>
		<difficult>0</difficult>
		<bndbox>
			<xmin>680</xmin>
			<ymin>852</ymin>
			<xmax>714</xmax>
			<ymax>885</ymax>
		</bndbox>
	</object>
	<object>
		<name>sp10</name>
		<pose>Unspecified</pose>
		<truncated>0</truncated>
		<difficult>0</difficult>
		<bndbox>
			<xmin>714</xmin>
			<ymin>913</ymin>
			<xmax>756</xmax>
			<ymax>954</ymax>
		</bndbox>
	</object>
	<object>
		<name>sp10</name>
		<pose>Unspecified</pose>
		<truncated>0</truncated>
		<difficult>0</difficult>
		<bndbox>
			<xmin>762</xmin>
			<ymin>908</ymin>
			<xmax>788</xmax>
			<ymax>938</ymax>
		</bndbox>
	</object>
	<object>
		<name>sp10</name>
		<pose>Unspecified</pose>
		<truncated>0</truncated>
		<difficult>0</difficult>
		<bndbox>
			<xmin>729</xmin>
			<ymin>864</ymin>
			<xmax>772</xmax>
			<ymax>896</ymax>
		</bndbox>
	</object>
	<object>
		<name>sp10</name>
		<pose>Unspecified</pose>
		<truncated>0</truncated>
		<difficult>0</difficult>
		<bndbox>
			<xmin>782</xmin>
			<ymin>818</ymin>
			<xmax>811</xmax>
			<ymax>844</ymax>
		</bndbox>
	</object>
	<object>
		<name>sp10</name>
		<pose>Unspecified</pose>
		<truncated>0</truncated>
		<difficult>0</difficult>
		<bndbox>
			<xmin>795</xmin>
			<ymin>850</ymin>
			<xmax>822</xmax>
			<ymax>880</ymax>
		</bndbox>
	</object>
	<object>
		<name>sp10</name>
		<pose>Unspecified</pose>
		<truncated>0</truncated>
		<difficult>0</difficult>
		<bndbox>
			<xmin>804</xmin>
			<ymin>926</ymin>
			<xmax>844</xmax>
			<ymax>961</ymax>
		</bndbox>
	</object>
	<object>
		<name>sp10</name>
		<pose>Unspecified</pose>
		<truncated>0</truncated>
		<difficult>0</difficult>
		<bndbox>
			<xmin>866</xmin>
			<ymin>813</ymin>
			<xmax>895</xmax>
			<ymax>851</ymax>
		</bndbox>
	</object>
	<object>
		<name>sp10</name>
		<pose>Unspecified</pose>
		<truncated>0</truncated>
		<difficult>0</difficult>
		<bndbox>
			<xmin>949</xmin>
			<ymin>844</ymin>
			<xmax>992</xmax>
			<ymax>883</ymax>
		</bndbox>
	</object>
	<object>
		<name>sp10</name>
		<pose>Unspecified</pose>
		<truncated>0</truncated>
		<difficult>0</difficult>
		<bndbox>
			<xmin>905</xmin>
			<ymin>878</ymin>
			<xmax>939</xmax>
			<ymax>906</ymax>
		</bndbox>
	</object>
	<object>
		<name>sp10</name>
		<pose>Unspecified</pose>
		<truncated>0</truncated>
		<difficult>0</difficult>
		<bndbox>
			<xmin>777</xmin>
			<ymin>768</ymin>
			<xmax>801</xmax>
			<ymax>795</ymax>
		</bndbox>
	</object>
	<object>
		<name>sp10</name>
		<pose>Unspecified</pose>
		<truncated>0</truncated>
		<difficult>0</difficult>
		<bndbox>
			<xmin>913</xmin>
			<ymin>632</ymin>
			<xmax>950</xmax>
			<ymax>666</ymax>
		</bndbox>
	</object>
	<object>
		<name>sp10</name>
		<pose>Unspecified</pose>
		<truncated>0</truncated>
		<difficult>0</difficult>
		<bndbox>
			<xmin>828</xmin>
			<ymin>679</ymin>
			<xmax>854</xmax>
			<ymax>705</ymax>
		</bndbox>
	</object>
	<object>
		<name>sp10</name>
		<pose>Unspecified</pose>
		<truncated>0</truncated>
		<difficult>0</difficult>
		<bndbox>
			<xmin>827</xmin>
			<ymin>715</ymin>
			<xmax>867</xmax>
			<ymax>750</ymax>
		</bndbox>
	</object>
	<object>
		<name>sp10</name>
		<pose>Unspecified</pose>
		<truncated>0</truncated>
		<difficult>0</difficult>
		<bndbox>
			<xmin>1111</xmin>
			<ymin>811</ymin>
			<xmax>1147</xmax>
			<ymax>845</ymax>
		</bndbox>
	</object>
	<object>
		<name>sp10</name>
		<pose>Unspecified</pose>
		<truncated>0</truncated>
		<difficult>0</difficult>
		<bndbox>
			<xmin>1176</xmin>
			<ymin>645</ymin>
			<xmax>1207</xmax>
			<ymax>682</ymax>
		</bndbox>
	</object>
	<object>
		<name>sp10</name>
		<pose>Unspecified</pose>
		<truncated>0</truncated>
		<difficult>0</difficult>
		<bndbox>
			<xmin>1393</xmin>
			<ymin>729</ymin>
			<xmax>1428</xmax>
			<ymax>764</ymax>
		</bndbox>
	</object>
	<object>
		<name>sp10</name>
		<pose>Unspecified</pose>
		<truncated>0</truncated>
		<difficult>0</difficult>
		<bndbox>
			<xmin>855</xmin>
			<ymin>679</ymin>
			<xmax>877</xmax>
			<ymax>703</ymax>
		</bndbox>
	</object>
	<object>
		<name>sp10</name>
		<pose>Unspecified</pose>
		<truncated>0</truncated>
		<difficult>0</difficult>
		<bndbox>
			<xmin>901</xmin>
			<ymin>460</ymin>
			<xmax>930</xmax>
			<ymax>484</ymax>
		</bndbox>
	</object>
	<object>
		<name>sp10</name>
		<pose>Unspecified</pose>
		<truncated>0</truncated>
		<difficult>0</difficult>
		<bndbox>
			<xmin>903</xmin>
			<ymin>487</ymin>
			<xmax>932</xmax>
			<ymax>508</ymax>
		</bndbox>
	</object>
	<object>
		<name>sp10</name>
		<pose>Unspecified</pose>
		<truncated>0</truncated>
		<difficult>0</difficult>
		<bndbox>
			<xmin>976</xmin>
			<ymin>448</ymin>
			<xmax>1001</xmax>
			<ymax>475</ymax>
		</bndbox>
	</object>
	<object>
		<name>sp10</name>
		<pose>Unspecified</pose>
		<truncated>0</truncated>
		<difficult>0</difficult>
		<bndbox>
			<xmin>1005</xmin>
			<ymin>468</ymin>
			<xmax>1037</xmax>
			<ymax>497</ymax>
		</bndbox>
	</object>
	<object>
		<name>sp10</name>
		<pose>Unspecified</pose>
		<truncated>0</truncated>
		<difficult>0</difficult>
		<bndbox>
			<xmin>978</xmin>
			<ymin>485</ymin>
			<xmax>1008</xmax>
			<ymax>512</ymax>
		</bndbox>
	</object>
	<object>
		<name>sp10</name>
		<pose>Unspecified</pose>
		<truncated>0</truncated>
		<difficult>0</difficult>
		<bndbox>
			<xmin>1044</xmin>
			<ymin>497</ymin>
			<xmax>1084</xmax>
			<ymax>530</ymax>
		</bndbox>
	</object>
	<object>
		<name>sp10</name>
		<pose>Unspecified</pose>
		<truncated>0</truncated>
		<difficult>0</difficult>
		<bndbox>
			<xmin>929</xmin>
			<ymin>510</ymin>
			<xmax>952</xmax>
			<ymax>532</ymax>
		</bndbox>
	</object>
	<object>
		<name>sp10</name>
		<pose>Unspecified</pose>
		<truncated>0</truncated>
		<difficult>0</difficult>
		<bndbox>
			<xmin>571</xmin>
			<ymin>202</ymin>
			<xmax>599</xmax>
			<ymax>227</ymax>
		</bndbox>
	</object>
	<object>
		<name>sp10</name>
		<pose>Unspecified</pose>
		<truncated>0</truncated>
		<difficult>0</difficult>
		<bndbox>
			<xmin>669</xmin>
			<ymin>164</ymin>
			<xmax>700</xmax>
			<ymax>195</ymax>
		</bndbox>
	</object>
	<object>
		<name>sp10</name>
		<pose>Unspecified</pose>
		<truncated>0</truncated>
		<difficult>0</difficult>
		<bndbox>
			<xmin>710</xmin>
			<ymin>177</ymin>
			<xmax>740</xmax>
			<ymax>206</ymax>
		</bndbox>
	</object>
	<object>
		<name>sp10</name>
		<pose>Unspecified</pose>
		<truncated>0</truncated>
		<difficult>0</difficult>
		<bndbox>
			<xmin>710</xmin>
			<ymin>218</ymin>
			<xmax>739</xmax>
			<ymax>244</ymax>
		</bndbox>
	</object>
	<object>
		<name>sp10</name>
		<pose>Unspecified</pose>
		<truncated>0</truncated>
		<difficult>0</difficult>
		<bndbox>
			<xmin>680</xmin>
			<ymin>308</ymin>
			<xmax>706</xmax>
			<ymax>334</ymax>
		</bndbox>
	</object>
	<object>
		<name>sp10</name>
		<pose>Unspecified</pose>
		<truncated>0</truncated>
		<difficult>0</difficult>
		<bndbox>
			<xmin>664</xmin>
			<ymin>320</ymin>
			<xmax>692</xmax>
			<ymax>348</ymax>
		</bndbox>
	</object>
	<object>
		<name>sp10</name>
		<pose>Unspecified</pose>
		<truncated>0</truncated>
		<difficult>0</difficult>
		<bndbox>
			<xmin>550</xmin>
			<ymin>367</ymin>
			<xmax>580</xmax>
			<ymax>392</ymax>
		</bndbox>
	</object>
	<object>
		<name>sp10</name>
		<pose>Unspecified</pose>
		<truncated>0</truncated>
		<difficult>0</difficult>
		<bndbox>
			<xmin>835</xmin>
			<ymin>178</ymin>
			<xmax>862</xmax>
			<ymax>202</ymax>
		</bndbox>
	</object>
	<object>
		<name>sp10</name>
		<pose>Unspecified</pose>
		<truncated>0</truncated>
		<difficult>0</difficult>
		<bndbox>
			<xmin>902</xmin>
			<ymin>143</ymin>
			<xmax>937</xmax>
			<ymax>172</ymax>
		</bndbox>
	</object>
	<object>
		<name>sp10</name>
		<pose>Unspecified</pose>
		<truncated>0</truncated>
		<difficult>0</difficult>
		<bndbox>
			<xmin>810</xmin>
			<ymin>106</ymin>
			<xmax>840</xmax>
			<ymax>132</ymax>
		</bndbox>
	</object>
	<object>
		<name>sp10</name>
		<pose>Unspecified</pose>
		<truncated>0</truncated>
		<difficult>0</difficult>
		<bndbox>
			<xmin>943</xmin>
			<ymin>106</ymin>
			<xmax>969</xmax>
			<ymax>130</ymax>
		</bndbox>
	</object>
	<object>
		<name>sp10</name>
		<pose>Unspecified</pose>
		<truncated>0</truncated>
		<difficult>0</difficult>
		<bndbox>
			<xmin>959</xmin>
			<ymin>89</ymin>
			<xmax>986</xmax>
			<ymax>117</ymax>
		</bndbox>
	</object>
	<object>
		<name>sp10</name>
		<pose>Unspecified</pose>
		<truncated>0</truncated>
		<difficult>0</difficult>
		<bndbox>
			<xmin>993</xmin>
			<ymin>133</ymin>
			<xmax>1023</xmax>
			<ymax>164</ymax>
		</bndbox>
	</object>
	<object>
		<name>sp10</name>
		<pose>Unspecified</pose>
		<truncated>0</truncated>
		<difficult>0</difficult>
		<bndbox>
			<xmin>1027</xmin>
			<ymin>89</ymin>
			<xmax>1054</xmax>
			<ymax>113</ymax>
		</bndbox>
	</object>
	<object>
		<name>sp10</name>
		<pose>Unspecified</pose>
		<truncated>0</truncated>
		<difficult>0</difficult>
		<bndbox>
			<xmin>1031</xmin>
			<ymin>66</ymin>
			<xmax>1057</xmax>
			<ymax>92</ymax>
		</bndbox>
	</object>
	<object>
		<name>sp10</name>
		<pose>Unspecified</pose>
		<truncated>0</truncated>
		<difficult>0</difficult>
		<bndbox>
			<xmin>1052</xmin>
			<ymin>188</ymin>
			<xmax>1084</xmax>
			<ymax>216</ymax>
		</bndbox>
	</object>
	<object>
		<name>sp10</name>
		<pose>Unspecified</pose>
		<truncated>0</truncated>
		<difficult>0</difficult>
		<bndbox>
			<xmin>1114</xmin>
			<ymin>66</ymin>
			<xmax>1138</xmax>
			<ymax>91</ymax>
		</bndbox>
	</object>
	<object>
		<name>sp10</name>
		<pose>Unspecified</pose>
		<truncated>0</truncated>
		<difficult>0</difficult>
		<bndbox>
			<xmin>1130</xmin>
			<ymin>46</ymin>
			<xmax>1151</xmax>
			<ymax>72</ymax>
		</bndbox>
	</object>
	<object>
		<name>sp10</name>
		<pose>Unspecified</pose>
		<truncated>0</truncated>
		<difficult>0</difficult>
		<bndbox>
			<xmin>1140</xmin>
			<ymin>65</ymin>
			<xmax>1162</xmax>
			<ymax>86</ymax>
		</bndbox>
	</object>
	<object>
		<name>sp10</name>
		<pose>Unspecified</pose>
		<truncated>0</truncated>
		<difficult>0</difficult>
		<bndbox>
			<xmin>1190</xmin>
			<ymin>93</ymin>
			<xmax>1221</xmax>
			<ymax>117</ymax>
		</bndbox>
	</object>
	<object>
		<name>sp10</name>
		<pose>Unspecified</pose>
		<truncated>0</truncated>
		<difficult>0</difficult>
		<bndbox>
			<xmin>1186</xmin>
			<ymin>56</ymin>
			<xmax>1213</xmax>
			<ymax>80</ymax>
		</bndbox>
	</object>
	<object>
		<name>sp10</name>
		<pose>Unspecified</pose>
		<truncated>0</truncated>
		<difficult>0</difficult>
		<bndbox>
			<xmin>1216</xmin>
			<ymin>68</ymin>
			<xmax>1243</xmax>
			<ymax>91</ymax>
		</bndbox>
	</object>
	<object>
		<name>sp10</name>
		<pose>Unspecified</pose>
		<truncated>0</truncated>
		<difficult>0</difficult>
		<bndbox>
			<xmin>1250</xmin>
			<ymin>70</ymin>
			<xmax>1280</xmax>
			<ymax>93</ymax>
		</bndbox>
	</object>
	<object>
		<name>sp10</name>
		<pose>Unspecified</pose>
		<truncated>0</truncated>
		<difficult>0</difficult>
		<bndbox>
			<xmin>1271</xmin>
			<ymin>58</ymin>
			<xmax>1296</xmax>
			<ymax>86</ymax>
		</bndbox>
	</object>
	<object>
		<name>sp10</name>
		<pose>Unspecified</pose>
		<truncated>0</truncated>
		<difficult>0</difficult>
		<bndbox>
			<xmin>1217</xmin>
			<ymin>121</ymin>
			<xmax>1244</xmax>
			<ymax>146</ymax>
		</bndbox>
	</object>
	<object>
		<name>sp10</name>
		<pose>Unspecified</pose>
		<truncated>0</truncated>
		<difficult>0</difficult>
		<bndbox>
			<xmin>1331</xmin>
			<ymin>51</ymin>
			<xmax>1350</xmax>
			<ymax>72</ymax>
		</bndbox>
	</object>
	<object>
		<name>sp10</name>
		<pose>Unspecified</pose>
		<truncated>0</truncated>
		<difficult>0</difficult>
		<bndbox>
			<xmin>1357</xmin>
			<ymin>77</ymin>
			<xmax>1386</xmax>
			<ymax>102</ymax>
		</bndbox>
	</object>
	<object>
		<name>sp10</name>
		<pose>Unspecified</pose>
		<truncated>0</truncated>
		<difficult>0</difficult>
		<bndbox>
			<xmin>1497</xmin>
			<ymin>111</ymin>
			<xmax>1529</xmax>
			<ymax>136</ymax>
		</bndbox>
	</object>
	<object>
		<name>sp10</name>
		<pose>Unspecified</pose>
		<truncated>0</truncated>
		<difficult>0</difficult>
		<bndbox>
			<xmin>1538</xmin>
			<ymin>150</ymin>
			<xmax>1565</xmax>
			<ymax>172</ymax>
		</bndbox>
	</object>
	<object>
		<name>sp10</name>
		<pose>Unspecified</pose>
		<truncated>0</truncated>
		<difficult>0</difficult>
		<bndbox>
			<xmin>1556</xmin>
			<ymin>129</ymin>
			<xmax>1578</xmax>
			<ymax>150</ymax>
		</bndbox>
	</object>
	<object>
		<name>sp10</name>
		<pose>Unspecified</pose>
		<truncated>0</truncated>
		<difficult>0</difficult>
		<bndbox>
			<xmin>1578</xmin>
			<ymin>127</ymin>
			<xmax>1606</xmax>
			<ymax>153</ymax>
		</bndbox>
	</object>
	<object>
		<name>sp10</name>
		<pose>Unspecified</pose>
		<truncated>0</truncated>
		<difficult>0</difficult>
		<bndbox>
			<xmin>1452</xmin>
			<ymin>199</ymin>
			<xmax>1478</xmax>
			<ymax>227</ymax>
		</bndbox>
	</object>
	<object>
		<name>sp10</name>
		<pose>Unspecified</pose>
		<truncated>0</truncated>
		<difficult>0</difficult>
		<bndbox>
			<xmin>1485</xmin>
			<ymin>235</ymin>
			<xmax>1519</xmax>
			<ymax>264</ymax>
		</bndbox>
	</object>
	<object>
		<name>sp10</name>
		<pose>Unspecified</pose>
		<truncated>0</truncated>
		<difficult>0</difficult>
		<bndbox>
			<xmin>1192</xmin>
			<ymin>294</ymin>
			<xmax>1216</xmax>
			<ymax>317</ymax>
		</bndbox>
	</object>
	<object>
		<name>sp10</name>
		<pose>Unspecified</pose>
		<truncated>0</truncated>
		<difficult>0</difficult>
		<bndbox>
			<xmin>1229</xmin>
			<ymin>313</ymin>
			<xmax>1257</xmax>
			<ymax>340</ymax>
		</bndbox>
	</object>
	<object>
		<name>sp10</name>
		<pose>Unspecified</pose>
		<truncated>0</truncated>
		<difficult>0</difficult>
		<bndbox>
			<xmin>1620</xmin>
			<ymin>228</ymin>
			<xmax>1646</xmax>
			<ymax>256</ymax>
		</bndbox>
	</object>
	<object>
		<name>sp10</name>
		<pose>Unspecified</pose>
		<truncated>0</truncated>
		<difficult>0</difficult>
		<bndbox>
			<xmin>1653</xmin>
			<ymin>227</ymin>
			<xmax>1677</xmax>
			<ymax>251</ymax>
		</bndbox>
	</object>
	<object>
		<name>sp10</name>
		<pose>Unspecified</pose>
		<truncated>0</truncated>
		<difficult>0</difficult>
		<bndbox>
			<xmin>1671</xmin>
			<ymin>208</ymin>
			<xmax>1698</xmax>
			<ymax>235</ymax>
		</bndbox>
	</object>
	<object>
		<name>sp10</name>
		<pose>Unspecified</pose>
		<truncated>0</truncated>
		<difficult>0</difficult>
		<bndbox>
			<xmin>1704</xmin>
			<ymin>250</ymin>
			<xmax>1730</xmax>
			<ymax>274</ymax>
		</bndbox>
	</object>
	<object>
		<name>sp10</name>
		<pose>Unspecified</pose>
		<truncated>0</truncated>
		<difficult>0</difficult>
		<bndbox>
			<xmin>1737</xmin>
			<ymin>297</ymin>
			<xmax>1759</xmax>
			<ymax>318</ymax>
		</bndbox>
	</object>
	<object>
		<name>sp10</name>
		<pose>Unspecified</pose>
		<truncated>0</truncated>
		<difficult>0</difficult>
		<bndbox>
			<xmin>1747</xmin>
			<ymin>285</ymin>
			<xmax>1768</xmax>
			<ymax>307</ymax>
		</bndbox>
	</object>
	<object>
		<name>sp10</name>
		<pose>Unspecified</pose>
		<truncated>0</truncated>
		<difficult>0</difficult>
		<bndbox>
			<xmin>1531</xmin>
			<ymin>453</ymin>
			<xmax>1572</xmax>
			<ymax>485</ymax>
		</bndbox>
	</object>
	<object>
		<name>sp10</name>
		<pose>Unspecified</pose>
		<truncated>0</truncated>
		<difficult>0</difficult>
		<bndbox>
			<xmin>1700</xmin>
			<ymin>471</ymin>
			<xmax>1735</xmax>
			<ymax>504</ymax>
		</bndbox>
	</object>
	<object>
		<name>sp10</name>
		<pose>Unspecified</pose>
		<truncated>0</truncated>
		<difficult>0</difficult>
		<bndbox>
			<xmin>1456</xmin>
			<ymin>592</ymin>
			<xmax>1486</xmax>
			<ymax>613</ymax>
		</bndbox>
	</object>
	<object>
		<name>sp10</name>
		<pose>Unspecified</pose>
		<truncated>0</truncated>
		<difficult>0</difficult>
		<bndbox>
			<xmin>1475</xmin>
			<ymin>575</ymin>
			<xmax>1498</xmax>
			<ymax>605</ymax>
		</bndbox>
	</object>
	<object>
		<name>sp10</name>
		<pose>Unspecified</pose>
		<truncated>0</truncated>
		<difficult>0</difficult>
		<bndbox>
			<xmin>1696</xmin>
			<ymin>651</ymin>
			<xmax>1728</xmax>
			<ymax>682</ymax>
		</bndbox>
	</object>
	<object>
		<name>sp10</name>
		<pose>Unspecified</pose>
		<truncated>0</truncated>
		<difficult>0</difficult>
		<bndbox>
			<xmin>1171</xmin>
			<ymin>478</ymin>
			<xmax>1187</xmax>
			<ymax>499</ymax>
		</bndbox>
	</object>
	<object>
		<name>sp10</name>
		<pose>Unspecified</pose>
		<truncated>0</truncated>
		<difficult>0</difficult>
		<bndbox>
			<xmin>1149</xmin>
			<ymin>501</ymin>
			<xmax>1174</xmax>
			<ymax>520</ymax>
		</bndbox>
	</object>
	<object>
		<name>sp10</name>
		<pose>Unspecified</pose>
		<truncated>0</truncated>
		<difficult>0</difficult>
		<bndbox>
			<xmin>1151</xmin>
			<ymin>484</ymin>
			<xmax>1173</xmax>
			<ymax>503</ymax>
		</bndbox>
	</object>
	<object>
		<name>sp10</name>
		<pose>Unspecified</pose>
		<truncated>0</truncated>
		<difficult>0</difficult>
		<bndbox>
			<xmin>1349</xmin>
			<ymin>505</ymin>
			<xmax>1382</xmax>
			<ymax>535</ymax>
		</bndbox>
	</object>
	<object>
		<name>sp10</name>
		<pose>Unspecified</pose>
		<truncated>0</truncated>
		<difficult>0</difficult>
		<bndbox>
			<xmin>1460</xmin>
			<ymin>704</ymin>
			<xmax>1490</xmax>
			<ymax>735</ymax>
		</bndbox>
	</object>
	<object>
		<name>sp10</name>
		<pose>Unspecified</pose>
		<truncated>0</truncated>
		<difficult>0</difficult>
		<bndbox>
			<xmin>1518</xmin>
			<ymin>707</ymin>
			<xmax>1554</xmax>
			<ymax>738</ymax>
		</bndbox>
	</object>
	<object>
		<name>sp10</name>
		<pose>Unspecified</pose>
		<truncated>0</truncated>
		<difficult>0</difficult>
		<bndbox>
			<xmin>1540</xmin>
			<ymin>732</ymin>
			<xmax>1573</xmax>
			<ymax>766</ymax>
		</bndbox>
	</object>
	<object>
		<name>sp10</name>
		<pose>Unspecified</pose>
		<truncated>0</truncated>
		<difficult>0</difficult>
		<bndbox>
			<xmin>1654</xmin>
			<ymin>786</ymin>
			<xmax>1688</xmax>
			<ymax>823</ymax>
		</bndbox>
	</object>
	<object>
		<name>sp10</name>
		<pose>Unspecified</pose>
		<truncated>0</truncated>
		<difficult>0</difficult>
		<bndbox>
			<xmin>1727</xmin>
			<ymin>722</ymin>
			<xmax>1754</xmax>
			<ymax>755</ymax>
		</bndbox>
	</object>
</annotation>