<annotation>
	<folder>my-project-name</folder>
	<filename>sp10_img10.jpg</filename>
	<path>/my-project-name/sp10_img10.jpg</path>
	<source>
		<database>Unspecified</database>
	</source>
	<size>
		<width>2200</width>
		<height>2157</height>
		<depth>3</depth>
	</size>
	<object>
		<name>sp10</name>
		<pose>Unspecified</pose>
		<truncated>0</truncated>
		<difficult>0</difficult>
		<bndbox>
			<xmin>295</xmin>
			<ymin>1699</ymin>
			<xmax>330</xmax>
			<ymax>1731</ymax>
		</bndbox>
	</object>
	<object>
		<name>sp10</name>
		<pose>Unspecified</pose>
		<truncated>0</truncated>
		<difficult>0</difficult>
		<bndbox>
			<xmin>318</xmin>
			<ymin>1745</ymin>
			<xmax>357</xmax>
			<ymax>1783</ymax>
		</bndbox>
	</object>
	<object>
		<name>sp10</name>
		<pose>Unspecified</pose>
		<truncated>0</truncated>
		<difficult>0</difficult>
		<bndbox>
			<xmin>404</xmin>
			<ymin>1775</ymin>
			<xmax>443</xmax>
			<ymax>1809</ymax>
		</bndbox>
	</object>
	<object>
		<name>sp10</name>
		<pose>Unspecified</pose>
		<truncated>0</truncated>
		<difficult>0</difficult>
		<bndbox>
			<xmin>437</xmin>
			<ymin>1743</ymin>
			<xmax>489</xmax>
			<ymax>1792</ymax>
		</bndbox>
	</object>
	<object>
		<name>sp10</name>
		<pose>Unspecified</pose>
		<truncated>0</truncated>
		<difficult>0</difficult>
		<bndbox>
			<xmin>439</xmin>
			<ymin>1865</ymin>
			<xmax>477</xmax>
			<ymax>1906</ymax>
		</bndbox>
	</object>
	<object>
		<name>sp10</name>
		<pose>Unspecified</pose>
		<truncated>0</truncated>
		<difficult>0</difficult>
		<bndbox>
			<xmin>955</xmin>
			<ymin>1954</ymin>
			<xmax>996</xmax>
			<ymax>1991</ymax>
		</bndbox>
	</object>
	<object>
		<name>sp10</name>
		<pose>Unspecified</pose>
		<truncated>0</truncated>
		<difficult>0</difficult>
		<bndbox>
			<xmin>1155</xmin>
			<ymin>1843</ymin>
			<xmax>1201</xmax>
			<ymax>1883</ymax>
		</bndbox>
	</object>
	<object>
		<name>sp10</name>
		<pose>Unspecified</pose>
		<truncated>0</truncated>
		<difficult>0</difficult>
		<bndbox>
			<xmin>1069</xmin>
			<ymin>2063</ymin>
			<xmax>1104</xmax>
			<ymax>2103</ymax>
		</bndbox>
	</object>
	<object>
		<name>sp10</name>
		<pose>Unspecified</pose>
		<truncated>0</truncated>
		<difficult>0</difficult>
		<bndbox>
			<xmin>1332</xmin>
			<ymin>2043</ymin>
			<xmax>1363</xmax>
			<ymax>2062</ymax>
		</bndbox>
	</object>
	<object>
		<name>sp10</name>
		<pose>Unspecified</pose>
		<truncated>0</truncated>
		<difficult>0</difficult>
		<bndbox>
			<xmin>1328</xmin>
			<ymin>2057</ymin>
			<xmax>1351</xmax>
			<ymax>2080</ymax>
		</bndbox>
	</object>
	<object>
		<name>sp10</name>
		<pose>Unspecified</pose>
		<truncated>0</truncated>
		<difficult>0</difficult>
		<bndbox>
			<xmin>1025</xmin>
			<ymin>1358</ymin>
			<xmax>1059</xmax>
			<ymax>1393</ymax>
		</bndbox>
	</object>
	<object>
		<name>sp10</name>
		<pose>Unspecified</pose>
		<truncated>0</truncated>
		<difficult>0</difficult>
		<bndbox>
			<xmin>1203</xmin>
			<ymin>1629</ymin>
			<xmax>1249</xmax>
			<ymax>1673</ymax>
		</bndbox>
	</object>
	<object>
		<name>sp10</name>
		<pose>Unspecified</pose>
		<truncated>0</truncated>
		<difficult>0</difficult>
		<bndbox>
			<xmin>1558</xmin>
			<ymin>1738</ymin>
			<xmax>1579</xmax>
			<ymax>1757</ymax>
		</bndbox>
	</object>
	<object>
		<name>sp10</name>
		<pose>Unspecified</pose>
		<truncated>0</truncated>
		<difficult>0</difficult>
		<bndbox>
			<xmin>1850</xmin>
			<ymin>1358</ymin>
			<xmax>1897</xmax>
			<ymax>1400</ymax>
		</bndbox>
	</object>
	<object>
		<name>sp10</name>
		<pose>Unspecified</pose>
		<truncated>0</truncated>
		<difficult>0</difficult>
		<bndbox>
			<xmin>1608</xmin>
			<ymin>712</ymin>
			<xmax>1649</xmax>
			<ymax>751</ymax>
		</bndbox>
	</object>
	<object>
		<name>sp10</name>
		<pose>Unspecified</pose>
		<truncated>0</truncated>
		<difficult>0</difficult>
		<bndbox>
			<xmin>1699</xmin>
			<ymin>652</ymin>
			<xmax>1744</xmax>
			<ymax>689</ymax>
		</bndbox>
	</object>
	<object>
		<name>sp10</name>
		<pose>Unspecified</pose>
		<truncated>0</truncated>
		<difficult>0</difficult>
		<bndbox>
			<xmin>1806</xmin>
			<ymin>523</ymin>
			<xmax>1848</xmax>
			<ymax>560</ymax>
		</bndbox>
	</object>
	<object>
		<name>sp10</name>
		<pose>Unspecified</pose>
		<truncated>0</truncated>
		<difficult>0</difficult>
		<bndbox>
			<xmin>1937</xmin>
			<ymin>574</ymin>
			<xmax>1979</xmax>
			<ymax>610</ymax>
		</bndbox>
	</object>
	<object>
		<name>sp10</name>
		<pose>Unspecified</pose>
		<truncated>0</truncated>
		<difficult>0</difficult>
		<bndbox>
			<xmin>2042</xmin>
			<ymin>759</ymin>
			<xmax>2088</xmax>
			<ymax>798</ymax>
		</bndbox>
	</object>
	<object>
		<name>sp10</name>
		<pose>Unspecified</pose>
		<truncated>0</truncated>
		<difficult>0</difficult>
		<bndbox>
			<xmin>1496</xmin>
			<ymin>647</ymin>
			<xmax>1541</xmax>
			<ymax>687</ymax>
		</bndbox>
	</object>
	<object>
		<name>sp10</name>
		<pose>Unspecified</pose>
		<truncated>0</truncated>
		<difficult>0</difficult>
		<bndbox>
			<xmin>1527</xmin>
			<ymin>518</ymin>
			<xmax>1563</xmax>
			<ymax>555</ymax>
		</bndbox>
	</object>
	<object>
		<name>sp10</name>
		<pose>Unspecified</pose>
		<truncated>0</truncated>
		<difficult>0</difficult>
		<bndbox>
			<xmin>1585</xmin>
			<ymin>463</ymin>
			<xmax>1623</xmax>
			<ymax>497</ymax>
		</bndbox>
	</object>
	<object>
		<name>sp10</name>
		<pose>Unspecified</pose>
		<truncated>0</truncated>
		<difficult>0</difficult>
		<bndbox>
			<xmin>1590</xmin>
			<ymin>536</ymin>
			<xmax>1628</xmax>
			<ymax>574</ymax>
		</bndbox>
	</object>
	<object>
		<name>sp10</name>
		<pose>Unspecified</pose>
		<truncated>0</truncated>
		<difficult>0</difficult>
		<bndbox>
			<xmin>1800</xmin>
			<ymin>401</ymin>
			<xmax>1825</xmax>
			<ymax>429</ymax>
		</bndbox>
	</object>
	<object>
		<name>sp10</name>
		<pose>Unspecified</pose>
		<truncated>0</truncated>
		<difficult>0</difficult>
		<bndbox>
			<xmin>1817</xmin>
			<ymin>375</ymin>
			<xmax>1854</xmax>
			<ymax>407</ymax>
		</bndbox>
	</object>
	<object>
		<name>sp10</name>
		<pose>Unspecified</pose>
		<truncated>0</truncated>
		<difficult>0</difficult>
		<bndbox>
			<xmin>1817</xmin>
			<ymin>404</ymin>
			<xmax>1840</xmax>
			<ymax>427</ymax>
		</bndbox>
	</object>
	<object>
		<name>sp10</name>
		<pose>Unspecified</pose>
		<truncated>0</truncated>
		<difficult>0</difficult>
		<bndbox>
			<xmin>1831</xmin>
			<ymin>409</ymin>
			<xmax>1858</xmax>
			<ymax>438</ymax>
		</bndbox>
	</object>
	<object>
		<name>sp10</name>
		<pose>Unspecified</pose>
		<truncated>0</truncated>
		<difficult>0</difficult>
		<bndbox>
			<xmin>1845</xmin>
			<ymin>447</ymin>
			<xmax>1874</xmax>
			<ymax>478</ymax>
		</bndbox>
	</object>
	<object>
		<name>sp10</name>
		<pose>Unspecified</pose>
		<truncated>0</truncated>
		<difficult>0</difficult>
		<bndbox>
			<xmin>1865</xmin>
			<ymin>470</ymin>
			<xmax>1900</xmax>
			<ymax>505</ymax>
		</bndbox>
	</object>
	<object>
		<name>sp10</name>
		<pose>Unspecified</pose>
		<truncated>0</truncated>
		<difficult>0</difficult>
		<bndbox>
			<xmin>1139</xmin>
			<ymin>353</ymin>
			<xmax>1172</xmax>
			<ymax>391</ymax>
		</bndbox>
	</object>
	<object>
		<name>sp10</name>
		<pose>Unspecified</pose>
		<truncated>0</truncated>
		<difficult>0</difficult>
		<bndbox>
			<xmin>1647</xmin>
			<ymin>295</ymin>
			<xmax>1687</xmax>
			<ymax>326</ymax>
		</bndbox>
	</object>
	<object>
		<name>sp10</name>
		<pose>Unspecified</pose>
		<truncated>0</truncated>
		<difficult>0</difficult>
		<bndbox>
			<xmin>1666</xmin>
			<ymin>256</ymin>
			<xmax>1699</xmax>
			<ymax>292</ymax>
		</bndbox>
	</object>
	<object>
		<name>sp10</name>
		<pose>Unspecified</pose>
		<truncated>0</truncated>
		<difficult>0</difficult>
		<bndbox>
			<xmin>1693</xmin>
			<ymin>288</ymin>
			<xmax>1728</xmax>
			<ymax>321</ymax>
		</bndbox>
	</object>
	<object>
		<name>sp10</name>
		<pose>Unspecified</pose>
		<truncated>0</truncated>
		<difficult>0</difficult>
		<bndbox>
			<xmin>666</xmin>
			<ymin>217</ymin>
			<xmax>702</xmax>
			<ymax>251</ymax>
		</bndbox>
	</object>
	<object>
		<name>sp10</name>
		<pose>Unspecified</pose>
		<truncated>0</truncated>
		<difficult>0</difficult>
		<bndbox>
			<xmin>780</xmin>
			<ymin>481</ymin>
			<xmax>818</xmax>
			<ymax>517</ymax>
		</bndbox>
	</object>
	<object>
		<name>sp10</name>
		<pose>Unspecified</pose>
		<truncated>0</truncated>
		<difficult>0</difficult>
		<bndbox>
			<xmin>673</xmin>
			<ymin>523</ymin>
			<xmax>715</xmax>
			<ymax>557</ymax>
		</bndbox>
	</object>
	<object>
		<name>sp10</name>
		<pose>Unspecified</pose>
		<truncated>0</truncated>
		<difficult>0</difficult>
		<bndbox>
			<xmin>790</xmin>
			<ymin>549</ymin>
			<xmax>832</xmax>
			<ymax>586</ymax>
		</bndbox>
	</object>
	<object>
		<name>sp10</name>
		<pose>Unspecified</pose>
		<truncated>0</truncated>
		<difficult>0</difficult>
		<bndbox>
			<xmin>999</xmin>
			<ymin>614</ymin>
			<xmax>1039</xmax>
			<ymax>650</ymax>
		</bndbox>
	</object>
	<object>
		<name>sp10</name>
		<pose>Unspecified</pose>
		<truncated>0</truncated>
		<difficult>0</difficult>
		<bndbox>
			<xmin>674</xmin>
			<ymin>714</ymin>
			<xmax>712</xmax>
			<ymax>748</ymax>
		</bndbox>
	</object>
	<object>
		<name>sp10</name>
		<pose>Unspecified</pose>
		<truncated>0</truncated>
		<difficult>0</difficult>
		<bndbox>
			<xmin>714</xmin>
			<ymin>713</ymin>
			<xmax>751</xmax>
			<ymax>756</ymax>
		</bndbox>
	</object>
	<object>
		<name>sp10</name>
		<pose>Unspecified</pose>
		<truncated>0</truncated>
		<difficult>0</difficult>
		<bndbox>
			<xmin>942</xmin>
			<ymin>832</ymin>
			<xmax>976</xmax>
			<ymax>861</ymax>
		</bndbox>
	</object>
	<object>
		<name>sp10</name>
		<pose>Unspecified</pose>
		<truncated>0</truncated>
		<difficult>0</difficult>
		<bndbox>
			<xmin>952</xmin>
			<ymin>848</ymin>
			<xmax>990</xmax>
			<ymax>880</ymax>
		</bndbox>
	</object>
	<object>
		<name>sp10</name>
		<pose>Unspecified</pose>
		<truncated>0</truncated>
		<difficult>0</difficult>
		<bndbox>
			<xmin>869</xmin>
			<ymin>1063</ymin>
			<xmax>905</xmax>
			<ymax>1104</ymax>
		</bndbox>
	</object>
	<object>
		<name>sp10</name>
		<pose>Unspecified</pose>
		<truncated>0</truncated>
		<difficult>0</difficult>
		<bndbox>
			<xmin>1385</xmin>
			<ymin>1031</ymin>
			<xmax>1433</xmax>
			<ymax>1078</ymax>
		</bndbox>
	</object>
	<object>
		<name>sp10</name>
		<pose>Unspecified</pose>
		<truncated>0</truncated>
		<difficult>0</difficult>
		<bndbox>
			<xmin>278</xmin>
			<ymin>1027</ymin>
			<xmax>322</xmax>
			<ymax>1064</ymax>
		</bndbox>
	</object>
	<object>
		<name>sp10</name>
		<pose>Unspecified</pose>
		<truncated>0</truncated>
		<difficult>0</difficult>
		<bndbox>
			<xmin>467</xmin>
			<ymin>957</ymin>
			<xmax>509</xmax>
			<ymax>998</ymax>
		</bndbox>
	</object>
	<object>
		<name>sp10</name>
		<pose>Unspecified</pose>
		<truncated>0</truncated>
		<difficult>0</difficult>
		<bndbox>
			<xmin>428</xmin>
			<ymin>1046</ymin>
			<xmax>469</xmax>
			<ymax>1085</ymax>
		</bndbox>
	</object>
	<object>
		<name>sp10</name>
		<pose>Unspecified</pose>
		<truncated>0</truncated>
		<difficult>0</difficult>
		<bndbox>
			<xmin>689</xmin>
			<ymin>1156</ymin>
			<xmax>729</xmax>
			<ymax>1192</ymax>
		</bndbox>
	</object>
	<object>
		<name>sp10</name>
		<pose>Unspecified</pose>
		<truncated>0</truncated>
		<difficult>0</difficult>
		<bndbox>
			<xmin>802</xmin>
			<ymin>1190</ymin>
			<xmax>844</xmax>
			<ymax>1230</ymax>
		</bndbox>
	</object>
	<object>
		<name>sp10</name>
		<pose>Unspecified</pose>
		<truncated>0</truncated>
		<difficult>0</difficult>
		<bndbox>
			<xmin>361</xmin>
			<ymin>821</ymin>
			<xmax>403</xmax>
			<ymax>862</ymax>
		</bndbox>
	</object>
	<object>
		<name>sp10</name>
		<pose>Unspecified</pose>
		<truncated>0</truncated>
		<difficult>0</difficult>
		<bndbox>
			<xmin>85</xmin>
			<ymin>1156</ymin>
			<xmax>128</xmax>
			<ymax>1191</ymax>
		</bndbox>
	</object>
	<object>
		<name>sp10</name>
		<pose>Unspecified</pose>
		<truncated>0</truncated>
		<difficult>0</difficult>
		<bndbox>
			<xmin>265</xmin>
			<ymin>1342</ymin>
			<xmax>300</xmax>
			<ymax>1380</ymax>
		</bndbox>
	</object>
	<object>
		<name>sp10</name>
		<pose>Unspecified</pose>
		<truncated>0</truncated>
		<difficult>0</difficult>
		<bndbox>
			<xmin>1437</xmin>
			<ymin>877</ymin>
			<xmax>1479</xmax>
			<ymax>916</ymax>
		</bndbox>
	</object>
</annotation>