<annotation>
	<folder>my-project-name</folder>
	<filename>sp10_img06.jpg</filename>
	<path>/my-project-name/sp10_img06.jpg</path>
	<source>
		<database>Unspecified</database>
	</source>
	<size>
		<width>2200</width>
		<height>2178</height>
		<depth>3</depth>
	</size>
	<object>
		<name>sp10</name>
		<pose>Unspecified</pose>
		<truncated>0</truncated>
		<difficult>0</difficult>
		<bndbox>
			<xmin>492</xmin>
			<ymin>1916</ymin>
			<xmax>526</xmax>
			<ymax>1947</ymax>
		</bndbox>
	</object>
	<object>
		<name>sp10</name>
		<pose>Unspecified</pose>
		<truncated>0</truncated>
		<difficult>0</difficult>
		<bndbox>
			<xmin>570</xmin>
			<ymin>1977</ymin>
			<xmax>597</xmax>
			<ymax>2000</ymax>
		</bndbox>
	</object>
	<object>
		<name>sp10</name>
		<pose>Unspecified</pose>
		<truncated>0</truncated>
		<difficult>0</difficult>
		<bndbox>
			<xmin>1300</xmin>
			<ymin>2029</ymin>
			<xmax>1332</xmax>
			<ymax>2055</ymax>
		</bndbox>
	</object>
	<object>
		<name>sp10</name>
		<pose>Unspecified</pose>
		<truncated>0</truncated>
		<difficult>0</difficult>
		<bndbox>
			<xmin>1941</xmin>
			<ymin>1330</ymin>
			<xmax>1968</xmax>
			<ymax>1356</ymax>
		</bndbox>
	</object>
	<object>
		<name>sp10</name>
		<pose>Unspecified</pose>
		<truncated>0</truncated>
		<difficult>0</difficult>
		<bndbox>
			<xmin>1911</xmin>
			<ymin>1445</ymin>
			<xmax>1934</xmax>
			<ymax>1475</ymax>
		</bndbox>
	</object>
	<object>
		<name>sp10</name>
		<pose>Unspecified</pose>
		<truncated>0</truncated>
		<difficult>0</difficult>
		<bndbox>
			<xmin>1877</xmin>
			<ymin>747</ymin>
			<xmax>1913</xmax>
			<ymax>778</ymax>
		</bndbox>
	</object>
	<object>
		<name>sp10</name>
		<pose>Unspecified</pose>
		<truncated>0</truncated>
		<difficult>0</difficult>
		<bndbox>
			<xmin>1108</xmin>
			<ymin>152</ymin>
			<xmax>1138</xmax>
			<ymax>183</ymax>
		</bndbox>
	</object>
	<object>
		<name>sp10</name>
		<pose>Unspecified</pose>
		<truncated>0</truncated>
		<difficult>0</difficult>
		<bndbox>
			<xmin>1226</xmin>
			<ymin>300</ymin>
			<xmax>1257</xmax>
			<ymax>326</ymax>
		</bndbox>
	</object>
	<object>
		<name>sp10</name>
		<pose>Unspecified</pose>
		<truncated>0</truncated>
		<difficult>0</difficult>
		<bndbox>
			<xmin>1683</xmin>
			<ymin>365</ymin>
			<xmax>1706</xmax>
			<ymax>392</ymax>
		</bndbox>
	</object>
	<object>
		<name>sp10</name>
		<pose>Unspecified</pose>
		<truncated>0</truncated>
		<difficult>0</difficult>
		<bndbox>
			<xmin>642</xmin>
			<ymin>434</ymin>
			<xmax>670</xmax>
			<ymax>456</ymax>
		</bndbox>
	</object>
	<object>
		<name>sp10</name>
		<pose>Unspecified</pose>
		<truncated>0</truncated>
		<difficult>0</difficult>
		<bndbox>
			<xmin>723</xmin>
			<ymin>449</ymin>
			<xmax>758</xmax>
			<ymax>478</ymax>
		</bndbox>
	</object>
	<object>
		<name>sp10</name>
		<pose>Unspecified</pose>
		<truncated>0</truncated>
		<difficult>0</difficult>
		<bndbox>
			<xmin>320</xmin>
			<ymin>593</ymin>
			<xmax>349</xmax>
			<ymax>619</ymax>
		</bndbox>
	</object>
	<object>
		<name>sp10</name>
		<pose>Unspecified</pose>
		<truncated>0</truncated>
		<difficult>0</difficult>
		<bndbox>
			<xmin>198</xmin>
			<ymin>647</ymin>
			<xmax>228</xmax>
			<ymax>673</ymax>
		</bndbox>
	</object>
	<object>
		<name>sp10</name>
		<pose>Unspecified</pose>
		<truncated>0</truncated>
		<difficult>0</difficult>
		<bndbox>
			<xmin>145</xmin>
			<ymin>1240</ymin>
			<xmax>179</xmax>
			<ymax>1270</ymax>
		</bndbox>
	</object>
	<object>
		<name>sp10</name>
		<pose>Unspecified</pose>
		<truncated>0</truncated>
		<difficult>0</difficult>
		<bndbox>
			<xmin>453</xmin>
			<ymin>1561</ymin>
			<xmax>480</xmax>
			<ymax>1583</ymax>
		</bndbox>
	</object>
	<object>
		<name>sp10</name>
		<pose>Unspecified</pose>
		<truncated>0</truncated>
		<difficult>0</difficult>
		<bndbox>
			<xmin>704</xmin>
			<ymin>1187</ymin>
			<xmax>734</xmax>
			<ymax>1213</ymax>
		</bndbox>
	</object>
	<object>
		<name>sp10</name>
		<pose>Unspecified</pose>
		<truncated>0</truncated>
		<difficult>0</difficult>
		<bndbox>
			<xmin>789</xmin>
			<ymin>1181</ymin>
			<xmax>820</xmax>
			<ymax>1209</ymax>
		</bndbox>
	</object>
	<object>
		<name>sp10</name>
		<pose>Unspecified</pose>
		<truncated>0</truncated>
		<difficult>0</difficult>
		<bndbox>
			<xmin>1033</xmin>
			<ymin>792</ymin>
			<xmax>1061</xmax>
			<ymax>817</ymax>
		</bndbox>
	</object>
</annotation>