<annotation>
	<folder>my-project-name</folder>
	<filename>sp10_img07.jpg</filename>
	<path>/my-project-name/sp10_img07.jpg</path>
	<source>
		<database>Unspecified</database>
	</source>
	<size>
		<width>2331</width>
		<height>2335</height>
		<depth>3</depth>
	</size>
	<object>
		<name>sp10</name>
		<pose>Unspecified</pose>
		<truncated>0</truncated>
		<difficult>0</difficult>
		<bndbox>
			<xmin>1000</xmin>
			<ymin>238</ymin>
			<xmax>1040</xmax>
			<ymax>281</ymax>
		</bndbox>
	</object>
	<object>
		<name>sp10</name>
		<pose>Unspecified</pose>
		<truncated>0</truncated>
		<difficult>0</difficult>
		<bndbox>
			<xmin>1327</xmin>
			<ymin>304</ymin>
			<xmax>1373</xmax>
			<ymax>347</ymax>
		</bndbox>
	</object>
	<object>
		<name>sp10</name>
		<pose>Unspecified</pose>
		<truncated>0</truncated>
		<difficult>0</difficult>
		<bndbox>
			<xmin>1228</xmin>
			<ymin>73</ymin>
			<xmax>1274</xmax>
			<ymax>123</ymax>
		</bndbox>
	</object>
	<object>
		<name>sp10</name>
		<pose>Unspecified</pose>
		<truncated>0</truncated>
		<difficult>0</difficult>
		<bndbox>
			<xmin>621</xmin>
			<ymin>208</ymin>
			<xmax>667</xmax>
			<ymax>254</ymax>
		</bndbox>
	</object>
	<object>
		<name>sp10</name>
		<pose>Unspecified</pose>
		<truncated>0</truncated>
		<difficult>0</difficult>
		<bndbox>
			<xmin>578</xmin>
			<ymin>225</ymin>
			<xmax>604</xmax>
			<ymax>255</ymax>
		</bndbox>
	</object>
	<object>
		<name>sp10</name>
		<pose>Unspecified</pose>
		<truncated>0</truncated>
		<difficult>0</difficult>
		<bndbox>
			<xmin>518</xmin>
			<ymin>314</ymin>
			<xmax>558</xmax>
			<ymax>354</ymax>
		</bndbox>
	</object>
	<object>
		<name>sp10</name>
		<pose>Unspecified</pose>
		<truncated>0</truncated>
		<difficult>0</difficult>
		<bndbox>
			<xmin>541</xmin>
			<ymin>350</ymin>
			<xmax>591</xmax>
			<ymax>400</ymax>
		</bndbox>
	</object>
	<object>
		<name>sp10</name>
		<pose>Unspecified</pose>
		<truncated>0</truncated>
		<difficult>0</difficult>
		<bndbox>
			<xmin>416</xmin>
			<ymin>334</ymin>
			<xmax>459</xmax>
			<ymax>384</ymax>
		</bndbox>
	</object>
	<object>
		<name>sp10</name>
		<pose>Unspecified</pose>
		<truncated>0</truncated>
		<difficult>0</difficult>
		<bndbox>
			<xmin>1023</xmin>
			<ymin>406</ymin>
			<xmax>1066</xmax>
			<ymax>442</ymax>
		</bndbox>
	</object>
	<object>
		<name>sp10</name>
		<pose>Unspecified</pose>
		<truncated>0</truncated>
		<difficult>0</difficult>
		<bndbox>
			<xmin>1291</xmin>
			<ymin>456</ymin>
			<xmax>1334</xmax>
			<ymax>512</ymax>
		</bndbox>
	</object>
	<object>
		<name>sp10</name>
		<pose>Unspecified</pose>
		<truncated>0</truncated>
		<difficult>0</difficult>
		<bndbox>
			<xmin>1542</xmin>
			<ymin>426</ymin>
			<xmax>1585</xmax>
			<ymax>479</ymax>
		</bndbox>
	</object>
	<object>
		<name>sp10</name>
		<pose>Unspecified</pose>
		<truncated>0</truncated>
		<difficult>0</difficult>
		<bndbox>
			<xmin>1364</xmin>
			<ymin>499</ymin>
			<xmax>1433</xmax>
			<ymax>562</ymax>
		</bndbox>
	</object>
	<object>
		<name>sp10</name>
		<pose>Unspecified</pose>
		<truncated>0</truncated>
		<difficult>0</difficult>
		<bndbox>
			<xmin>2127</xmin>
			<ymin>852</ymin>
			<xmax>2183</xmax>
			<ymax>898</ymax>
		</bndbox>
	</object>
	<object>
		<name>sp10</name>
		<pose>Unspecified</pose>
		<truncated>0</truncated>
		<difficult>0</difficult>
		<bndbox>
			<xmin>1796</xmin>
			<ymin>809</ymin>
			<xmax>1842</xmax>
			<ymax>859</ymax>
		</bndbox>
	</object>
	<object>
		<name>sp10</name>
		<pose>Unspecified</pose>
		<truncated>0</truncated>
		<difficult>0</difficult>
		<bndbox>
			<xmin>1598</xmin>
			<ymin>789</ymin>
			<xmax>1638</xmax>
			<ymax>819</ymax>
		</bndbox>
	</object>
	<object>
		<name>sp10</name>
		<pose>Unspecified</pose>
		<truncated>0</truncated>
		<difficult>0</difficult>
		<bndbox>
			<xmin>1592</xmin>
			<ymin>816</ymin>
			<xmax>1638</xmax>
			<ymax>856</ymax>
		</bndbox>
	</object>
	<object>
		<name>sp10</name>
		<pose>Unspecified</pose>
		<truncated>0</truncated>
		<difficult>0</difficult>
		<bndbox>
			<xmin>1757</xmin>
			<ymin>928</ymin>
			<xmax>1793</xmax>
			<ymax>974</ymax>
		</bndbox>
	</object>
	<object>
		<name>sp10</name>
		<pose>Unspecified</pose>
		<truncated>0</truncated>
		<difficult>0</difficult>
		<bndbox>
			<xmin>1829</xmin>
			<ymin>925</ymin>
			<xmax>1872</xmax>
			<ymax>978</ymax>
		</bndbox>
	</object>
	<object>
		<name>sp10</name>
		<pose>Unspecified</pose>
		<truncated>0</truncated>
		<difficult>0</difficult>
		<bndbox>
			<xmin>1902</xmin>
			<ymin>1321</ymin>
			<xmax>1942</xmax>
			<ymax>1380</ymax>
		</bndbox>
	</object>
	<object>
		<name>sp10</name>
		<pose>Unspecified</pose>
		<truncated>0</truncated>
		<difficult>0</difficult>
		<bndbox>
			<xmin>1648</xmin>
			<ymin>1136</ymin>
			<xmax>1694</xmax>
			<ymax>1186</ymax>
		</bndbox>
	</object>
	<object>
		<name>sp10</name>
		<pose>Unspecified</pose>
		<truncated>0</truncated>
		<difficult>0</difficult>
		<bndbox>
			<xmin>1443</xmin>
			<ymin>1034</ymin>
			<xmax>1473</xmax>
			<ymax>1077</ymax>
		</bndbox>
	</object>
	<object>
		<name>sp10</name>
		<pose>Unspecified</pose>
		<truncated>0</truncated>
		<difficult>0</difficult>
		<bndbox>
			<xmin>1199</xmin>
			<ymin>928</ymin>
			<xmax>1232</xmax>
			<ymax>968</ymax>
		</bndbox>
	</object>
	<object>
		<name>sp10</name>
		<pose>Unspecified</pose>
		<truncated>0</truncated>
		<difficult>0</difficult>
		<bndbox>
			<xmin>1413</xmin>
			<ymin>1037</ymin>
			<xmax>1449</xmax>
			<ymax>1087</ymax>
		</bndbox>
	</object>
	<object>
		<name>sp10</name>
		<pose>Unspecified</pose>
		<truncated>0</truncated>
		<difficult>0</difficult>
		<bndbox>
			<xmin>1066</xmin>
			<ymin>832</ymin>
			<xmax>1112</xmax>
			<ymax>882</ymax>
		</bndbox>
	</object>
	<object>
		<name>sp10</name>
		<pose>Unspecified</pose>
		<truncated>0</truncated>
		<difficult>0</difficult>
		<bndbox>
			<xmin>1119</xmin>
			<ymin>723</ymin>
			<xmax>1169</xmax>
			<ymax>759</ymax>
		</bndbox>
	</object>
	<object>
		<name>sp10</name>
		<pose>Unspecified</pose>
		<truncated>0</truncated>
		<difficult>0</difficult>
		<bndbox>
			<xmin>234</xmin>
			<ymin>872</ymin>
			<xmax>277</xmax>
			<ymax>918</ymax>
		</bndbox>
	</object>
	<object>
		<name>sp10</name>
		<pose>Unspecified</pose>
		<truncated>0</truncated>
		<difficult>0</difficult>
		<bndbox>
			<xmin>95</xmin>
			<ymin>971</ymin>
			<xmax>131</xmax>
			<ymax>1011</ymax>
		</bndbox>
	</object>
	<object>
		<name>sp10</name>
		<pose>Unspecified</pose>
		<truncated>0</truncated>
		<difficult>0</difficult>
		<bndbox>
			<xmin>72</xmin>
			<ymin>1245</ymin>
			<xmax>122</xmax>
			<ymax>1304</ymax>
		</bndbox>
	</object>
	<object>
		<name>sp10</name>
		<pose>Unspecified</pose>
		<truncated>0</truncated>
		<difficult>0</difficult>
		<bndbox>
			<xmin>317</xmin>
			<ymin>1100</ymin>
			<xmax>357</xmax>
			<ymax>1146</ymax>
		</bndbox>
	</object>
	<object>
		<name>sp10</name>
		<pose>Unspecified</pose>
		<truncated>0</truncated>
		<difficult>0</difficult>
		<bndbox>
			<xmin>538</xmin>
			<ymin>1196</ymin>
			<xmax>578</xmax>
			<ymax>1236</ymax>
		</bndbox>
	</object>
	<object>
		<name>sp10</name>
		<pose>Unspecified</pose>
		<truncated>0</truncated>
		<difficult>0</difficult>
		<bndbox>
			<xmin>862</xmin>
			<ymin>1044</ymin>
			<xmax>895</xmax>
			<ymax>1084</ymax>
		</bndbox>
	</object>
	<object>
		<name>sp10</name>
		<pose>Unspecified</pose>
		<truncated>0</truncated>
		<difficult>0</difficult>
		<bndbox>
			<xmin>1136</xmin>
			<ymin>1486</ymin>
			<xmax>1179</xmax>
			<ymax>1519</ymax>
		</bndbox>
	</object>
	<object>
		<name>sp10</name>
		<pose>Unspecified</pose>
		<truncated>0</truncated>
		<difficult>0</difficult>
		<bndbox>
			<xmin>1298</xmin>
			<ymin>1556</ymin>
			<xmax>1334</xmax>
			<ymax>1599</ymax>
		</bndbox>
	</object>
	<object>
		<name>sp10</name>
		<pose>Unspecified</pose>
		<truncated>0</truncated>
		<difficult>0</difficult>
		<bndbox>
			<xmin>1529</xmin>
			<ymin>1661</ymin>
			<xmax>1582</xmax>
			<ymax>1707</ymax>
		</bndbox>
	</object>
	<object>
		<name>sp10</name>
		<pose>Unspecified</pose>
		<truncated>0</truncated>
		<difficult>0</difficult>
		<bndbox>
			<xmin>1450</xmin>
			<ymin>1770</ymin>
			<xmax>1490</xmax>
			<ymax>1813</ymax>
		</bndbox>
	</object>
	<object>
		<name>sp10</name>
		<pose>Unspecified</pose>
		<truncated>0</truncated>
		<difficult>0</difficult>
		<bndbox>
			<xmin>716</xmin>
			<ymin>1922</ymin>
			<xmax>762</xmax>
			<ymax>1968</ymax>
		</bndbox>
	</object>
	<object>
		<name>sp10</name>
		<pose>Unspecified</pose>
		<truncated>0</truncated>
		<difficult>0</difficult>
		<bndbox>
			<xmin>1668</xmin>
			<ymin>1714</ymin>
			<xmax>1711</xmax>
			<ymax>1754</ymax>
		</bndbox>
	</object>
	<object>
		<name>sp10</name>
		<pose>Unspecified</pose>
		<truncated>0</truncated>
		<difficult>0</difficult>
		<bndbox>
			<xmin>1710</xmin>
			<ymin>1790</ymin>
			<xmax>1769</xmax>
			<ymax>1833</ymax>
		</bndbox>
	</object>
	<object>
		<name>sp10</name>
		<pose>Unspecified</pose>
		<truncated>0</truncated>
		<difficult>0</difficult>
		<bndbox>
			<xmin>1631</xmin>
			<ymin>1780</ymin>
			<xmax>1681</xmax>
			<ymax>1820</ymax>
		</bndbox>
	</object>
	<object>
		<name>sp10</name>
		<pose>Unspecified</pose>
		<truncated>0</truncated>
		<difficult>0</difficult>
		<bndbox>
			<xmin>1499</xmin>
			<ymin>1883</ymin>
			<xmax>1545</xmax>
			<ymax>1923</ymax>
		</bndbox>
	</object>
	<object>
		<name>sp10</name>
		<pose>Unspecified</pose>
		<truncated>0</truncated>
		<difficult>0</difficult>
		<bndbox>
			<xmin>1618</xmin>
			<ymin>2011</ymin>
			<xmax>1668</xmax>
			<ymax>2054</ymax>
		</bndbox>
	</object>
	<object>
		<name>sp10</name>
		<pose>Unspecified</pose>
		<truncated>0</truncated>
		<difficult>0</difficult>
		<bndbox>
			<xmin>1889</xmin>
			<ymin>1883</ymin>
			<xmax>1929</xmax>
			<ymax>1923</ymax>
		</bndbox>
	</object>
	<object>
		<name>sp10</name>
		<pose>Unspecified</pose>
		<truncated>0</truncated>
		<difficult>0</difficult>
		<bndbox>
			<xmin>1928</xmin>
			<ymin>1902</ymin>
			<xmax>1981</xmax>
			<ymax>1938</ymax>
		</bndbox>
	</object>
	<object>
		<name>sp10</name>
		<pose>Unspecified</pose>
		<truncated>0</truncated>
		<difficult>0</difficult>
		<bndbox>
			<xmin>1892</xmin>
			<ymin>1929</ymin>
			<xmax>1938</xmax>
			<ymax>1965</ymax>
		</bndbox>
	</object>
	<object>
		<name>sp10</name>
		<pose>Unspecified</pose>
		<truncated>0</truncated>
		<difficult>0</difficult>
		<bndbox>
			<xmin>1549</xmin>
			<ymin>2147</ymin>
			<xmax>1582</xmax>
			<ymax>2177</ymax>
		</bndbox>
	</object>
	<object>
		<name>sp10</name>
		<pose>Unspecified</pose>
		<truncated>0</truncated>
		<difficult>0</difficult>
		<bndbox>
			<xmin>1789</xmin>
			<ymin>2056</ymin>
			<xmax>1815</xmax>
			<ymax>2081</ymax>
		</bndbox>
	</object>
	<object>
		<name>sp10</name>
		<pose>Unspecified</pose>
		<truncated>0</truncated>
		<difficult>0</difficult>
		<bndbox>
			<xmin>1771</xmin>
			<ymin>2031</ymin>
			<xmax>1790</xmax>
			<ymax>2052</ymax>
		</bndbox>
	</object>
	<object>
		<name>sp10</name>
		<pose>Unspecified</pose>
		<truncated>0</truncated>
		<difficult>0</difficult>
		<bndbox>
			<xmin>1770</xmin>
			<ymin>2049</ymin>
			<xmax>1787</xmax>
			<ymax>2068</ymax>
		</bndbox>
	</object>
	<object>
		<name>sp10</name>
		<pose>Unspecified</pose>
		<truncated>0</truncated>
		<difficult>0</difficult>
		<bndbox>
			<xmin>1760</xmin>
			<ymin>2061</ymin>
			<xmax>1780</xmax>
			<ymax>2085</ymax>
		</bndbox>
	</object>
	<object>
		<name>sp10</name>
		<pose>Unspecified</pose>
		<truncated>0</truncated>
		<difficult>0</difficult>
		<bndbox>
			<xmin>1706</xmin>
			<ymin>2069</ymin>
			<xmax>1739</xmax>
			<ymax>2093</ymax>
		</bndbox>
	</object>
	<object>
		<name>sp10</name>
		<pose>Unspecified</pose>
		<truncated>0</truncated>
		<difficult>0</difficult>
		<bndbox>
			<xmin>1676</xmin>
			<ymin>2082</ymin>
			<xmax>1703</xmax>
			<ymax>2112</ymax>
		</bndbox>
	</object>
</annotation>