<annotation>
	<folder>my-project-name</folder>
	<filename>sp10_img04.jpg</filename>
	<path>/my-project-name/sp10_img04.jpg</path>
	<source>
		<database>Unspecified</database>
	</source>
	<size>
		<width>2174</width>
		<height>2187</height>
		<depth>3</depth>
	</size>
	<object>
		<name>sp10</name>
		<pose>Unspecified</pose>
		<truncated>0</truncated>
		<difficult>0</difficult>
		<bndbox>
			<xmin>1905</xmin>
			<ymin>1323</ymin>
			<xmax>1936</xmax>
			<ymax>1355</ymax>
		</bndbox>
	</object>
	<object>
		<name>sp10</name>
		<pose>Unspecified</pose>
		<truncated>0</truncated>
		<difficult>0</difficult>
		<bndbox>
			<xmin>1178</xmin>
			<ymin>1095</ymin>
			<xmax>1206</xmax>
			<ymax>1120</ymax>
		</bndbox>
	</object>
	<object>
		<name>sp10</name>
		<pose>Unspecified</pose>
		<truncated>0</truncated>
		<difficult>0</difficult>
		<bndbox>
			<xmin>1885</xmin>
			<ymin>803</ymin>
			<xmax>1913</xmax>
			<ymax>835</ymax>
		</bndbox>
	</object>
</annotation>