<annotation>
	<folder>my-project-name</folder>
	<filename>sp11_img05.jpg</filename>
	<path>/my-project-name/sp11_img05.jpg</path>
	<source>
		<database>Unspecified</database>
	</source>
	<size>
		<width>2795</width>
		<height>2793</height>
		<depth>3</depth>
	</size>
	<object>
		<name>sp11</name>
		<pose>Unspecified</pose>
		<truncated>0</truncated>
		<difficult>0</difficult>
		<bndbox>
			<xmin>1263</xmin>
			<ymin>1968</ymin>
			<xmax>1336</xmax>
			<ymax>2033</ymax>
		</bndbox>
	</object>
	<object>
		<name>sp11</name>
		<pose>Unspecified</pose>
		<truncated>0</truncated>
		<difficult>0</difficult>
		<bndbox>
			<xmin>1208</xmin>
			<ymin>1439</ymin>
			<xmax>1271</xmax>
			<ymax>1496</ymax>
		</bndbox>
	</object>
	<object>
		<name>sp11</name>
		<pose>Unspecified</pose>
		<truncated>0</truncated>
		<difficult>0</difficult>
		<bndbox>
			<xmin>2362</xmin>
			<ymin>2005</ymin>
			<xmax>2443</xmax>
			<ymax>2082</ymax>
		</bndbox>
	</object>
	<object>
		<name>sp11</name>
		<pose>Unspecified</pose>
		<truncated>0</truncated>
		<difficult>0</difficult>
		<bndbox>
			<xmin>2457</xmin>
			<ymin>1377</ymin>
			<xmax>2525</xmax>
			<ymax>1450</ymax>
		</bndbox>
	</object>
	<object>
		<name>sp11</name>
		<pose>Unspecified</pose>
		<truncated>0</truncated>
		<difficult>0</difficult>
		<bndbox>
			<xmin>2402</xmin>
			<ymin>1372</ymin>
			<xmax>2464</xmax>
			<ymax>1459</ymax>
		</bndbox>
	</object>
	<object>
		<name>sp11</name>
		<pose>Unspecified</pose>
		<truncated>0</truncated>
		<difficult>0</difficult>
		<bndbox>
			<xmin>2357</xmin>
			<ymin>1547</ymin>
			<xmax>2444</xmax>
			<ymax>1610</ymax>
		</bndbox>
	</object>
	<object>
		<name>sp11</name>
		<pose>Unspecified</pose>
		<truncated>0</truncated>
		<difficult>0</difficult>
		<bndbox>
			<xmin>2164</xmin>
			<ymin>1118</ymin>
			<xmax>2231</xmax>
			<ymax>1209</ymax>
		</bndbox>
	</object>
	<object>
		<name>sp11</name>
		<pose>Unspecified</pose>
		<truncated>0</truncated>
		<difficult>0</difficult>
		<bndbox>
			<xmin>2080</xmin>
			<ymin>1198</ymin>
			<xmax>2152</xmax>
			<ymax>1273</ymax>
		</bndbox>
	</object>
	<object>
		<name>sp11</name>
		<pose>Unspecified</pose>
		<truncated>0</truncated>
		<difficult>0</difficult>
		<bndbox>
			<xmin>2334</xmin>
			<ymin>1372</ymin>
			<xmax>2406</xmax>
			<ymax>1437</ymax>
		</bndbox>
	</object>
	<object>
		<name>sp11</name>
		<pose>Unspecified</pose>
		<truncated>0</truncated>
		<difficult>0</difficult>
		<bndbox>
			<xmin>2389</xmin>
			<ymin>1244</ymin>
			<xmax>2478</xmax>
			<ymax>1319</ymax>
		</bndbox>
	</object>
	<object>
		<name>sp11</name>
		<pose>Unspecified</pose>
		<truncated>0</truncated>
		<difficult>0</difficult>
		<bndbox>
			<xmin>2060</xmin>
			<ymin>1313</ymin>
			<xmax>2134</xmax>
			<ymax>1371</ymax>
		</bndbox>
	</object>
	<object>
		<name>sp11</name>
		<pose>Unspecified</pose>
		<truncated>0</truncated>
		<difficult>0</difficult>
		<bndbox>
			<xmin>1992</xmin>
			<ymin>1283</ymin>
			<xmax>2079</xmax>
			<ymax>1356</ymax>
		</bndbox>
	</object>
	<object>
		<name>sp11</name>
		<pose>Unspecified</pose>
		<truncated>0</truncated>
		<difficult>0</difficult>
		<bndbox>
			<xmin>1956</xmin>
			<ymin>1232</ymin>
			<xmax>2026</xmax>
			<ymax>1300</ymax>
		</bndbox>
	</object>
	<object>
		<name>sp11</name>
		<pose>Unspecified</pose>
		<truncated>0</truncated>
		<difficult>0</difficult>
		<bndbox>
			<xmin>1949</xmin>
			<ymin>1078</ymin>
			<xmax>2015</xmax>
			<ymax>1148</ymax>
		</bndbox>
	</object>
	<object>
		<name>sp11</name>
		<pose>Unspecified</pose>
		<truncated>0</truncated>
		<difficult>0</difficult>
		<bndbox>
			<xmin>1893</xmin>
			<ymin>1096</ymin>
			<xmax>1956</xmax>
			<ymax>1164</ymax>
		</bndbox>
	</object>
	<object>
		<name>sp11</name>
		<pose>Unspecified</pose>
		<truncated>0</truncated>
		<difficult>0</difficult>
		<bndbox>
			<xmin>1867</xmin>
			<ymin>919</ymin>
			<xmax>1951</xmax>
			<ymax>994</ymax>
		</bndbox>
	</object>
	<object>
		<name>sp11</name>
		<pose>Unspecified</pose>
		<truncated>0</truncated>
		<difficult>0</difficult>
		<bndbox>
			<xmin>2127</xmin>
			<ymin>1017</ymin>
			<xmax>2209</xmax>
			<ymax>1104</ymax>
		</bndbox>
	</object>
	<object>
		<name>sp11</name>
		<pose>Unspecified</pose>
		<truncated>0</truncated>
		<difficult>0</difficult>
		<bndbox>
			<xmin>2005</xmin>
			<ymin>624</ymin>
			<xmax>2057</xmax>
			<ymax>729</ymax>
		</bndbox>
	</object>
	<object>
		<name>sp11</name>
		<pose>Unspecified</pose>
		<truncated>0</truncated>
		<difficult>0</difficult>
		<bndbox>
			<xmin>1921</xmin>
			<ymin>729</ymin>
			<xmax>1989</xmax>
			<ymax>788</ymax>
		</bndbox>
	</object>
	<object>
		<name>sp11</name>
		<pose>Unspecified</pose>
		<truncated>0</truncated>
		<difficult>0</difficult>
		<bndbox>
			<xmin>1970</xmin>
			<ymin>635</ymin>
			<xmax>2014</xmax>
			<ymax>719</ymax>
		</bndbox>
	</object>
	<object>
		<name>sp11</name>
		<pose>Unspecified</pose>
		<truncated>0</truncated>
		<difficult>0</difficult>
		<bndbox>
			<xmin>1902</xmin>
			<ymin>642</ymin>
			<xmax>1972</xmax>
			<ymax>710</ymax>
		</bndbox>
	</object>
	<object>
		<name>sp11</name>
		<pose>Unspecified</pose>
		<truncated>0</truncated>
		<difficult>0</difficult>
		<bndbox>
			<xmin>1813</xmin>
			<ymin>628</ymin>
			<xmax>1876</xmax>
			<ymax>710</ymax>
		</bndbox>
	</object>
	<object>
		<name>sp11</name>
		<pose>Unspecified</pose>
		<truncated>0</truncated>
		<difficult>0</difficult>
		<bndbox>
			<xmin>1785</xmin>
			<ymin>958</ymin>
			<xmax>1844</xmax>
			<ymax>1023</ymax>
		</bndbox>
	</object>
	<object>
		<name>sp11</name>
		<pose>Unspecified</pose>
		<truncated>0</truncated>
		<difficult>0</difficult>
		<bndbox>
			<xmin>1713</xmin>
			<ymin>963</ymin>
			<xmax>1800</xmax>
			<ymax>1054</ymax>
		</bndbox>
	</object>
	<object>
		<name>sp11</name>
		<pose>Unspecified</pose>
		<truncated>0</truncated>
		<difficult>0</difficult>
		<bndbox>
			<xmin>814</xmin>
			<ymin>1188</ymin>
			<xmax>926</xmax>
			<ymax>1265</ymax>
		</bndbox>
	</object>
	<object>
		<name>sp11</name>
		<pose>Unspecified</pose>
		<truncated>0</truncated>
		<difficult>0</difficult>
		<bndbox>
			<xmin>852</xmin>
			<ymin>1108</ymin>
			<xmax>920</xmax>
			<ymax>1195</ymax>
		</bndbox>
	</object>
	<object>
		<name>sp11</name>
		<pose>Unspecified</pose>
		<truncated>0</truncated>
		<difficult>0</difficult>
		<bndbox>
			<xmin>1034</xmin>
			<ymin>1403</ymin>
			<xmax>1109</xmax>
			<ymax>1485</ymax>
		</bndbox>
	</object>
	<object>
		<name>sp11</name>
		<pose>Unspecified</pose>
		<truncated>0</truncated>
		<difficult>0</difficult>
		<bndbox>
			<xmin>1065</xmin>
			<ymin>1365</ymin>
			<xmax>1156</xmax>
			<ymax>1417</ymax>
		</bndbox>
	</object>
	<object>
		<name>sp11</name>
		<pose>Unspecified</pose>
		<truncated>0</truncated>
		<difficult>0</difficult>
		<bndbox>
			<xmin>1158</xmin>
			<ymin>1260</ymin>
			<xmax>1224</xmax>
			<ymax>1340</ymax>
		</bndbox>
	</object>
	<object>
		<name>sp11</name>
		<pose>Unspecified</pose>
		<truncated>0</truncated>
		<difficult>0</difficult>
		<bndbox>
			<xmin>1142</xmin>
			<ymin>1377</ymin>
			<xmax>1196</xmax>
			<ymax>1450</ymax>
		</bndbox>
	</object>
	<object>
		<name>sp11</name>
		<pose>Unspecified</pose>
		<truncated>0</truncated>
		<difficult>0</difficult>
		<bndbox>
			<xmin>1135</xmin>
			<ymin>1447</ymin>
			<xmax>1208</xmax>
			<ymax>1524</ymax>
		</bndbox>
	</object>
	<object>
		<name>sp11</name>
		<pose>Unspecified</pose>
		<truncated>0</truncated>
		<difficult>0</difficult>
		<bndbox>
			<xmin>1310</xmin>
			<ymin>1562</ymin>
			<xmax>1404</xmax>
			<ymax>1630</ymax>
		</bndbox>
	</object>
	<object>
		<name>sp11</name>
		<pose>Unspecified</pose>
		<truncated>0</truncated>
		<difficult>0</difficult>
		<bndbox>
			<xmin>1313</xmin>
			<ymin>1508</ymin>
			<xmax>1393</xmax>
			<ymax>1569</ymax>
		</bndbox>
	</object>
	<object>
		<name>sp11</name>
		<pose>Unspecified</pose>
		<truncated>0</truncated>
		<difficult>0</difficult>
		<bndbox>
			<xmin>1235</xmin>
			<ymin>1492</ymin>
			<xmax>1317</xmax>
			<ymax>1562</ymax>
		</bndbox>
	</object>
	<object>
		<name>sp11</name>
		<pose>Unspecified</pose>
		<truncated>0</truncated>
		<difficult>0</difficult>
		<bndbox>
			<xmin>842</xmin>
			<ymin>1733</ymin>
			<xmax>891</xmax>
			<ymax>1813</ymax>
		</bndbox>
	</object>
	<object>
		<name>sp11</name>
		<pose>Unspecified</pose>
		<truncated>0</truncated>
		<difficult>0</difficult>
		<bndbox>
			<xmin>494</xmin>
			<ymin>1890</ymin>
			<xmax>599</xmax>
			<ymax>2000</ymax>
		</bndbox>
	</object>
	<object>
		<name>sp11</name>
		<pose>Unspecified</pose>
		<truncated>0</truncated>
		<difficult>0</difficult>
		<bndbox>
			<xmin>775</xmin>
			<ymin>1833</ymin>
			<xmax>850</xmax>
			<ymax>1903</ymax>
		</bndbox>
	</object>
	<object>
		<name>sp11</name>
		<pose>Unspecified</pose>
		<truncated>0</truncated>
		<difficult>0</difficult>
		<bndbox>
			<xmin>1086</xmin>
			<ymin>1852</ymin>
			<xmax>1159</xmax>
			<ymax>1967</ymax>
		</bndbox>
	</object>
	<object>
		<name>sp11</name>
		<pose>Unspecified</pose>
		<truncated>0</truncated>
		<difficult>0</difficult>
		<bndbox>
			<xmin>1016</xmin>
			<ymin>1883</ymin>
			<xmax>1082</xmax>
			<ymax>1977</ymax>
		</bndbox>
	</object>
	<object>
		<name>sp11</name>
		<pose>Unspecified</pose>
		<truncated>0</truncated>
		<difficult>0</difficult>
		<bndbox>
			<xmin>1119</xmin>
			<ymin>1936</ymin>
			<xmax>1220</xmax>
			<ymax>2046</ymax>
		</bndbox>
	</object>
	<object>
		<name>sp11</name>
		<pose>Unspecified</pose>
		<truncated>0</truncated>
		<difficult>0</difficult>
		<bndbox>
			<xmin>1193</xmin>
			<ymin>1859</ymin>
			<xmax>1284</xmax>
			<ymax>1929</ymax>
		</bndbox>
	</object>
	<object>
		<name>sp11</name>
		<pose>Unspecified</pose>
		<truncated>0</truncated>
		<difficult>0</difficult>
		<bndbox>
			<xmin>1158</xmin>
			<ymin>1637</ymin>
			<xmax>1245</xmax>
			<ymax>1714</ymax>
		</bndbox>
	</object>
	<object>
		<name>sp11</name>
		<pose>Unspecified</pose>
		<truncated>0</truncated>
		<difficult>0</difficult>
		<bndbox>
			<xmin>1107</xmin>
			<ymin>1606</ymin>
			<xmax>1179</xmax>
			<ymax>1676</ymax>
		</bndbox>
	</object>
	<object>
		<name>sp11</name>
		<pose>Unspecified</pose>
		<truncated>0</truncated>
		<difficult>0</difficult>
		<bndbox>
			<xmin>1002</xmin>
			<ymin>1590</ymin>
			<xmax>1093</xmax>
			<ymax>1656</ymax>
		</bndbox>
	</object>
	<object>
		<name>sp11</name>
		<pose>Unspecified</pose>
		<truncated>0</truncated>
		<difficult>0</difficult>
		<bndbox>
			<xmin>995</xmin>
			<ymin>1461</ymin>
			<xmax>1061</xmax>
			<ymax>1527</ymax>
		</bndbox>
	</object>
	<object>
		<name>sp11</name>
		<pose>Unspecified</pose>
		<truncated>0</truncated>
		<difficult>0</difficult>
		<bndbox>
			<xmin>948</xmin>
			<ymin>1398</ymin>
			<xmax>1025</xmax>
			<ymax>1478</ymax>
		</bndbox>
	</object>
	<object>
		<name>sp11</name>
		<pose>Unspecified</pose>
		<truncated>0</truncated>
		<difficult>0</difficult>
		<bndbox>
			<xmin>924</xmin>
			<ymin>1424</ymin>
			<xmax>982</xmax>
			<ymax>1501</ymax>
		</bndbox>
	</object>
	<object>
		<name>sp11</name>
		<pose>Unspecified</pose>
		<truncated>0</truncated>
		<difficult>0</difficult>
		<bndbox>
			<xmin>899</xmin>
			<ymin>1468</ymin>
			<xmax>972</xmax>
			<ymax>1573</ymax>
		</bndbox>
	</object>
	<object>
		<name>sp11</name>
		<pose>Unspecified</pose>
		<truncated>0</truncated>
		<difficult>0</difficult>
		<bndbox>
			<xmin>896</xmin>
			<ymin>1560</ymin>
			<xmax>959</xmax>
			<ymax>1637</ymax>
		</bndbox>
	</object>
	<object>
		<name>sp11</name>
		<pose>Unspecified</pose>
		<truncated>0</truncated>
		<difficult>0</difficult>
		<bndbox>
			<xmin>842</xmin>
			<ymin>1548</ymin>
			<xmax>908</xmax>
			<ymax>1635</ymax>
		</bndbox>
	</object>
	<object>
		<name>sp11</name>
		<pose>Unspecified</pose>
		<truncated>0</truncated>
		<difficult>0</difficult>
		<bndbox>
			<xmin>789</xmin>
			<ymin>1560</ymin>
			<xmax>845</xmax>
			<ymax>1633</ymax>
		</bndbox>
	</object>
	<object>
		<name>sp11</name>
		<pose>Unspecified</pose>
		<truncated>0</truncated>
		<difficult>0</difficult>
		<bndbox>
			<xmin>744</xmin>
			<ymin>1471</ymin>
			<xmax>814</xmax>
			<ymax>1569</ymax>
		</bndbox>
	</object>
	<object>
		<name>sp11</name>
		<pose>Unspecified</pose>
		<truncated>0</truncated>
		<difficult>0</difficult>
		<bndbox>
			<xmin>758</xmin>
			<ymin>1251</ymin>
			<xmax>824</xmax>
			<ymax>1317</ymax>
		</bndbox>
	</object>
	<object>
		<name>sp11</name>
		<pose>Unspecified</pose>
		<truncated>0</truncated>
		<difficult>0</difficult>
		<bndbox>
			<xmin>732</xmin>
			<ymin>1316</ymin>
			<xmax>830</xmax>
			<ymax>1386</ymax>
		</bndbox>
	</object>
	<object>
		<name>sp11</name>
		<pose>Unspecified</pose>
		<truncated>0</truncated>
		<difficult>0</difficult>
		<bndbox>
			<xmin>651</xmin>
			<ymin>1293</ymin>
			<xmax>742</xmax>
			<ymax>1373</ymax>
		</bndbox>
	</object>
	<object>
		<name>sp11</name>
		<pose>Unspecified</pose>
		<truncated>0</truncated>
		<difficult>0</difficult>
		<bndbox>
			<xmin>852</xmin>
			<ymin>1389</ymin>
			<xmax>922</xmax>
			<ymax>1464</ymax>
		</bndbox>
	</object>
	<object>
		<name>sp11</name>
		<pose>Unspecified</pose>
		<truncated>0</truncated>
		<difficult>0</difficult>
		<bndbox>
			<xmin>882</xmin>
			<ymin>1356</ymin>
			<xmax>945</xmax>
			<ymax>1433</ymax>
		</bndbox>
	</object>
	<object>
		<name>sp11</name>
		<pose>Unspecified</pose>
		<truncated>0</truncated>
		<difficult>0</difficult>
		<bndbox>
			<xmin>1013</xmin>
			<ymin>1239</ymin>
			<xmax>1074</xmax>
			<ymax>1314</ymax>
		</bndbox>
	</object>
	<object>
		<name>sp11</name>
		<pose>Unspecified</pose>
		<truncated>0</truncated>
		<difficult>0</difficult>
		<bndbox>
			<xmin>1090</xmin>
			<ymin>1241</ymin>
			<xmax>1151</xmax>
			<ymax>1283</ymax>
		</bndbox>
	</object>
	<object>
		<name>sp11</name>
		<pose>Unspecified</pose>
		<truncated>0</truncated>
		<difficult>0</difficult>
		<bndbox>
			<xmin>1151</xmin>
			<ymin>1202</ymin>
			<xmax>1200</xmax>
			<ymax>1286</ymax>
		</bndbox>
	</object>
	<object>
		<name>sp11</name>
		<pose>Unspecified</pose>
		<truncated>0</truncated>
		<difficult>0</difficult>
		<bndbox>
			<xmin>1088</xmin>
			<ymin>1178</ymin>
			<xmax>1144</xmax>
			<ymax>1248</ymax>
		</bndbox>
	</object>
	<object>
		<name>sp11</name>
		<pose>Unspecified</pose>
		<truncated>0</truncated>
		<difficult>0</difficult>
		<bndbox>
			<xmin>834</xmin>
			<ymin>409</ymin>
			<xmax>994</xmax>
			<ymax>556</ymax>
		</bndbox>
	</object>
	<object>
		<name>sp11</name>
		<pose>Unspecified</pose>
		<truncated>0</truncated>
		<difficult>0</difficult>
		<bndbox>
			<xmin>1526</xmin>
			<ymin>370</ymin>
			<xmax>1673</xmax>
			<ymax>510</ymax>
		</bndbox>
	</object>
	<object>
		<name>sp11</name>
		<pose>Unspecified</pose>
		<truncated>0</truncated>
		<difficult>0</difficult>
		<bndbox>
			<xmin>854</xmin>
			<ymin>567</ymin>
			<xmax>1007</xmax>
			<ymax>714</ymax>
		</bndbox>
	</object>
	<object>
		<name>sp11</name>
		<pose>Unspecified</pose>
		<truncated>0</truncated>
		<difficult>0</difficult>
		<bndbox>
			<xmin>603</xmin>
			<ymin>765</ymin>
			<xmax>757</xmax>
			<ymax>899</ymax>
		</bndbox>
	</object>
	<object>
		<name>sp11</name>
		<pose>Unspecified</pose>
		<truncated>0</truncated>
		<difficult>0</difficult>
		<bndbox>
			<xmin>570</xmin>
			<ymin>831</ymin>
			<xmax>684</xmax>
			<ymax>951</ymax>
		</bndbox>
	</object>
	<object>
		<name>sp11</name>
		<pose>Unspecified</pose>
		<truncated>0</truncated>
		<difficult>0</difficult>
		<bndbox>
			<xmin>412</xmin>
			<ymin>949</ymin>
			<xmax>579</xmax>
			<ymax>1083</ymax>
		</bndbox>
	</object>
	<object>
		<name>sp11</name>
		<pose>Unspecified</pose>
		<truncated>0</truncated>
		<difficult>0</difficult>
		<bndbox>
			<xmin>287</xmin>
			<ymin>1015</ymin>
			<xmax>421</xmax>
			<ymax>1149</ymax>
		</bndbox>
	</object>
	<object>
		<name>sp11</name>
		<pose>Unspecified</pose>
		<truncated>0</truncated>
		<difficult>0</difficult>
		<bndbox>
			<xmin>327</xmin>
			<ymin>1160</ymin>
			<xmax>474</xmax>
			<ymax>1301</ymax>
		</bndbox>
	</object>
	<object>
		<name>sp11</name>
		<pose>Unspecified</pose>
		<truncated>0</truncated>
		<difficult>0</difficult>
		<bndbox>
			<xmin>801</xmin>
			<ymin>916</ymin>
			<xmax>968</xmax>
			<ymax>1070</ymax>
		</bndbox>
	</object>
	<object>
		<name>sp11</name>
		<pose>Unspecified</pose>
		<truncated>0</truncated>
		<difficult>0</difficult>
		<bndbox>
			<xmin>603</xmin>
			<ymin>943</ymin>
			<xmax>770</xmax>
			<ymax>1063</ymax>
		</bndbox>
	</object>
	<object>
		<name>sp11</name>
		<pose>Unspecified</pose>
		<truncated>0</truncated>
		<difficult>0</difficult>
		<bndbox>
			<xmin>617</xmin>
			<ymin>1035</ymin>
			<xmax>731</xmax>
			<ymax>1175</ymax>
		</bndbox>
	</object>
	<object>
		<name>sp11</name>
		<pose>Unspecified</pose>
		<truncated>0</truncated>
		<difficult>0</difficult>
		<bndbox>
			<xmin>426</xmin>
			<ymin>1088</ymin>
			<xmax>539</xmax>
			<ymax>1202</ymax>
		</bndbox>
	</object>
	<object>
		<name>sp11</name>
		<pose>Unspecified</pose>
		<truncated>0</truncated>
		<difficult>0</difficult>
		<bndbox>
			<xmin>1203</xmin>
			<ymin>1061</ymin>
			<xmax>1337</xmax>
			<ymax>1202</ymax>
		</bndbox>
	</object>
	<object>
		<name>sp11</name>
		<pose>Unspecified</pose>
		<truncated>0</truncated>
		<difficult>0</difficult>
		<bndbox>
			<xmin>1104</xmin>
			<ymin>1015</ymin>
			<xmax>1251</xmax>
			<ymax>1169</ymax>
		</bndbox>
	</object>
	<object>
		<name>sp11</name>
		<pose>Unspecified</pose>
		<truncated>0</truncated>
		<difficult>0</difficult>
		<bndbox>
			<xmin>538</xmin>
			<ymin>1061</ymin>
			<xmax>645</xmax>
			<ymax>1215</ymax>
		</bndbox>
	</object>
	<object>
		<name>sp11</name>
		<pose>Unspecified</pose>
		<truncated>0</truncated>
		<difficult>0</difficult>
		<bndbox>
			<xmin>1368</xmin>
			<ymin>1233</ymin>
			<xmax>1508</xmax>
			<ymax>1360</ymax>
		</bndbox>
	</object>
	<object>
		<name>sp11</name>
		<pose>Unspecified</pose>
		<truncated>0</truncated>
		<difficult>0</difficult>
		<bndbox>
			<xmin>702</xmin>
			<ymin>1055</ymin>
			<xmax>843</xmax>
			<ymax>1208</ymax>
		</bndbox>
	</object>
	<object>
		<name>sp11</name>
		<pose>Unspecified</pose>
		<truncated>0</truncated>
		<difficult>0</difficult>
		<bndbox>
			<xmin>491</xmin>
			<ymin>1430</ymin>
			<xmax>632</xmax>
			<ymax>1557</ymax>
		</bndbox>
	</object>
	<object>
		<name>sp11</name>
		<pose>Unspecified</pose>
		<truncated>0</truncated>
		<difficult>0</difficult>
		<bndbox>
			<xmin>472</xmin>
			<ymin>1503</ymin>
			<xmax>599</xmax>
			<ymax>1604</ymax>
		</bndbox>
	</object>
	<object>
		<name>sp11</name>
		<pose>Unspecified</pose>
		<truncated>0</truncated>
		<difficult>0</difficult>
		<bndbox>
			<xmin>432</xmin>
			<ymin>1608</ymin>
			<xmax>566</xmax>
			<ymax>1788</ymax>
		</bndbox>
	</object>
	<object>
		<name>sp11</name>
		<pose>Unspecified</pose>
		<truncated>0</truncated>
		<difficult>0</difficult>
		<bndbox>
			<xmin>373</xmin>
			<ymin>1806</ymin>
			<xmax>559</xmax>
			<ymax>1953</ymax>
		</bndbox>
	</object>
	<object>
		<name>sp11</name>
		<pose>Unspecified</pose>
		<truncated>0</truncated>
		<difficult>0</difficult>
		<bndbox>
			<xmin>653</xmin>
			<ymin>1193</ymin>
			<xmax>765</xmax>
			<ymax>1320</ymax>
		</bndbox>
	</object>
	<object>
		<name>sp11</name>
		<pose>Unspecified</pose>
		<truncated>0</truncated>
		<difficult>0</difficult>
		<bndbox>
			<xmin>910</xmin>
			<ymin>1114</ymin>
			<xmax>994</xmax>
			<ymax>1227</ymax>
		</bndbox>
	</object>
	<object>
		<name>sp11</name>
		<pose>Unspecified</pose>
		<truncated>0</truncated>
		<difficult>0</difficult>
		<bndbox>
			<xmin>603</xmin>
			<ymin>1351</ymin>
			<xmax>724</xmax>
			<ymax>1459</ymax>
		</bndbox>
	</object>
	<object>
		<name>sp11</name>
		<pose>Unspecified</pose>
		<truncated>0</truncated>
		<difficult>0</difficult>
		<bndbox>
			<xmin>794</xmin>
			<ymin>1279</ymin>
			<xmax>902</xmax>
			<ymax>1373</ymax>
		</bndbox>
	</object>
	<object>
		<name>sp11</name>
		<pose>Unspecified</pose>
		<truncated>0</truncated>
		<difficult>0</difficult>
		<bndbox>
			<xmin>1374</xmin>
			<ymin>1351</ymin>
			<xmax>1508</xmax>
			<ymax>1459</ymax>
		</bndbox>
	</object>
	<object>
		<name>sp11</name>
		<pose>Unspecified</pose>
		<truncated>0</truncated>
		<difficult>0</difficult>
		<bndbox>
			<xmin>1032</xmin>
			<ymin>1048</ymin>
			<xmax>1179</xmax>
			<ymax>1182</ymax>
		</bndbox>
	</object>
	<object>
		<name>sp11</name>
		<pose>Unspecified</pose>
		<truncated>0</truncated>
		<difficult>0</difficult>
		<bndbox>
			<xmin>729</xmin>
			<ymin>1358</ymin>
			<xmax>862</xmax>
			<ymax>1459</ymax>
		</bndbox>
	</object>
	<object>
		<name>sp11</name>
		<pose>Unspecified</pose>
		<truncated>0</truncated>
		<difficult>0</difficult>
		<bndbox>
			<xmin>926</xmin>
			<ymin>1220</ymin>
			<xmax>1034</xmax>
			<ymax>1353</ymax>
		</bndbox>
	</object>
	<object>
		<name>sp11</name>
		<pose>Unspecified</pose>
		<truncated>0</truncated>
		<difficult>0</difficult>
		<bndbox>
			<xmin>1005</xmin>
			<ymin>1140</ymin>
			<xmax>1106</xmax>
			<ymax>1241</ymax>
		</bndbox>
	</object>
	<object>
		<name>sp11</name>
		<pose>Unspecified</pose>
		<truncated>0</truncated>
		<difficult>0</difficult>
		<bndbox>
			<xmin>518</xmin>
			<ymin>1588</ymin>
			<xmax>684</xmax>
			<ymax>1749</ymax>
		</bndbox>
	</object>
	<object>
		<name>sp11</name>
		<pose>Unspecified</pose>
		<truncated>0</truncated>
		<difficult>0</difficult>
		<bndbox>
			<xmin>603</xmin>
			<ymin>1780</ymin>
			<xmax>691</xmax>
			<ymax>1913</ymax>
		</bndbox>
	</object>
	<object>
		<name>sp11</name>
		<pose>Unspecified</pose>
		<truncated>0</truncated>
		<difficult>0</difficult>
		<bndbox>
			<xmin>722</xmin>
			<ymin>2030</ymin>
			<xmax>889</xmax>
			<ymax>2170</ymax>
		</bndbox>
	</object>
	<object>
		<name>sp11</name>
		<pose>Unspecified</pose>
		<truncated>0</truncated>
		<difficult>0</difficult>
		<bndbox>
			<xmin>630</xmin>
			<ymin>1766</ymin>
			<xmax>744</xmax>
			<ymax>1907</ymax>
		</bndbox>
	</object>
	<object>
		<name>sp11</name>
		<pose>Unspecified</pose>
		<truncated>0</truncated>
		<difficult>0</difficult>
		<bndbox>
			<xmin>650</xmin>
			<ymin>1450</ymin>
			<xmax>757</xmax>
			<ymax>1564</ymax>
		</bndbox>
	</object>
	<object>
		<name>sp11</name>
		<pose>Unspecified</pose>
		<truncated>0</truncated>
		<difficult>0</difficult>
		<bndbox>
			<xmin>643</xmin>
			<ymin>1569</ymin>
			<xmax>783</xmax>
			<ymax>1669</ymax>
		</bndbox>
	</object>
	<object>
		<name>sp11</name>
		<pose>Unspecified</pose>
		<truncated>0</truncated>
		<difficult>0</difficult>
		<bndbox>
			<xmin>1071</xmin>
			<ymin>1509</ymin>
			<xmax>1198</xmax>
			<ymax>1617</ymax>
		</bndbox>
	</object>
	<object>
		<name>sp11</name>
		<pose>Unspecified</pose>
		<truncated>0</truncated>
		<difficult>0</difficult>
		<bndbox>
			<xmin>1401</xmin>
			<ymin>1496</ymin>
			<xmax>1528</xmax>
			<ymax>1623</ymax>
		</bndbox>
	</object>
	<object>
		<name>sp11</name>
		<pose>Unspecified</pose>
		<truncated>0</truncated>
		<difficult>0</difficult>
		<bndbox>
			<xmin>999</xmin>
			<ymin>1648</ymin>
			<xmax>1126</xmax>
			<ymax>1781</ymax>
		</bndbox>
	</object>
	<object>
		<name>sp11</name>
		<pose>Unspecified</pose>
		<truncated>0</truncated>
		<difficult>0</difficult>
		<bndbox>
			<xmin>801</xmin>
			<ymin>1476</ymin>
			<xmax>915</xmax>
			<ymax>1590</ymax>
		</bndbox>
	</object>
	<object>
		<name>sp11</name>
		<pose>Unspecified</pose>
		<truncated>0</truncated>
		<difficult>0</difficult>
		<bndbox>
			<xmin>1191</xmin>
			<ymin>1358</ymin>
			<xmax>1264</xmax>
			<ymax>1443</ymax>
		</bndbox>
	</object>
	<object>
		<name>sp11</name>
		<pose>Unspecified</pose>
		<truncated>0</truncated>
		<difficult>0</difficult>
		<bndbox>
			<xmin>938</xmin>
			<ymin>1318</ymin>
			<xmax>1014</xmax>
			<ymax>1403</ymax>
		</bndbox>
	</object>
	<object>
		<name>sp11</name>
		<pose>Unspecified</pose>
		<truncated>0</truncated>
		<difficult>0</difficult>
		<bndbox>
			<xmin>1275</xmin>
			<ymin>1628</ymin>
			<xmax>1403</xmax>
			<ymax>1735</ymax>
		</bndbox>
	</object>
	<object>
		<name>sp11</name>
		<pose>Unspecified</pose>
		<truncated>0</truncated>
		<difficult>0</difficult>
		<bndbox>
			<xmin>1493</xmin>
			<ymin>1852</ymin>
			<xmax>1653</xmax>
			<ymax>2012</ymax>
		</bndbox>
	</object>
	<object>
		<name>sp11</name>
		<pose>Unspecified</pose>
		<truncated>0</truncated>
		<difficult>0</difficult>
		<bndbox>
			<xmin>1434</xmin>
			<ymin>1700</ymin>
			<xmax>1567</xmax>
			<ymax>1861</ymax>
		</bndbox>
	</object>
	<object>
		<name>sp11</name>
		<pose>Unspecified</pose>
		<truncated>0</truncated>
		<difficult>0</difficult>
		<bndbox>
			<xmin>1308</xmin>
			<ymin>1733</ymin>
			<xmax>1429</xmax>
			<ymax>1847</ymax>
		</bndbox>
	</object>
	<object>
		<name>sp11</name>
		<pose>Unspecified</pose>
		<truncated>0</truncated>
		<difficult>0</difficult>
		<bndbox>
			<xmin>735</xmin>
			<ymin>1707</ymin>
			<xmax>843</xmax>
			<ymax>1841</ymax>
		</bndbox>
	</object>
	<object>
		<name>sp11</name>
		<pose>Unspecified</pose>
		<truncated>0</truncated>
		<difficult>0</difficult>
		<bndbox>
			<xmin>939</xmin>
			<ymin>1509</ymin>
			<xmax>1067</xmax>
			<ymax>1597</ymax>
		</bndbox>
	</object>
	<object>
		<name>sp11</name>
		<pose>Unspecified</pose>
		<truncated>0</truncated>
		<difficult>0</difficult>
		<bndbox>
			<xmin>986</xmin>
			<ymin>2010</ymin>
			<xmax>1113</xmax>
			<ymax>2164</ymax>
		</bndbox>
	</object>
	<object>
		<name>sp11</name>
		<pose>Unspecified</pose>
		<truncated>0</truncated>
		<difficult>0</difficult>
		<bndbox>
			<xmin>963</xmin>
			<ymin>1723</ymin>
			<xmax>1055</xmax>
			<ymax>1819</ymax>
		</bndbox>
	</object>
	<object>
		<name>sp11</name>
		<pose>Unspecified</pose>
		<truncated>0</truncated>
		<difficult>0</difficult>
		<bndbox>
			<xmin>900</xmin>
			<ymin>1720</ymin>
			<xmax>981</xmax>
			<ymax>1834</ymax>
		</bndbox>
	</object>
	<object>
		<name>sp11</name>
		<pose>Unspecified</pose>
		<truncated>0</truncated>
		<difficult>0</difficult>
		<bndbox>
			<xmin>636</xmin>
			<ymin>1885</ymin>
			<xmax>790</xmax>
			<ymax>2019</ymax>
		</bndbox>
	</object>
	<object>
		<name>sp11</name>
		<pose>Unspecified</pose>
		<truncated>0</truncated>
		<difficult>0</difficult>
		<bndbox>
			<xmin>1532</xmin>
			<ymin>1391</ymin>
			<xmax>1666</xmax>
			<ymax>1525</ymax>
		</bndbox>
	</object>
	<object>
		<name>sp11</name>
		<pose>Unspecified</pose>
		<truncated>0</truncated>
		<difficult>0</difficult>
		<bndbox>
			<xmin>1236</xmin>
			<ymin>1193</ymin>
			<xmax>1337</xmax>
			<ymax>1340</ymax>
		</bndbox>
	</object>
	<object>
		<name>sp11</name>
		<pose>Unspecified</pose>
		<truncated>0</truncated>
		<difficult>0</difficult>
		<bndbox>
			<xmin>1625</xmin>
			<ymin>1411</ymin>
			<xmax>1732</xmax>
			<ymax>1551</ymax>
		</bndbox>
	</object>
	<object>
		<name>sp11</name>
		<pose>Unspecified</pose>
		<truncated>0</truncated>
		<difficult>0</difficult>
		<bndbox>
			<xmin>1058</xmin>
			<ymin>1272</ymin>
			<xmax>1159</xmax>
			<ymax>1393</ymax>
		</bndbox>
	</object>
	<object>
		<name>sp11</name>
		<pose>Unspecified</pose>
		<truncated>0</truncated>
		<difficult>0</difficult>
		<bndbox>
			<xmin>1130</xmin>
			<ymin>1700</ymin>
			<xmax>1258</xmax>
			<ymax>1814</ymax>
		</bndbox>
	</object>
	<object>
		<name>sp11</name>
		<pose>Unspecified</pose>
		<truncated>0</truncated>
		<difficult>0</difficult>
		<bndbox>
			<xmin>794</xmin>
			<ymin>1865</ymin>
			<xmax>922</xmax>
			<ymax>1999</ymax>
		</bndbox>
	</object>
	<object>
		<name>sp11</name>
		<pose>Unspecified</pose>
		<truncated>0</truncated>
		<difficult>0</difficult>
		<bndbox>
			<xmin>1196</xmin>
			<ymin>2017</ymin>
			<xmax>1337</xmax>
			<ymax>2117</ymax>
		</bndbox>
	</object>
	<object>
		<name>sp11</name>
		<pose>Unspecified</pose>
		<truncated>0</truncated>
		<difficult>0</difficult>
		<bndbox>
			<xmin>1203</xmin>
			<ymin>1924</ymin>
			<xmax>1310</xmax>
			<ymax>2038</ymax>
		</bndbox>
	</object>
	<object>
		<name>sp11</name>
		<pose>Unspecified</pose>
		<truncated>0</truncated>
		<difficult>0</difficult>
		<bndbox>
			<xmin>1631</xmin>
			<ymin>1766</ymin>
			<xmax>1791</xmax>
			<ymax>1926</ymax>
		</bndbox>
	</object>
	<object>
		<name>sp11</name>
		<pose>Unspecified</pose>
		<truncated>0</truncated>
		<difficult>0</difficult>
		<bndbox>
			<xmin>1282</xmin>
			<ymin>1536</ymin>
			<xmax>1284</xmax>
			<ymax>1538</ymax>
		</bndbox>
	</object>
	<object>
		<name>sp11</name>
		<pose>Unspecified</pose>
		<truncated>0</truncated>
		<difficult>0</difficult>
		<bndbox>
			<xmin>1249</xmin>
			<ymin>1384</ymin>
			<xmax>1363</xmax>
			<ymax>1505</ymax>
		</bndbox>
	</object>
	<object>
		<name>sp11</name>
		<pose>Unspecified</pose>
		<truncated>0</truncated>
		<difficult>0</difficult>
		<bndbox>
			<xmin>808</xmin>
			<ymin>1621</ymin>
			<xmax>922</xmax>
			<ymax>1716</ymax>
		</bndbox>
	</object>
	<object>
		<name>sp11</name>
		<pose>Unspecified</pose>
		<truncated>0</truncated>
		<difficult>0</difficult>
		<bndbox>
			<xmin>643</xmin>
			<ymin>2326</ymin>
			<xmax>763</xmax>
			<ymax>2493</ymax>
		</bndbox>
	</object>
	<object>
		<name>sp11</name>
		<pose>Unspecified</pose>
		<truncated>0</truncated>
		<difficult>0</difficult>
		<bndbox>
			<xmin>920</xmin>
			<ymin>1997</ymin>
			<xmax>1020</xmax>
			<ymax>2117</ymax>
		</bndbox>
	</object>
	<object>
		<name>sp11</name>
		<pose>Unspecified</pose>
		<truncated>0</truncated>
		<difficult>0</difficult>
		<bndbox>
			<xmin>1177</xmin>
			<ymin>1556</ymin>
			<xmax>1323</xmax>
			<ymax>1650</ymax>
		</bndbox>
	</object>
	<object>
		<name>sp11</name>
		<pose>Unspecified</pose>
		<truncated>0</truncated>
		<difficult>0</difficult>
		<bndbox>
			<xmin>1605</xmin>
			<ymin>2241</ymin>
			<xmax>1745</xmax>
			<ymax>2381</ymax>
		</bndbox>
	</object>
	<object>
		<name>sp11</name>
		<pose>Unspecified</pose>
		<truncated>0</truncated>
		<difficult>0</difficult>
		<bndbox>
			<xmin>794</xmin>
			<ymin>2419</ymin>
			<xmax>928</xmax>
			<ymax>2579</ymax>
		</bndbox>
	</object>
	<object>
		<name>sp11</name>
		<pose>Unspecified</pose>
		<truncated>0</truncated>
		<difficult>0</difficult>
		<bndbox>
			<xmin>1605</xmin>
			<ymin>2412</ymin>
			<xmax>1765</xmax>
			<ymax>2546</ymax>
		</bndbox>
	</object>
	<object>
		<name>sp11</name>
		<pose>Unspecified</pose>
		<truncated>0</truncated>
		<difficult>0</difficult>
		<bndbox>
			<xmin>972</xmin>
			<ymin>2392</ymin>
			<xmax>1093</xmax>
			<ymax>2533</ymax>
		</bndbox>
	</object>
	<object>
		<name>sp11</name>
		<pose>Unspecified</pose>
		<truncated>0</truncated>
		<difficult>0</difficult>
		<bndbox>
			<xmin>1796</xmin>
			<ymin>2326</ymin>
			<xmax>1930</xmax>
			<ymax>2453</ymax>
		</bndbox>
	</object>
	<object>
		<name>sp11</name>
		<pose>Unspecified</pose>
		<truncated>0</truncated>
		<difficult>0</difficult>
		<bndbox>
			<xmin>1111</xmin>
			<ymin>2498</ymin>
			<xmax>1251</xmax>
			<ymax>2638</ymax>
		</bndbox>
	</object>
	<object>
		<name>sp11</name>
		<pose>Unspecified</pose>
		<truncated>0</truncated>
		<difficult>0</difficult>
		<bndbox>
			<xmin>1717</xmin>
			<ymin>1411</ymin>
			<xmax>1824</xmax>
			<ymax>1584</ymax>
		</bndbox>
	</object>
	<object>
		<name>sp11</name>
		<pose>Unspecified</pose>
		<truncated>0</truncated>
		<difficult>0</difficult>
		<bndbox>
			<xmin>1743</xmin>
			<ymin>1147</ymin>
			<xmax>1883</xmax>
			<ymax>1307</ymax>
		</bndbox>
	</object>
	<object>
		<name>sp11</name>
		<pose>Unspecified</pose>
		<truncated>0</truncated>
		<difficult>0</difficult>
		<bndbox>
			<xmin>1526</xmin>
			<ymin>1733</ymin>
			<xmax>1653</xmax>
			<ymax>1861</ymax>
		</bndbox>
	</object>
	<object>
		<name>sp11</name>
		<pose>Unspecified</pose>
		<truncated>0</truncated>
		<difficult>0</difficult>
		<bndbox>
			<xmin>1717</xmin>
			<ymin>587</ymin>
			<xmax>1844</xmax>
			<ymax>714</ymax>
		</bndbox>
	</object>
	<object>
		<name>sp11</name>
		<pose>Unspecified</pose>
		<truncated>0</truncated>
		<difficult>0</difficult>
		<bndbox>
			<xmin>1671</xmin>
			<ymin>712</ymin>
			<xmax>1798</xmax>
			<ymax>846</ymax>
		</bndbox>
	</object>
	<object>
		<name>sp11</name>
		<pose>Unspecified</pose>
		<truncated>0</truncated>
		<difficult>0</difficult>
		<bndbox>
			<xmin>1888</xmin>
			<ymin>561</ymin>
			<xmax>2009</xmax>
			<ymax>661</ymax>
		</bndbox>
	</object>
	<object>
		<name>sp11</name>
		<pose>Unspecified</pose>
		<truncated>0</truncated>
		<difficult>0</difficult>
		<bndbox>
			<xmin>906</xmin>
			<ymin>1859</ymin>
			<xmax>1007</xmax>
			<ymax>2005</ymax>
		</bndbox>
	</object>
	<object>
		<name>sp11</name>
		<pose>Unspecified</pose>
		<truncated>0</truncated>
		<difficult>0</difficult>
		<bndbox>
			<xmin>2132</xmin>
			<ymin>607</ymin>
			<xmax>2252</xmax>
			<ymax>734</ymax>
		</bndbox>
	</object>
	<object>
		<name>sp11</name>
		<pose>Unspecified</pose>
		<truncated>0</truncated>
		<difficult>0</difficult>
		<bndbox>
			<xmin>1664</xmin>
			<ymin>1002</ymin>
			<xmax>1785</xmax>
			<ymax>1103</ymax>
		</bndbox>
	</object>
	<object>
		<name>sp11</name>
		<pose>Unspecified</pose>
		<truncated>0</truncated>
		<difficult>0</difficult>
		<bndbox>
			<xmin>1723</xmin>
			<ymin>884</ymin>
			<xmax>1837</xmax>
			<ymax>984</ymax>
		</bndbox>
	</object>
	<object>
		<name>sp11</name>
		<pose>Unspecified</pose>
		<truncated>0</truncated>
		<difficult>0</difficult>
		<bndbox>
			<xmin>1994</xmin>
			<ymin>732</ymin>
			<xmax>2107</xmax>
			<ymax>833</ymax>
		</bndbox>
	</object>
	<object>
		<name>sp11</name>
		<pose>Unspecified</pose>
		<truncated>0</truncated>
		<difficult>0</difficult>
		<bndbox>
			<xmin>2356</xmin>
			<ymin>620</ymin>
			<xmax>2457</xmax>
			<ymax>754</ymax>
		</bndbox>
	</object>
	<object>
		<name>sp11</name>
		<pose>Unspecified</pose>
		<truncated>0</truncated>
		<difficult>0</difficult>
		<bndbox>
			<xmin>1816</xmin>
			<ymin>725</ymin>
			<xmax>1943</xmax>
			<ymax>820</ymax>
		</bndbox>
	</object>
	<object>
		<name>sp11</name>
		<pose>Unspecified</pose>
		<truncated>0</truncated>
		<difficult>0</difficult>
		<bndbox>
			<xmin>1802</xmin>
			<ymin>798</ymin>
			<xmax>1897</xmax>
			<ymax>872</ymax>
		</bndbox>
	</object>
	<object>
		<name>sp11</name>
		<pose>Unspecified</pose>
		<truncated>0</truncated>
		<difficult>0</difficult>
		<bndbox>
			<xmin>2244</xmin>
			<ymin>640</ymin>
			<xmax>2358</xmax>
			<ymax>773</ymax>
		</bndbox>
	</object>
	<object>
		<name>sp11</name>
		<pose>Unspecified</pose>
		<truncated>0</truncated>
		<difficult>0</difficult>
		<bndbox>
			<xmin>2224</xmin>
			<ymin>745</ymin>
			<xmax>2325</xmax>
			<ymax>846</ymax>
		</bndbox>
	</object>
	<object>
		<name>sp11</name>
		<pose>Unspecified</pose>
		<truncated>0</truncated>
		<difficult>0</difficult>
		<bndbox>
			<xmin>1809</xmin>
			<ymin>877</ymin>
			<xmax>1916</xmax>
			<ymax>971</ymax>
		</bndbox>
	</object>
	<object>
		<name>sp11</name>
		<pose>Unspecified</pose>
		<truncated>0</truncated>
		<difficult>0</difficult>
		<bndbox>
			<xmin>2336</xmin>
			<ymin>739</ymin>
			<xmax>2450</xmax>
			<ymax>839</ymax>
		</bndbox>
	</object>
	<object>
		<name>sp11</name>
		<pose>Unspecified</pose>
		<truncated>0</truncated>
		<difficult>0</difficult>
		<bndbox>
			<xmin>1914</xmin>
			<ymin>831</ymin>
			<xmax>2035</xmax>
			<ymax>925</ymax>
		</bndbox>
	</object>
	<object>
		<name>sp11</name>
		<pose>Unspecified</pose>
		<truncated>0</truncated>
		<difficult>0</difficult>
		<bndbox>
			<xmin>2402</xmin>
			<ymin>870</ymin>
			<xmax>2555</xmax>
			<ymax>1024</ymax>
		</bndbox>
	</object>
	<object>
		<name>sp11</name>
		<pose>Unspecified</pose>
		<truncated>0</truncated>
		<difficult>0</difficult>
		<bndbox>
			<xmin>2290</xmin>
			<ymin>824</ymin>
			<xmax>2424</xmax>
			<ymax>951</ymax>
		</bndbox>
	</object>
	<object>
		<name>sp11</name>
		<pose>Unspecified</pose>
		<truncated>0</truncated>
		<difficult>0</difficult>
		<bndbox>
			<xmin>2178</xmin>
			<ymin>824</ymin>
			<xmax>2325</xmax>
			<ymax>925</ymax>
		</bndbox>
	</object>
	<object>
		<name>sp11</name>
		<pose>Unspecified</pose>
		<truncated>0</truncated>
		<difficult>0</difficult>
		<bndbox>
			<xmin>2059</xmin>
			<ymin>620</ymin>
			<xmax>2154</xmax>
			<ymax>714</ymax>
		</bndbox>
	</object>
	<object>
		<name>sp11</name>
		<pose>Unspecified</pose>
		<truncated>0</truncated>
		<difficult>0</difficult>
		<bndbox>
			<xmin>1816</xmin>
			<ymin>1028</ymin>
			<xmax>1910</xmax>
			<ymax>1123</ymax>
		</bndbox>
	</object>
	<object>
		<name>sp11</name>
		<pose>Unspecified</pose>
		<truncated>0</truncated>
		<difficult>0</difficult>
		<bndbox>
			<xmin>1862</xmin>
			<ymin>989</ymin>
			<xmax>1963</xmax>
			<ymax>1090</ymax>
		</bndbox>
	</object>
	<object>
		<name>sp11</name>
		<pose>Unspecified</pose>
		<truncated>0</truncated>
		<difficult>0</difficult>
		<bndbox>
			<xmin>1868</xmin>
			<ymin>1312</ymin>
			<xmax>2015</xmax>
			<ymax>1452</ymax>
		</bndbox>
	</object>
	<object>
		<name>sp11</name>
		<pose>Unspecified</pose>
		<truncated>0</truncated>
		<difficult>0</difficult>
		<bndbox>
			<xmin>2106</xmin>
			<ymin>910</ymin>
			<xmax>2107</xmax>
			<ymax>912</ymax>
		</bndbox>
	</object>
	<object>
		<name>sp11</name>
		<pose>Unspecified</pose>
		<truncated>0</truncated>
		<difficult>0</difficult>
		<bndbox>
			<xmin>1961</xmin>
			<ymin>943</ymin>
			<xmax>2068</xmax>
			<ymax>1030</ymax>
		</bndbox>
	</object>
	<object>
		<name>sp11</name>
		<pose>Unspecified</pose>
		<truncated>0</truncated>
		<difficult>0</difficult>
		<bndbox>
			<xmin>2007</xmin>
			<ymin>844</ymin>
			<xmax>2134</xmax>
			<ymax>932</ymax>
		</bndbox>
	</object>
	<object>
		<name>sp11</name>
		<pose>Unspecified</pose>
		<truncated>0</truncated>
		<difficult>0</difficult>
		<bndbox>
			<xmin>2053</xmin>
			<ymin>949</ymin>
			<xmax>2134</xmax>
			<ymax>1077</ymax>
		</bndbox>
	</object>
	<object>
		<name>sp11</name>
		<pose>Unspecified</pose>
		<truncated>0</truncated>
		<difficult>0</difficult>
		<bndbox>
			<xmin>1677</xmin>
			<ymin>1061</ymin>
			<xmax>1811</xmax>
			<ymax>1162</ymax>
		</bndbox>
	</object>
	<object>
		<name>sp11</name>
		<pose>Unspecified</pose>
		<truncated>0</truncated>
		<difficult>0</difficult>
		<bndbox>
			<xmin>2178</xmin>
			<ymin>916</ymin>
			<xmax>2279</xmax>
			<ymax>1017</ymax>
		</bndbox>
	</object>
	<object>
		<name>sp11</name>
		<pose>Unspecified</pose>
		<truncated>0</truncated>
		<difficult>0</difficult>
		<bndbox>
			<xmin>1789</xmin>
			<ymin>2267</ymin>
			<xmax>1936</xmax>
			<ymax>2355</ymax>
		</bndbox>
	</object>
	<object>
		<name>sp11</name>
		<pose>Unspecified</pose>
		<truncated>0</truncated>
		<difficult>0</difficult>
		<bndbox>
			<xmin>2270</xmin>
			<ymin>923</ymin>
			<xmax>2371</xmax>
			<ymax>1024</ymax>
		</bndbox>
	</object>
	<object>
		<name>sp11</name>
		<pose>Unspecified</pose>
		<truncated>0</truncated>
		<difficult>0</difficult>
		<bndbox>
			<xmin>1994</xmin>
			<ymin>1035</ymin>
			<xmax>2114</xmax>
			<ymax>1175</ymax>
		</bndbox>
	</object>
	<object>
		<name>sp11</name>
		<pose>Unspecified</pose>
		<truncated>0</truncated>
		<difficult>0</difficult>
		<bndbox>
			<xmin>2086</xmin>
			<ymin>1371</ymin>
			<xmax>2180</xmax>
			<ymax>1472</ymax>
		</bndbox>
	</object>
	<object>
		<name>sp11</name>
		<pose>Unspecified</pose>
		<truncated>0</truncated>
		<difficult>0</difficult>
		<bndbox>
			<xmin>2211</xmin>
			<ymin>1009</ymin>
			<xmax>2331</xmax>
			<ymax>1096</ymax>
		</bndbox>
	</object>
	<object>
		<name>sp11</name>
		<pose>Unspecified</pose>
		<truncated>0</truncated>
		<difficult>0</difficult>
		<bndbox>
			<xmin>2211</xmin>
			<ymin>1068</ymin>
			<xmax>2331</xmax>
			<ymax>1195</ymax>
		</bndbox>
	</object>
	<object>
		<name>sp11</name>
		<pose>Unspecified</pose>
		<truncated>0</truncated>
		<difficult>0</difficult>
		<bndbox>
			<xmin>1994</xmin>
			<ymin>1193</ymin>
			<xmax>2101</xmax>
			<ymax>1294</ymax>
		</bndbox>
	</object>
	<object>
		<name>sp11</name>
		<pose>Unspecified</pose>
		<truncated>0</truncated>
		<difficult>0</difficult>
		<bndbox>
			<xmin>1763</xmin>
			<ymin>1444</ymin>
			<xmax>1877</xmax>
			<ymax>1571</ymax>
		</bndbox>
	</object>
	<object>
		<name>sp11</name>
		<pose>Unspecified</pose>
		<truncated>0</truncated>
		<difficult>0</difficult>
		<bndbox>
			<xmin>1216</xmin>
			<ymin>1786</ymin>
			<xmax>1350</xmax>
			<ymax>1920</ymax>
		</bndbox>
	</object>
	<object>
		<name>sp11</name>
		<pose>Unspecified</pose>
		<truncated>0</truncated>
		<difficult>0</difficult>
		<bndbox>
			<xmin>1908</xmin>
			<ymin>1134</ymin>
			<xmax>2022</xmax>
			<ymax>1235</ymax>
		</bndbox>
	</object>
	<object>
		<name>sp11</name>
		<pose>Unspecified</pose>
		<truncated>0</truncated>
		<difficult>0</difficult>
		<bndbox>
			<xmin>2270</xmin>
			<ymin>1193</ymin>
			<xmax>2378</xmax>
			<ymax>1301</ymax>
		</bndbox>
	</object>
	<object>
		<name>sp11</name>
		<pose>Unspecified</pose>
		<truncated>0</truncated>
		<difficult>0</difficult>
		<bndbox>
			<xmin>2079</xmin>
			<ymin>1114</ymin>
			<xmax>2173</xmax>
			<ymax>1208</ymax>
		</bndbox>
	</object>
	<object>
		<name>sp11</name>
		<pose>Unspecified</pose>
		<truncated>0</truncated>
		<difficult>0</difficult>
		<bndbox>
			<xmin>2112</xmin>
			<ymin>1246</ymin>
			<xmax>2233</xmax>
			<ymax>1347</ymax>
		</bndbox>
	</object>
	<object>
		<name>sp11</name>
		<pose>Unspecified</pose>
		<truncated>0</truncated>
		<difficult>0</difficult>
		<bndbox>
			<xmin>2349</xmin>
			<ymin>1213</ymin>
			<xmax>2437</xmax>
			<ymax>1301</ymax>
		</bndbox>
	</object>
	<object>
		<name>sp11</name>
		<pose>Unspecified</pose>
		<truncated>0</truncated>
		<difficult>0</difficult>
		<bndbox>
			<xmin>2237</xmin>
			<ymin>1424</ymin>
			<xmax>2345</xmax>
			<ymax>1531</ymax>
		</bndbox>
	</object>
	<object>
		<name>sp11</name>
		<pose>Unspecified</pose>
		<truncated>0</truncated>
		<difficult>0</difficult>
		<bndbox>
			<xmin>2455</xmin>
			<ymin>1292</ymin>
			<xmax>2555</xmax>
			<ymax>1413</ymax>
		</bndbox>
	</object>
	<object>
		<name>sp11</name>
		<pose>Unspecified</pose>
		<truncated>0</truncated>
		<difficult>0</difficult>
		<bndbox>
			<xmin>1071</xmin>
			<ymin>1417</ymin>
			<xmax>1146</xmax>
			<ymax>1485</ymax>
		</bndbox>
	</object>
	<object>
		<name>sp11</name>
		<pose>Unspecified</pose>
		<truncated>0</truncated>
		<difficult>0</difficult>
		<bndbox>
			<xmin>2336</xmin>
			<ymin>1285</ymin>
			<xmax>2430</xmax>
			<ymax>1386</ymax>
		</bndbox>
	</object>
	<object>
		<name>sp11</name>
		<pose>Unspecified</pose>
		<truncated>0</truncated>
		<difficult>0</difficult>
		<bndbox>
			<xmin>2336</xmin>
			<ymin>1733</ymin>
			<xmax>2443</xmax>
			<ymax>1841</ymax>
		</bndbox>
	</object>
	<object>
		<name>sp11</name>
		<pose>Unspecified</pose>
		<truncated>0</truncated>
		<difficult>0</difficult>
		<bndbox>
			<xmin>2468</xmin>
			<ymin>1430</ymin>
			<xmax>2588</xmax>
			<ymax>1531</ymax>
		</bndbox>
	</object>
	<object>
		<name>sp11</name>
		<pose>Unspecified</pose>
		<truncated>0</truncated>
		<difficult>0</difficult>
		<bndbox>
			<xmin>2409</xmin>
			<ymin>1470</ymin>
			<xmax>2483</xmax>
			<ymax>1564</ymax>
		</bndbox>
	</object>
	<object>
		<name>sp11</name>
		<pose>Unspecified</pose>
		<truncated>0</truncated>
		<difficult>0</difficult>
		<bndbox>
			<xmin>2330</xmin>
			<ymin>1463</ymin>
			<xmax>2443</xmax>
			<ymax>1557</ymax>
		</bndbox>
	</object>
	<object>
		<name>sp11</name>
		<pose>Unspecified</pose>
		<truncated>0</truncated>
		<difficult>0</difficult>
		<bndbox>
			<xmin>2020</xmin>
			<ymin>1345</ymin>
			<xmax>2127</xmax>
			<ymax>1485</ymax>
		</bndbox>
	</object>
	<object>
		<name>sp11</name>
		<pose>Unspecified</pose>
		<truncated>0</truncated>
		<difficult>0</difficult>
		<bndbox>
			<xmin>2514</xmin>
			<ymin>1575</ymin>
			<xmax>2628</xmax>
			<ymax>1676</ymax>
		</bndbox>
	</object>
	<object>
		<name>sp11</name>
		<pose>Unspecified</pose>
		<truncated>0</truncated>
		<difficult>0</difficult>
		<bndbox>
			<xmin>2218</xmin>
			<ymin>1911</ymin>
			<xmax>2351</xmax>
			<ymax>2058</ymax>
		</bndbox>
	</object>
	<object>
		<name>sp11</name>
		<pose>Unspecified</pose>
		<truncated>0</truncated>
		<difficult>0</difficult>
		<bndbox>
			<xmin>2422</xmin>
			<ymin>1694</ymin>
			<xmax>2516</xmax>
			<ymax>1795</ymax>
		</bndbox>
	</object>
	<object>
		<name>sp11</name>
		<pose>Unspecified</pose>
		<truncated>0</truncated>
		<difficult>0</difficult>
		<bndbox>
			<xmin>2303</xmin>
			<ymin>1635</ymin>
			<xmax>2404</xmax>
			<ymax>1735</ymax>
		</bndbox>
	</object>
	<object>
		<name>sp11</name>
		<pose>Unspecified</pose>
		<truncated>0</truncated>
		<difficult>0</difficult>
		<bndbox>
			<xmin>2191</xmin>
			<ymin>2036</ymin>
			<xmax>2305</xmax>
			<ymax>2150</ymax>
		</bndbox>
	</object>
	<object>
		<name>sp11</name>
		<pose>Unspecified</pose>
		<truncated>0</truncated>
		<difficult>0</difficult>
		<bndbox>
			<xmin>2369</xmin>
			<ymin>1905</ymin>
			<xmax>2463</xmax>
			<ymax>2012</ymax>
		</bndbox>
	</object>
	<object>
		<name>sp11</name>
		<pose>Unspecified</pose>
		<truncated>0</truncated>
		<difficult>0</difficult>
		<bndbox>
			<xmin>2053</xmin>
			<ymin>2247</ymin>
			<xmax>2173</xmax>
			<ymax>2381</ymax>
		</bndbox>
	</object>
	<object>
		<name>sp11</name>
		<pose>Unspecified</pose>
		<truncated>0</truncated>
		<difficult>0</difficult>
		<bndbox>
			<xmin>2494</xmin>
			<ymin>1872</ymin>
			<xmax>2595</xmax>
			<ymax>1999</ymax>
		</bndbox>
	</object>
	<object>
		<name>sp11</name>
		<pose>Unspecified</pose>
		<truncated>0</truncated>
		<difficult>0</difficult>
		<bndbox>
			<xmin>2395</xmin>
			<ymin>2056</ymin>
			<xmax>2490</xmax>
			<ymax>2150</ymax>
		</bndbox>
	</object>
	<object>
		<name>sp11</name>
		<pose>Unspecified</pose>
		<truncated>0</truncated>
		<difficult>0</difficult>
		<bndbox>
			<xmin>1961</xmin>
			<ymin>2326</ymin>
			<xmax>2088</xmax>
			<ymax>2467</ymax>
		</bndbox>
	</object>
	<object>
		<name>sp11</name>
		<pose>Unspecified</pose>
		<truncated>0</truncated>
		<difficult>0</difficult>
		<bndbox>
			<xmin>2224</xmin>
			<ymin>2096</ymin>
			<xmax>2358</xmax>
			<ymax>2216</ymax>
		</bndbox>
	</object>
	<object>
		<name>sp11</name>
		<pose>Unspecified</pose>
		<truncated>0</truncated>
		<difficult>0</difficult>
		<bndbox>
			<xmin>2323</xmin>
			<ymin>1582</ymin>
			<xmax>2417</xmax>
			<ymax>1669</ymax>
		</bndbox>
	</object>
	<object>
		<name>sp11</name>
		<pose>Unspecified</pose>
		<truncated>0</truncated>
		<difficult>0</difficult>
		<bndbox>
			<xmin>992</xmin>
			<ymin>2511</ymin>
			<xmax>1086</xmax>
			<ymax>2618</ymax>
		</bndbox>
	</object>
	<object>
		<name>sp11</name>
		<pose>Unspecified</pose>
		<truncated>0</truncated>
		<difficult>0</difficult>
		<bndbox>
			<xmin>2442</xmin>
			<ymin>1595</ymin>
			<xmax>2549</xmax>
			<ymax>1689</ymax>
		</bndbox>
	</object>
</annotation>