<annotation>
	<folder>my-project-name</folder>
	<filename>sp12_img09.jpg</filename>
	<path>/my-project-name/sp12_img09.jpg</path>
	<source>
		<database>Unspecified</database>
	</source>
	<size>
		<width>2776</width>
		<height>2772</height>
		<depth>3</depth>
	</size>
	<object>
		<name>sp12</name>
		<pose>Unspecified</pose>
		<truncated>0</truncated>
		<difficult>0</difficult>
		<bndbox>
			<xmin>941</xmin>
			<ymin>408</ymin>
			<xmax>1035</xmax>
			<ymax>475</ymax>
		</bndbox>
	</object>
	<object>
		<name>sp12</name>
		<pose>Unspecified</pose>
		<truncated>0</truncated>
		<difficult>0</difficult>
		<bndbox>
			<xmin>1456</xmin>
			<ymin>538</ymin>
			<xmax>1518</xmax>
			<ymax>593</ymax>
		</bndbox>
	</object>
	<object>
		<name>sp12</name>
		<pose>Unspecified</pose>
		<truncated>0</truncated>
		<difficult>0</difficult>
		<bndbox>
			<xmin>1479</xmin>
			<ymin>600</ymin>
			<xmax>1541</xmax>
			<ymax>653</ymax>
		</bndbox>
	</object>
	<object>
		<name>sp12</name>
		<pose>Unspecified</pose>
		<truncated>0</truncated>
		<difficult>0</difficult>
		<bndbox>
			<xmin>1437</xmin>
			<ymin>600</ymin>
			<xmax>1487</xmax>
			<ymax>651</ymax>
		</bndbox>
	</object>
	<object>
		<name>sp12</name>
		<pose>Unspecified</pose>
		<truncated>0</truncated>
		<difficult>0</difficult>
		<bndbox>
			<xmin>1407</xmin>
			<ymin>654</ymin>
			<xmax>1470</xmax>
			<ymax>716</ymax>
		</bndbox>
	</object>
	<object>
		<name>sp12</name>
		<pose>Unspecified</pose>
		<truncated>0</truncated>
		<difficult>0</difficult>
		<bndbox>
			<xmin>1318</xmin>
			<ymin>652</ymin>
			<xmax>1395</xmax>
			<ymax>701</ymax>
		</bndbox>
	</object>
	<object>
		<name>sp12</name>
		<pose>Unspecified</pose>
		<truncated>0</truncated>
		<difficult>0</difficult>
		<bndbox>
			<xmin>1356</xmin>
			<ymin>693</ymin>
			<xmax>1413</xmax>
			<ymax>742</ymax>
		</bndbox>
	</object>
	<object>
		<name>sp12</name>
		<pose>Unspecified</pose>
		<truncated>0</truncated>
		<difficult>0</difficult>
		<bndbox>
			<xmin>1368</xmin>
			<ymin>759</ymin>
			<xmax>1420</xmax>
			<ymax>816</ymax>
		</bndbox>
	</object>
	<object>
		<name>sp12</name>
		<pose>Unspecified</pose>
		<truncated>0</truncated>
		<difficult>0</difficult>
		<bndbox>
			<xmin>1930</xmin>
			<ymin>392</ymin>
			<xmax>2010</xmax>
			<ymax>472</ymax>
		</bndbox>
	</object>
	<object>
		<name>sp12</name>
		<pose>Unspecified</pose>
		<truncated>0</truncated>
		<difficult>0</difficult>
		<bndbox>
			<xmin>2014</xmin>
			<ymin>465</ymin>
			<xmax>2093</xmax>
			<ymax>547</ymax>
		</bndbox>
	</object>
	<object>
		<name>sp12</name>
		<pose>Unspecified</pose>
		<truncated>0</truncated>
		<difficult>0</difficult>
		<bndbox>
			<xmin>2081</xmin>
			<ymin>552</ymin>
			<xmax>2151</xmax>
			<ymax>619</ymax>
		</bndbox>
	</object>
	<object>
		<name>sp12</name>
		<pose>Unspecified</pose>
		<truncated>0</truncated>
		<difficult>0</difficult>
		<bndbox>
			<xmin>1699</xmin>
			<ymin>914</ymin>
			<xmax>1769</xmax>
			<ymax>982</ymax>
		</bndbox>
	</object>
	<object>
		<name>sp12</name>
		<pose>Unspecified</pose>
		<truncated>0</truncated>
		<difficult>0</difficult>
		<bndbox>
			<xmin>1088</xmin>
			<ymin>746</ymin>
			<xmax>1169</xmax>
			<ymax>793</ymax>
		</bndbox>
	</object>
	<object>
		<name>sp12</name>
		<pose>Unspecified</pose>
		<truncated>0</truncated>
		<difficult>0</difficult>
		<bndbox>
			<xmin>1087</xmin>
			<ymin>788</ymin>
			<xmax>1153</xmax>
			<ymax>841</ymax>
		</bndbox>
	</object>
	<object>
		<name>sp12</name>
		<pose>Unspecified</pose>
		<truncated>0</truncated>
		<difficult>0</difficult>
		<bndbox>
			<xmin>935</xmin>
			<ymin>685</ymin>
			<xmax>1001</xmax>
			<ymax>735</ymax>
		</bndbox>
	</object>
	<object>
		<name>sp12</name>
		<pose>Unspecified</pose>
		<truncated>0</truncated>
		<difficult>0</difficult>
		<bndbox>
			<xmin>959</xmin>
			<ymin>719</ymin>
			<xmax>1007</xmax>
			<ymax>761</ymax>
		</bndbox>
	</object>
	<object>
		<name>sp12</name>
		<pose>Unspecified</pose>
		<truncated>0</truncated>
		<difficult>0</difficult>
		<bndbox>
			<xmin>879</xmin>
			<ymin>748</ymin>
			<xmax>939</xmax>
			<ymax>807</ymax>
		</bndbox>
	</object>
	<object>
		<name>sp12</name>
		<pose>Unspecified</pose>
		<truncated>0</truncated>
		<difficult>0</difficult>
		<bndbox>
			<xmin>806</xmin>
			<ymin>836</ymin>
			<xmax>874</xmax>
			<ymax>910</ymax>
		</bndbox>
	</object>
	<object>
		<name>sp12</name>
		<pose>Unspecified</pose>
		<truncated>0</truncated>
		<difficult>0</difficult>
		<bndbox>
			<xmin>921</xmin>
			<ymin>801</ymin>
			<xmax>988</xmax>
			<ymax>863</ymax>
		</bndbox>
	</object>
	<object>
		<name>sp12</name>
		<pose>Unspecified</pose>
		<truncated>0</truncated>
		<difficult>0</difficult>
		<bndbox>
			<xmin>1019</xmin>
			<ymin>939</ymin>
			<xmax>1076</xmax>
			<ymax>991</ymax>
		</bndbox>
	</object>
	<object>
		<name>sp12</name>
		<pose>Unspecified</pose>
		<truncated>0</truncated>
		<difficult>0</difficult>
		<bndbox>
			<xmin>1358</xmin>
			<ymin>1003</ymin>
			<xmax>1420</xmax>
			<ymax>1049</ymax>
		</bndbox>
	</object>
	<object>
		<name>sp12</name>
		<pose>Unspecified</pose>
		<truncated>0</truncated>
		<difficult>0</difficult>
		<bndbox>
			<xmin>1393</xmin>
			<ymin>1044</ymin>
			<xmax>1445</xmax>
			<ymax>1099</ymax>
		</bndbox>
	</object>
	<object>
		<name>sp12</name>
		<pose>Unspecified</pose>
		<truncated>0</truncated>
		<difficult>0</difficult>
		<bndbox>
			<xmin>1294</xmin>
			<ymin>1113</ymin>
			<xmax>1351</xmax>
			<ymax>1178</ymax>
		</bndbox>
	</object>
	<object>
		<name>sp12</name>
		<pose>Unspecified</pose>
		<truncated>0</truncated>
		<difficult>0</difficult>
		<bndbox>
			<xmin>1211</xmin>
			<ymin>1119</ymin>
			<xmax>1265</xmax>
			<ymax>1170</ymax>
		</bndbox>
	</object>
	<object>
		<name>sp12</name>
		<pose>Unspecified</pose>
		<truncated>0</truncated>
		<difficult>0</difficult>
		<bndbox>
			<xmin>1263</xmin>
			<ymin>1177</ymin>
			<xmax>1324</xmax>
			<ymax>1239</ymax>
		</bndbox>
	</object>
	<object>
		<name>sp12</name>
		<pose>Unspecified</pose>
		<truncated>0</truncated>
		<difficult>0</difficult>
		<bndbox>
			<xmin>1395</xmin>
			<ymin>1182</ymin>
			<xmax>1465</xmax>
			<ymax>1252</ymax>
		</bndbox>
	</object>
	<object>
		<name>sp12</name>
		<pose>Unspecified</pose>
		<truncated>0</truncated>
		<difficult>0</difficult>
		<bndbox>
			<xmin>1491</xmin>
			<ymin>1218</ymin>
			<xmax>1553</xmax>
			<ymax>1276</ymax>
		</bndbox>
	</object>
	<object>
		<name>sp12</name>
		<pose>Unspecified</pose>
		<truncated>0</truncated>
		<difficult>0</difficult>
		<bndbox>
			<xmin>1510</xmin>
			<ymin>1307</ymin>
			<xmax>1574</xmax>
			<ymax>1377</ymax>
		</bndbox>
	</object>
	<object>
		<name>sp12</name>
		<pose>Unspecified</pose>
		<truncated>0</truncated>
		<difficult>0</difficult>
		<bndbox>
			<xmin>1357</xmin>
			<ymin>1287</ymin>
			<xmax>1419</xmax>
			<ymax>1337</ymax>
		</bndbox>
	</object>
	<object>
		<name>sp12</name>
		<pose>Unspecified</pose>
		<truncated>0</truncated>
		<difficult>0</difficult>
		<bndbox>
			<xmin>1228</xmin>
			<ymin>1288</ymin>
			<xmax>1278</xmax>
			<ymax>1344</ymax>
		</bndbox>
	</object>
	<object>
		<name>sp12</name>
		<pose>Unspecified</pose>
		<truncated>0</truncated>
		<difficult>0</difficult>
		<bndbox>
			<xmin>1197</xmin>
			<ymin>1371</ymin>
			<xmax>1267</xmax>
			<ymax>1429</ymax>
		</bndbox>
	</object>
	<object>
		<name>sp12</name>
		<pose>Unspecified</pose>
		<truncated>0</truncated>
		<difficult>0</difficult>
		<bndbox>
			<xmin>1042</xmin>
			<ymin>1278</ymin>
			<xmax>1109</xmax>
			<ymax>1326</ymax>
		</bndbox>
	</object>
	<object>
		<name>sp12</name>
		<pose>Unspecified</pose>
		<truncated>0</truncated>
		<difficult>0</difficult>
		<bndbox>
			<xmin>1004</xmin>
			<ymin>1179</ymin>
			<xmax>1067</xmax>
			<ymax>1244</ymax>
		</bndbox>
	</object>
	<object>
		<name>sp12</name>
		<pose>Unspecified</pose>
		<truncated>0</truncated>
		<difficult>0</difficult>
		<bndbox>
			<xmin>960</xmin>
			<ymin>1078</ymin>
			<xmax>1006</xmax>
			<ymax>1131</ymax>
		</bndbox>
	</object>
	<object>
		<name>sp12</name>
		<pose>Unspecified</pose>
		<truncated>0</truncated>
		<difficult>0</difficult>
		<bndbox>
			<xmin>998</xmin>
			<ymin>1080</ymin>
			<xmax>1040</xmax>
			<ymax>1144</ymax>
		</bndbox>
	</object>
	<object>
		<name>sp12</name>
		<pose>Unspecified</pose>
		<truncated>0</truncated>
		<difficult>0</difficult>
		<bndbox>
			<xmin>845</xmin>
			<ymin>1104</ymin>
			<xmax>918</xmax>
			<ymax>1166</ymax>
		</bndbox>
	</object>
	<object>
		<name>sp12</name>
		<pose>Unspecified</pose>
		<truncated>0</truncated>
		<difficult>0</difficult>
		<bndbox>
			<xmin>886</xmin>
			<ymin>1208</ymin>
			<xmax>937</xmax>
			<ymax>1248</ymax>
		</bndbox>
	</object>
	<object>
		<name>sp12</name>
		<pose>Unspecified</pose>
		<truncated>0</truncated>
		<difficult>0</difficult>
		<bndbox>
			<xmin>898</xmin>
			<ymin>1235</ymin>
			<xmax>948</xmax>
			<ymax>1276</ymax>
		</bndbox>
	</object>
	<object>
		<name>sp12</name>
		<pose>Unspecified</pose>
		<truncated>0</truncated>
		<difficult>0</difficult>
		<bndbox>
			<xmin>881</xmin>
			<ymin>1310</ymin>
			<xmax>952</xmax>
			<ymax>1377</ymax>
		</bndbox>
	</object>
	<object>
		<name>sp12</name>
		<pose>Unspecified</pose>
		<truncated>0</truncated>
		<difficult>0</difficult>
		<bndbox>
			<xmin>1036</xmin>
			<ymin>1348</ymin>
			<xmax>1110</xmax>
			<ymax>1417</ymax>
		</bndbox>
	</object>
	<object>
		<name>sp12</name>
		<pose>Unspecified</pose>
		<truncated>0</truncated>
		<difficult>0</difficult>
		<bndbox>
			<xmin>1986</xmin>
			<ymin>1096</ymin>
			<xmax>2050</xmax>
			<ymax>1161</ymax>
		</bndbox>
	</object>
	<object>
		<name>sp12</name>
		<pose>Unspecified</pose>
		<truncated>0</truncated>
		<difficult>0</difficult>
		<bndbox>
			<xmin>2135</xmin>
			<ymin>1009</ymin>
			<xmax>2199</xmax>
			<ymax>1077</ymax>
		</bndbox>
	</object>
	<object>
		<name>sp12</name>
		<pose>Unspecified</pose>
		<truncated>0</truncated>
		<difficult>0</difficult>
		<bndbox>
			<xmin>1964</xmin>
			<ymin>1215</ymin>
			<xmax>2043</xmax>
			<ymax>1286</ymax>
		</bndbox>
	</object>
	<object>
		<name>sp12</name>
		<pose>Unspecified</pose>
		<truncated>0</truncated>
		<difficult>0</difficult>
		<bndbox>
			<xmin>1999</xmin>
			<ymin>1296</ymin>
			<xmax>2060</xmax>
			<ymax>1359</ymax>
		</bndbox>
	</object>
	<object>
		<name>sp12</name>
		<pose>Unspecified</pose>
		<truncated>0</truncated>
		<difficult>0</difficult>
		<bndbox>
			<xmin>2135</xmin>
			<ymin>1362</ymin>
			<xmax>2196</xmax>
			<ymax>1429</ymax>
		</bndbox>
	</object>
	<object>
		<name>sp12</name>
		<pose>Unspecified</pose>
		<truncated>0</truncated>
		<difficult>0</difficult>
		<bndbox>
			<xmin>2347</xmin>
			<ymin>923</ymin>
			<xmax>2412</xmax>
			<ymax>974</ymax>
		</bndbox>
	</object>
	<object>
		<name>sp12</name>
		<pose>Unspecified</pose>
		<truncated>0</truncated>
		<difficult>0</difficult>
		<bndbox>
			<xmin>2416</xmin>
			<ymin>1028</ymin>
			<xmax>2503</xmax>
			<ymax>1128</ymax>
		</bndbox>
	</object>
	<object>
		<name>sp12</name>
		<pose>Unspecified</pose>
		<truncated>0</truncated>
		<difficult>0</difficult>
		<bndbox>
			<xmin>2316</xmin>
			<ymin>1157</ymin>
			<xmax>2405</xmax>
			<ymax>1233</ymax>
		</bndbox>
	</object>
	<object>
		<name>sp12</name>
		<pose>Unspecified</pose>
		<truncated>0</truncated>
		<difficult>0</difficult>
		<bndbox>
			<xmin>2315</xmin>
			<ymin>1294</ymin>
			<xmax>2394</xmax>
			<ymax>1368</ymax>
		</bndbox>
	</object>
	<object>
		<name>sp12</name>
		<pose>Unspecified</pose>
		<truncated>0</truncated>
		<difficult>0</difficult>
		<bndbox>
			<xmin>2135</xmin>
			<ymin>1423</ymin>
			<xmax>2205</xmax>
			<ymax>1487</ymax>
		</bndbox>
	</object>
	<object>
		<name>sp12</name>
		<pose>Unspecified</pose>
		<truncated>0</truncated>
		<difficult>0</difficult>
		<bndbox>
			<xmin>1932</xmin>
			<ymin>1440</ymin>
			<xmax>2012</xmax>
			<ymax>1508</ymax>
		</bndbox>
	</object>
	<object>
		<name>sp12</name>
		<pose>Unspecified</pose>
		<truncated>0</truncated>
		<difficult>0</difficult>
		<bndbox>
			<xmin>2013</xmin>
			<ymin>1485</ymin>
			<xmax>2077</xmax>
			<ymax>1553</ymax>
		</bndbox>
	</object>
	<object>
		<name>sp12</name>
		<pose>Unspecified</pose>
		<truncated>0</truncated>
		<difficult>0</difficult>
		<bndbox>
			<xmin>1496</xmin>
			<ymin>1474</ymin>
			<xmax>1577</xmax>
			<ymax>1539</ymax>
		</bndbox>
	</object>
	<object>
		<name>sp12</name>
		<pose>Unspecified</pose>
		<truncated>0</truncated>
		<difficult>0</difficult>
		<bndbox>
			<xmin>1301</xmin>
			<ymin>1488</ymin>
			<xmax>1368</xmax>
			<ymax>1543</ymax>
		</bndbox>
	</object>
	<object>
		<name>sp12</name>
		<pose>Unspecified</pose>
		<truncated>0</truncated>
		<difficult>0</difficult>
		<bndbox>
			<xmin>1558</xmin>
			<ymin>1548</ymin>
			<xmax>1627</xmax>
			<ymax>1606</ymax>
		</bndbox>
	</object>
	<object>
		<name>sp12</name>
		<pose>Unspecified</pose>
		<truncated>0</truncated>
		<difficult>0</difficult>
		<bndbox>
			<xmin>1908</xmin>
			<ymin>1572</ymin>
			<xmax>1966</xmax>
			<ymax>1626</ymax>
		</bndbox>
	</object>
	<object>
		<name>sp12</name>
		<pose>Unspecified</pose>
		<truncated>0</truncated>
		<difficult>0</difficult>
		<bndbox>
			<xmin>2030</xmin>
			<ymin>1651</ymin>
			<xmax>2083</xmax>
			<ymax>1708</ymax>
		</bndbox>
	</object>
	<object>
		<name>sp12</name>
		<pose>Unspecified</pose>
		<truncated>0</truncated>
		<difficult>0</difficult>
		<bndbox>
			<xmin>2299</xmin>
			<ymin>1591</ymin>
			<xmax>2370</xmax>
			<ymax>1660</ymax>
		</bndbox>
	</object>
	<object>
		<name>sp12</name>
		<pose>Unspecified</pose>
		<truncated>0</truncated>
		<difficult>0</difficult>
		<bndbox>
			<xmin>2466</xmin>
			<ymin>1680</ymin>
			<xmax>2536</xmax>
			<ymax>1746</ymax>
		</bndbox>
	</object>
	<object>
		<name>sp12</name>
		<pose>Unspecified</pose>
		<truncated>0</truncated>
		<difficult>0</difficult>
		<bndbox>
			<xmin>2124</xmin>
			<ymin>1832</ymin>
			<xmax>2183</xmax>
			<ymax>1893</ymax>
		</bndbox>
	</object>
	<object>
		<name>sp12</name>
		<pose>Unspecified</pose>
		<truncated>0</truncated>
		<difficult>0</difficult>
		<bndbox>
			<xmin>2160</xmin>
			<ymin>1863</ymin>
			<xmax>2202</xmax>
			<ymax>1914</ymax>
		</bndbox>
	</object>
	<object>
		<name>sp12</name>
		<pose>Unspecified</pose>
		<truncated>0</truncated>
		<difficult>0</difficult>
		<bndbox>
			<xmin>2193</xmin>
			<ymin>1852</ymin>
			<xmax>2249</xmax>
			<ymax>1916</ymax>
		</bndbox>
	</object>
	<object>
		<name>sp12</name>
		<pose>Unspecified</pose>
		<truncated>0</truncated>
		<difficult>0</difficult>
		<bndbox>
			<xmin>2328</xmin>
			<ymin>1939</ymin>
			<xmax>2383</xmax>
			<ymax>2008</ymax>
		</bndbox>
	</object>
	<object>
		<name>sp12</name>
		<pose>Unspecified</pose>
		<truncated>0</truncated>
		<difficult>0</difficult>
		<bndbox>
			<xmin>2430</xmin>
			<ymin>1997</ymin>
			<xmax>2482</xmax>
			<ymax>2057</ymax>
		</bndbox>
	</object>
	<object>
		<name>sp12</name>
		<pose>Unspecified</pose>
		<truncated>0</truncated>
		<difficult>0</difficult>
		<bndbox>
			<xmin>1816</xmin>
			<ymin>1704</ymin>
			<xmax>1884</xmax>
			<ymax>1754</ymax>
		</bndbox>
	</object>
	<object>
		<name>sp12</name>
		<pose>Unspecified</pose>
		<truncated>0</truncated>
		<difficult>0</difficult>
		<bndbox>
			<xmin>1885</xmin>
			<ymin>1820</ymin>
			<xmax>1943</xmax>
			<ymax>1883</ymax>
		</bndbox>
	</object>
	<object>
		<name>sp12</name>
		<pose>Unspecified</pose>
		<truncated>0</truncated>
		<difficult>0</difficult>
		<bndbox>
			<xmin>1836</xmin>
			<ymin>1849</ymin>
			<xmax>1901</xmax>
			<ymax>1914</ymax>
		</bndbox>
	</object>
	<object>
		<name>sp12</name>
		<pose>Unspecified</pose>
		<truncated>0</truncated>
		<difficult>0</difficult>
		<bndbox>
			<xmin>1696</xmin>
			<ymin>1781</ymin>
			<xmax>1766</xmax>
			<ymax>1841</ymax>
		</bndbox>
	</object>
	<object>
		<name>sp12</name>
		<pose>Unspecified</pose>
		<truncated>0</truncated>
		<difficult>0</difficult>
		<bndbox>
			<xmin>1694</xmin>
			<ymin>1924</ymin>
			<xmax>1749</xmax>
			<ymax>1989</ymax>
		</bndbox>
	</object>
	<object>
		<name>sp12</name>
		<pose>Unspecified</pose>
		<truncated>0</truncated>
		<difficult>0</difficult>
		<bndbox>
			<xmin>1783</xmin>
			<ymin>1937</ymin>
			<xmax>1851</xmax>
			<ymax>1994</ymax>
		</bndbox>
	</object>
	<object>
		<name>sp12</name>
		<pose>Unspecified</pose>
		<truncated>0</truncated>
		<difficult>0</difficult>
		<bndbox>
			<xmin>1891</xmin>
			<ymin>1986</ymin>
			<xmax>1955</xmax>
			<ymax>2055</ymax>
		</bndbox>
	</object>
	<object>
		<name>sp12</name>
		<pose>Unspecified</pose>
		<truncated>0</truncated>
		<difficult>0</difficult>
		<bndbox>
			<xmin>1967</xmin>
			<ymin>2021</ymin>
			<xmax>2004</xmax>
			<ymax>2061</ymax>
		</bndbox>
	</object>
	<object>
		<name>sp12</name>
		<pose>Unspecified</pose>
		<truncated>0</truncated>
		<difficult>0</difficult>
		<bndbox>
			<xmin>1497</xmin>
			<ymin>1819</ymin>
			<xmax>1565</xmax>
			<ymax>1879</ymax>
		</bndbox>
	</object>
	<object>
		<name>sp12</name>
		<pose>Unspecified</pose>
		<truncated>0</truncated>
		<difficult>0</difficult>
		<bndbox>
			<xmin>1336</xmin>
			<ymin>1843</ymin>
			<xmax>1406</xmax>
			<ymax>1905</ymax>
		</bndbox>
	</object>
	<object>
		<name>sp12</name>
		<pose>Unspecified</pose>
		<truncated>0</truncated>
		<difficult>0</difficult>
		<bndbox>
			<xmin>1278</xmin>
			<ymin>2001</ymin>
			<xmax>1342</xmax>
			<ymax>2056</ymax>
		</bndbox>
	</object>
	<object>
		<name>sp12</name>
		<pose>Unspecified</pose>
		<truncated>0</truncated>
		<difficult>0</difficult>
		<bndbox>
			<xmin>1601</xmin>
			<ymin>2113</ymin>
			<xmax>1639</xmax>
			<ymax>2152</ymax>
		</bndbox>
	</object>
	<object>
		<name>sp12</name>
		<pose>Unspecified</pose>
		<truncated>0</truncated>
		<difficult>0</difficult>
		<bndbox>
			<xmin>1627</xmin>
			<ymin>2128</ymin>
			<xmax>1675</xmax>
			<ymax>2173</ymax>
		</bndbox>
	</object>
	<object>
		<name>sp12</name>
		<pose>Unspecified</pose>
		<truncated>0</truncated>
		<difficult>0</difficult>
		<bndbox>
			<xmin>1650</xmin>
			<ymin>2184</ymin>
			<xmax>1737</xmax>
			<ymax>2252</ymax>
		</bndbox>
	</object>
	<object>
		<name>sp12</name>
		<pose>Unspecified</pose>
		<truncated>0</truncated>
		<difficult>0</difficult>
		<bndbox>
			<xmin>1783</xmin>
			<ymin>2109</ymin>
			<xmax>1842</xmax>
			<ymax>2179</ymax>
		</bndbox>
	</object>
	<object>
		<name>sp12</name>
		<pose>Unspecified</pose>
		<truncated>0</truncated>
		<difficult>0</difficult>
		<bndbox>
			<xmin>1850</xmin>
			<ymin>2104</ymin>
			<xmax>1910</xmax>
			<ymax>2172</ymax>
		</bndbox>
	</object>
	<object>
		<name>sp12</name>
		<pose>Unspecified</pose>
		<truncated>0</truncated>
		<difficult>0</difficult>
		<bndbox>
			<xmin>1913</xmin>
			<ymin>2194</ymin>
			<xmax>1978</xmax>
			<ymax>2272</ymax>
		</bndbox>
	</object>
	<object>
		<name>sp12</name>
		<pose>Unspecified</pose>
		<truncated>0</truncated>
		<difficult>0</difficult>
		<bndbox>
			<xmin>2248</xmin>
			<ymin>2183</ymin>
			<xmax>2313</xmax>
			<ymax>2246</ymax>
		</bndbox>
	</object>
	<object>
		<name>sp12</name>
		<pose>Unspecified</pose>
		<truncated>0</truncated>
		<difficult>0</difficult>
		<bndbox>
			<xmin>2106</xmin>
			<ymin>2332</ymin>
			<xmax>2156</xmax>
			<ymax>2389</ymax>
		</bndbox>
	</object>
	<object>
		<name>sp12</name>
		<pose>Unspecified</pose>
		<truncated>0</truncated>
		<difficult>0</difficult>
		<bndbox>
			<xmin>2050</xmin>
			<ymin>2349</ymin>
			<xmax>2088</xmax>
			<ymax>2388</ymax>
		</bndbox>
	</object>
	<object>
		<name>sp12</name>
		<pose>Unspecified</pose>
		<truncated>0</truncated>
		<difficult>0</difficult>
		<bndbox>
			<xmin>2065</xmin>
			<ymin>2361</ymin>
			<xmax>2126</xmax>
			<ymax>2416</ymax>
		</bndbox>
	</object>
	<object>
		<name>sp12</name>
		<pose>Unspecified</pose>
		<truncated>0</truncated>
		<difficult>0</difficult>
		<bndbox>
			<xmin>1977</xmin>
			<ymin>2382</ymin>
			<xmax>2043</xmax>
			<ymax>2441</ymax>
		</bndbox>
	</object>
	<object>
		<name>sp12</name>
		<pose>Unspecified</pose>
		<truncated>0</truncated>
		<difficult>0</difficult>
		<bndbox>
			<xmin>1930</xmin>
			<ymin>2440</ymin>
			<xmax>1983</xmax>
			<ymax>2472</ymax>
		</bndbox>
	</object>
	<object>
		<name>sp12</name>
		<pose>Unspecified</pose>
		<truncated>0</truncated>
		<difficult>0</difficult>
		<bndbox>
			<xmin>1780</xmin>
			<ymin>2504</ymin>
			<xmax>1848</xmax>
			<ymax>2558</ymax>
		</bndbox>
	</object>
	<object>
		<name>sp12</name>
		<pose>Unspecified</pose>
		<truncated>0</truncated>
		<difficult>0</difficult>
		<bndbox>
			<xmin>1632</xmin>
			<ymin>2373</ymin>
			<xmax>1701</xmax>
			<ymax>2435</ymax>
		</bndbox>
	</object>
	<object>
		<name>sp12</name>
		<pose>Unspecified</pose>
		<truncated>0</truncated>
		<difficult>0</difficult>
		<bndbox>
			<xmin>1592</xmin>
			<ymin>2443</ymin>
			<xmax>1655</xmax>
			<ymax>2506</ymax>
		</bndbox>
	</object>
	<object>
		<name>sp12</name>
		<pose>Unspecified</pose>
		<truncated>0</truncated>
		<difficult>0</difficult>
		<bndbox>
			<xmin>1496</xmin>
			<ymin>2381</ymin>
			<xmax>1558</xmax>
			<ymax>2430</ymax>
		</bndbox>
	</object>
	<object>
		<name>sp12</name>
		<pose>Unspecified</pose>
		<truncated>0</truncated>
		<difficult>0</difficult>
		<bndbox>
			<xmin>1316</xmin>
			<ymin>2283</ymin>
			<xmax>1368</xmax>
			<ymax>2334</ymax>
		</bndbox>
	</object>
	<object>
		<name>sp12</name>
		<pose>Unspecified</pose>
		<truncated>0</truncated>
		<difficult>0</difficult>
		<bndbox>
			<xmin>1308</xmin>
			<ymin>2315</ymin>
			<xmax>1342</xmax>
			<ymax>2347</ymax>
		</bndbox>
	</object>
	<object>
		<name>sp12</name>
		<pose>Unspecified</pose>
		<truncated>0</truncated>
		<difficult>0</difficult>
		<bndbox>
			<xmin>1105</xmin>
			<ymin>2433</ymin>
			<xmax>1164</xmax>
			<ymax>2488</ymax>
		</bndbox>
	</object>
	<object>
		<name>sp12</name>
		<pose>Unspecified</pose>
		<truncated>0</truncated>
		<difficult>0</difficult>
		<bndbox>
			<xmin>1206</xmin>
			<ymin>1940</ymin>
			<xmax>1275</xmax>
			<ymax>1997</ymax>
		</bndbox>
	</object>
	<object>
		<name>sp12</name>
		<pose>Unspecified</pose>
		<truncated>0</truncated>
		<difficult>0</difficult>
		<bndbox>
			<xmin>1252</xmin>
			<ymin>1896</ymin>
			<xmax>1304</xmax>
			<ymax>1956</ymax>
		</bndbox>
	</object>
	<object>
		<name>sp12</name>
		<pose>Unspecified</pose>
		<truncated>0</truncated>
		<difficult>0</difficult>
		<bndbox>
			<xmin>1220</xmin>
			<ymin>1888</ymin>
			<xmax>1264</xmax>
			<ymax>1943</ymax>
		</bndbox>
	</object>
	<object>
		<name>sp12</name>
		<pose>Unspecified</pose>
		<truncated>0</truncated>
		<difficult>0</difficult>
		<bndbox>
			<xmin>1175</xmin>
			<ymin>1886</ymin>
			<xmax>1225</xmax>
			<ymax>1943</ymax>
		</bndbox>
	</object>
	<object>
		<name>sp12</name>
		<pose>Unspecified</pose>
		<truncated>0</truncated>
		<difficult>0</difficult>
		<bndbox>
			<xmin>856</xmin>
			<ymin>2442</ymin>
			<xmax>923</xmax>
			<ymax>2502</ymax>
		</bndbox>
	</object>
	<object>
		<name>sp12</name>
		<pose>Unspecified</pose>
		<truncated>0</truncated>
		<difficult>0</difficult>
		<bndbox>
			<xmin>1125</xmin>
			<ymin>2568</ymin>
			<xmax>1183</xmax>
			<ymax>2607</ymax>
		</bndbox>
	</object>
	<object>
		<name>sp12</name>
		<pose>Unspecified</pose>
		<truncated>0</truncated>
		<difficult>0</difficult>
		<bndbox>
			<xmin>1436</xmin>
			<ymin>2573</ymin>
			<xmax>1474</xmax>
			<ymax>2600</ymax>
		</bndbox>
	</object>
	<object>
		<name>sp12</name>
		<pose>Unspecified</pose>
		<truncated>0</truncated>
		<difficult>0</difficult>
		<bndbox>
			<xmin>282</xmin>
			<ymin>1906</ymin>
			<xmax>352</xmax>
			<ymax>1976</ymax>
		</bndbox>
	</object>
	<object>
		<name>sp12</name>
		<pose>Unspecified</pose>
		<truncated>0</truncated>
		<difficult>0</difficult>
		<bndbox>
			<xmin>485</xmin>
			<ymin>2171</ymin>
			<xmax>540</xmax>
			<ymax>2233</ymax>
		</bndbox>
	</object>
	<object>
		<name>sp12</name>
		<pose>Unspecified</pose>
		<truncated>0</truncated>
		<difficult>0</difficult>
		<bndbox>
			<xmin>412</xmin>
			<ymin>2108</ymin>
			<xmax>452</xmax>
			<ymax>2148</ymax>
		</bndbox>
	</object>
	<object>
		<name>sp12</name>
		<pose>Unspecified</pose>
		<truncated>0</truncated>
		<difficult>0</difficult>
		<bndbox>
			<xmin>576</xmin>
			<ymin>2293</ymin>
			<xmax>660</xmax>
			<ymax>2359</ymax>
		</bndbox>
	</object>
	<object>
		<name>sp12</name>
		<pose>Unspecified</pose>
		<truncated>0</truncated>
		<difficult>0</difficult>
		<bndbox>
			<xmin>764</xmin>
			<ymin>1678</ymin>
			<xmax>832</xmax>
			<ymax>1728</ymax>
		</bndbox>
	</object>
	<object>
		<name>sp12</name>
		<pose>Unspecified</pose>
		<truncated>0</truncated>
		<difficult>0</difficult>
		<bndbox>
			<xmin>926</xmin>
			<ymin>1698</ymin>
			<xmax>995</xmax>
			<ymax>1766</ymax>
		</bndbox>
	</object>
	<object>
		<name>sp12</name>
		<pose>Unspecified</pose>
		<truncated>0</truncated>
		<difficult>0</difficult>
		<bndbox>
			<xmin>1051</xmin>
			<ymin>1761</ymin>
			<xmax>1110</xmax>
			<ymax>1813</ymax>
		</bndbox>
	</object>
	<object>
		<name>sp12</name>
		<pose>Unspecified</pose>
		<truncated>0</truncated>
		<difficult>0</difficult>
		<bndbox>
			<xmin>1051</xmin>
			<ymin>1804</ymin>
			<xmax>1113</xmax>
			<ymax>1859</ymax>
		</bndbox>
	</object>
	<object>
		<name>sp12</name>
		<pose>Unspecified</pose>
		<truncated>0</truncated>
		<difficult>0</difficult>
		<bndbox>
			<xmin>1133</xmin>
			<ymin>1811</ymin>
			<xmax>1195</xmax>
			<ymax>1873</ymax>
		</bndbox>
	</object>
	<object>
		<name>sp12</name>
		<pose>Unspecified</pose>
		<truncated>0</truncated>
		<difficult>0</difficult>
		<bndbox>
			<xmin>1164</xmin>
			<ymin>1579</ymin>
			<xmax>1238</xmax>
			<ymax>1646</ymax>
		</bndbox>
	</object>
	<object>
		<name>sp12</name>
		<pose>Unspecified</pose>
		<truncated>0</truncated>
		<difficult>0</difficult>
		<bndbox>
			<xmin>1108</xmin>
			<ymin>1626</ymin>
			<xmax>1155</xmax>
			<ymax>1685</ymax>
		</bndbox>
	</object>
	<object>
		<name>sp12</name>
		<pose>Unspecified</pose>
		<truncated>0</truncated>
		<difficult>0</difficult>
		<bndbox>
			<xmin>1149</xmin>
			<ymin>1663</ymin>
			<xmax>1207</xmax>
			<ymax>1714</ymax>
		</bndbox>
	</object>
	<object>
		<name>sp12</name>
		<pose>Unspecified</pose>
		<truncated>0</truncated>
		<difficult>0</difficult>
		<bndbox>
			<xmin>748</xmin>
			<ymin>1420</ymin>
			<xmax>817</xmax>
			<ymax>1482</ymax>
		</bndbox>
	</object>
	<object>
		<name>sp12</name>
		<pose>Unspecified</pose>
		<truncated>0</truncated>
		<difficult>0</difficult>
		<bndbox>
			<xmin>687</xmin>
			<ymin>1444</ymin>
			<xmax>744</xmax>
			<ymax>1503</ymax>
		</bndbox>
	</object>
	<object>
		<name>sp12</name>
		<pose>Unspecified</pose>
		<truncated>0</truncated>
		<difficult>0</difficult>
		<bndbox>
			<xmin>650</xmin>
			<ymin>1471</ymin>
			<xmax>714</xmax>
			<ymax>1526</ymax>
		</bndbox>
	</object>
	<object>
		<name>sp12</name>
		<pose>Unspecified</pose>
		<truncated>0</truncated>
		<difficult>0</difficult>
		<bndbox>
			<xmin>555</xmin>
			<ymin>1254</ymin>
			<xmax>631</xmax>
			<ymax>1317</ymax>
		</bndbox>
	</object>
	<object>
		<name>sp12</name>
		<pose>Unspecified</pose>
		<truncated>0</truncated>
		<difficult>0</difficult>
		<bndbox>
			<xmin>628</xmin>
			<ymin>1173</ymin>
			<xmax>700</xmax>
			<ymax>1246</ymax>
		</bndbox>
	</object>
	<object>
		<name>sp12</name>
		<pose>Unspecified</pose>
		<truncated>0</truncated>
		<difficult>0</difficult>
		<bndbox>
			<xmin>574</xmin>
			<ymin>1091</ymin>
			<xmax>643</xmax>
			<ymax>1151</ymax>
		</bndbox>
	</object>
	<object>
		<name>sp12</name>
		<pose>Unspecified</pose>
		<truncated>0</truncated>
		<difficult>0</difficult>
		<bndbox>
			<xmin>671</xmin>
			<ymin>1111</ymin>
			<xmax>732</xmax>
			<ymax>1154</ymax>
		</bndbox>
	</object>
	<object>
		<name>sp12</name>
		<pose>Unspecified</pose>
		<truncated>0</truncated>
		<difficult>0</difficult>
		<bndbox>
			<xmin>513</xmin>
			<ymin>765</ymin>
			<xmax>594</xmax>
			<ymax>836</ymax>
		</bndbox>
	</object>
</annotation>