<annotation>
	<folder>my-project-name</folder>
	<filename>sp12_img08.jpg</filename>
	<path>/my-project-name/sp12_img08.jpg</path>
	<source>
		<database>Unspecified</database>
	</source>
	<size>
		<width>2881</width>
		<height>2943</height>
		<depth>3</depth>
	</size>
	<object>
		<name>sp12</name>
		<pose>Unspecified</pose>
		<truncated>0</truncated>
		<difficult>0</difficult>
		<bndbox>
			<xmin>1886</xmin>
			<ymin>433</ymin>
			<xmax>1950</xmax>
			<ymax>511</ymax>
		</bndbox>
	</object>
	<object>
		<name>sp12</name>
		<pose>Unspecified</pose>
		<truncated>0</truncated>
		<difficult>0</difficult>
		<bndbox>
			<xmin>1553</xmin>
			<ymin>572</ymin>
			<xmax>1621</xmax>
			<ymax>637</ymax>
		</bndbox>
	</object>
	<object>
		<name>sp12</name>
		<pose>Unspecified</pose>
		<truncated>0</truncated>
		<difficult>0</difficult>
		<bndbox>
			<xmin>1374</xmin>
			<ymin>572</ymin>
			<xmax>1456</xmax>
			<ymax>654</ymax>
		</bndbox>
	</object>
	<object>
		<name>sp12</name>
		<pose>Unspecified</pose>
		<truncated>0</truncated>
		<difficult>0</difficult>
		<bndbox>
			<xmin>1473</xmin>
			<ymin>633</ymin>
			<xmax>1546</xmax>
			<ymax>712</ymax>
		</bndbox>
	</object>
	<object>
		<name>sp12</name>
		<pose>Unspecified</pose>
		<truncated>0</truncated>
		<difficult>0</difficult>
		<bndbox>
			<xmin>1563</xmin>
			<ymin>667</ymin>
			<xmax>1649</xmax>
			<ymax>750</ymax>
		</bndbox>
	</object>
	<object>
		<name>sp12</name>
		<pose>Unspecified</pose>
		<truncated>0</truncated>
		<difficult>0</difficult>
		<bndbox>
			<xmin>1848</xmin>
			<ymin>760</ymin>
			<xmax>1923</xmax>
			<ymax>832</ymax>
		</bndbox>
	</object>
	<object>
		<name>sp12</name>
		<pose>Unspecified</pose>
		<truncated>0</truncated>
		<difficult>0</difficult>
		<bndbox>
			<xmin>1968</xmin>
			<ymin>817</ymin>
			<xmax>2037</xmax>
			<ymax>883</ymax>
		</bndbox>
	</object>
	<object>
		<name>sp12</name>
		<pose>Unspecified</pose>
		<truncated>0</truncated>
		<difficult>0</difficult>
		<bndbox>
			<xmin>1916</xmin>
			<ymin>867</ymin>
			<xmax>1986</xmax>
			<ymax>932</ymax>
		</bndbox>
	</object>
	<object>
		<name>sp12</name>
		<pose>Unspecified</pose>
		<truncated>0</truncated>
		<difficult>0</difficult>
		<bndbox>
			<xmin>2021</xmin>
			<ymin>886</ymin>
			<xmax>2075</xmax>
			<ymax>952</ymax>
		</bndbox>
	</object>
	<object>
		<name>sp12</name>
		<pose>Unspecified</pose>
		<truncated>0</truncated>
		<difficult>0</difficult>
		<bndbox>
			<xmin>2056</xmin>
			<ymin>872</ymin>
			<xmax>2107</xmax>
			<ymax>936</ymax>
		</bndbox>
	</object>
	<object>
		<name>sp12</name>
		<pose>Unspecified</pose>
		<truncated>0</truncated>
		<difficult>0</difficult>
		<bndbox>
			<xmin>1972</xmin>
			<ymin>1038</ymin>
			<xmax>2029</xmax>
			<ymax>1110</ymax>
		</bndbox>
	</object>
	<object>
		<name>sp12</name>
		<pose>Unspecified</pose>
		<truncated>0</truncated>
		<difficult>0</difficult>
		<bndbox>
			<xmin>2025</xmin>
			<ymin>1044</ymin>
			<xmax>2068</xmax>
			<ymax>1117</ymax>
		</bndbox>
	</object>
	<object>
		<name>sp12</name>
		<pose>Unspecified</pose>
		<truncated>0</truncated>
		<difficult>0</difficult>
		<bndbox>
			<xmin>1794</xmin>
			<ymin>997</ymin>
			<xmax>1865</xmax>
			<ymax>1060</ymax>
		</bndbox>
	</object>
	<object>
		<name>sp12</name>
		<pose>Unspecified</pose>
		<truncated>0</truncated>
		<difficult>0</difficult>
		<bndbox>
			<xmin>1647</xmin>
			<ymin>973</ymin>
			<xmax>1696</xmax>
			<ymax>1013</ymax>
		</bndbox>
	</object>
	<object>
		<name>sp12</name>
		<pose>Unspecified</pose>
		<truncated>0</truncated>
		<difficult>0</difficult>
		<bndbox>
			<xmin>1636</xmin>
			<ymin>1001</ymin>
			<xmax>1708</xmax>
			<ymax>1052</ymax>
		</bndbox>
	</object>
	<object>
		<name>sp12</name>
		<pose>Unspecified</pose>
		<truncated>0</truncated>
		<difficult>0</difficult>
		<bndbox>
			<xmin>1596</xmin>
			<ymin>856</ymin>
			<xmax>1668</xmax>
			<ymax>927</ymax>
		</bndbox>
	</object>
	<object>
		<name>sp12</name>
		<pose>Unspecified</pose>
		<truncated>0</truncated>
		<difficult>0</difficult>
		<bndbox>
			<xmin>1499</xmin>
			<ymin>919</ymin>
			<xmax>1569</xmax>
			<ymax>971</ymax>
		</bndbox>
	</object>
	<object>
		<name>sp12</name>
		<pose>Unspecified</pose>
		<truncated>0</truncated>
		<difficult>0</difficult>
		<bndbox>
			<xmin>1473</xmin>
			<ymin>933</ymin>
			<xmax>1524</xmax>
			<ymax>982</ymax>
		</bndbox>
	</object>
	<object>
		<name>sp12</name>
		<pose>Unspecified</pose>
		<truncated>0</truncated>
		<difficult>0</difficult>
		<bndbox>
			<xmin>1382</xmin>
			<ymin>924</ymin>
			<xmax>1462</xmax>
			<ymax>999</ymax>
		</bndbox>
	</object>
	<object>
		<name>sp12</name>
		<pose>Unspecified</pose>
		<truncated>0</truncated>
		<difficult>0</difficult>
		<bndbox>
			<xmin>1239</xmin>
			<ymin>817</ymin>
			<xmax>1313</xmax>
			<ymax>877</ymax>
		</bndbox>
	</object>
	<object>
		<name>sp12</name>
		<pose>Unspecified</pose>
		<truncated>0</truncated>
		<difficult>0</difficult>
		<bndbox>
			<xmin>1173</xmin>
			<ymin>725</ymin>
			<xmax>1231</xmax>
			<ymax>790</ymax>
		</bndbox>
	</object>
	<object>
		<name>sp12</name>
		<pose>Unspecified</pose>
		<truncated>0</truncated>
		<difficult>0</difficult>
		<bndbox>
			<xmin>1216</xmin>
			<ymin>757</ymin>
			<xmax>1271</xmax>
			<ymax>816</ymax>
		</bndbox>
	</object>
	<object>
		<name>sp12</name>
		<pose>Unspecified</pose>
		<truncated>0</truncated>
		<difficult>0</difficult>
		<bndbox>
			<xmin>1535</xmin>
			<ymin>1030</ymin>
			<xmax>1596</xmax>
			<ymax>1094</ymax>
		</bndbox>
	</object>
	<object>
		<name>sp12</name>
		<pose>Unspecified</pose>
		<truncated>0</truncated>
		<difficult>0</difficult>
		<bndbox>
			<xmin>1459</xmin>
			<ymin>1091</ymin>
			<xmax>1518</xmax>
			<ymax>1164</ymax>
		</bndbox>
	</object>
	<object>
		<name>sp12</name>
		<pose>Unspecified</pose>
		<truncated>0</truncated>
		<difficult>0</difficult>
		<bndbox>
			<xmin>1369</xmin>
			<ymin>1107</ymin>
			<xmax>1438</xmax>
			<ymax>1172</ymax>
		</bndbox>
	</object>
	<object>
		<name>sp12</name>
		<pose>Unspecified</pose>
		<truncated>0</truncated>
		<difficult>0</difficult>
		<bndbox>
			<xmin>984</xmin>
			<ymin>881</ymin>
			<xmax>1056</xmax>
			<ymax>946</ymax>
		</bndbox>
	</object>
	<object>
		<name>sp12</name>
		<pose>Unspecified</pose>
		<truncated>0</truncated>
		<difficult>0</difficult>
		<bndbox>
			<xmin>984</xmin>
			<ymin>1052</ymin>
			<xmax>1056</xmax>
			<ymax>1120</ymax>
		</bndbox>
	</object>
	<object>
		<name>sp12</name>
		<pose>Unspecified</pose>
		<truncated>0</truncated>
		<difficult>0</difficult>
		<bndbox>
			<xmin>2320</xmin>
			<ymin>819</ymin>
			<xmax>2389</xmax>
			<ymax>907</ymax>
		</bndbox>
	</object>
	<object>
		<name>sp12</name>
		<pose>Unspecified</pose>
		<truncated>0</truncated>
		<difficult>0</difficult>
		<bndbox>
			<xmin>2287</xmin>
			<ymin>1367</ymin>
			<xmax>2364</xmax>
			<ymax>1440</ymax>
		</bndbox>
	</object>
	<object>
		<name>sp12</name>
		<pose>Unspecified</pose>
		<truncated>0</truncated>
		<difficult>0</difficult>
		<bndbox>
			<xmin>2235</xmin>
			<ymin>1372</ymin>
			<xmax>2278</xmax>
			<ymax>1415</ymax>
		</bndbox>
	</object>
	<object>
		<name>sp12</name>
		<pose>Unspecified</pose>
		<truncated>0</truncated>
		<difficult>0</difficult>
		<bndbox>
			<xmin>2226</xmin>
			<ymin>1412</ymin>
			<xmax>2298</xmax>
			<ymax>1484</ymax>
		</bndbox>
	</object>
	<object>
		<name>sp12</name>
		<pose>Unspecified</pose>
		<truncated>0</truncated>
		<difficult>0</difficult>
		<bndbox>
			<xmin>2165</xmin>
			<ymin>1347</ymin>
			<xmax>2235</xmax>
			<ymax>1413</ymax>
		</bndbox>
	</object>
	<object>
		<name>sp12</name>
		<pose>Unspecified</pose>
		<truncated>0</truncated>
		<difficult>0</difficult>
		<bndbox>
			<xmin>2124</xmin>
			<ymin>1301</ymin>
			<xmax>2174</xmax>
			<ymax>1352</ymax>
		</bndbox>
	</object>
	<object>
		<name>sp12</name>
		<pose>Unspecified</pose>
		<truncated>0</truncated>
		<difficult>0</difficult>
		<bndbox>
			<xmin>2157</xmin>
			<ymin>1267</ymin>
			<xmax>2225</xmax>
			<ymax>1333</ymax>
		</bndbox>
	</object>
	<object>
		<name>sp12</name>
		<pose>Unspecified</pose>
		<truncated>0</truncated>
		<difficult>0</difficult>
		<bndbox>
			<xmin>2047</xmin>
			<ymin>1327</ymin>
			<xmax>2107</xmax>
			<ymax>1387</ymax>
		</bndbox>
	</object>
	<object>
		<name>sp12</name>
		<pose>Unspecified</pose>
		<truncated>0</truncated>
		<difficult>0</difficult>
		<bndbox>
			<xmin>1815</xmin>
			<ymin>1376</ymin>
			<xmax>1866</xmax>
			<ymax>1428</ymax>
		</bndbox>
	</object>
	<object>
		<name>sp12</name>
		<pose>Unspecified</pose>
		<truncated>0</truncated>
		<difficult>0</difficult>
		<bndbox>
			<xmin>1756</xmin>
			<ymin>1406</ymin>
			<xmax>1816</xmax>
			<ymax>1470</ymax>
		</bndbox>
	</object>
	<object>
		<name>sp12</name>
		<pose>Unspecified</pose>
		<truncated>0</truncated>
		<difficult>0</difficult>
		<bndbox>
			<xmin>1673</xmin>
			<ymin>1323</ymin>
			<xmax>1730</xmax>
			<ymax>1373</ymax>
		</bndbox>
	</object>
	<object>
		<name>sp12</name>
		<pose>Unspecified</pose>
		<truncated>0</truncated>
		<difficult>0</difficult>
		<bndbox>
			<xmin>1647</xmin>
			<ymin>1222</ymin>
			<xmax>1715</xmax>
			<ymax>1290</ymax>
		</bndbox>
	</object>
	<object>
		<name>sp12</name>
		<pose>Unspecified</pose>
		<truncated>0</truncated>
		<difficult>0</difficult>
		<bndbox>
			<xmin>1596</xmin>
			<ymin>1296</ymin>
			<xmax>1651</xmax>
			<ymax>1355</ymax>
		</bndbox>
	</object>
	<object>
		<name>sp12</name>
		<pose>Unspecified</pose>
		<truncated>0</truncated>
		<difficult>0</difficult>
		<bndbox>
			<xmin>1475</xmin>
			<ymin>1282</ymin>
			<xmax>1540</xmax>
			<ymax>1331</ymax>
		</bndbox>
	</object>
	<object>
		<name>sp12</name>
		<pose>Unspecified</pose>
		<truncated>0</truncated>
		<difficult>0</difficult>
		<bndbox>
			<xmin>1383</xmin>
			<ymin>1275</ymin>
			<xmax>1438</xmax>
			<ymax>1333</ymax>
		</bndbox>
	</object>
	<object>
		<name>sp12</name>
		<pose>Unspecified</pose>
		<truncated>0</truncated>
		<difficult>0</difficult>
		<bndbox>
			<xmin>1503</xmin>
			<ymin>1423</ymin>
			<xmax>1567</xmax>
			<ymax>1475</ymax>
		</bndbox>
	</object>
	<object>
		<name>sp12</name>
		<pose>Unspecified</pose>
		<truncated>0</truncated>
		<difficult>0</difficult>
		<bndbox>
			<xmin>1618</xmin>
			<ymin>1442</ymin>
			<xmax>1689</xmax>
			<ymax>1510</ymax>
		</bndbox>
	</object>
	<object>
		<name>sp12</name>
		<pose>Unspecified</pose>
		<truncated>0</truncated>
		<difficult>0</difficult>
		<bndbox>
			<xmin>1278</xmin>
			<ymin>1399</ymin>
			<xmax>1368</xmax>
			<ymax>1484</ymax>
		</bndbox>
	</object>
	<object>
		<name>sp12</name>
		<pose>Unspecified</pose>
		<truncated>0</truncated>
		<difficult>0</difficult>
		<bndbox>
			<xmin>1156</xmin>
			<ymin>1280</ymin>
			<xmax>1226</xmax>
			<ymax>1331</ymax>
		</bndbox>
	</object>
	<object>
		<name>sp12</name>
		<pose>Unspecified</pose>
		<truncated>0</truncated>
		<difficult>0</difficult>
		<bndbox>
			<xmin>1253</xmin>
			<ymin>1680</ymin>
			<xmax>1346</xmax>
			<ymax>1751</ymax>
		</bndbox>
	</object>
	<object>
		<name>sp12</name>
		<pose>Unspecified</pose>
		<truncated>0</truncated>
		<difficult>0</difficult>
		<bndbox>
			<xmin>1336</xmin>
			<ymin>1599</ymin>
			<xmax>1412</xmax>
			<ymax>1668</ymax>
		</bndbox>
	</object>
	<object>
		<name>sp12</name>
		<pose>Unspecified</pose>
		<truncated>0</truncated>
		<difficult>0</difficult>
		<bndbox>
			<xmin>1493</xmin>
			<ymin>1590</ymin>
			<xmax>1580</xmax>
			<ymax>1660</ymax>
		</bndbox>
	</object>
	<object>
		<name>sp12</name>
		<pose>Unspecified</pose>
		<truncated>0</truncated>
		<difficult>0</difficult>
		<bndbox>
			<xmin>1595</xmin>
			<ymin>1530</ymin>
			<xmax>1657</xmax>
			<ymax>1614</ymax>
		</bndbox>
	</object>
	<object>
		<name>sp12</name>
		<pose>Unspecified</pose>
		<truncated>0</truncated>
		<difficult>0</difficult>
		<bndbox>
			<xmin>1931</xmin>
			<ymin>1703</ymin>
			<xmax>2007</xmax>
			<ymax>1779</ymax>
		</bndbox>
	</object>
	<object>
		<name>sp12</name>
		<pose>Unspecified</pose>
		<truncated>0</truncated>
		<difficult>0</difficult>
		<bndbox>
			<xmin>2507</xmin>
			<ymin>1836</ymin>
			<xmax>2587</xmax>
			<ymax>1918</ymax>
		</bndbox>
	</object>
	<object>
		<name>sp12</name>
		<pose>Unspecified</pose>
		<truncated>0</truncated>
		<difficult>0</difficult>
		<bndbox>
			<xmin>2433</xmin>
			<ymin>1935</ymin>
			<xmax>2523</xmax>
			<ymax>2029</ymax>
		</bndbox>
	</object>
	<object>
		<name>sp12</name>
		<pose>Unspecified</pose>
		<truncated>0</truncated>
		<difficult>0</difficult>
		<bndbox>
			<xmin>2367</xmin>
			<ymin>2017</ymin>
			<xmax>2448</xmax>
			<ymax>2088</ymax>
		</bndbox>
	</object>
	<object>
		<name>sp12</name>
		<pose>Unspecified</pose>
		<truncated>0</truncated>
		<difficult>0</difficult>
		<bndbox>
			<xmin>1805</xmin>
			<ymin>2025</ymin>
			<xmax>1862</xmax>
			<ymax>2092</ymax>
		</bndbox>
	</object>
	<object>
		<name>sp12</name>
		<pose>Unspecified</pose>
		<truncated>0</truncated>
		<difficult>0</difficult>
		<bndbox>
			<xmin>1679</xmin>
			<ymin>2040</ymin>
			<xmax>1756</xmax>
			<ymax>2106</ymax>
		</bndbox>
	</object>
	<object>
		<name>sp12</name>
		<pose>Unspecified</pose>
		<truncated>0</truncated>
		<difficult>0</difficult>
		<bndbox>
			<xmin>1600</xmin>
			<ymin>2080</ymin>
			<xmax>1674</xmax>
			<ymax>2145</ymax>
		</bndbox>
	</object>
	<object>
		<name>sp12</name>
		<pose>Unspecified</pose>
		<truncated>0</truncated>
		<difficult>0</difficult>
		<bndbox>
			<xmin>1442</xmin>
			<ymin>2055</ymin>
			<xmax>1510</xmax>
			<ymax>2117</ymax>
		</bndbox>
	</object>
	<object>
		<name>sp12</name>
		<pose>Unspecified</pose>
		<truncated>0</truncated>
		<difficult>0</difficult>
		<bndbox>
			<xmin>1314</xmin>
			<ymin>2038</ymin>
			<xmax>1374</xmax>
			<ymax>2090</ymax>
		</bndbox>
	</object>
	<object>
		<name>sp12</name>
		<pose>Unspecified</pose>
		<truncated>0</truncated>
		<difficult>0</difficult>
		<bndbox>
			<xmin>1162</xmin>
			<ymin>1964</ymin>
			<xmax>1232</xmax>
			<ymax>2038</ymax>
		</bndbox>
	</object>
	<object>
		<name>sp12</name>
		<pose>Unspecified</pose>
		<truncated>0</truncated>
		<difficult>0</difficult>
		<bndbox>
			<xmin>1918</xmin>
			<ymin>2157</ymin>
			<xmax>1977</xmax>
			<ymax>2221</ymax>
		</bndbox>
	</object>
	<object>
		<name>sp12</name>
		<pose>Unspecified</pose>
		<truncated>0</truncated>
		<difficult>0</difficult>
		<bndbox>
			<xmin>2054</xmin>
			<ymin>2361</ymin>
			<xmax>2107</xmax>
			<ymax>2422</ymax>
		</bndbox>
	</object>
	<object>
		<name>sp12</name>
		<pose>Unspecified</pose>
		<truncated>0</truncated>
		<difficult>0</difficult>
		<bndbox>
			<xmin>1931</xmin>
			<ymin>2453</ymin>
			<xmax>2011</xmax>
			<ymax>2529</ymax>
		</bndbox>
	</object>
	<object>
		<name>sp12</name>
		<pose>Unspecified</pose>
		<truncated>0</truncated>
		<difficult>0</difficult>
		<bndbox>
			<xmin>1805</xmin>
			<ymin>2383</ymin>
			<xmax>1882</xmax>
			<ymax>2453</ymax>
		</bndbox>
	</object>
	<object>
		<name>sp12</name>
		<pose>Unspecified</pose>
		<truncated>0</truncated>
		<difficult>0</difficult>
		<bndbox>
			<xmin>1660</xmin>
			<ymin>2405</ymin>
			<xmax>1733</xmax>
			<ymax>2474</ymax>
		</bndbox>
	</object>
	<object>
		<name>sp12</name>
		<pose>Unspecified</pose>
		<truncated>0</truncated>
		<difficult>0</difficult>
		<bndbox>
			<xmin>1559</xmin>
			<ymin>2221</ymin>
			<xmax>1647</xmax>
			<ymax>2291</ymax>
		</bndbox>
	</object>
	<object>
		<name>sp12</name>
		<pose>Unspecified</pose>
		<truncated>0</truncated>
		<difficult>0</difficult>
		<bndbox>
			<xmin>1502</xmin>
			<ymin>2241</ymin>
			<xmax>1573</xmax>
			<ymax>2307</ymax>
		</bndbox>
	</object>
	<object>
		<name>sp12</name>
		<pose>Unspecified</pose>
		<truncated>0</truncated>
		<difficult>0</difficult>
		<bndbox>
			<xmin>1357</xmin>
			<ymin>2423</ymin>
			<xmax>1437</xmax>
			<ymax>2503</ymax>
		</bndbox>
	</object>
	<object>
		<name>sp12</name>
		<pose>Unspecified</pose>
		<truncated>0</truncated>
		<difficult>0</difficult>
		<bndbox>
			<xmin>1295</xmin>
			<ymin>2627</ymin>
			<xmax>1370</xmax>
			<ymax>2691</ymax>
		</bndbox>
	</object>
	<object>
		<name>sp12</name>
		<pose>Unspecified</pose>
		<truncated>0</truncated>
		<difficult>0</difficult>
		<bndbox>
			<xmin>1000</xmin>
			<ymin>2534</ymin>
			<xmax>1079</xmax>
			<ymax>2603</ymax>
		</bndbox>
	</object>
	<object>
		<name>sp12</name>
		<pose>Unspecified</pose>
		<truncated>0</truncated>
		<difficult>0</difficult>
		<bndbox>
			<xmin>1072</xmin>
			<ymin>2374</ymin>
			<xmax>1139</xmax>
			<ymax>2439</ymax>
		</bndbox>
	</object>
	<object>
		<name>sp12</name>
		<pose>Unspecified</pose>
		<truncated>0</truncated>
		<difficult>0</difficult>
		<bndbox>
			<xmin>1061</xmin>
			<ymin>2351</ymin>
			<xmax>1116</xmax>
			<ymax>2394</ymax>
		</bndbox>
	</object>
	<object>
		<name>sp12</name>
		<pose>Unspecified</pose>
		<truncated>0</truncated>
		<difficult>0</difficult>
		<bndbox>
			<xmin>1072</xmin>
			<ymin>2310</ymin>
			<xmax>1155</xmax>
			<ymax>2362</ymax>
		</bndbox>
	</object>
	<object>
		<name>sp12</name>
		<pose>Unspecified</pose>
		<truncated>0</truncated>
		<difficult>0</difficult>
		<bndbox>
			<xmin>1243</xmin>
			<ymin>2165</ymin>
			<xmax>1306</xmax>
			<ymax>2230</ymax>
		</bndbox>
	</object>
	<object>
		<name>sp12</name>
		<pose>Unspecified</pose>
		<truncated>0</truncated>
		<difficult>0</difficult>
		<bndbox>
			<xmin>1420</xmin>
			<ymin>2122</ymin>
			<xmax>1483</xmax>
			<ymax>2190</ymax>
		</bndbox>
	</object>
	<object>
		<name>sp12</name>
		<pose>Unspecified</pose>
		<truncated>0</truncated>
		<difficult>0</difficult>
		<bndbox>
			<xmin>1047</xmin>
			<ymin>2060</ymin>
			<xmax>1111</xmax>
			<ymax>2122</ymax>
		</bndbox>
	</object>
	<object>
		<name>sp12</name>
		<pose>Unspecified</pose>
		<truncated>0</truncated>
		<difficult>0</difficult>
		<bndbox>
			<xmin>1008</xmin>
			<ymin>2023</ymin>
			<xmax>1072</xmax>
			<ymax>2075</ymax>
		</bndbox>
	</object>
	<object>
		<name>sp12</name>
		<pose>Unspecified</pose>
		<truncated>0</truncated>
		<difficult>0</difficult>
		<bndbox>
			<xmin>914</xmin>
			<ymin>1987</ymin>
			<xmax>980</xmax>
			<ymax>2046</ymax>
		</bndbox>
	</object>
	<object>
		<name>sp12</name>
		<pose>Unspecified</pose>
		<truncated>0</truncated>
		<difficult>0</difficult>
		<bndbox>
			<xmin>872</xmin>
			<ymin>2107</ymin>
			<xmax>945</xmax>
			<ymax>2173</ymax>
		</bndbox>
	</object>
	<object>
		<name>sp12</name>
		<pose>Unspecified</pose>
		<truncated>0</truncated>
		<difficult>0</difficult>
		<bndbox>
			<xmin>881</xmin>
			<ymin>2174</ymin>
			<xmax>919</xmax>
			<ymax>2222</ymax>
		</bndbox>
	</object>
	<object>
		<name>sp12</name>
		<pose>Unspecified</pose>
		<truncated>0</truncated>
		<difficult>0</difficult>
		<bndbox>
			<xmin>742</xmin>
			<ymin>2499</ymin>
			<xmax>832</xmax>
			<ymax>2580</ymax>
		</bndbox>
	</object>
	<object>
		<name>sp12</name>
		<pose>Unspecified</pose>
		<truncated>0</truncated>
		<difficult>0</difficult>
		<bndbox>
			<xmin>572</xmin>
			<ymin>2325</ymin>
			<xmax>611</xmax>
			<ymax>2368</ymax>
		</bndbox>
	</object>
	<object>
		<name>sp12</name>
		<pose>Unspecified</pose>
		<truncated>0</truncated>
		<difficult>0</difficult>
		<bndbox>
			<xmin>529</xmin>
			<ymin>2349</ymin>
			<xmax>598</xmax>
			<ymax>2411</ymax>
		</bndbox>
	</object>
	<object>
		<name>sp12</name>
		<pose>Unspecified</pose>
		<truncated>0</truncated>
		<difficult>0</difficult>
		<bndbox>
			<xmin>579</xmin>
			<ymin>2383</ymin>
			<xmax>631</xmax>
			<ymax>2444</ymax>
		</bndbox>
	</object>
	<object>
		<name>sp12</name>
		<pose>Unspecified</pose>
		<truncated>0</truncated>
		<difficult>0</difficult>
		<bndbox>
			<xmin>495</xmin>
			<ymin>2268</ymin>
			<xmax>559</xmax>
			<ymax>2320</ymax>
		</bndbox>
	</object>
	<object>
		<name>sp12</name>
		<pose>Unspecified</pose>
		<truncated>0</truncated>
		<difficult>0</difficult>
		<bndbox>
			<xmin>444</xmin>
			<ymin>2222</ymin>
			<xmax>495</xmax>
			<ymax>2271</ymax>
		</bndbox>
	</object>
	<object>
		<name>sp12</name>
		<pose>Unspecified</pose>
		<truncated>0</truncated>
		<difficult>0</difficult>
		<bndbox>
			<xmin>661</xmin>
			<ymin>2158</ymin>
			<xmax>738</xmax>
			<ymax>2226</ymax>
		</bndbox>
	</object>
	<object>
		<name>sp12</name>
		<pose>Unspecified</pose>
		<truncated>0</truncated>
		<difficult>0</difficult>
		<bndbox>
			<xmin>755</xmin>
			<ymin>2080</ymin>
			<xmax>828</xmax>
			<ymax>2148</ymax>
		</bndbox>
	</object>
	<object>
		<name>sp12</name>
		<pose>Unspecified</pose>
		<truncated>0</truncated>
		<difficult>0</difficult>
		<bndbox>
			<xmin>729</xmin>
			<ymin>2012</ymin>
			<xmax>790</xmax>
			<ymax>2077</ymax>
		</bndbox>
	</object>
	<object>
		<name>sp12</name>
		<pose>Unspecified</pose>
		<truncated>0</truncated>
		<difficult>0</difficult>
		<bndbox>
			<xmin>623</xmin>
			<ymin>1905</ymin>
			<xmax>696</xmax>
			<ymax>1977</ymax>
		</bndbox>
	</object>
	<object>
		<name>sp12</name>
		<pose>Unspecified</pose>
		<truncated>0</truncated>
		<difficult>0</difficult>
		<bndbox>
			<xmin>430</xmin>
			<ymin>1914</ymin>
			<xmax>504</xmax>
			<ymax>1989</ymax>
		</bndbox>
	</object>
	<object>
		<name>sp12</name>
		<pose>Unspecified</pose>
		<truncated>0</truncated>
		<difficult>0</difficult>
		<bndbox>
			<xmin>349</xmin>
			<ymin>1874</ymin>
			<xmax>423</xmax>
			<ymax>1951</ymax>
		</bndbox>
	</object>
	<object>
		<name>sp12</name>
		<pose>Unspecified</pose>
		<truncated>0</truncated>
		<difficult>0</difficult>
		<bndbox>
			<xmin>332</xmin>
			<ymin>2096</ymin>
			<xmax>402</xmax>
			<ymax>2157</ymax>
		</bndbox>
	</object>
	<object>
		<name>sp12</name>
		<pose>Unspecified</pose>
		<truncated>0</truncated>
		<difficult>0</difficult>
		<bndbox>
			<xmin>906</xmin>
			<ymin>1886</ymin>
			<xmax>971</xmax>
			<ymax>1942</ymax>
		</bndbox>
	</object>
	<object>
		<name>sp12</name>
		<pose>Unspecified</pose>
		<truncated>0</truncated>
		<difficult>0</difficult>
		<bndbox>
			<xmin>1056</xmin>
			<ymin>1853</ymin>
			<xmax>1122</xmax>
			<ymax>1931</ymax>
		</bndbox>
	</object>
	<object>
		<name>sp12</name>
		<pose>Unspecified</pose>
		<truncated>0</truncated>
		<difficult>0</difficult>
		<bndbox>
			<xmin>706</xmin>
			<ymin>1824</ymin>
			<xmax>757</xmax>
			<ymax>1870</ymax>
		</bndbox>
	</object>
	<object>
		<name>sp12</name>
		<pose>Unspecified</pose>
		<truncated>0</truncated>
		<difficult>0</difficult>
		<bndbox>
			<xmin>700</xmin>
			<ymin>1857</ymin>
			<xmax>755</xmax>
			<ymax>1899</ymax>
		</bndbox>
	</object>
	<object>
		<name>sp12</name>
		<pose>Unspecified</pose>
		<truncated>0</truncated>
		<difficult>0</difficult>
		<bndbox>
			<xmin>265</xmin>
			<ymin>1376</ymin>
			<xmax>342</xmax>
			<ymax>1455</ymax>
		</bndbox>
	</object>
	<object>
		<name>sp12</name>
		<pose>Unspecified</pose>
		<truncated>0</truncated>
		<difficult>0</difficult>
		<bndbox>
			<xmin>451</xmin>
			<ymin>1547</ymin>
			<xmax>532</xmax>
			<ymax>1629</ymax>
		</bndbox>
	</object>
	<object>
		<name>sp12</name>
		<pose>Unspecified</pose>
		<truncated>0</truncated>
		<difficult>0</difficult>
		<bndbox>
			<xmin>445</xmin>
			<ymin>1556</ymin>
			<xmax>489</xmax>
			<ymax>1591</ymax>
		</bndbox>
	</object>
	<object>
		<name>sp12</name>
		<pose>Unspecified</pose>
		<truncated>0</truncated>
		<difficult>0</difficult>
		<bndbox>
			<xmin>412</xmin>
			<ymin>1772</ymin>
			<xmax>465</xmax>
			<ymax>1832</ymax>
		</bndbox>
	</object>
	<object>
		<name>sp12</name>
		<pose>Unspecified</pose>
		<truncated>0</truncated>
		<difficult>0</difficult>
		<bndbox>
			<xmin>205</xmin>
			<ymin>1746</ymin>
			<xmax>255</xmax>
			<ymax>1785</ymax>
		</bndbox>
	</object>
	<object>
		<name>sp12</name>
		<pose>Unspecified</pose>
		<truncated>0</truncated>
		<difficult>0</difficult>
		<bndbox>
			<xmin>975</xmin>
			<ymin>1667</ymin>
			<xmax>1049</xmax>
			<ymax>1738</ymax>
		</bndbox>
	</object>
	<object>
		<name>sp12</name>
		<pose>Unspecified</pose>
		<truncated>0</truncated>
		<difficult>0</difficult>
		<bndbox>
			<xmin>922</xmin>
			<ymin>1506</ymin>
			<xmax>988</xmax>
			<ymax>1570</ymax>
		</bndbox>
	</object>
	<object>
		<name>sp12</name>
		<pose>Unspecified</pose>
		<truncated>0</truncated>
		<difficult>0</difficult>
		<bndbox>
			<xmin>748</xmin>
			<ymin>1472</ymin>
			<xmax>815</xmax>
			<ymax>1537</ymax>
		</bndbox>
	</object>
	<object>
		<name>sp12</name>
		<pose>Unspecified</pose>
		<truncated>0</truncated>
		<difficult>0</difficult>
		<bndbox>
			<xmin>791</xmin>
			<ymin>1391</ymin>
			<xmax>862</xmax>
			<ymax>1455</ymax>
		</bndbox>
	</object>
	<object>
		<name>sp12</name>
		<pose>Unspecified</pose>
		<truncated>0</truncated>
		<difficult>0</difficult>
		<bndbox>
			<xmin>859</xmin>
			<ymin>1427</ymin>
			<xmax>911</xmax>
			<ymax>1490</ymax>
		</bndbox>
	</object>
	<object>
		<name>sp12</name>
		<pose>Unspecified</pose>
		<truncated>0</truncated>
		<difficult>0</difficult>
		<bndbox>
			<xmin>862</xmin>
			<ymin>1391</ymin>
			<xmax>922</xmax>
			<ymax>1441</ymax>
		</bndbox>
	</object>
	<object>
		<name>sp12</name>
		<pose>Unspecified</pose>
		<truncated>0</truncated>
		<difficult>0</difficult>
		<bndbox>
			<xmin>845</xmin>
			<ymin>1347</ymin>
			<xmax>910</xmax>
			<ymax>1395</ymax>
		</bndbox>
	</object>
	<object>
		<name>sp12</name>
		<pose>Unspecified</pose>
		<truncated>0</truncated>
		<difficult>0</difficult>
		<bndbox>
			<xmin>909</xmin>
			<ymin>1290</ymin>
			<xmax>986</xmax>
			<ymax>1359</ymax>
		</bndbox>
	</object>
	<object>
		<name>sp12</name>
		<pose>Unspecified</pose>
		<truncated>0</truncated>
		<difficult>0</difficult>
		<bndbox>
			<xmin>1074</xmin>
			<ymin>1274</ymin>
			<xmax>1141</xmax>
			<ymax>1338</ymax>
		</bndbox>
	</object>
	<object>
		<name>sp12</name>
		<pose>Unspecified</pose>
		<truncated>0</truncated>
		<difficult>0</difficult>
		<bndbox>
			<xmin>1100</xmin>
			<ymin>1220</ymin>
			<xmax>1159</xmax>
			<ymax>1284</ymax>
		</bndbox>
	</object>
	<object>
		<name>sp12</name>
		<pose>Unspecified</pose>
		<truncated>0</truncated>
		<difficult>0</difficult>
		<bndbox>
			<xmin>950</xmin>
			<ymin>1197</ymin>
			<xmax>1010</xmax>
			<ymax>1252</ymax>
		</bndbox>
	</object>
	<object>
		<name>sp12</name>
		<pose>Unspecified</pose>
		<truncated>0</truncated>
		<difficult>0</difficult>
		<bndbox>
			<xmin>905</xmin>
			<ymin>1203</ymin>
			<xmax>961</xmax>
			<ymax>1258</ymax>
		</bndbox>
	</object>
	<object>
		<name>sp12</name>
		<pose>Unspecified</pose>
		<truncated>0</truncated>
		<difficult>0</difficult>
		<bndbox>
			<xmin>200</xmin>
			<ymin>1126</ymin>
			<xmax>275</xmax>
			<ymax>1206</ymax>
		</bndbox>
	</object>
	<object>
		<name>sp12</name>
		<pose>Unspecified</pose>
		<truncated>0</truncated>
		<difficult>0</difficult>
		<bndbox>
			<xmin>166</xmin>
			<ymin>1113</ymin>
			<xmax>205</xmax>
			<ymax>1150</ymax>
		</bndbox>
	</object>
	<object>
		<name>sp12</name>
		<pose>Unspecified</pose>
		<truncated>0</truncated>
		<difficult>0</difficult>
		<bndbox>
			<xmin>294</xmin>
			<ymin>803</ymin>
			<xmax>374</xmax>
			<ymax>883</ymax>
		</bndbox>
	</object>
	<object>
		<name>sp12</name>
		<pose>Unspecified</pose>
		<truncated>0</truncated>
		<difficult>0</difficult>
		<bndbox>
			<xmin>399</xmin>
			<ymin>683</ymin>
			<xmax>481</xmax>
			<ymax>759</ymax>
		</bndbox>
	</object>
	<object>
		<name>sp12</name>
		<pose>Unspecified</pose>
		<truncated>0</truncated>
		<difficult>0</difficult>
		<bndbox>
			<xmin>632</xmin>
			<ymin>425</ymin>
			<xmax>719</xmax>
			<ymax>493</ymax>
		</bndbox>
	</object>
</annotation>