<annotation>
	<folder>my-project-name</folder>
	<filename>sp12_img04.jpg</filename>
	<path>/my-project-name/sp12_img04.jpg</path>
	<source>
		<database>Unspecified</database>
	</source>
	<size>
		<width>2926</width>
		<height>2890</height>
		<depth>3</depth>
	</size>
	<object>
		<name>sp12</name>
		<pose>Unspecified</pose>
		<truncated>0</truncated>
		<difficult>0</difficult>
		<bndbox>
			<xmin>313</xmin>
			<ymin>778</ymin>
			<xmax>369</xmax>
			<ymax>889</ymax>
		</bndbox>
	</object>
	<object>
		<name>sp12</name>
		<pose>Unspecified</pose>
		<truncated>0</truncated>
		<difficult>0</difficult>
		<bndbox>
			<xmin>718</xmin>
			<ymin>779</ymin>
			<xmax>786</xmax>
			<ymax>869</ymax>
		</bndbox>
	</object>
	<object>
		<name>sp12</name>
		<pose>Unspecified</pose>
		<truncated>0</truncated>
		<difficult>0</difficult>
		<bndbox>
			<xmin>1118</xmin>
			<ymin>650</ymin>
			<xmax>1234</xmax>
			<ymax>721</ymax>
		</bndbox>
	</object>
	<object>
		<name>sp12</name>
		<pose>Unspecified</pose>
		<truncated>0</truncated>
		<difficult>0</difficult>
		<bndbox>
			<xmin>1311</xmin>
			<ymin>1173</ymin>
			<xmax>1436</xmax>
			<ymax>1333</ymax>
		</bndbox>
	</object>
	<object>
		<name>sp12</name>
		<pose>Unspecified</pose>
		<truncated>0</truncated>
		<difficult>0</difficult>
		<bndbox>
			<xmin>995</xmin>
			<ymin>1312</ymin>
			<xmax>1110</xmax>
			<ymax>1383</ymax>
		</bndbox>
	</object>
	<object>
		<name>sp12</name>
		<pose>Unspecified</pose>
		<truncated>0</truncated>
		<difficult>0</difficult>
		<bndbox>
			<xmin>501</xmin>
			<ymin>1164</ymin>
			<xmax>621</xmax>
			<ymax>1249</ymax>
		</bndbox>
	</object>
	<object>
		<name>sp12</name>
		<pose>Unspecified</pose>
		<truncated>0</truncated>
		<difficult>0</difficult>
		<bndbox>
			<xmin>1998</xmin>
			<ymin>492</ymin>
			<xmax>2044</xmax>
			<ymax>553</ymax>
		</bndbox>
	</object>
	<object>
		<name>sp12</name>
		<pose>Unspecified</pose>
		<truncated>0</truncated>
		<difficult>0</difficult>
		<bndbox>
			<xmin>1271</xmin>
			<ymin>1519</ymin>
			<xmax>1377</xmax>
			<ymax>1600</ymax>
		</bndbox>
	</object>
	<object>
		<name>sp12</name>
		<pose>Unspecified</pose>
		<truncated>0</truncated>
		<difficult>0</difficult>
		<bndbox>
			<xmin>1464</xmin>
			<ymin>1648</ymin>
			<xmax>1585</xmax>
			<ymax>1714</ymax>
		</bndbox>
	</object>
	<object>
		<name>sp12</name>
		<pose>Unspecified</pose>
		<truncated>0</truncated>
		<difficult>0</difficult>
		<bndbox>
			<xmin>2047</xmin>
			<ymin>1460</ymin>
			<xmax>2148</xmax>
			<ymax>1541</ymax>
		</bndbox>
	</object>
	<object>
		<name>sp12</name>
		<pose>Unspecified</pose>
		<truncated>0</truncated>
		<difficult>0</difficult>
		<bndbox>
			<xmin>1360</xmin>
			<ymin>1959</ymin>
			<xmax>1506</xmax>
			<ymax>2040</ymax>
		</bndbox>
	</object>
	<object>
		<name>sp12</name>
		<pose>Unspecified</pose>
		<truncated>0</truncated>
		<difficult>0</difficult>
		<bndbox>
			<xmin>2467</xmin>
			<ymin>1821</ymin>
			<xmax>2553</xmax>
			<ymax>1882</ymax>
		</bndbox>
	</object>
	<object>
		<name>sp12</name>
		<pose>Unspecified</pose>
		<truncated>0</truncated>
		<difficult>0</difficult>
		<bndbox>
			<xmin>353</xmin>
			<ymin>651</ymin>
			<xmax>428</xmax>
			<ymax>730</ymax>
		</bndbox>
	</object>
</annotation>