<annotation>
	<folder>my-project-name</folder>
	<filename>sp12_img01.jpg</filename>
	<path>/my-project-name/sp12_img01.jpg</path>
	<source>
		<database>Unspecified</database>
	</source>
	<size>
		<width>2883</width>
		<height>2836</height>
		<depth>3</depth>
	</size>
	<object>
		<name>sp12</name>
		<pose>Unspecified</pose>
		<truncated>0</truncated>
		<difficult>0</difficult>
		<bndbox>
			<xmin>1898</xmin>
			<ymin>1226</ymin>
			<xmax>1979</xmax>
			<ymax>1326</ymax>
		</bndbox>
	</object>
	<object>
		<name>sp12</name>
		<pose>Unspecified</pose>
		<truncated>0</truncated>
		<difficult>0</difficult>
		<bndbox>
			<xmin>1246</xmin>
			<ymin>1557</ymin>
			<xmax>1356</xmax>
			<ymax>1662</ymax>
		</bndbox>
	</object>
	<object>
		<name>sp12</name>
		<pose>Unspecified</pose>
		<truncated>0</truncated>
		<difficult>0</difficult>
		<bndbox>
			<xmin>1053</xmin>
			<ymin>1453</ymin>
			<xmax>1188</xmax>
			<ymax>1554</ymax>
		</bndbox>
	</object>
	<object>
		<name>sp12</name>
		<pose>Unspecified</pose>
		<truncated>0</truncated>
		<difficult>0</difficult>
		<bndbox>
			<xmin>1097</xmin>
			<ymin>1127</ymin>
			<xmax>1238</xmax>
			<ymax>1282</ymax>
		</bndbox>
	</object>
	<object>
		<name>sp12</name>
		<pose>Unspecified</pose>
		<truncated>0</truncated>
		<difficult>0</difficult>
		<bndbox>
			<xmin>969</xmin>
			<ymin>539</ymin>
			<xmax>1114</xmax>
			<ymax>724</ymax>
		</bndbox>
	</object>
	<object>
		<name>sp12</name>
		<pose>Unspecified</pose>
		<truncated>0</truncated>
		<difficult>0</difficult>
		<bndbox>
			<xmin>1275</xmin>
			<ymin>1853</ymin>
			<xmax>1381</xmax>
			<ymax>1949</ymax>
		</bndbox>
	</object>
	<object>
		<name>sp12</name>
		<pose>Unspecified</pose>
		<truncated>0</truncated>
		<difficult>0</difficult>
		<bndbox>
			<xmin>1320</xmin>
			<ymin>134</ymin>
			<xmax>1465</xmax>
			<ymax>259</ymax>
		</bndbox>
	</object>
	<object>
		<name>sp12</name>
		<pose>Unspecified</pose>
		<truncated>0</truncated>
		<difficult>0</difficult>
		<bndbox>
			<xmin>1475</xmin>
			<ymin>85</ymin>
			<xmax>1527</xmax>
			<ymax>144</ymax>
		</bndbox>
	</object>
	<object>
		<name>sp12</name>
		<pose>Unspecified</pose>
		<truncated>0</truncated>
		<difficult>0</difficult>
		<bndbox>
			<xmin>1752</xmin>
			<ymin>114</ymin>
			<xmax>1815</xmax>
			<ymax>180</ymax>
		</bndbox>
	</object>
</annotation>