<annotation>
	<folder>my-project-name</folder>
	<filename>sp14_img12.jpg</filename>
	<path>/my-project-name/sp14_img12.jpg</path>
	<source>
		<database>Unspecified</database>
	</source>
	<size>
		<width>2361</width>
		<height>2373</height>
		<depth>3</depth>
	</size>
	<object>
		<name>sp14</name>
		<pose>Unspecified</pose>
		<truncated>0</truncated>
		<difficult>0</difficult>
		<bndbox>
			<xmin>701</xmin>
			<ymin>178</ymin>
			<xmax>761</xmax>
			<ymax>252</ymax>
		</bndbox>
	</object>
	<object>
		<name>sp14</name>
		<pose>Unspecified</pose>
		<truncated>0</truncated>
		<difficult>0</difficult>
		<bndbox>
			<xmin>744</xmin>
			<ymin>524</ymin>
			<xmax>811</xmax>
			<ymax>591</ymax>
		</bndbox>
	</object>
	<object>
		<name>sp14</name>
		<pose>Unspecified</pose>
		<truncated>0</truncated>
		<difficult>0</difficult>
		<bndbox>
			<xmin>946</xmin>
			<ymin>544</ymin>
			<xmax>1003</xmax>
			<ymax>614</ymax>
		</bndbox>
	</object>
	<object>
		<name>sp14</name>
		<pose>Unspecified</pose>
		<truncated>0</truncated>
		<difficult>0</difficult>
		<bndbox>
			<xmin>972</xmin>
			<ymin>658</ymin>
			<xmax>1049</xmax>
			<ymax>728</ymax>
		</bndbox>
	</object>
	<object>
		<name>sp14</name>
		<pose>Unspecified</pose>
		<truncated>0</truncated>
		<difficult>0</difficult>
		<bndbox>
			<xmin>788</xmin>
			<ymin>742</ymin>
			<xmax>858</xmax>
			<ymax>823</ymax>
		</bndbox>
	</object>
	<object>
		<name>sp14</name>
		<pose>Unspecified</pose>
		<truncated>0</truncated>
		<difficult>0</difficult>
		<bndbox>
			<xmin>905</xmin>
			<ymin>769</ymin>
			<xmax>965</xmax>
			<ymax>843</ymax>
		</bndbox>
	</object>
	<object>
		<name>sp14</name>
		<pose>Unspecified</pose>
		<truncated>0</truncated>
		<difficult>0</difficult>
		<bndbox>
			<xmin>845</xmin>
			<ymin>839</ymin>
			<xmax>909</xmax>
			<ymax>913</ymax>
		</bndbox>
	</object>
	<object>
		<name>sp14</name>
		<pose>Unspecified</pose>
		<truncated>0</truncated>
		<difficult>0</difficult>
		<bndbox>
			<xmin>291</xmin>
			<ymin>940</ymin>
			<xmax>355</xmax>
			<ymax>1027</ymax>
		</bndbox>
	</object>
	<object>
		<name>sp14</name>
		<pose>Unspecified</pose>
		<truncated>0</truncated>
		<difficult>0</difficult>
		<bndbox>
			<xmin>499</xmin>
			<ymin>1087</ymin>
			<xmax>566</xmax>
			<ymax>1171</ymax>
		</bndbox>
	</object>
	<object>
		<name>sp14</name>
		<pose>Unspecified</pose>
		<truncated>0</truncated>
		<difficult>0</difficult>
		<bndbox>
			<xmin>1251</xmin>
			<ymin>1145</ymin>
			<xmax>1332</xmax>
			<ymax>1226</ymax>
		</bndbox>
	</object>
	<object>
		<name>sp14</name>
		<pose>Unspecified</pose>
		<truncated>0</truncated>
		<difficult>0</difficult>
		<bndbox>
			<xmin>1509</xmin>
			<ymin>1091</ymin>
			<xmax>1573</xmax>
			<ymax>1145</ymax>
		</bndbox>
	</object>
	<object>
		<name>sp14</name>
		<pose>Unspecified</pose>
		<truncated>0</truncated>
		<difficult>0</difficult>
		<bndbox>
			<xmin>1355</xmin>
			<ymin>1437</ymin>
			<xmax>1409</xmax>
			<ymax>1514</ymax>
		</bndbox>
	</object>
	<object>
		<name>sp14</name>
		<pose>Unspecified</pose>
		<truncated>0</truncated>
		<difficult>0</difficult>
		<bndbox>
			<xmin>2057</xmin>
			<ymin>1306</ymin>
			<xmax>2094</xmax>
			<ymax>1353</ymax>
		</bndbox>
	</object>
	<object>
		<name>sp14</name>
		<pose>Unspecified</pose>
		<truncated>0</truncated>
		<difficult>0</difficult>
		<bndbox>
			<xmin>2016</xmin>
			<ymin>1326</ymin>
			<xmax>2066</xmax>
			<ymax>1370</ymax>
		</bndbox>
	</object>
	<object>
		<name>sp14</name>
		<pose>Unspecified</pose>
		<truncated>0</truncated>
		<difficult>0</difficult>
		<bndbox>
			<xmin>1952</xmin>
			<ymin>1390</ymin>
			<xmax>2009</xmax>
			<ymax>1450</ymax>
		</bndbox>
	</object>
	<object>
		<name>sp14</name>
		<pose>Unspecified</pose>
		<truncated>0</truncated>
		<difficult>0</difficult>
		<bndbox>
			<xmin>2023</xmin>
			<ymin>1443</ymin>
			<xmax>2083</xmax>
			<ymax>1510</ymax>
		</bndbox>
	</object>
	<object>
		<name>sp14</name>
		<pose>Unspecified</pose>
		<truncated>0</truncated>
		<difficult>0</difficult>
		<bndbox>
			<xmin>2100</xmin>
			<ymin>1473</ymin>
			<xmax>2164</xmax>
			<ymax>1530</ymax>
		</bndbox>
	</object>
	<object>
		<name>sp14</name>
		<pose>Unspecified</pose>
		<truncated>0</truncated>
		<difficult>0</difficult>
		<bndbox>
			<xmin>1308</xmin>
			<ymin>678</ymin>
			<xmax>1365</xmax>
			<ymax>745</ymax>
		</bndbox>
	</object>
	<object>
		<name>sp14</name>
		<pose>Unspecified</pose>
		<truncated>0</truncated>
		<difficult>0</difficult>
		<bndbox>
			<xmin>1389</xmin>
			<ymin>577</ymin>
			<xmax>1446</xmax>
			<ymax>631</ymax>
		</bndbox>
	</object>
	<object>
		<name>sp14</name>
		<pose>Unspecified</pose>
		<truncated>0</truncated>
		<difficult>0</difficult>
		<bndbox>
			<xmin>1459</xmin>
			<ymin>638</ymin>
			<xmax>1513</xmax>
			<ymax>708</ymax>
		</bndbox>
	</object>
	<object>
		<name>sp14</name>
		<pose>Unspecified</pose>
		<truncated>0</truncated>
		<difficult>0</difficult>
		<bndbox>
			<xmin>1721</xmin>
			<ymin>399</ymin>
			<xmax>1795</xmax>
			<ymax>453</ymax>
		</bndbox>
	</object>
	<object>
		<name>sp14</name>
		<pose>Unspecified</pose>
		<truncated>0</truncated>
		<difficult>0</difficult>
		<bndbox>
			<xmin>1889</xmin>
			<ymin>292</ymin>
			<xmax>1949</xmax>
			<ymax>373</ymax>
		</bndbox>
	</object>
	<object>
		<name>sp14</name>
		<pose>Unspecified</pose>
		<truncated>0</truncated>
		<difficult>0</difficult>
		<bndbox>
			<xmin>2060</xmin>
			<ymin>490</ymin>
			<xmax>2117</xmax>
			<ymax>547</ymax>
		</bndbox>
	</object>
	<object>
		<name>sp14</name>
		<pose>Unspecified</pose>
		<truncated>0</truncated>
		<difficult>0</difficult>
		<bndbox>
			<xmin>2147</xmin>
			<ymin>705</ymin>
			<xmax>2217</xmax>
			<ymax>762</ymax>
		</bndbox>
	</object>
	<object>
		<name>sp14</name>
		<pose>Unspecified</pose>
		<truncated>0</truncated>
		<difficult>0</difficult>
		<bndbox>
			<xmin>1825</xmin>
			<ymin>611</ymin>
			<xmax>1882</xmax>
			<ymax>675</ymax>
		</bndbox>
	</object>
	<object>
		<name>sp14</name>
		<pose>Unspecified</pose>
		<truncated>0</truncated>
		<difficult>0</difficult>
		<bndbox>
			<xmin>1778</xmin>
			<ymin>584</ymin>
			<xmax>1842</xmax>
			<ymax>641</ymax>
		</bndbox>
	</object>
</annotation>