<annotation>
	<folder>my-project-name</folder>
	<filename>sp14_img17.jpg</filename>
	<path>/my-project-name/sp14_img17.jpg</path>
	<source>
		<database>Unspecified</database>
	</source>
	<size>
		<width>2389</width>
		<height>2390</height>
		<depth>3</depth>
	</size>
	<object>
		<name>sp14</name>
		<pose>Unspecified</pose>
		<truncated>0</truncated>
		<difficult>0</difficult>
		<bndbox>
			<xmin>1672</xmin>
			<ymin>1511</ymin>
			<xmax>1704</xmax>
			<ymax>1547</ymax>
		</bndbox>
	</object>
	<object>
		<name>sp14</name>
		<pose>Unspecified</pose>
		<truncated>0</truncated>
		<difficult>0</difficult>
		<bndbox>
			<xmin>1521</xmin>
			<ymin>1474</ymin>
			<xmax>1558</xmax>
			<ymax>1511</ymax>
		</bndbox>
	</object>
	<object>
		<name>sp14</name>
		<pose>Unspecified</pose>
		<truncated>0</truncated>
		<difficult>0</difficult>
		<bndbox>
			<xmin>937</xmin>
			<ymin>1955</ymin>
			<xmax>961</xmax>
			<ymax>1988</ymax>
		</bndbox>
	</object>
	<object>
		<name>sp14</name>
		<pose>Unspecified</pose>
		<truncated>0</truncated>
		<difficult>0</difficult>
		<bndbox>
			<xmin>915</xmin>
			<ymin>1773</ymin>
			<xmax>963</xmax>
			<ymax>1822</ymax>
		</bndbox>
	</object>
	<object>
		<name>sp14</name>
		<pose>Unspecified</pose>
		<truncated>0</truncated>
		<difficult>0</difficult>
		<bndbox>
			<xmin>1004</xmin>
			<ymin>1770</ymin>
			<xmax>1045</xmax>
			<ymax>1822</ymax>
		</bndbox>
	</object>
	<object>
		<name>sp14</name>
		<pose>Unspecified</pose>
		<truncated>0</truncated>
		<difficult>0</difficult>
		<bndbox>
			<xmin>1065</xmin>
			<ymin>1813</ymin>
			<xmax>1109</xmax>
			<ymax>1846</ymax>
		</bndbox>
	</object>
	<object>
		<name>sp14</name>
		<pose>Unspecified</pose>
		<truncated>0</truncated>
		<difficult>0</difficult>
		<bndbox>
			<xmin>1066</xmin>
			<ymin>1788</ymin>
			<xmax>1103</xmax>
			<ymax>1815</ymax>
		</bndbox>
	</object>
	<object>
		<name>sp14</name>
		<pose>Unspecified</pose>
		<truncated>0</truncated>
		<difficult>0</difficult>
		<bndbox>
			<xmin>960</xmin>
			<ymin>1677</ymin>
			<xmax>1001</xmax>
			<ymax>1707</ymax>
		</bndbox>
	</object>
	<object>
		<name>sp14</name>
		<pose>Unspecified</pose>
		<truncated>0</truncated>
		<difficult>0</difficult>
		<bndbox>
			<xmin>703</xmin>
			<ymin>1680</ymin>
			<xmax>737</xmax>
			<ymax>1737</ymax>
		</bndbox>
	</object>
	<object>
		<name>sp14</name>
		<pose>Unspecified</pose>
		<truncated>0</truncated>
		<difficult>0</difficult>
		<bndbox>
			<xmin>734</xmin>
			<ymin>1704</ymin>
			<xmax>752</xmax>
			<ymax>1747</ymax>
		</bndbox>
	</object>
	<object>
		<name>sp14</name>
		<pose>Unspecified</pose>
		<truncated>0</truncated>
		<difficult>0</difficult>
		<bndbox>
			<xmin>752</xmin>
			<ymin>1701</ymin>
			<xmax>780</xmax>
			<ymax>1743</ymax>
		</bndbox>
	</object>
	<object>
		<name>sp14</name>
		<pose>Unspecified</pose>
		<truncated>0</truncated>
		<difficult>0</difficult>
		<bndbox>
			<xmin>784</xmin>
			<ymin>1748</ymin>
			<xmax>826</xmax>
			<ymax>1803</ymax>
		</bndbox>
	</object>
	<object>
		<name>sp14</name>
		<pose>Unspecified</pose>
		<truncated>0</truncated>
		<difficult>0</difficult>
		<bndbox>
			<xmin>929</xmin>
			<ymin>1431</ymin>
			<xmax>972</xmax>
			<ymax>1498</ymax>
		</bndbox>
	</object>
	<object>
		<name>sp14</name>
		<pose>Unspecified</pose>
		<truncated>0</truncated>
		<difficult>0</difficult>
		<bndbox>
			<xmin>1249</xmin>
			<ymin>501</ymin>
			<xmax>1285</xmax>
			<ymax>530</ymax>
		</bndbox>
	</object>
	<object>
		<name>sp14</name>
		<pose>Unspecified</pose>
		<truncated>0</truncated>
		<difficult>0</difficult>
		<bndbox>
			<xmin>1263</xmin>
			<ymin>526</ymin>
			<xmax>1308</xmax>
			<ymax>563</ymax>
		</bndbox>
	</object>
	<object>
		<name>sp14</name>
		<pose>Unspecified</pose>
		<truncated>0</truncated>
		<difficult>0</difficult>
		<bndbox>
			<xmin>1274</xmin>
			<ymin>381</ymin>
			<xmax>1307</xmax>
			<ymax>415</ymax>
		</bndbox>
	</object>
	<object>
		<name>sp14</name>
		<pose>Unspecified</pose>
		<truncated>0</truncated>
		<difficult>0</difficult>
		<bndbox>
			<xmin>916</xmin>
			<ymin>295</ymin>
			<xmax>954</xmax>
			<ymax>342</ymax>
		</bndbox>
	</object>
	<object>
		<name>sp14</name>
		<pose>Unspecified</pose>
		<truncated>0</truncated>
		<difficult>0</difficult>
		<bndbox>
			<xmin>926</xmin>
			<ymin>347</ymin>
			<xmax>976</xmax>
			<ymax>395</ymax>
		</bndbox>
	</object>
	<object>
		<name>sp14</name>
		<pose>Unspecified</pose>
		<truncated>0</truncated>
		<difficult>0</difficult>
		<bndbox>
			<xmin>1144</xmin>
			<ymin>514</ymin>
			<xmax>1175</xmax>
			<ymax>541</ymax>
		</bndbox>
	</object>
	<object>
		<name>sp14</name>
		<pose>Unspecified</pose>
		<truncated>0</truncated>
		<difficult>0</difficult>
		<bndbox>
			<xmin>1379</xmin>
			<ymin>62</ymin>
			<xmax>1427</xmax>
			<ymax>109</ymax>
		</bndbox>
	</object>
	<object>
		<name>sp14</name>
		<pose>Unspecified</pose>
		<truncated>0</truncated>
		<difficult>0</difficult>
		<bndbox>
			<xmin>1691</xmin>
			<ymin>292</ymin>
			<xmax>1733</xmax>
			<ymax>338</ymax>
		</bndbox>
	</object>
	<object>
		<name>sp14</name>
		<pose>Unspecified</pose>
		<truncated>0</truncated>
		<difficult>0</difficult>
		<bndbox>
			<xmin>1721</xmin>
			<ymin>321</ymin>
			<xmax>1775</xmax>
			<ymax>378</ymax>
		</bndbox>
	</object>
	<object>
		<name>sp14</name>
		<pose>Unspecified</pose>
		<truncated>0</truncated>
		<difficult>0</difficult>
		<bndbox>
			<xmin>2016</xmin>
			<ymin>438</ymin>
			<xmax>2061</xmax>
			<ymax>487</ymax>
		</bndbox>
	</object>
	<object>
		<name>sp14</name>
		<pose>Unspecified</pose>
		<truncated>0</truncated>
		<difficult>0</difficult>
		<bndbox>
			<xmin>2048</xmin>
			<ymin>416</ymin>
			<xmax>2091</xmax>
			<ymax>458</ymax>
		</bndbox>
	</object>
	<object>
		<name>sp14</name>
		<pose>Unspecified</pose>
		<truncated>0</truncated>
		<difficult>0</difficult>
		<bndbox>
			<xmin>2112</xmin>
			<ymin>472</ymin>
			<xmax>2146</xmax>
			<ymax>507</ymax>
		</bndbox>
	</object>
	<object>
		<name>sp14</name>
		<pose>Unspecified</pose>
		<truncated>0</truncated>
		<difficult>0</difficult>
		<bndbox>
			<xmin>2145</xmin>
			<ymin>511</ymin>
			<xmax>2172</xmax>
			<ymax>556</ymax>
		</bndbox>
	</object>
	<object>
		<name>sp14</name>
		<pose>Unspecified</pose>
		<truncated>0</truncated>
		<difficult>0</difficult>
		<bndbox>
			<xmin>2172</xmin>
			<ymin>525</ymin>
			<xmax>2197</xmax>
			<ymax>562</ymax>
		</bndbox>
	</object>
	<object>
		<name>sp14</name>
		<pose>Unspecified</pose>
		<truncated>0</truncated>
		<difficult>0</difficult>
		<bndbox>
			<xmin>2188</xmin>
			<ymin>625</ymin>
			<xmax>2221</xmax>
			<ymax>675</ymax>
		</bndbox>
	</object>
	<object>
		<name>sp14</name>
		<pose>Unspecified</pose>
		<truncated>0</truncated>
		<difficult>0</difficult>
		<bndbox>
			<xmin>2212</xmin>
			<ymin>797</ymin>
			<xmax>2276</xmax>
			<ymax>847</ymax>
		</bndbox>
	</object>
	<object>
		<name>sp14</name>
		<pose>Unspecified</pose>
		<truncated>0</truncated>
		<difficult>0</difficult>
		<bndbox>
			<xmin>903</xmin>
			<ymin>1527</ymin>
			<xmax>969</xmax>
			<ymax>1576</ymax>
		</bndbox>
	</object>
	<object>
		<name>sp14</name>
		<pose>Unspecified</pose>
		<truncated>0</truncated>
		<difficult>0</difficult>
		<bndbox>
			<xmin>584</xmin>
			<ymin>692</ymin>
			<xmax>659</xmax>
			<ymax>760</ymax>
		</bndbox>
	</object>
	<object>
		<name>sp14</name>
		<pose>Unspecified</pose>
		<truncated>0</truncated>
		<difficult>0</difficult>
		<bndbox>
			<xmin>687</xmin>
			<ymin>1286</ymin>
			<xmax>767</xmax>
			<ymax>1364</ymax>
		</bndbox>
	</object>
	<object>
		<name>sp14</name>
		<pose>Unspecified</pose>
		<truncated>0</truncated>
		<difficult>0</difficult>
		<bndbox>
			<xmin>537</xmin>
			<ymin>1760</ymin>
			<xmax>609</xmax>
			<ymax>1830</ymax>
		</bndbox>
	</object>
	<object>
		<name>sp14</name>
		<pose>Unspecified</pose>
		<truncated>0</truncated>
		<difficult>0</difficult>
		<bndbox>
			<xmin>891</xmin>
			<ymin>52</ymin>
			<xmax>961</xmax>
			<ymax>127</ymax>
		</bndbox>
	</object>
	<object>
		<name>sp14</name>
		<pose>Unspecified</pose>
		<truncated>0</truncated>
		<difficult>0</difficult>
		<bndbox>
			<xmin>997</xmin>
			<ymin>107</ymin>
			<xmax>1074</xmax>
			<ymax>174</ymax>
		</bndbox>
	</object>
	<object>
		<name>sp14</name>
		<pose>Unspecified</pose>
		<truncated>0</truncated>
		<difficult>0</difficult>
		<bndbox>
			<xmin>1947</xmin>
			<ymin>1304</ymin>
			<xmax>2041</xmax>
			<ymax>1390</ymax>
		</bndbox>
	</object>
	<object>
		<name>sp14</name>
		<pose>Unspecified</pose>
		<truncated>0</truncated>
		<difficult>0</difficult>
		<bndbox>
			<xmin>620</xmin>
			<ymin>593</ymin>
			<xmax>692</xmax>
			<ymax>664</ymax>
		</bndbox>
	</object>
	<object>
		<name>sp14</name>
		<pose>Unspecified</pose>
		<truncated>0</truncated>
		<difficult>0</difficult>
		<bndbox>
			<xmin>903</xmin>
			<ymin>874</ymin>
			<xmax>971</xmax>
			<ymax>938</ymax>
		</bndbox>
	</object>
	<object>
		<name>sp14</name>
		<pose>Unspecified</pose>
		<truncated>0</truncated>
		<difficult>0</difficult>
		<bndbox>
			<xmin>1232</xmin>
			<ymin>1232</ymin>
			<xmax>1314</xmax>
			<ymax>1311</ymax>
		</bndbox>
	</object>
	<object>
		<name>sp14</name>
		<pose>Unspecified</pose>
		<truncated>0</truncated>
		<difficult>0</difficult>
		<bndbox>
			<xmin>1784</xmin>
			<ymin>1659</ymin>
			<xmax>1864</xmax>
			<ymax>1737</ymax>
		</bndbox>
	</object>
	<object>
		<name>sp14</name>
		<pose>Unspecified</pose>
		<truncated>0</truncated>
		<difficult>0</difficult>
		<bndbox>
			<xmin>1417</xmin>
			<ymin>1765</ymin>
			<xmax>1492</xmax>
			<ymax>1837</ymax>
		</bndbox>
	</object>
	<object>
		<name>sp14</name>
		<pose>Unspecified</pose>
		<truncated>0</truncated>
		<difficult>0</difficult>
		<bndbox>
			<xmin>1066</xmin>
			<ymin>1244</ymin>
			<xmax>1139</xmax>
			<ymax>1324</ymax>
		</bndbox>
	</object>
	<object>
		<name>sp14</name>
		<pose>Unspecified</pose>
		<truncated>0</truncated>
		<difficult>0</difficult>
		<bndbox>
			<xmin>1177</xmin>
			<ymin>303</ymin>
			<xmax>1236</xmax>
			<ymax>352</ymax>
		</bndbox>
	</object>
	<object>
		<name>sp14</name>
		<pose>Unspecified</pose>
		<truncated>0</truncated>
		<difficult>0</difficult>
		<bndbox>
			<xmin>1599</xmin>
			<ymin>2002</ymin>
			<xmax>1665</xmax>
			<ymax>2067</ymax>
		</bndbox>
	</object>
	<object>
		<name>sp14</name>
		<pose>Unspecified</pose>
		<truncated>0</truncated>
		<difficult>0</difficult>
		<bndbox>
			<xmin>1622</xmin>
			<ymin>1728</ymin>
			<xmax>1689</xmax>
			<ymax>1798</ymax>
		</bndbox>
	</object>
	<object>
		<name>sp14</name>
		<pose>Unspecified</pose>
		<truncated>0</truncated>
		<difficult>0</difficult>
		<bndbox>
			<xmin>1407</xmin>
			<ymin>2080</ymin>
			<xmax>1488</xmax>
			<ymax>2156</ymax>
		</bndbox>
	</object>
	<object>
		<name>sp14</name>
		<pose>Unspecified</pose>
		<truncated>0</truncated>
		<difficult>0</difficult>
		<bndbox>
			<xmin>2188</xmin>
			<ymin>841</ymin>
			<xmax>2268</xmax>
			<ymax>923</ymax>
		</bndbox>
	</object>
	<object>
		<name>sp14</name>
		<pose>Unspecified</pose>
		<truncated>0</truncated>
		<difficult>0</difficult>
		<bndbox>
			<xmin>997</xmin>
			<ymin>1247</ymin>
			<xmax>1063</xmax>
			<ymax>1319</ymax>
		</bndbox>
	</object>
	<object>
		<name>sp14</name>
		<pose>Unspecified</pose>
		<truncated>0</truncated>
		<difficult>0</difficult>
		<bndbox>
			<xmin>913</xmin>
			<ymin>808</ymin>
			<xmax>977</xmax>
			<ymax>864</ymax>
		</bndbox>
	</object>
	<object>
		<name>sp14</name>
		<pose>Unspecified</pose>
		<truncated>0</truncated>
		<difficult>0</difficult>
		<bndbox>
			<xmin>1455</xmin>
			<ymin>33</ymin>
			<xmax>1505</xmax>
			<ymax>67</ymax>
		</bndbox>
	</object>
	<object>
		<name>sp14</name>
		<pose>Unspecified</pose>
		<truncated>0</truncated>
		<difficult>0</difficult>
		<bndbox>
			<xmin>684</xmin>
			<ymin>659</ymin>
			<xmax>760</xmax>
			<ymax>728</ymax>
		</bndbox>
	</object>
	<object>
		<name>sp14</name>
		<pose>Unspecified</pose>
		<truncated>0</truncated>
		<difficult>0</difficult>
		<bndbox>
			<xmin>1629</xmin>
			<ymin>1113</ymin>
			<xmax>1717</xmax>
			<ymax>1199</ymax>
		</bndbox>
	</object>
	<object>
		<name>sp14</name>
		<pose>Unspecified</pose>
		<truncated>0</truncated>
		<difficult>0</difficult>
		<bndbox>
			<xmin>723</xmin>
			<ymin>1087</ymin>
			<xmax>803</xmax>
			<ymax>1171</ymax>
		</bndbox>
	</object>
	<object>
		<name>sp14</name>
		<pose>Unspecified</pose>
		<truncated>0</truncated>
		<difficult>0</difficult>
		<bndbox>
			<xmin>1258</xmin>
			<ymin>1431</ymin>
			<xmax>1324</xmax>
			<ymax>1503</ymax>
		</bndbox>
	</object>
	<object>
		<name>sp14</name>
		<pose>Unspecified</pose>
		<truncated>0</truncated>
		<difficult>0</difficult>
		<bndbox>
			<xmin>1532</xmin>
			<ymin>1500</ymin>
			<xmax>1589</xmax>
			<ymax>1563</ymax>
		</bndbox>
	</object>
	<object>
		<name>sp14</name>
		<pose>Unspecified</pose>
		<truncated>0</truncated>
		<difficult>0</difficult>
		<bndbox>
			<xmin>1555</xmin>
			<ymin>280</ymin>
			<xmax>1621</xmax>
			<ymax>344</ymax>
		</bndbox>
	</object>
	<object>
		<name>sp14</name>
		<pose>Unspecified</pose>
		<truncated>0</truncated>
		<difficult>0</difficult>
		<bndbox>
			<xmin>1494</xmin>
			<ymin>1873</ymin>
			<xmax>1564</xmax>
			<ymax>1945</ymax>
		</bndbox>
	</object>
	<object>
		<name>sp14</name>
		<pose>Unspecified</pose>
		<truncated>0</truncated>
		<difficult>0</difficult>
		<bndbox>
			<xmin>1057</xmin>
			<ymin>821</ymin>
			<xmax>1124</xmax>
			<ymax>890</ymax>
		</bndbox>
	</object>
	<object>
		<name>sp14</name>
		<pose>Unspecified</pose>
		<truncated>0</truncated>
		<difficult>0</difficult>
		<bndbox>
			<xmin>278</xmin>
			<ymin>759</ymin>
			<xmax>376</xmax>
			<ymax>848</ymax>
		</bndbox>
	</object>
	<object>
		<name>sp14</name>
		<pose>Unspecified</pose>
		<truncated>0</truncated>
		<difficult>0</difficult>
		<bndbox>
			<xmin>985</xmin>
			<ymin>1166</ymin>
			<xmax>1059</xmax>
			<ymax>1239</ymax>
		</bndbox>
	</object>
	<object>
		<name>sp14</name>
		<pose>Unspecified</pose>
		<truncated>0</truncated>
		<difficult>0</difficult>
		<bndbox>
			<xmin>2078</xmin>
			<ymin>807</ymin>
			<xmax>2147</xmax>
			<ymax>872</ymax>
		</bndbox>
	</object>
	<object>
		<name>sp14</name>
		<pose>Unspecified</pose>
		<truncated>0</truncated>
		<difficult>0</difficult>
		<bndbox>
			<xmin>863</xmin>
			<ymin>503</ymin>
			<xmax>933</xmax>
			<ymax>571</ymax>
		</bndbox>
	</object>
	<object>
		<name>sp14</name>
		<pose>Unspecified</pose>
		<truncated>0</truncated>
		<difficult>0</difficult>
		<bndbox>
			<xmin>1012</xmin>
			<ymin>641</ymin>
			<xmax>1075</xmax>
			<ymax>702</ymax>
		</bndbox>
	</object>
	<object>
		<name>sp14</name>
		<pose>Unspecified</pose>
		<truncated>0</truncated>
		<difficult>0</difficult>
		<bndbox>
			<xmin>1133</xmin>
			<ymin>1795</ymin>
			<xmax>1197</xmax>
			<ymax>1852</ymax>
		</bndbox>
	</object>
	<object>
		<name>sp14</name>
		<pose>Unspecified</pose>
		<truncated>0</truncated>
		<difficult>0</difficult>
		<bndbox>
			<xmin>1177</xmin>
			<ymin>992</ymin>
			<xmax>1255</xmax>
			<ymax>1070</ymax>
		</bndbox>
	</object>
	<object>
		<name>sp14</name>
		<pose>Unspecified</pose>
		<truncated>0</truncated>
		<difficult>0</difficult>
		<bndbox>
			<xmin>1349</xmin>
			<ymin>1406</ymin>
			<xmax>1420</xmax>
			<ymax>1476</ymax>
		</bndbox>
	</object>
	<object>
		<name>sp14</name>
		<pose>Unspecified</pose>
		<truncated>0</truncated>
		<difficult>0</difficult>
		<bndbox>
			<xmin>1668</xmin>
			<ymin>561</ymin>
			<xmax>1733</xmax>
			<ymax>622</ymax>
		</bndbox>
	</object>
	<object>
		<name>sp14</name>
		<pose>Unspecified</pose>
		<truncated>0</truncated>
		<difficult>0</difficult>
		<bndbox>
			<xmin>317</xmin>
			<ymin>434</ymin>
			<xmax>419</xmax>
			<ymax>536</ymax>
		</bndbox>
	</object>
	<object>
		<name>sp14</name>
		<pose>Unspecified</pose>
		<truncated>0</truncated>
		<difficult>0</difficult>
		<bndbox>
			<xmin>1307</xmin>
			<ymin>246</ymin>
			<xmax>1370</xmax>
			<ymax>303</ymax>
		</bndbox>
	</object>
	<object>
		<name>sp14</name>
		<pose>Unspecified</pose>
		<truncated>0</truncated>
		<difficult>0</difficult>
		<bndbox>
			<xmin>1678</xmin>
			<ymin>1642</ymin>
			<xmax>1748</xmax>
			<ymax>1707</ymax>
		</bndbox>
	</object>
	<object>
		<name>sp14</name>
		<pose>Unspecified</pose>
		<truncated>0</truncated>
		<difficult>0</difficult>
		<bndbox>
			<xmin>1075</xmin>
			<ymin>1512</ymin>
			<xmax>1145</xmax>
			<ymax>1581</ymax>
		</bndbox>
	</object>
	<object>
		<name>sp14</name>
		<pose>Unspecified</pose>
		<truncated>0</truncated>
		<difficult>0</difficult>
		<bndbox>
			<xmin>1804</xmin>
			<ymin>1436</ymin>
			<xmax>1884</xmax>
			<ymax>1508</ymax>
		</bndbox>
	</object>
	<object>
		<name>sp14</name>
		<pose>Unspecified</pose>
		<truncated>0</truncated>
		<difficult>0</difficult>
		<bndbox>
			<xmin>1204</xmin>
			<ymin>565</ymin>
			<xmax>1265</xmax>
			<ymax>622</ymax>
		</bndbox>
	</object>
	<object>
		<name>sp14</name>
		<pose>Unspecified</pose>
		<truncated>0</truncated>
		<difficult>0</difficult>
		<bndbox>
			<xmin>1811</xmin>
			<ymin>383</ymin>
			<xmax>1872</xmax>
			<ymax>443</ymax>
		</bndbox>
	</object>
	<object>
		<name>sp14</name>
		<pose>Unspecified</pose>
		<truncated>0</truncated>
		<difficult>0</difficult>
		<bndbox>
			<xmin>1165</xmin>
			<ymin>1684</ymin>
			<xmax>1227</xmax>
			<ymax>1742</ymax>
		</bndbox>
	</object>
	<object>
		<name>sp14</name>
		<pose>Unspecified</pose>
		<truncated>0</truncated>
		<difficult>0</difficult>
		<bndbox>
			<xmin>1260</xmin>
			<ymin>1593</ymin>
			<xmax>1337</xmax>
			<ymax>1671</ymax>
		</bndbox>
	</object>
	<object>
		<name>sp14</name>
		<pose>Unspecified</pose>
		<truncated>0</truncated>
		<difficult>0</difficult>
		<bndbox>
			<xmin>1255</xmin>
			<ymin>1780</ymin>
			<xmax>1313</xmax>
			<ymax>1834</ymax>
		</bndbox>
	</object>
	<object>
		<name>sp14</name>
		<pose>Unspecified</pose>
		<truncated>0</truncated>
		<difficult>0</difficult>
		<bndbox>
			<xmin>1179</xmin>
			<ymin>754</ymin>
			<xmax>1240</xmax>
			<ymax>823</ymax>
		</bndbox>
	</object>
	<object>
		<name>sp14</name>
		<pose>Unspecified</pose>
		<truncated>0</truncated>
		<difficult>0</difficult>
		<bndbox>
			<xmin>260</xmin>
			<ymin>1376</ymin>
			<xmax>354</xmax>
			<ymax>1459</ymax>
		</bndbox>
	</object>
	<object>
		<name>sp14</name>
		<pose>Unspecified</pose>
		<truncated>0</truncated>
		<difficult>0</difficult>
		<bndbox>
			<xmin>1842</xmin>
			<ymin>250</ymin>
			<xmax>1914</xmax>
			<ymax>316</ymax>
		</bndbox>
	</object>
	<object>
		<name>sp14</name>
		<pose>Unspecified</pose>
		<truncated>0</truncated>
		<difficult>0</difficult>
		<bndbox>
			<xmin>1048</xmin>
			<ymin>965</ymin>
			<xmax>1113</xmax>
			<ymax>1031</ymax>
		</bndbox>
	</object>
	<object>
		<name>sp14</name>
		<pose>Unspecified</pose>
		<truncated>0</truncated>
		<difficult>0</difficult>
		<bndbox>
			<xmin>1170</xmin>
			<ymin>2029</ymin>
			<xmax>1248</xmax>
			<ymax>2100</ymax>
		</bndbox>
	</object>
	<object>
		<name>sp14</name>
		<pose>Unspecified</pose>
		<truncated>0</truncated>
		<difficult>0</difficult>
		<bndbox>
			<xmin>447</xmin>
			<ymin>1562</ymin>
			<xmax>524</xmax>
			<ymax>1630</ymax>
		</bndbox>
	</object>
	<object>
		<name>sp14</name>
		<pose>Unspecified</pose>
		<truncated>0</truncated>
		<difficult>0</difficult>
		<bndbox>
			<xmin>1358</xmin>
			<ymin>1997</ymin>
			<xmax>1427</xmax>
			<ymax>2068</ymax>
		</bndbox>
	</object>
	<object>
		<name>sp14</name>
		<pose>Unspecified</pose>
		<truncated>0</truncated>
		<difficult>0</difficult>
		<bndbox>
			<xmin>1395</xmin>
			<ymin>210</ymin>
			<xmax>1450</xmax>
			<ymax>264</ymax>
		</bndbox>
	</object>
	<object>
		<name>sp14</name>
		<pose>Unspecified</pose>
		<truncated>0</truncated>
		<difficult>0</difficult>
		<bndbox>
			<xmin>1565</xmin>
			<ymin>157</ymin>
			<xmax>1628</xmax>
			<ymax>219</ymax>
		</bndbox>
	</object>
	<object>
		<name>sp14</name>
		<pose>Unspecified</pose>
		<truncated>0</truncated>
		<difficult>0</difficult>
		<bndbox>
			<xmin>645</xmin>
			<ymin>1670</ymin>
			<xmax>705</xmax>
			<ymax>1733</ymax>
		</bndbox>
	</object>
	<object>
		<name>sp14</name>
		<pose>Unspecified</pose>
		<truncated>0</truncated>
		<difficult>0</difficult>
		<bndbox>
			<xmin>1719</xmin>
			<ymin>1931</ymin>
			<xmax>1792</xmax>
			<ymax>1995</ymax>
		</bndbox>
	</object>
	<object>
		<name>sp14</name>
		<pose>Unspecified</pose>
		<truncated>0</truncated>
		<difficult>0</difficult>
		<bndbox>
			<xmin>1678</xmin>
			<ymin>1845</ymin>
			<xmax>1736</xmax>
			<ymax>1899</ymax>
		</bndbox>
	</object>
	<object>
		<name>sp14</name>
		<pose>Unspecified</pose>
		<truncated>0</truncated>
		<difficult>0</difficult>
		<bndbox>
			<xmin>957</xmin>
			<ymin>1815</ymin>
			<xmax>1023</xmax>
			<ymax>1872</ymax>
		</bndbox>
	</object>
	<object>
		<name>sp14</name>
		<pose>Unspecified</pose>
		<truncated>0</truncated>
		<difficult>0</difficult>
		<bndbox>
			<xmin>1403</xmin>
			<ymin>529</ymin>
			<xmax>1473</xmax>
			<ymax>597</ymax>
		</bndbox>
	</object>
	<object>
		<name>sp14</name>
		<pose>Unspecified</pose>
		<truncated>0</truncated>
		<difficult>0</difficult>
		<bndbox>
			<xmin>534</xmin>
			<ymin>1863</ymin>
			<xmax>615</xmax>
			<ymax>1935</ymax>
		</bndbox>
	</object>
	<object>
		<name>sp14</name>
		<pose>Unspecified</pose>
		<truncated>0</truncated>
		<difficult>0</difficult>
		<bndbox>
			<xmin>1013</xmin>
			<ymin>1384</ymin>
			<xmax>1088</xmax>
			<ymax>1457</ymax>
		</bndbox>
	</object>
	<object>
		<name>sp14</name>
		<pose>Unspecified</pose>
		<truncated>0</truncated>
		<difficult>0</difficult>
		<bndbox>
			<xmin>571</xmin>
			<ymin>758</ymin>
			<xmax>647</xmax>
			<ymax>832</ymax>
		</bndbox>
	</object>
	<object>
		<name>sp14</name>
		<pose>Unspecified</pose>
		<truncated>0</truncated>
		<difficult>0</difficult>
		<bndbox>
			<xmin>749</xmin>
			<ymin>725</ymin>
			<xmax>828</xmax>
			<ymax>801</ymax>
		</bndbox>
	</object>
	<object>
		<name>sp14</name>
		<pose>Unspecified</pose>
		<truncated>0</truncated>
		<difficult>0</difficult>
		<bndbox>
			<xmin>1161</xmin>
			<ymin>1918</ymin>
			<xmax>1231</xmax>
			<ymax>1987</ymax>
		</bndbox>
	</object>
	<object>
		<name>sp14</name>
		<pose>Unspecified</pose>
		<truncated>0</truncated>
		<difficult>0</difficult>
		<bndbox>
			<xmin>1188</xmin>
			<ymin>1442</ymin>
			<xmax>1249</xmax>
			<ymax>1507</ymax>
		</bndbox>
	</object>
	<object>
		<name>sp14</name>
		<pose>Unspecified</pose>
		<truncated>0</truncated>
		<difficult>0</difficult>
		<bndbox>
			<xmin>1224</xmin>
			<ymin>1865</ymin>
			<xmax>1285</xmax>
			<ymax>1925</ymax>
		</bndbox>
	</object>
	<object>
		<name>sp14</name>
		<pose>Unspecified</pose>
		<truncated>0</truncated>
		<difficult>0</difficult>
		<bndbox>
			<xmin>956</xmin>
			<ymin>1945</ymin>
			<xmax>1034</xmax>
			<ymax>2023</ymax>
		</bndbox>
	</object>
	<object>
		<name>sp14</name>
		<pose>Unspecified</pose>
		<truncated>0</truncated>
		<difficult>0</difficult>
		<bndbox>
			<xmin>520</xmin>
			<ymin>1636</ymin>
			<xmax>593</xmax>
			<ymax>1703</ymax>
		</bndbox>
	</object>
	<object>
		<name>sp14</name>
		<pose>Unspecified</pose>
		<truncated>0</truncated>
		<difficult>0</difficult>
		<bndbox>
			<xmin>1929</xmin>
			<ymin>332</ymin>
			<xmax>1992</xmax>
			<ymax>395</ymax>
		</bndbox>
	</object>
	<object>
		<name>sp14</name>
		<pose>Unspecified</pose>
		<truncated>0</truncated>
		<difficult>0</difficult>
		<bndbox>
			<xmin>1462</xmin>
			<ymin>1501</ymin>
			<xmax>1530</xmax>
			<ymax>1566</ymax>
		</bndbox>
	</object>
	<object>
		<name>sp14</name>
		<pose>Unspecified</pose>
		<truncated>0</truncated>
		<difficult>0</difficult>
		<bndbox>
			<xmin>1558</xmin>
			<ymin>388</ymin>
			<xmax>1618</xmax>
			<ymax>443</ymax>
		</bndbox>
	</object>
	<object>
		<name>sp14</name>
		<pose>Unspecified</pose>
		<truncated>0</truncated>
		<difficult>0</difficult>
		<bndbox>
			<xmin>2113</xmin>
			<ymin>1399</ymin>
			<xmax>2204</xmax>
			<ymax>1480</ymax>
		</bndbox>
	</object>
	<object>
		<name>sp14</name>
		<pose>Unspecified</pose>
		<truncated>0</truncated>
		<difficult>0</difficult>
		<bndbox>
			<xmin>1474</xmin>
			<ymin>79</ymin>
			<xmax>1538</xmax>
			<ymax>145</ymax>
		</bndbox>
	</object>
	<object>
		<name>sp14</name>
		<pose>Unspecified</pose>
		<truncated>0</truncated>
		<difficult>0</difficult>
		<bndbox>
			<xmin>779</xmin>
			<ymin>284</ymin>
			<xmax>851</xmax>
			<ymax>346</ymax>
		</bndbox>
	</object>
	<object>
		<name>sp14</name>
		<pose>Unspecified</pose>
		<truncated>0</truncated>
		<difficult>0</difficult>
		<bndbox>
			<xmin>1887</xmin>
			<ymin>443</ymin>
			<xmax>1952</xmax>
			<ymax>503</ymax>
		</bndbox>
	</object>
	<object>
		<name>sp14</name>
		<pose>Unspecified</pose>
		<truncated>0</truncated>
		<difficult>0</difficult>
		<bndbox>
			<xmin>972</xmin>
			<ymin>192</ymin>
			<xmax>1033</xmax>
			<ymax>249</ymax>
		</bndbox>
	</object>
	<object>
		<name>sp14</name>
		<pose>Unspecified</pose>
		<truncated>0</truncated>
		<difficult>0</difficult>
		<bndbox>
			<xmin>2274</xmin>
			<ymin>904</ymin>
			<xmax>2354</xmax>
			<ymax>981</ymax>
		</bndbox>
	</object>
	<object>
		<name>sp14</name>
		<pose>Unspecified</pose>
		<truncated>0</truncated>
		<difficult>0</difficult>
		<bndbox>
			<xmin>1034</xmin>
			<ymin>1671</ymin>
			<xmax>1094</xmax>
			<ymax>1731</ymax>
		</bndbox>
	</object>
	<object>
		<name>sp14</name>
		<pose>Unspecified</pose>
		<truncated>0</truncated>
		<difficult>0</difficult>
		<bndbox>
			<xmin>1291</xmin>
			<ymin>1964</ymin>
			<xmax>1349</xmax>
			<ymax>2026</ymax>
		</bndbox>
	</object>
	<object>
		<name>sp14</name>
		<pose>Unspecified</pose>
		<truncated>0</truncated>
		<difficult>0</difficult>
		<bndbox>
			<xmin>947</xmin>
			<ymin>603</ymin>
			<xmax>1012</xmax>
			<ymax>663</ymax>
		</bndbox>
	</object>
	<object>
		<name>sp14</name>
		<pose>Unspecified</pose>
		<truncated>0</truncated>
		<difficult>0</difficult>
		<bndbox>
			<xmin>1062</xmin>
			<ymin>288</ymin>
			<xmax>1119</xmax>
			<ymax>341</ymax>
		</bndbox>
	</object>
	<object>
		<name>sp14</name>
		<pose>Unspecified</pose>
		<truncated>0</truncated>
		<difficult>0</difficult>
		<bndbox>
			<xmin>860</xmin>
			<ymin>377</ymin>
			<xmax>923</xmax>
			<ymax>430</ymax>
		</bndbox>
	</object>
	<object>
		<name>sp14</name>
		<pose>Unspecified</pose>
		<truncated>0</truncated>
		<difficult>0</difficult>
		<bndbox>
			<xmin>860</xmin>
			<ymin>1424</ymin>
			<xmax>930</xmax>
			<ymax>1496</ymax>
		</bndbox>
	</object>
	<object>
		<name>sp14</name>
		<pose>Unspecified</pose>
		<truncated>0</truncated>
		<difficult>0</difficult>
		<bndbox>
			<xmin>1558</xmin>
			<ymin>1593</ymin>
			<xmax>1634</xmax>
			<ymax>1661</ymax>
		</bndbox>
	</object>
	<object>
		<name>sp14</name>
		<pose>Unspecified</pose>
		<truncated>0</truncated>
		<difficult>0</difficult>
		<bndbox>
			<xmin>2239</xmin>
			<ymin>732</ymin>
			<xmax>2299</xmax>
			<ymax>796</ymax>
		</bndbox>
	</object>
	<object>
		<name>sp14</name>
		<pose>Unspecified</pose>
		<truncated>0</truncated>
		<difficult>0</difficult>
		<bndbox>
			<xmin>659</xmin>
			<ymin>836</ymin>
			<xmax>732</xmax>
			<ymax>904</ymax>
		</bndbox>
	</object>
	<object>
		<name>sp14</name>
		<pose>Unspecified</pose>
		<truncated>0</truncated>
		<difficult>0</difficult>
		<bndbox>
			<xmin>1507</xmin>
			<ymin>532</ymin>
			<xmax>1567</xmax>
			<ymax>599</ymax>
		</bndbox>
	</object>
	<object>
		<name>sp14</name>
		<pose>Unspecified</pose>
		<truncated>0</truncated>
		<difficult>0</difficult>
		<bndbox>
			<xmin>1340</xmin>
			<ymin>14</ymin>
			<xmax>1384</xmax>
			<ymax>70</ymax>
		</bndbox>
	</object>
	<object>
		<name>sp14</name>
		<pose>Unspecified</pose>
		<truncated>0</truncated>
		<difficult>0</difficult>
		<bndbox>
			<xmin>1834</xmin>
			<ymin>621</ymin>
			<xmax>1899</xmax>
			<ymax>685</ymax>
		</bndbox>
	</object>
	<object>
		<name>sp14</name>
		<pose>Unspecified</pose>
		<truncated>0</truncated>
		<difficult>0</difficult>
		<bndbox>
			<xmin>974</xmin>
			<ymin>537</ymin>
			<xmax>1038</xmax>
			<ymax>589</ymax>
		</bndbox>
	</object>
	<object>
		<name>sp14</name>
		<pose>Unspecified</pose>
		<truncated>0</truncated>
		<difficult>0</difficult>
		<bndbox>
			<xmin>1489</xmin>
			<ymin>418</ymin>
			<xmax>1554</xmax>
			<ymax>472</ymax>
		</bndbox>
	</object>
	<object>
		<name>sp14</name>
		<pose>Unspecified</pose>
		<truncated>0</truncated>
		<difficult>0</difficult>
		<bndbox>
			<xmin>1703</xmin>
			<ymin>1532</ymin>
			<xmax>1775</xmax>
			<ymax>1594</ymax>
		</bndbox>
	</object>
	<object>
		<name>sp14</name>
		<pose>Unspecified</pose>
		<truncated>0</truncated>
		<difficult>0</difficult>
		<bndbox>
			<xmin>783</xmin>
			<ymin>343</ymin>
			<xmax>850</xmax>
			<ymax>399</ymax>
		</bndbox>
	</object>
	<object>
		<name>sp14</name>
		<pose>Unspecified</pose>
		<truncated>0</truncated>
		<difficult>0</difficult>
		<bndbox>
			<xmin>1106</xmin>
			<ymin>940</ymin>
			<xmax>1171</xmax>
			<ymax>1004</ymax>
		</bndbox>
	</object>
	<object>
		<name>sp14</name>
		<pose>Unspecified</pose>
		<truncated>0</truncated>
		<difficult>0</difficult>
		<bndbox>
			<xmin>2166</xmin>
			<ymin>692</ymin>
			<xmax>2231</xmax>
			<ymax>763</ymax>
		</bndbox>
	</object>
	<object>
		<name>sp14</name>
		<pose>Unspecified</pose>
		<truncated>0</truncated>
		<difficult>0</difficult>
		<bndbox>
			<xmin>1118</xmin>
			<ymin>771</ymin>
			<xmax>1181</xmax>
			<ymax>832</ymax>
		</bndbox>
	</object>
	<object>
		<name>sp14</name>
		<pose>Unspecified</pose>
		<truncated>0</truncated>
		<difficult>0</difficult>
		<bndbox>
			<xmin>2120</xmin>
			<ymin>581</ymin>
			<xmax>2187</xmax>
			<ymax>649</ymax>
		</bndbox>
	</object>
	<object>
		<name>sp14</name>
		<pose>Unspecified</pose>
		<truncated>0</truncated>
		<difficult>0</difficult>
		<bndbox>
			<xmin>1692</xmin>
			<ymin>1464</ymin>
			<xmax>1757</xmax>
			<ymax>1521</ymax>
		</bndbox>
	</object>
	<object>
		<name>sp14</name>
		<pose>Unspecified</pose>
		<truncated>0</truncated>
		<difficult>0</difficult>
		<bndbox>
			<xmin>904</xmin>
			<ymin>1572</ymin>
			<xmax>961</xmax>
			<ymax>1624</ymax>
		</bndbox>
	</object>
	<object>
		<name>sp14</name>
		<pose>Unspecified</pose>
		<truncated>0</truncated>
		<difficult>0</difficult>
		<bndbox>
			<xmin>900</xmin>
			<ymin>222</ymin>
			<xmax>959</xmax>
			<ymax>282</ymax>
		</bndbox>
	</object>
	<object>
		<name>sp14</name>
		<pose>Unspecified</pose>
		<truncated>0</truncated>
		<difficult>0</difficult>
		<bndbox>
			<xmin>750</xmin>
			<ymin>1742</ymin>
			<xmax>794</xmax>
			<ymax>1779</ymax>
		</bndbox>
	</object>
	<object>
		<name>sp14</name>
		<pose>Unspecified</pose>
		<truncated>0</truncated>
		<difficult>0</difficult>
		<bndbox>
			<xmin>1363</xmin>
			<ymin>331</ymin>
			<xmax>1414</xmax>
			<ymax>382</ymax>
		</bndbox>
	</object>
	<object>
		<name>sp14</name>
		<pose>Unspecified</pose>
		<truncated>0</truncated>
		<difficult>0</difficult>
		<bndbox>
			<xmin>837</xmin>
			<ymin>221</ymin>
			<xmax>901</xmax>
			<ymax>286</ymax>
		</bndbox>
	</object>
	<object>
		<name>sp14</name>
		<pose>Unspecified</pose>
		<truncated>0</truncated>
		<difficult>0</difficult>
		<bndbox>
			<xmin>2115</xmin>
			<ymin>774</ymin>
			<xmax>2186</xmax>
			<ymax>832</ymax>
		</bndbox>
	</object>
	<object>
		<name>sp14</name>
		<pose>Unspecified</pose>
		<truncated>0</truncated>
		<difficult>0</difficult>
		<bndbox>
			<xmin>1638</xmin>
			<ymin>1958</ymin>
			<xmax>1695</xmax>
			<ymax>2015</ymax>
		</bndbox>
	</object>
	<object>
		<name>sp14</name>
		<pose>Unspecified</pose>
		<truncated>0</truncated>
		<difficult>0</difficult>
		<bndbox>
			<xmin>1067</xmin>
			<ymin>588</ymin>
			<xmax>1129</xmax>
			<ymax>639</ymax>
		</bndbox>
	</object>
	<object>
		<name>sp14</name>
		<pose>Unspecified</pose>
		<truncated>0</truncated>
		<difficult>0</difficult>
		<bndbox>
			<xmin>1733</xmin>
			<ymin>605</ymin>
			<xmax>1799</xmax>
			<ymax>671</ymax>
		</bndbox>
	</object>
	<object>
		<name>sp14</name>
		<pose>Unspecified</pose>
		<truncated>0</truncated>
		<difficult>0</difficult>
		<bndbox>
			<xmin>1489</xmin>
			<ymin>275</ymin>
			<xmax>1538</xmax>
			<ymax>319</ymax>
		</bndbox>
	</object>
	<object>
		<name>sp14</name>
		<pose>Unspecified</pose>
		<truncated>0</truncated>
		<difficult>0</difficult>
		<bndbox>
			<xmin>1449</xmin>
			<ymin>261</ymin>
			<xmax>1498</xmax>
			<ymax>312</ymax>
		</bndbox>
	</object>
	<object>
		<name>sp14</name>
		<pose>Unspecified</pose>
		<truncated>0</truncated>
		<difficult>0</difficult>
		<bndbox>
			<xmin>1514</xmin>
			<ymin>208</ymin>
			<xmax>1566</xmax>
			<ymax>258</ymax>
		</bndbox>
	</object>
	<object>
		<name>sp14</name>
		<pose>Unspecified</pose>
		<truncated>0</truncated>
		<difficult>0</difficult>
		<bndbox>
			<xmin>999</xmin>
			<ymin>353</ymin>
			<xmax>1050</xmax>
			<ymax>407</ymax>
		</bndbox>
	</object>
	<object>
		<name>sp14</name>
		<pose>Unspecified</pose>
		<truncated>0</truncated>
		<difficult>0</difficult>
		<bndbox>
			<xmin>844</xmin>
			<ymin>1777</ymin>
			<xmax>909</xmax>
			<ymax>1832</ymax>
		</bndbox>
	</object>
	<object>
		<name>sp14</name>
		<pose>Unspecified</pose>
		<truncated>0</truncated>
		<difficult>0</difficult>
		<bndbox>
			<xmin>969</xmin>
			<ymin>1707</ymin>
			<xmax>1021</xmax>
			<ymax>1738</ymax>
		</bndbox>
	</object>
	<object>
		<name>sp14</name>
		<pose>Unspecified</pose>
		<truncated>0</truncated>
		<difficult>0</difficult>
		<bndbox>
			<xmin>1082</xmin>
			<ymin>1747</ymin>
			<xmax>1131</xmax>
			<ymax>1789</ymax>
		</bndbox>
	</object>
	<object>
		<name>sp14</name>
		<pose>Unspecified</pose>
		<truncated>0</truncated>
		<difficult>0</difficult>
		<bndbox>
			<xmin>981</xmin>
			<ymin>843</ymin>
			<xmax>1045</xmax>
			<ymax>902</ymax>
		</bndbox>
	</object>
	<object>
		<name>sp14</name>
		<pose>Unspecified</pose>
		<truncated>0</truncated>
		<difficult>0</difficult>
		<bndbox>
			<xmin>1635</xmin>
			<ymin>1803</ymin>
			<xmax>1686</xmax>
			<ymax>1855</ymax>
		</bndbox>
	</object>
	<object>
		<name>sp14</name>
		<pose>Unspecified</pose>
		<truncated>0</truncated>
		<difficult>0</difficult>
		<bndbox>
			<xmin>1034</xmin>
			<ymin>1837</ymin>
			<xmax>1096</xmax>
			<ymax>1894</ymax>
		</bndbox>
	</object>
	<object>
		<name>sp14</name>
		<pose>Unspecified</pose>
		<truncated>0</truncated>
		<difficult>0</difficult>
		<bndbox>
			<xmin>1558</xmin>
			<ymin>551</ymin>
			<xmax>1608</xmax>
			<ymax>604</ymax>
		</bndbox>
	</object>
	<object>
		<name>sp14</name>
		<pose>Unspecified</pose>
		<truncated>0</truncated>
		<difficult>0</difficult>
		<bndbox>
			<xmin>1106</xmin>
			<ymin>541</ymin>
			<xmax>1156</xmax>
			<ymax>586</ymax>
		</bndbox>
	</object>
	<object>
		<name>sp14</name>
		<pose>Unspecified</pose>
		<truncated>0</truncated>
		<difficult>0</difficult>
		<bndbox>
			<xmin>1281</xmin>
			<ymin>565</ymin>
			<xmax>1336</xmax>
			<ymax>620</ymax>
		</bndbox>
	</object>
	<object>
		<name>sp14</name>
		<pose>Unspecified</pose>
		<truncated>0</truncated>
		<difficult>0</difficult>
		<bndbox>
			<xmin>825</xmin>
			<ymin>1742</ymin>
			<xmax>873</xmax>
			<ymax>1784</ymax>
		</bndbox>
	</object>
	<object>
		<name>sp14</name>
		<pose>Unspecified</pose>
		<truncated>0</truncated>
		<difficult>0</difficult>
		<bndbox>
			<xmin>1351</xmin>
			<ymin>473</ymin>
			<xmax>1412</xmax>
			<ymax>527</ymax>
		</bndbox>
	</object>
	<object>
		<name>sp14</name>
		<pose>Unspecified</pose>
		<truncated>0</truncated>
		<difficult>0</difficult>
		<bndbox>
			<xmin>1131</xmin>
			<ymin>418</ymin>
			<xmax>1179</xmax>
			<ymax>465</ymax>
		</bndbox>
	</object>
	<object>
		<name>sp14</name>
		<pose>Unspecified</pose>
		<truncated>0</truncated>
		<difficult>0</difficult>
		<bndbox>
			<xmin>1241</xmin>
			<ymin>450</ymin>
			<xmax>1294</xmax>
			<ymax>500</ymax>
		</bndbox>
	</object>
	<object>
		<name>sp14</name>
		<pose>Unspecified</pose>
		<truncated>0</truncated>
		<difficult>0</difficult>
		<bndbox>
			<xmin>680</xmin>
			<ymin>921</ymin>
			<xmax>739</xmax>
			<ymax>983</ymax>
		</bndbox>
	</object>
	<object>
		<name>sp14</name>
		<pose>Unspecified</pose>
		<truncated>0</truncated>
		<difficult>0</difficult>
		<bndbox>
			<xmin>1222</xmin>
			<ymin>367</ymin>
			<xmax>1272</xmax>
			<ymax>406</ymax>
		</bndbox>
	</object>
	<object>
		<name>sp14</name>
		<pose>Unspecified</pose>
		<truncated>0</truncated>
		<difficult>0</difficult>
		<bndbox>
			<xmin>1038</xmin>
			<ymin>400</ymin>
			<xmax>1085</xmax>
			<ymax>446</ymax>
		</bndbox>
	</object>
	<object>
		<name>sp14</name>
		<pose>Unspecified</pose>
		<truncated>0</truncated>
		<difficult>0</difficult>
		<bndbox>
			<xmin>858</xmin>
			<ymin>292</ymin>
			<xmax>917</xmax>
			<ymax>341</ymax>
		</bndbox>
	</object>
	<object>
		<name>sp14</name>
		<pose>Unspecified</pose>
		<truncated>0</truncated>
		<difficult>0</difficult>
		<bndbox>
			<xmin>1288</xmin>
			<ymin>412</ymin>
			<xmax>1338</xmax>
			<ymax>457</ymax>
		</bndbox>
	</object>
	<object>
		<name>sp14</name>
		<pose>Unspecified</pose>
		<truncated>0</truncated>
		<difficult>0</difficult>
		<bndbox>
			<xmin>1935</xmin>
			<ymin>408</ymin>
			<xmax>1990</xmax>
			<ymax>485</ymax>
		</bndbox>
	</object>
	<object>
		<name>sp14</name>
		<pose>Unspecified</pose>
		<truncated>0</truncated>
		<difficult>0</difficult>
		<bndbox>
			<xmin>1689</xmin>
			<ymin>1986</ymin>
			<xmax>1730</xmax>
			<ymax>2044</ymax>
		</bndbox>
	</object>
	<object>
		<name>sp14</name>
		<pose>Unspecified</pose>
		<truncated>0</truncated>
		<difficult>0</difficult>
		<bndbox>
			<xmin>1063</xmin>
			<ymin>458</ymin>
			<xmax>1110</xmax>
			<ymax>503</ymax>
		</bndbox>
	</object>
	<object>
		<name>sp14</name>
		<pose>Unspecified</pose>
		<truncated>0</truncated>
		<difficult>0</difficult>
		<bndbox>
			<xmin>978</xmin>
			<ymin>1632</ymin>
			<xmax>1036</xmax>
			<ymax>1683</ymax>
		</bndbox>
	</object>
	<object>
		<name>sp14</name>
		<pose>Unspecified</pose>
		<truncated>0</truncated>
		<difficult>0</difficult>
		<bndbox>
			<xmin>1116</xmin>
			<ymin>466</ymin>
			<xmax>1168</xmax>
			<ymax>514</ymax>
		</bndbox>
	</object>
	<object>
		<name>sp14</name>
		<pose>Unspecified</pose>
		<truncated>0</truncated>
		<difficult>0</difficult>
		<bndbox>
			<xmin>1380</xmin>
			<ymin>404</ymin>
			<xmax>1430</xmax>
			<ymax>452</ymax>
		</bndbox>
	</object>
	<object>
		<name>sp14</name>
		<pose>Unspecified</pose>
		<truncated>0</truncated>
		<difficult>0</difficult>
		<bndbox>
			<xmin>1428</xmin>
			<ymin>396</ymin>
			<xmax>1477</xmax>
			<ymax>443</ymax>
		</bndbox>
	</object>
</annotation>