<annotation>
	<folder>my-project-name</folder>
	<filename>sp14_img03.jpg</filename>
	<path>/my-project-name/sp14_img03.jpg</path>
	<source>
		<database>Unspecified</database>
	</source>
	<size>
		<width>2374</width>
		<height>2377</height>
		<depth>3</depth>
	</size>
	<object>
		<name>sp14</name>
		<pose>Unspecified</pose>
		<truncated>0</truncated>
		<difficult>0</difficult>
		<bndbox>
			<xmin>975</xmin>
			<ymin>198</ymin>
			<xmax>1059</xmax>
			<ymax>282</ymax>
		</bndbox>
	</object>
	<object>
		<name>sp14</name>
		<pose>Unspecified</pose>
		<truncated>0</truncated>
		<difficult>0</difficult>
		<bndbox>
			<xmin>494</xmin>
			<ymin>578</ymin>
			<xmax>565</xmax>
			<ymax>642</ymax>
		</bndbox>
	</object>
	<object>
		<name>sp14</name>
		<pose>Unspecified</pose>
		<truncated>0</truncated>
		<difficult>0</difficult>
		<bndbox>
			<xmin>1305</xmin>
			<ymin>1167</ymin>
			<xmax>1369</xmax>
			<ymax>1271</ymax>
		</bndbox>
	</object>
	<object>
		<name>sp14</name>
		<pose>Unspecified</pose>
		<truncated>0</truncated>
		<difficult>0</difficult>
		<bndbox>
			<xmin>1920</xmin>
			<ymin>1355</ymin>
			<xmax>1997</xmax>
			<ymax>1442</ymax>
		</bndbox>
	</object>
	<object>
		<name>sp14</name>
		<pose>Unspecified</pose>
		<truncated>0</truncated>
		<difficult>0</difficult>
		<bndbox>
			<xmin>1691</xmin>
			<ymin>1426</ymin>
			<xmax>1778</xmax>
			<ymax>1500</ymax>
		</bndbox>
	</object>
	<object>
		<name>sp14</name>
		<pose>Unspecified</pose>
		<truncated>0</truncated>
		<difficult>0</difficult>
		<bndbox>
			<xmin>1587</xmin>
			<ymin>1553</ymin>
			<xmax>1658</xmax>
			<ymax>1624</ymax>
		</bndbox>
	</object>
	<object>
		<name>sp14</name>
		<pose>Unspecified</pose>
		<truncated>0</truncated>
		<difficult>0</difficult>
		<bndbox>
			<xmin>1691</xmin>
			<ymin>1560</ymin>
			<xmax>1782</xmax>
			<ymax>1641</ymax>
		</bndbox>
	</object>
	<object>
		<name>sp14</name>
		<pose>Unspecified</pose>
		<truncated>0</truncated>
		<difficult>0</difficult>
		<bndbox>
			<xmin>1150</xmin>
			<ymin>1742</ymin>
			<xmax>1224</xmax>
			<ymax>1809</ymax>
		</bndbox>
	</object>
	<object>
		<name>sp14</name>
		<pose>Unspecified</pose>
		<truncated>0</truncated>
		<difficult>0</difficult>
		<bndbox>
			<xmin>1651</xmin>
			<ymin>1705</ymin>
			<xmax>1718</xmax>
			<ymax>1786</ymax>
		</bndbox>
	</object>
	<object>
		<name>sp14</name>
		<pose>Unspecified</pose>
		<truncated>0</truncated>
		<difficult>0</difficult>
		<bndbox>
			<xmin>1765</xmin>
			<ymin>1795</ymin>
			<xmax>1839</xmax>
			<ymax>1862</ymax>
		</bndbox>
	</object>
	<object>
		<name>sp14</name>
		<pose>Unspecified</pose>
		<truncated>0</truncated>
		<difficult>0</difficult>
		<bndbox>
			<xmin>2196</xmin>
			<ymin>1651</ymin>
			<xmax>2267</xmax>
			<ymax>1695</ymax>
		</bndbox>
	</object>
	<object>
		<name>sp14</name>
		<pose>Unspecified</pose>
		<truncated>0</truncated>
		<difficult>0</difficult>
		<bndbox>
			<xmin>1352</xmin>
			<ymin>2121</ymin>
			<xmax>1406</xmax>
			<ymax>2185</ymax>
		</bndbox>
	</object>
	<object>
		<name>sp14</name>
		<pose>Unspecified</pose>
		<truncated>0</truncated>
		<difficult>0</difficult>
		<bndbox>
			<xmin>289</xmin>
			<ymin>1859</ymin>
			<xmax>343</xmax>
			<ymax>1923</ymax>
		</bndbox>
	</object>
	<object>
		<name>sp14</name>
		<pose>Unspecified</pose>
		<truncated>0</truncated>
		<difficult>0</difficult>
		<bndbox>
			<xmin>323</xmin>
			<ymin>1916</ymin>
			<xmax>377</xmax>
			<ymax>1987</ymax>
		</bndbox>
	</object>
</annotation>