<annotation>
	<folder>my-project-name</folder>
	<filename>sp14_img13.jpg</filename>
	<path>/my-project-name/sp14_img13.jpg</path>
	<source>
		<database>Unspecified</database>
	</source>
	<size>
		<width>2243</width>
		<height>2220</height>
		<depth>3</depth>
	</size>
	<object>
		<name>sp14</name>
		<pose>Unspecified</pose>
		<truncated>0</truncated>
		<difficult>0</difficult>
		<bndbox>
			<xmin>1287</xmin>
			<ymin>605</ymin>
			<xmax>1331</xmax>
			<ymax>662</ymax>
		</bndbox>
	</object>
	<object>
		<name>sp14</name>
		<pose>Unspecified</pose>
		<truncated>0</truncated>
		<difficult>0</difficult>
		<bndbox>
			<xmin>376</xmin>
			<ymin>799</ymin>
			<xmax>498</xmax>
			<ymax>906</ymax>
		</bndbox>
	</object>
	<object>
		<name>sp14</name>
		<pose>Unspecified</pose>
		<truncated>0</truncated>
		<difficult>0</difficult>
		<bndbox>
			<xmin>1646</xmin>
			<ymin>663</ymin>
			<xmax>1757</xmax>
			<ymax>765</ymax>
		</bndbox>
	</object>
	<object>
		<name>sp14</name>
		<pose>Unspecified</pose>
		<truncated>0</truncated>
		<difficult>0</difficult>
		<bndbox>
			<xmin>935</xmin>
			<ymin>394</ymin>
			<xmax>1060</xmax>
			<ymax>489</ymax>
		</bndbox>
	</object>
	<object>
		<name>sp14</name>
		<pose>Unspecified</pose>
		<truncated>0</truncated>
		<difficult>0</difficult>
		<bndbox>
			<xmin>982</xmin>
			<ymin>528</ymin>
			<xmax>1055</xmax>
			<ymax>620</ymax>
		</bndbox>
	</object>
	<object>
		<name>sp14</name>
		<pose>Unspecified</pose>
		<truncated>0</truncated>
		<difficult>0</difficult>
		<bndbox>
			<xmin>990</xmin>
			<ymin>1629</ymin>
			<xmax>1080</xmax>
			<ymax>1742</ymax>
		</bndbox>
	</object>
	<object>
		<name>sp14</name>
		<pose>Unspecified</pose>
		<truncated>0</truncated>
		<difficult>0</difficult>
		<bndbox>
			<xmin>1268</xmin>
			<ymin>1969</ymin>
			<xmax>1355</xmax>
			<ymax>2074</ymax>
		</bndbox>
	</object>
	<object>
		<name>sp14</name>
		<pose>Unspecified</pose>
		<truncated>0</truncated>
		<difficult>0</difficult>
		<bndbox>
			<xmin>698</xmin>
			<ymin>786</ymin>
			<xmax>794</xmax>
			<ymax>874</ymax>
		</bndbox>
	</object>
	<object>
		<name>sp14</name>
		<pose>Unspecified</pose>
		<truncated>0</truncated>
		<difficult>0</difficult>
		<bndbox>
			<xmin>924</xmin>
			<ymin>324</ymin>
			<xmax>1028</xmax>
			<ymax>416</ymax>
		</bndbox>
	</object>
	<object>
		<name>sp14</name>
		<pose>Unspecified</pose>
		<truncated>0</truncated>
		<difficult>0</difficult>
		<bndbox>
			<xmin>976</xmin>
			<ymin>677</ymin>
			<xmax>1065</xmax>
			<ymax>787</ymax>
		</bndbox>
	</object>
	<object>
		<name>sp14</name>
		<pose>Unspecified</pose>
		<truncated>0</truncated>
		<difficult>0</difficult>
		<bndbox>
			<xmin>1012</xmin>
			<ymin>75</ymin>
			<xmax>1126</xmax>
			<ymax>183</ymax>
		</bndbox>
	</object>
	<object>
		<name>sp14</name>
		<pose>Unspecified</pose>
		<truncated>0</truncated>
		<difficult>0</difficult>
		<bndbox>
			<xmin>1225</xmin>
			<ymin>1858</ymin>
			<xmax>1340</xmax>
			<ymax>1951</ymax>
		</bndbox>
	</object>
	<object>
		<name>sp14</name>
		<pose>Unspecified</pose>
		<truncated>0</truncated>
		<difficult>0</difficult>
		<bndbox>
			<xmin>1974</xmin>
			<ymin>1189</ymin>
			<xmax>2063</xmax>
			<ymax>1307</ymax>
		</bndbox>
	</object>
	<object>
		<name>sp14</name>
		<pose>Unspecified</pose>
		<truncated>0</truncated>
		<difficult>0</difficult>
		<bndbox>
			<xmin>400</xmin>
			<ymin>884</ymin>
			<xmax>508</xmax>
			<ymax>983</ymax>
		</bndbox>
	</object>
	<object>
		<name>sp14</name>
		<pose>Unspecified</pose>
		<truncated>0</truncated>
		<difficult>0</difficult>
		<bndbox>
			<xmin>1325</xmin>
			<ymin>562</ymin>
			<xmax>1406</xmax>
			<ymax>653</ymax>
		</bndbox>
	</object>
	<object>
		<name>sp14</name>
		<pose>Unspecified</pose>
		<truncated>0</truncated>
		<difficult>0</difficult>
		<bndbox>
			<xmin>1168</xmin>
			<ymin>1834</ymin>
			<xmax>1227</xmax>
			<ymax>1918</ymax>
		</bndbox>
	</object>
	<object>
		<name>sp14</name>
		<pose>Unspecified</pose>
		<truncated>0</truncated>
		<difficult>0</difficult>
		<bndbox>
			<xmin>1152</xmin>
			<ymin>280</ymin>
			<xmax>1244</xmax>
			<ymax>378</ymax>
		</bndbox>
	</object>
	<object>
		<name>sp14</name>
		<pose>Unspecified</pose>
		<truncated>0</truncated>
		<difficult>0</difficult>
		<bndbox>
			<xmin>1440</xmin>
			<ymin>254</ymin>
			<xmax>1540</xmax>
			<ymax>371</ymax>
		</bndbox>
	</object>
	<object>
		<name>sp14</name>
		<pose>Unspecified</pose>
		<truncated>0</truncated>
		<difficult>0</difficult>
		<bndbox>
			<xmin>1514</xmin>
			<ymin>1451</ymin>
			<xmax>1627</xmax>
			<ymax>1585</ymax>
		</bndbox>
	</object>
	<object>
		<name>sp14</name>
		<pose>Unspecified</pose>
		<truncated>0</truncated>
		<difficult>0</difficult>
		<bndbox>
			<xmin>1217</xmin>
			<ymin>340</ymin>
			<xmax>1310</xmax>
			<ymax>430</ymax>
		</bndbox>
	</object>
	<object>
		<name>sp14</name>
		<pose>Unspecified</pose>
		<truncated>0</truncated>
		<difficult>0</difficult>
		<bndbox>
			<xmin>1939</xmin>
			<ymin>470</ymin>
			<xmax>2070</xmax>
			<ymax>580</ymax>
		</bndbox>
	</object>
	<object>
		<name>sp14</name>
		<pose>Unspecified</pose>
		<truncated>0</truncated>
		<difficult>0</difficult>
		<bndbox>
			<xmin>677</xmin>
			<ymin>856</ymin>
			<xmax>785</xmax>
			<ymax>971</ymax>
		</bndbox>
	</object>
	<object>
		<name>sp14</name>
		<pose>Unspecified</pose>
		<truncated>0</truncated>
		<difficult>0</difficult>
		<bndbox>
			<xmin>1525</xmin>
			<ymin>1720</ymin>
			<xmax>1596</xmax>
			<ymax>1804</ymax>
		</bndbox>
	</object>
	<object>
		<name>sp14</name>
		<pose>Unspecified</pose>
		<truncated>0</truncated>
		<difficult>0</difficult>
		<bndbox>
			<xmin>537</xmin>
			<ymin>1398</ymin>
			<xmax>602</xmax>
			<ymax>1483</ymax>
		</bndbox>
	</object>
	<object>
		<name>sp14</name>
		<pose>Unspecified</pose>
		<truncated>0</truncated>
		<difficult>0</difficult>
		<bndbox>
			<xmin>1338</xmin>
			<ymin>306</ymin>
			<xmax>1435</xmax>
			<ymax>391</ymax>
		</bndbox>
	</object>
	<object>
		<name>sp14</name>
		<pose>Unspecified</pose>
		<truncated>0</truncated>
		<difficult>0</difficult>
		<bndbox>
			<xmin>1347</xmin>
			<ymin>968</ymin>
			<xmax>1417</xmax>
			<ymax>1045</ymax>
		</bndbox>
	</object>
	<object>
		<name>sp14</name>
		<pose>Unspecified</pose>
		<truncated>0</truncated>
		<difficult>0</difficult>
		<bndbox>
			<xmin>1517</xmin>
			<ymin>882</ymin>
			<xmax>1599</xmax>
			<ymax>951</ymax>
		</bndbox>
	</object>
	<object>
		<name>sp14</name>
		<pose>Unspecified</pose>
		<truncated>0</truncated>
		<difficult>0</difficult>
		<bndbox>
			<xmin>430</xmin>
			<ymin>1544</ymin>
			<xmax>520</xmax>
			<ymax>1660</ymax>
		</bndbox>
	</object>
	<object>
		<name>sp14</name>
		<pose>Unspecified</pose>
		<truncated>0</truncated>
		<difficult>0</difficult>
		<bndbox>
			<xmin>1274</xmin>
			<ymin>784</ymin>
			<xmax>1338</xmax>
			<ymax>861</ymax>
		</bndbox>
	</object>
	<object>
		<name>sp14</name>
		<pose>Unspecified</pose>
		<truncated>0</truncated>
		<difficult>0</difficult>
		<bndbox>
			<xmin>1439</xmin>
			<ymin>1769</ymin>
			<xmax>1510</xmax>
			<ymax>1876</ymax>
		</bndbox>
	</object>
	<object>
		<name>sp14</name>
		<pose>Unspecified</pose>
		<truncated>0</truncated>
		<difficult>0</difficult>
		<bndbox>
			<xmin>710</xmin>
			<ymin>1077</ymin>
			<xmax>790</xmax>
			<ymax>1176</ymax>
		</bndbox>
	</object>
	<object>
		<name>sp14</name>
		<pose>Unspecified</pose>
		<truncated>0</truncated>
		<difficult>0</difficult>
		<bndbox>
			<xmin>700</xmin>
			<ymin>1610</ymin>
			<xmax>785</xmax>
			<ymax>1680</ymax>
		</bndbox>
	</object>
	<object>
		<name>sp14</name>
		<pose>Unspecified</pose>
		<truncated>0</truncated>
		<difficult>0</difficult>
		<bndbox>
			<xmin>1274</xmin>
			<ymin>242</ymin>
			<xmax>1360</xmax>
			<ymax>325</ymax>
		</bndbox>
	</object>
	<object>
		<name>sp14</name>
		<pose>Unspecified</pose>
		<truncated>0</truncated>
		<difficult>0</difficult>
		<bndbox>
			<xmin>1811</xmin>
			<ymin>1480</ymin>
			<xmax>1923</xmax>
			<ymax>1616</ymax>
		</bndbox>
	</object>
	<object>
		<name>sp14</name>
		<pose>Unspecified</pose>
		<truncated>0</truncated>
		<difficult>0</difficult>
		<bndbox>
			<xmin>1362</xmin>
			<ymin>240</ymin>
			<xmax>1437</xmax>
			<ymax>312</ymax>
		</bndbox>
	</object>
	<object>
		<name>sp14</name>
		<pose>Unspecified</pose>
		<truncated>0</truncated>
		<difficult>0</difficult>
		<bndbox>
			<xmin>1866</xmin>
			<ymin>571</ymin>
			<xmax>1965</xmax>
			<ymax>671</ymax>
		</bndbox>
	</object>
	<object>
		<name>sp14</name>
		<pose>Unspecified</pose>
		<truncated>0</truncated>
		<difficult>0</difficult>
		<bndbox>
			<xmin>729</xmin>
			<ymin>352</ymin>
			<xmax>846</xmax>
			<ymax>471</ymax>
		</bndbox>
	</object>
	<object>
		<name>sp14</name>
		<pose>Unspecified</pose>
		<truncated>0</truncated>
		<difficult>0</difficult>
		<bndbox>
			<xmin>1970</xmin>
			<ymin>1104</ymin>
			<xmax>2069</xmax>
			<ymax>1194</ymax>
		</bndbox>
	</object>
	<object>
		<name>sp14</name>
		<pose>Unspecified</pose>
		<truncated>0</truncated>
		<difficult>0</difficult>
		<bndbox>
			<xmin>1184</xmin>
			<ymin>65</ymin>
			<xmax>1301</xmax>
			<ymax>194</ymax>
		</bndbox>
	</object>
	<object>
		<name>sp14</name>
		<pose>Unspecified</pose>
		<truncated>0</truncated>
		<difficult>0</difficult>
		<bndbox>
			<xmin>1696</xmin>
			<ymin>1715</ymin>
			<xmax>1763</xmax>
			<ymax>1819</ymax>
		</bndbox>
	</object>
	<object>
		<name>sp14</name>
		<pose>Unspecified</pose>
		<truncated>0</truncated>
		<difficult>0</difficult>
		<bndbox>
			<xmin>1285</xmin>
			<ymin>645</ymin>
			<xmax>1379</xmax>
			<ymax>738</ymax>
		</bndbox>
	</object>
	<object>
		<name>sp14</name>
		<pose>Unspecified</pose>
		<truncated>0</truncated>
		<difficult>0</difficult>
		<bndbox>
			<xmin>1893</xmin>
			<ymin>819</ymin>
			<xmax>1997</xmax>
			<ymax>937</ymax>
		</bndbox>
	</object>
	<object>
		<name>sp14</name>
		<pose>Unspecified</pose>
		<truncated>0</truncated>
		<difficult>0</difficult>
		<bndbox>
			<xmin>779</xmin>
			<ymin>1634</ymin>
			<xmax>867</xmax>
			<ymax>1725</ymax>
		</bndbox>
	</object>
	<object>
		<name>sp14</name>
		<pose>Unspecified</pose>
		<truncated>0</truncated>
		<difficult>0</difficult>
		<bndbox>
			<xmin>1806</xmin>
			<ymin>517</ymin>
			<xmax>1888</xmax>
			<ymax>622</ymax>
		</bndbox>
	</object>
	<object>
		<name>sp14</name>
		<pose>Unspecified</pose>
		<truncated>0</truncated>
		<difficult>0</difficult>
		<bndbox>
			<xmin>1055</xmin>
			<ymin>1583</ymin>
			<xmax>1142</xmax>
			<ymax>1658</ymax>
		</bndbox>
	</object>
	<object>
		<name>sp14</name>
		<pose>Unspecified</pose>
		<truncated>0</truncated>
		<difficult>0</difficult>
		<bndbox>
			<xmin>1137</xmin>
			<ymin>-20</ymin>
			<xmax>1255</xmax>
			<ymax>84</ymax>
		</bndbox>
	</object>
	<object>
		<name>sp14</name>
		<pose>Unspecified</pose>
		<truncated>0</truncated>
		<difficult>0</difficult>
		<bndbox>
			<xmin>1208</xmin>
			<ymin>2051</ymin>
			<xmax>1315</xmax>
			<ymax>2165</ymax>
		</bndbox>
	</object>
	<object>
		<name>sp14</name>
		<pose>Unspecified</pose>
		<truncated>0</truncated>
		<difficult>0</difficult>
		<bndbox>
			<xmin>1092</xmin>
			<ymin>398</ymin>
			<xmax>1198</xmax>
			<ymax>494</ymax>
		</bndbox>
	</object>
	<object>
		<name>sp14</name>
		<pose>Unspecified</pose>
		<truncated>0</truncated>
		<difficult>0</difficult>
		<bndbox>
			<xmin>607</xmin>
			<ymin>444</ymin>
			<xmax>736</xmax>
			<ymax>545</ymax>
		</bndbox>
	</object>
	<object>
		<name>sp14</name>
		<pose>Unspecified</pose>
		<truncated>0</truncated>
		<difficult>0</difficult>
		<bndbox>
			<xmin>1611</xmin>
			<ymin>720</ymin>
			<xmax>1711</xmax>
			<ymax>807</ymax>
		</bndbox>
	</object>
	<object>
		<name>sp14</name>
		<pose>Unspecified</pose>
		<truncated>0</truncated>
		<difficult>0</difficult>
		<bndbox>
			<xmin>710</xmin>
			<ymin>1531</ymin>
			<xmax>802</xmax>
			<ymax>1597</ymax>
		</bndbox>
	</object>
	<object>
		<name>sp14</name>
		<pose>Unspecified</pose>
		<truncated>0</truncated>
		<difficult>0</difficult>
		<bndbox>
			<xmin>1019</xmin>
			<ymin>603</ymin>
			<xmax>1095</xmax>
			<ymax>693</ymax>
		</bndbox>
	</object>
	<object>
		<name>sp14</name>
		<pose>Unspecified</pose>
		<truncated>0</truncated>
		<difficult>0</difficult>
		<bndbox>
			<xmin>959</xmin>
			<ymin>779</ymin>
			<xmax>1061</xmax>
			<ymax>887</ymax>
		</bndbox>
	</object>
	<object>
		<name>sp14</name>
		<pose>Unspecified</pose>
		<truncated>0</truncated>
		<difficult>0</difficult>
		<bndbox>
			<xmin>1159</xmin>
			<ymin>533</ymin>
			<xmax>1221</xmax>
			<ymax>648</ymax>
		</bndbox>
	</object>
	<object>
		<name>sp14</name>
		<pose>Unspecified</pose>
		<truncated>0</truncated>
		<difficult>0</difficult>
		<bndbox>
			<xmin>830</xmin>
			<ymin>1905</ymin>
			<xmax>951</xmax>
			<ymax>2028</ymax>
		</bndbox>
	</object>
	<object>
		<name>sp14</name>
		<pose>Unspecified</pose>
		<truncated>0</truncated>
		<difficult>0</difficult>
		<bndbox>
			<xmin>1610</xmin>
			<ymin>1000</ymin>
			<xmax>1700</xmax>
			<ymax>1076</ymax>
		</bndbox>
	</object>
	<object>
		<name>sp14</name>
		<pose>Unspecified</pose>
		<truncated>0</truncated>
		<difficult>0</difficult>
		<bndbox>
			<xmin>326</xmin>
			<ymin>1536</ymin>
			<xmax>400</xmax>
			<ymax>1660</ymax>
		</bndbox>
	</object>
	<object>
		<name>sp14</name>
		<pose>Unspecified</pose>
		<truncated>0</truncated>
		<difficult>0</difficult>
		<bndbox>
			<xmin>659</xmin>
			<ymin>964</ymin>
			<xmax>754</xmax>
			<ymax>1083</ymax>
		</bndbox>
	</object>
	<object>
		<name>sp14</name>
		<pose>Unspecified</pose>
		<truncated>0</truncated>
		<difficult>0</difficult>
		<bndbox>
			<xmin>1310</xmin>
			<ymin>1785</ymin>
			<xmax>1422</xmax>
			<ymax>1896</ymax>
		</bndbox>
	</object>
	<object>
		<name>sp14</name>
		<pose>Unspecified</pose>
		<truncated>0</truncated>
		<difficult>0</difficult>
		<bndbox>
			<xmin>1752</xmin>
			<ymin>1550</ymin>
			<xmax>1825</xmax>
			<ymax>1650</ymax>
		</bndbox>
	</object>
	<object>
		<name>sp14</name>
		<pose>Unspecified</pose>
		<truncated>0</truncated>
		<difficult>0</difficult>
		<bndbox>
			<xmin>1837</xmin>
			<ymin>918</ymin>
			<xmax>1913</xmax>
			<ymax>1000</ymax>
		</bndbox>
	</object>
	<object>
		<name>sp14</name>
		<pose>Unspecified</pose>
		<truncated>0</truncated>
		<difficult>0</difficult>
		<bndbox>
			<xmin>1667</xmin>
			<ymin>1244</ymin>
			<xmax>1735</xmax>
			<ymax>1324</ymax>
		</bndbox>
	</object>
	<object>
		<name>sp14</name>
		<pose>Unspecified</pose>
		<truncated>0</truncated>
		<difficult>0</difficult>
		<bndbox>
			<xmin>1608</xmin>
			<ymin>404</ymin>
			<xmax>1704</xmax>
			<ymax>527</ymax>
		</bndbox>
	</object>
	<object>
		<name>sp14</name>
		<pose>Unspecified</pose>
		<truncated>0</truncated>
		<difficult>0</difficult>
		<bndbox>
			<xmin>1624</xmin>
			<ymin>1696</ymin>
			<xmax>1697</xmax>
			<ymax>1788</ymax>
		</bndbox>
	</object>
	<object>
		<name>sp14</name>
		<pose>Unspecified</pose>
		<truncated>0</truncated>
		<difficult>0</difficult>
		<bndbox>
			<xmin>646</xmin>
			<ymin>351</ymin>
			<xmax>739</xmax>
			<ymax>453</ymax>
		</bndbox>
	</object>
	<object>
		<name>sp14</name>
		<pose>Unspecified</pose>
		<truncated>0</truncated>
		<difficult>0</difficult>
		<bndbox>
			<xmin>1551</xmin>
			<ymin>1878</ymin>
			<xmax>1661</xmax>
			<ymax>1997</ymax>
		</bndbox>
	</object>
	<object>
		<name>sp14</name>
		<pose>Unspecified</pose>
		<truncated>0</truncated>
		<difficult>0</difficult>
		<bndbox>
			<xmin>2044</xmin>
			<ymin>1211</ymin>
			<xmax>2148</xmax>
			<ymax>1315</ymax>
		</bndbox>
	</object>
	<object>
		<name>sp14</name>
		<pose>Unspecified</pose>
		<truncated>0</truncated>
		<difficult>0</difficult>
		<bndbox>
			<xmin>869</xmin>
			<ymin>771</ymin>
			<xmax>947</xmax>
			<ymax>884</ymax>
		</bndbox>
	</object>
	<object>
		<name>sp14</name>
		<pose>Unspecified</pose>
		<truncated>0</truncated>
		<difficult>0</difficult>
		<bndbox>
			<xmin>394</xmin>
			<ymin>1232</ymin>
			<xmax>474</xmax>
			<ymax>1313</ymax>
		</bndbox>
	</object>
	<object>
		<name>sp14</name>
		<pose>Unspecified</pose>
		<truncated>0</truncated>
		<difficult>0</difficult>
		<bndbox>
			<xmin>1904</xmin>
			<ymin>1104</ymin>
			<xmax>1990</xmax>
			<ymax>1208</ymax>
		</bndbox>
	</object>
	<object>
		<name>sp14</name>
		<pose>Unspecified</pose>
		<truncated>0</truncated>
		<difficult>0</difficult>
		<bndbox>
			<xmin>1400</xmin>
			<ymin>2022</ymin>
			<xmax>1499</xmax>
			<ymax>2154</ymax>
		</bndbox>
	</object>
	<object>
		<name>sp14</name>
		<pose>Unspecified</pose>
		<truncated>0</truncated>
		<difficult>0</difficult>
		<bndbox>
			<xmin>1978</xmin>
			<ymin>588</ymin>
			<xmax>2110</xmax>
			<ymax>722</ymax>
		</bndbox>
	</object>
	<object>
		<name>sp14</name>
		<pose>Unspecified</pose>
		<truncated>0</truncated>
		<difficult>0</difficult>
		<bndbox>
			<xmin>1893</xmin>
			<ymin>676</ymin>
			<xmax>1990</xmax>
			<ymax>801</ymax>
		</bndbox>
	</object>
	<object>
		<name>sp14</name>
		<pose>Unspecified</pose>
		<truncated>0</truncated>
		<difficult>0</difficult>
		<bndbox>
			<xmin>1868</xmin>
			<ymin>419</ymin>
			<xmax>1988</xmax>
			<ymax>517</ymax>
		</bndbox>
	</object>
	<object>
		<name>sp14</name>
		<pose>Unspecified</pose>
		<truncated>0</truncated>
		<difficult>0</difficult>
		<bndbox>
			<xmin>728</xmin>
			<ymin>1459</ymin>
			<xmax>877</xmax>
			<ymax>1564</ymax>
		</bndbox>
	</object>
	<object>
		<name>sp14</name>
		<pose>Unspecified</pose>
		<truncated>0</truncated>
		<difficult>0</difficult>
		<bndbox>
			<xmin>1498</xmin>
			<ymin>102</ymin>
			<xmax>1619</xmax>
			<ymax>224</ymax>
		</bndbox>
	</object>
	<object>
		<name>sp14</name>
		<pose>Unspecified</pose>
		<truncated>0</truncated>
		<difficult>0</difficult>
		<bndbox>
			<xmin>1531</xmin>
			<ymin>1610</ymin>
			<xmax>1638</xmax>
			<ymax>1704</ymax>
		</bndbox>
	</object>
	<object>
		<name>sp14</name>
		<pose>Unspecified</pose>
		<truncated>0</truncated>
		<difficult>0</difficult>
		<bndbox>
			<xmin>1507</xmin>
			<ymin>1260</ymin>
			<xmax>1616</xmax>
			<ymax>1354</ymax>
		</bndbox>
	</object>
	<object>
		<name>sp14</name>
		<pose>Unspecified</pose>
		<truncated>0</truncated>
		<difficult>0</difficult>
		<bndbox>
			<xmin>1720</xmin>
			<ymin>1219</ymin>
			<xmax>1801</xmax>
			<ymax>1297</ymax>
		</bndbox>
	</object>
	<object>
		<name>sp14</name>
		<pose>Unspecified</pose>
		<truncated>0</truncated>
		<difficult>0</difficult>
		<bndbox>
			<xmin>1893</xmin>
			<ymin>978</ymin>
			<xmax>1945</xmax>
			<ymax>1041</ymax>
		</bndbox>
	</object>
	<object>
		<name>sp14</name>
		<pose>Unspecified</pose>
		<truncated>0</truncated>
		<difficult>0</difficult>
		<bndbox>
			<xmin>1895</xmin>
			<ymin>309</ymin>
			<xmax>1993</xmax>
			<ymax>445</ymax>
		</bndbox>
	</object>
	<object>
		<name>sp14</name>
		<pose>Unspecified</pose>
		<truncated>0</truncated>
		<difficult>0</difficult>
		<bndbox>
			<xmin>1759</xmin>
			<ymin>748</ymin>
			<xmax>1848</xmax>
			<ymax>870</ymax>
		</bndbox>
	</object>
	<object>
		<name>sp14</name>
		<pose>Unspecified</pose>
		<truncated>0</truncated>
		<difficult>0</difficult>
		<bndbox>
			<xmin>1928</xmin>
			<ymin>1049</ymin>
			<xmax>2003</xmax>
			<ymax>1121</ymax>
		</bndbox>
	</object>
	<object>
		<name>sp14</name>
		<pose>Unspecified</pose>
		<truncated>0</truncated>
		<difficult>0</difficult>
		<bndbox>
			<xmin>1287</xmin>
			<ymin>870</ymin>
			<xmax>1339</xmax>
			<ymax>942</ymax>
		</bndbox>
	</object>
	<object>
		<name>sp14</name>
		<pose>Unspecified</pose>
		<truncated>0</truncated>
		<difficult>0</difficult>
		<bndbox>
			<xmin>1405</xmin>
			<ymin>845</ymin>
			<xmax>1508</xmax>
			<ymax>943</ymax>
		</bndbox>
	</object>
	<object>
		<name>sp14</name>
		<pose>Unspecified</pose>
		<truncated>0</truncated>
		<difficult>0</difficult>
		<bndbox>
			<xmin>1119</xmin>
			<ymin>830</ymin>
			<xmax>1205</xmax>
			<ymax>941</ymax>
		</bndbox>
	</object>
	<object>
		<name>sp14</name>
		<pose>Unspecified</pose>
		<truncated>0</truncated>
		<difficult>0</difficult>
		<bndbox>
			<xmin>587</xmin>
			<ymin>1491</ymin>
			<xmax>656</xmax>
			<ymax>1583</ymax>
		</bndbox>
	</object>
	<object>
		<name>sp14</name>
		<pose>Unspecified</pose>
		<truncated>0</truncated>
		<difficult>0</difficult>
		<bndbox>
			<xmin>882</xmin>
			<ymin>1783</ymin>
			<xmax>989</xmax>
			<ymax>1885</ymax>
		</bndbox>
	</object>
	<object>
		<name>sp14</name>
		<pose>Unspecified</pose>
		<truncated>0</truncated>
		<difficult>0</difficult>
		<bndbox>
			<xmin>1372</xmin>
			<ymin>1236</ymin>
			<xmax>1450</xmax>
			<ymax>1315</ymax>
		</bndbox>
	</object>
	<object>
		<name>sp14</name>
		<pose>Unspecified</pose>
		<truncated>0</truncated>
		<difficult>0</difficult>
		<bndbox>
			<xmin>516</xmin>
			<ymin>1667</ymin>
			<xmax>576</xmax>
			<ymax>1769</ymax>
		</bndbox>
	</object>
	<object>
		<name>sp14</name>
		<pose>Unspecified</pose>
		<truncated>0</truncated>
		<difficult>0</difficult>
		<bndbox>
			<xmin>1936</xmin>
			<ymin>964</ymin>
			<xmax>2004</xmax>
			<ymax>1030</ymax>
		</bndbox>
	</object>
	<object>
		<name>sp14</name>
		<pose>Unspecified</pose>
		<truncated>0</truncated>
		<difficult>0</difficult>
		<bndbox>
			<xmin>1198</xmin>
			<ymin>1676</ymin>
			<xmax>1332</xmax>
			<ymax>1780</ymax>
		</bndbox>
	</object>
	<object>
		<name>sp14</name>
		<pose>Unspecified</pose>
		<truncated>0</truncated>
		<difficult>0</difficult>
		<bndbox>
			<xmin>1326</xmin>
			<ymin>799</ymin>
			<xmax>1395</xmax>
			<ymax>847</ymax>
		</bndbox>
	</object>
	<object>
		<name>sp14</name>
		<pose>Unspecified</pose>
		<truncated>0</truncated>
		<difficult>0</difficult>
		<bndbox>
			<xmin>1670</xmin>
			<ymin>1820</ymin>
			<xmax>1801</xmax>
			<ymax>1933</ymax>
		</bndbox>
	</object>
	<object>
		<name>sp14</name>
		<pose>Unspecified</pose>
		<truncated>0</truncated>
		<difficult>0</difficult>
		<bndbox>
			<xmin>1064</xmin>
			<ymin>1793</ymin>
			<xmax>1166</xmax>
			<ymax>1884</ymax>
		</bndbox>
	</object>
	<object>
		<name>sp14</name>
		<pose>Unspecified</pose>
		<truncated>0</truncated>
		<difficult>0</difficult>
		<bndbox>
			<xmin>616</xmin>
			<ymin>1676</ymin>
			<xmax>670</xmax>
			<ymax>1780</ymax>
		</bndbox>
	</object>
	<object>
		<name>sp14</name>
		<pose>Unspecified</pose>
		<truncated>0</truncated>
		<difficult>0</difficult>
		<bndbox>
			<xmin>1430</xmin>
			<ymin>1161</ymin>
			<xmax>1498</xmax>
			<ymax>1232</ymax>
		</bndbox>
	</object>
	<object>
		<name>sp14</name>
		<pose>Unspecified</pose>
		<truncated>0</truncated>
		<difficult>0</difficult>
		<bndbox>
			<xmin>695</xmin>
			<ymin>512</ymin>
			<xmax>826</xmax>
			<ymax>569</ymax>
		</bndbox>
	</object>
	<object>
		<name>sp14</name>
		<pose>Unspecified</pose>
		<truncated>0</truncated>
		<difficult>0</difficult>
		<bndbox>
			<xmin>1218</xmin>
			<ymin>853</ymin>
			<xmax>1286</xmax>
			<ymax>935</ymax>
		</bndbox>
	</object>
	<object>
		<name>sp14</name>
		<pose>Unspecified</pose>
		<truncated>0</truncated>
		<difficult>0</difficult>
		<bndbox>
			<xmin>1447</xmin>
			<ymin>942</ymin>
			<xmax>1509</xmax>
			<ymax>1025</ymax>
		</bndbox>
	</object>
	<object>
		<name>sp14</name>
		<pose>Unspecified</pose>
		<truncated>0</truncated>
		<difficult>0</difficult>
		<bndbox>
			<xmin>1181</xmin>
			<ymin>1747</ymin>
			<xmax>1287</xmax>
			<ymax>1828</ymax>
		</bndbox>
	</object>
	<object>
		<name>sp14</name>
		<pose>Unspecified</pose>
		<truncated>0</truncated>
		<difficult>0</difficult>
		<bndbox>
			<xmin>741</xmin>
			<ymin>1360</ymin>
			<xmax>857</xmax>
			<ymax>1441</ymax>
		</bndbox>
	</object>
	<object>
		<name>sp14</name>
		<pose>Unspecified</pose>
		<truncated>0</truncated>
		<difficult>0</difficult>
		<bndbox>
			<xmin>1708</xmin>
			<ymin>723</ymin>
			<xmax>1779</xmax>
			<ymax>823</ymax>
		</bndbox>
	</object>
	<object>
		<name>sp14</name>
		<pose>Unspecified</pose>
		<truncated>0</truncated>
		<difficult>0</difficult>
		<bndbox>
			<xmin>808</xmin>
			<ymin>1128</ymin>
			<xmax>874</xmax>
			<ymax>1188</ymax>
		</bndbox>
	</object>
	<object>
		<name>sp14</name>
		<pose>Unspecified</pose>
		<truncated>0</truncated>
		<difficult>0</difficult>
		<bndbox>
			<xmin>1493</xmin>
			<ymin>1014</ymin>
			<xmax>1547</xmax>
			<ymax>1068</ymax>
		</bndbox>
	</object>
	<object>
		<name>sp14</name>
		<pose>Unspecified</pose>
		<truncated>0</truncated>
		<difficult>0</difficult>
		<bndbox>
			<xmin>554</xmin>
			<ymin>1634</ymin>
			<xmax>615</xmax>
			<ymax>1687</ymax>
		</bndbox>
	</object>
	<object>
		<name>sp14</name>
		<pose>Unspecified</pose>
		<truncated>0</truncated>
		<difficult>0</difficult>
		<bndbox>
			<xmin>1510</xmin>
			<ymin>942</ymin>
			<xmax>1605</xmax>
			<ymax>1007</ymax>
		</bndbox>
	</object>
	<object>
		<name>sp14</name>
		<pose>Unspecified</pose>
		<truncated>0</truncated>
		<difficult>0</difficult>
		<bndbox>
			<xmin>1911</xmin>
			<ymin>920</ymin>
			<xmax>1977</xmax>
			<ymax>975</ymax>
		</bndbox>
	</object>
	<object>
		<name>sp14</name>
		<pose>Unspecified</pose>
		<truncated>0</truncated>
		<difficult>0</difficult>
		<bndbox>
			<xmin>1423</xmin>
			<ymin>1006</ymin>
			<xmax>1460</xmax>
			<ymax>1055</ymax>
		</bndbox>
	</object>
	<object>
		<name>sp14</name>
		<pose>Unspecified</pose>
		<truncated>0</truncated>
		<difficult>0</difficult>
		<bndbox>
			<xmin>1478</xmin>
			<ymin>1750</ymin>
			<xmax>1554</xmax>
			<ymax>1846</ymax>
		</bndbox>
	</object>
	<object>
		<name>sp14</name>
		<pose>Unspecified</pose>
		<truncated>0</truncated>
		<difficult>0</difficult>
		<bndbox>
			<xmin>1062</xmin>
			<ymin>545</ymin>
			<xmax>1116</xmax>
			<ymax>633</ymax>
		</bndbox>
	</object>
	<object>
		<name>sp14</name>
		<pose>Unspecified</pose>
		<truncated>0</truncated>
		<difficult>0</difficult>
		<bndbox>
			<xmin>1370</xmin>
			<ymin>1178</ymin>
			<xmax>1454</xmax>
			<ymax>1254</ymax>
		</bndbox>
	</object>
	<object>
		<name>sp14</name>
		<pose>Unspecified</pose>
		<truncated>0</truncated>
		<difficult>0</difficult>
		<bndbox>
			<xmin>1377</xmin>
			<ymin>1065</ymin>
			<xmax>1460</xmax>
			<ymax>1179</ymax>
		</bndbox>
	</object>
	<object>
		<name>sp14</name>
		<pose>Unspecified</pose>
		<truncated>0</truncated>
		<difficult>0</difficult>
		<bndbox>
			<xmin>496</xmin>
			<ymin>1439</ymin>
			<xmax>551</xmax>
			<ymax>1507</ymax>
		</bndbox>
	</object>
	<object>
		<name>sp14</name>
		<pose>Unspecified</pose>
		<truncated>0</truncated>
		<difficult>0</difficult>
		<bndbox>
			<xmin>548</xmin>
			<ymin>1480</ymin>
			<xmax>599</xmax>
			<ymax>1539</ymax>
		</bndbox>
	</object>
	<object>
		<name>sp14</name>
		<pose>Unspecified</pose>
		<truncated>0</truncated>
		<difficult>0</difficult>
		<bndbox>
			<xmin>585</xmin>
			<ymin>1676</ymin>
			<xmax>638</xmax>
			<ymax>1755</ymax>
		</bndbox>
	</object>
	<object>
		<name>sp14</name>
		<pose>Unspecified</pose>
		<truncated>0</truncated>
		<difficult>0</difficult>
		<bndbox>
			<xmin>1096</xmin>
			<ymin>514</ymin>
			<xmax>1153</xmax>
			<ymax>579</ymax>
		</bndbox>
	</object>
	<object>
		<name>sp14</name>
		<pose>Unspecified</pose>
		<truncated>0</truncated>
		<difficult>0</difficult>
		<bndbox>
			<xmin>1446</xmin>
			<ymin>1262</ymin>
			<xmax>1491</xmax>
			<ymax>1323</ymax>
		</bndbox>
	</object>
	<object>
		<name>sp14</name>
		<pose>Unspecified</pose>
		<truncated>0</truncated>
		<difficult>0</difficult>
		<bndbox>
			<xmin>1155</xmin>
			<ymin>1789</ymin>
			<xmax>1219</xmax>
			<ymax>1865</ymax>
		</bndbox>
	</object>
	<object>
		<name>sp14</name>
		<pose>Unspecified</pose>
		<truncated>0</truncated>
		<difficult>0</difficult>
		<bndbox>
			<xmin>1247</xmin>
			<ymin>570</ymin>
			<xmax>1286</xmax>
			<ymax>655</ymax>
		</bndbox>
	</object>
	<object>
		<name>sp14</name>
		<pose>Unspecified</pose>
		<truncated>0</truncated>
		<difficult>0</difficult>
		<bndbox>
			<xmin>783</xmin>
			<ymin>1094</ymin>
			<xmax>856</xmax>
			<ymax>1141</ymax>
		</bndbox>
	</object>
	<object>
		<name>sp14</name>
		<pose>Unspecified</pose>
		<truncated>0</truncated>
		<difficult>0</difficult>
		<bndbox>
			<xmin>1368</xmin>
			<ymin>1048</ymin>
			<xmax>1445</xmax>
			<ymax>1114</ymax>
		</bndbox>
	</object>
	<object>
		<name>sp14</name>
		<pose>Unspecified</pose>
		<truncated>0</truncated>
		<difficult>0</difficult>
		<bndbox>
			<xmin>1459</xmin>
			<ymin>1039</ymin>
			<xmax>1506</xmax>
			<ymax>1093</ymax>
		</bndbox>
	</object>
</annotation>