<annotation>
	<folder>my-project-name</folder>
	<filename>sp14_img15.jpg</filename>
	<path>/my-project-name/sp14_img15.jpg</path>
	<source>
		<database>Unspecified</database>
	</source>
	<size>
		<width>2158</width>
		<height>2154</height>
		<depth>3</depth>
	</size>
	<object>
		<name>sp14</name>
		<pose>Unspecified</pose>
		<truncated>0</truncated>
		<difficult>0</difficult>
		<bndbox>
			<xmin>668</xmin>
			<ymin>1051</ymin>
			<xmax>715</xmax>
			<ymax>1131</ymax>
		</bndbox>
	</object>
	<object>
		<name>sp14</name>
		<pose>Unspecified</pose>
		<truncated>0</truncated>
		<difficult>0</difficult>
		<bndbox>
			<xmin>1565</xmin>
			<ymin>1200</ymin>
			<xmax>1632</xmax>
			<ymax>1252</ymax>
		</bndbox>
	</object>
	<object>
		<name>sp14</name>
		<pose>Unspecified</pose>
		<truncated>0</truncated>
		<difficult>0</difficult>
		<bndbox>
			<xmin>1678</xmin>
			<ymin>487</ymin>
			<xmax>1747</xmax>
			<ymax>573</ymax>
		</bndbox>
	</object>
	<object>
		<name>sp14</name>
		<pose>Unspecified</pose>
		<truncated>0</truncated>
		<difficult>0</difficult>
		<bndbox>
			<xmin>458</xmin>
			<ymin>1141</ymin>
			<xmax>532</xmax>
			<ymax>1211</ymax>
		</bndbox>
	</object>
	<object>
		<name>sp14</name>
		<pose>Unspecified</pose>
		<truncated>0</truncated>
		<difficult>0</difficult>
		<bndbox>
			<xmin>1690</xmin>
			<ymin>324</ymin>
			<xmax>1778</xmax>
			<ymax>416</ymax>
		</bndbox>
	</object>
	<object>
		<name>sp14</name>
		<pose>Unspecified</pose>
		<truncated>0</truncated>
		<difficult>0</difficult>
		<bndbox>
			<xmin>1572</xmin>
			<ymin>342</ymin>
			<xmax>1693</xmax>
			<ymax>448</ymax>
		</bndbox>
	</object>
	<object>
		<name>sp14</name>
		<pose>Unspecified</pose>
		<truncated>0</truncated>
		<difficult>0</difficult>
		<bndbox>
			<xmin>1787</xmin>
			<ymin>348</ymin>
			<xmax>1881</xmax>
			<ymax>431</ymax>
		</bndbox>
	</object>
	<object>
		<name>sp14</name>
		<pose>Unspecified</pose>
		<truncated>0</truncated>
		<difficult>0</difficult>
		<bndbox>
			<xmin>295</xmin>
			<ymin>1218</ymin>
			<xmax>400</xmax>
			<ymax>1318</ymax>
		</bndbox>
	</object>
	<object>
		<name>sp14</name>
		<pose>Unspecified</pose>
		<truncated>0</truncated>
		<difficult>0</difficult>
		<bndbox>
			<xmin>461</xmin>
			<ymin>950</ymin>
			<xmax>537</xmax>
			<ymax>1036</ymax>
		</bndbox>
	</object>
	<object>
		<name>sp14</name>
		<pose>Unspecified</pose>
		<truncated>0</truncated>
		<difficult>0</difficult>
		<bndbox>
			<xmin>1528</xmin>
			<ymin>1520</ymin>
			<xmax>1589</xmax>
			<ymax>1582</ymax>
		</bndbox>
	</object>
	<object>
		<name>sp14</name>
		<pose>Unspecified</pose>
		<truncated>0</truncated>
		<difficult>0</difficult>
		<bndbox>
			<xmin>990</xmin>
			<ymin>-8</ymin>
			<xmax>1077</xmax>
			<ymax>65</ymax>
		</bndbox>
	</object>
	<object>
		<name>sp14</name>
		<pose>Unspecified</pose>
		<truncated>0</truncated>
		<difficult>0</difficult>
		<bndbox>
			<xmin>349</xmin>
			<ymin>526</ymin>
			<xmax>470</xmax>
			<ymax>626</ymax>
		</bndbox>
	</object>
	<object>
		<name>sp14</name>
		<pose>Unspecified</pose>
		<truncated>0</truncated>
		<difficult>0</difficult>
		<bndbox>
			<xmin>774</xmin>
			<ymin>1811</ymin>
			<xmax>874</xmax>
			<ymax>1884</ymax>
		</bndbox>
	</object>
	<object>
		<name>sp14</name>
		<pose>Unspecified</pose>
		<truncated>0</truncated>
		<difficult>0</difficult>
		<bndbox>
			<xmin>1233</xmin>
			<ymin>1013</ymin>
			<xmax>1327</xmax>
			<ymax>1118</ymax>
		</bndbox>
	</object>
	<object>
		<name>sp14</name>
		<pose>Unspecified</pose>
		<truncated>0</truncated>
		<difficult>0</difficult>
		<bndbox>
			<xmin>738</xmin>
			<ymin>1679</ymin>
			<xmax>835</xmax>
			<ymax>1784</ymax>
		</bndbox>
	</object>
	<object>
		<name>sp14</name>
		<pose>Unspecified</pose>
		<truncated>0</truncated>
		<difficult>0</difficult>
		<bndbox>
			<xmin>350</xmin>
			<ymin>654</ymin>
			<xmax>479</xmax>
			<ymax>756</ymax>
		</bndbox>
	</object>
	<object>
		<name>sp14</name>
		<pose>Unspecified</pose>
		<truncated>0</truncated>
		<difficult>0</difficult>
		<bndbox>
			<xmin>1861</xmin>
			<ymin>1240</ymin>
			<xmax>1951</xmax>
			<ymax>1332</ymax>
		</bndbox>
	</object>
	<object>
		<name>sp14</name>
		<pose>Unspecified</pose>
		<truncated>0</truncated>
		<difficult>0</difficult>
		<bndbox>
			<xmin>1186</xmin>
			<ymin>29</ymin>
			<xmax>1301</xmax>
			<ymax>124</ymax>
		</bndbox>
	</object>
	<object>
		<name>sp14</name>
		<pose>Unspecified</pose>
		<truncated>0</truncated>
		<difficult>0</difficult>
		<bndbox>
			<xmin>693</xmin>
			<ymin>62</ymin>
			<xmax>774</xmax>
			<ymax>163</ymax>
		</bndbox>
	</object>
	<object>
		<name>sp14</name>
		<pose>Unspecified</pose>
		<truncated>0</truncated>
		<difficult>0</difficult>
		<bndbox>
			<xmin>1587</xmin>
			<ymin>1381</ymin>
			<xmax>1663</xmax>
			<ymax>1472</ymax>
		</bndbox>
	</object>
	<object>
		<name>sp14</name>
		<pose>Unspecified</pose>
		<truncated>0</truncated>
		<difficult>0</difficult>
		<bndbox>
			<xmin>1822</xmin>
			<ymin>896</ymin>
			<xmax>1913</xmax>
			<ymax>977</ymax>
		</bndbox>
	</object>
	<object>
		<name>sp14</name>
		<pose>Unspecified</pose>
		<truncated>0</truncated>
		<difficult>0</difficult>
		<bndbox>
			<xmin>397</xmin>
			<ymin>1081</ymin>
			<xmax>465</xmax>
			<ymax>1168</ymax>
		</bndbox>
	</object>
	<object>
		<name>sp14</name>
		<pose>Unspecified</pose>
		<truncated>0</truncated>
		<difficult>0</difficult>
		<bndbox>
			<xmin>1024</xmin>
			<ymin>1224</ymin>
			<xmax>1131</xmax>
			<ymax>1344</ymax>
		</bndbox>
	</object>
	<object>
		<name>sp14</name>
		<pose>Unspecified</pose>
		<truncated>0</truncated>
		<difficult>0</difficult>
		<bndbox>
			<xmin>1371</xmin>
			<ymin>1247</ymin>
			<xmax>1461</xmax>
			<ymax>1360</ymax>
		</bndbox>
	</object>
	<object>
		<name>sp14</name>
		<pose>Unspecified</pose>
		<truncated>0</truncated>
		<difficult>0</difficult>
		<bndbox>
			<xmin>847</xmin>
			<ymin>1730</ymin>
			<xmax>981</xmax>
			<ymax>1822</ymax>
		</bndbox>
	</object>
	<object>
		<name>sp14</name>
		<pose>Unspecified</pose>
		<truncated>0</truncated>
		<difficult>0</difficult>
		<bndbox>
			<xmin>773</xmin>
			<ymin>1873</ymin>
			<xmax>885</xmax>
			<ymax>1953</ymax>
		</bndbox>
	</object>
	<object>
		<name>sp14</name>
		<pose>Unspecified</pose>
		<truncated>0</truncated>
		<difficult>0</difficult>
		<bndbox>
			<xmin>486</xmin>
			<ymin>676</ymin>
			<xmax>601</xmax>
			<ymax>749</ymax>
		</bndbox>
	</object>
	<object>
		<name>sp14</name>
		<pose>Unspecified</pose>
		<truncated>0</truncated>
		<difficult>0</difficult>
		<bndbox>
			<xmin>1481</xmin>
			<ymin>1690</ymin>
			<xmax>1549</xmax>
			<ymax>1746</ymax>
		</bndbox>
	</object>
	<object>
		<name>sp14</name>
		<pose>Unspecified</pose>
		<truncated>0</truncated>
		<difficult>0</difficult>
		<bndbox>
			<xmin>324</xmin>
			<ymin>715</ymin>
			<xmax>427</xmax>
			<ymax>828</ymax>
		</bndbox>
	</object>
	<object>
		<name>sp14</name>
		<pose>Unspecified</pose>
		<truncated>0</truncated>
		<difficult>0</difficult>
		<bndbox>
			<xmin>819</xmin>
			<ymin>180</ymin>
			<xmax>918</xmax>
			<ymax>302</ymax>
		</bndbox>
	</object>
	<object>
		<name>sp14</name>
		<pose>Unspecified</pose>
		<truncated>0</truncated>
		<difficult>0</difficult>
		<bndbox>
			<xmin>827</xmin>
			<ymin>835</ymin>
			<xmax>944</xmax>
			<ymax>924</ymax>
		</bndbox>
	</object>
	<object>
		<name>sp14</name>
		<pose>Unspecified</pose>
		<truncated>0</truncated>
		<difficult>0</difficult>
		<bndbox>
			<xmin>1173</xmin>
			<ymin>1521</ymin>
			<xmax>1300</xmax>
			<ymax>1629</ymax>
		</bndbox>
	</object>
	<object>
		<name>sp14</name>
		<pose>Unspecified</pose>
		<truncated>0</truncated>
		<difficult>0</difficult>
		<bndbox>
			<xmin>725</xmin>
			<ymin>1405</ymin>
			<xmax>809</xmax>
			<ymax>1491</ymax>
		</bndbox>
	</object>
	<object>
		<name>sp14</name>
		<pose>Unspecified</pose>
		<truncated>0</truncated>
		<difficult>0</difficult>
		<bndbox>
			<xmin>1185</xmin>
			<ymin>1310</ymin>
			<xmax>1265</xmax>
			<ymax>1419</ymax>
		</bndbox>
	</object>
	<object>
		<name>sp14</name>
		<pose>Unspecified</pose>
		<truncated>0</truncated>
		<difficult>0</difficult>
		<bndbox>
			<xmin>1075</xmin>
			<ymin>1422</ymin>
			<xmax>1172</xmax>
			<ymax>1531</ymax>
		</bndbox>
	</object>
	<object>
		<name>sp14</name>
		<pose>Unspecified</pose>
		<truncated>0</truncated>
		<difficult>0</difficult>
		<bndbox>
			<xmin>1029</xmin>
			<ymin>54</ymin>
			<xmax>1111</xmax>
			<ymax>156</ymax>
		</bndbox>
	</object>
	<object>
		<name>sp14</name>
		<pose>Unspecified</pose>
		<truncated>0</truncated>
		<difficult>0</difficult>
		<bndbox>
			<xmin>1045</xmin>
			<ymin>1668</ymin>
			<xmax>1139</xmax>
			<ymax>1764</ymax>
		</bndbox>
	</object>
	<object>
		<name>sp14</name>
		<pose>Unspecified</pose>
		<truncated>0</truncated>
		<difficult>0</difficult>
		<bndbox>
			<xmin>1695</xmin>
			<ymin>935</ymin>
			<xmax>1803</xmax>
			<ymax>1041</ymax>
		</bndbox>
	</object>
	<object>
		<name>sp14</name>
		<pose>Unspecified</pose>
		<truncated>0</truncated>
		<difficult>0</difficult>
		<bndbox>
			<xmin>1756</xmin>
			<ymin>834</ymin>
			<xmax>1860</xmax>
			<ymax>919</ymax>
		</bndbox>
	</object>
	<object>
		<name>sp14</name>
		<pose>Unspecified</pose>
		<truncated>0</truncated>
		<difficult>0</difficult>
		<bndbox>
			<xmin>1523</xmin>
			<ymin>154</ymin>
			<xmax>1596</xmax>
			<ymax>242</ymax>
		</bndbox>
	</object>
	<object>
		<name>sp14</name>
		<pose>Unspecified</pose>
		<truncated>0</truncated>
		<difficult>0</difficult>
		<bndbox>
			<xmin>1441</xmin>
			<ymin>482</ymin>
			<xmax>1515</xmax>
			<ymax>568</ymax>
		</bndbox>
	</object>
	<object>
		<name>sp14</name>
		<pose>Unspecified</pose>
		<truncated>0</truncated>
		<difficult>0</difficult>
		<bndbox>
			<xmin>1305</xmin>
			<ymin>1825</ymin>
			<xmax>1367</xmax>
			<ymax>1892</ymax>
		</bndbox>
	</object>
	<object>
		<name>sp14</name>
		<pose>Unspecified</pose>
		<truncated>0</truncated>
		<difficult>0</difficult>
		<bndbox>
			<xmin>1240</xmin>
			<ymin>453</ymin>
			<xmax>1324</xmax>
			<ymax>542</ymax>
		</bndbox>
	</object>
	<object>
		<name>sp14</name>
		<pose>Unspecified</pose>
		<truncated>0</truncated>
		<difficult>0</difficult>
		<bndbox>
			<xmin>1413</xmin>
			<ymin>316</ymin>
			<xmax>1515</xmax>
			<ymax>424</ymax>
		</bndbox>
	</object>
	<object>
		<name>sp14</name>
		<pose>Unspecified</pose>
		<truncated>0</truncated>
		<difficult>0</difficult>
		<bndbox>
			<xmin>979</xmin>
			<ymin>1773</ymin>
			<xmax>1047</xmax>
			<ymax>1864</ymax>
		</bndbox>
	</object>
	<object>
		<name>sp14</name>
		<pose>Unspecified</pose>
		<truncated>0</truncated>
		<difficult>0</difficult>
		<bndbox>
			<xmin>732</xmin>
			<ymin>285</ymin>
			<xmax>810</xmax>
			<ymax>352</ymax>
		</bndbox>
	</object>
	<object>
		<name>sp14</name>
		<pose>Unspecified</pose>
		<truncated>0</truncated>
		<difficult>0</difficult>
		<bndbox>
			<xmin>1518</xmin>
			<ymin>1313</ymin>
			<xmax>1610</xmax>
			<ymax>1404</ymax>
		</bndbox>
	</object>
	<object>
		<name>sp14</name>
		<pose>Unspecified</pose>
		<truncated>0</truncated>
		<difficult>0</difficult>
		<bndbox>
			<xmin>1419</xmin>
			<ymin>1448</ymin>
			<xmax>1502</xmax>
			<ymax>1542</ymax>
		</bndbox>
	</object>
	<object>
		<name>sp14</name>
		<pose>Unspecified</pose>
		<truncated>0</truncated>
		<difficult>0</difficult>
		<bndbox>
			<xmin>438</xmin>
			<ymin>1221</ymin>
			<xmax>547</xmax>
			<ymax>1331</ymax>
		</bndbox>
	</object>
	<object>
		<name>sp14</name>
		<pose>Unspecified</pose>
		<truncated>0</truncated>
		<difficult>0</difficult>
		<bndbox>
			<xmin>566</xmin>
			<ymin>1289</ymin>
			<xmax>632</xmax>
			<ymax>1363</ymax>
		</bndbox>
	</object>
	<object>
		<name>sp14</name>
		<pose>Unspecified</pose>
		<truncated>0</truncated>
		<difficult>0</difficult>
		<bndbox>
			<xmin>1178</xmin>
			<ymin>602</ymin>
			<xmax>1263</xmax>
			<ymax>739</ymax>
		</bndbox>
	</object>
	<object>
		<name>sp14</name>
		<pose>Unspecified</pose>
		<truncated>0</truncated>
		<difficult>0</difficult>
		<bndbox>
			<xmin>1738</xmin>
			<ymin>1324</ymin>
			<xmax>1826</xmax>
			<ymax>1404</ymax>
		</bndbox>
	</object>
	<object>
		<name>sp14</name>
		<pose>Unspecified</pose>
		<truncated>0</truncated>
		<difficult>0</difficult>
		<bndbox>
			<xmin>1448</xmin>
			<ymin>923</ymin>
			<xmax>1551</xmax>
			<ymax>1038</ymax>
		</bndbox>
	</object>
	<object>
		<name>sp14</name>
		<pose>Unspecified</pose>
		<truncated>0</truncated>
		<difficult>0</difficult>
		<bndbox>
			<xmin>1416</xmin>
			<ymin>185</ymin>
			<xmax>1518</xmax>
			<ymax>302</ymax>
		</bndbox>
	</object>
	<object>
		<name>sp14</name>
		<pose>Unspecified</pose>
		<truncated>0</truncated>
		<difficult>0</difficult>
		<bndbox>
			<xmin>1350</xmin>
			<ymin>1384</ymin>
			<xmax>1408</xmax>
			<ymax>1486</ymax>
		</bndbox>
	</object>
	<object>
		<name>sp14</name>
		<pose>Unspecified</pose>
		<truncated>0</truncated>
		<difficult>0</difficult>
		<bndbox>
			<xmin>1004</xmin>
			<ymin>1886</ymin>
			<xmax>1097</xmax>
			<ymax>1987</ymax>
		</bndbox>
	</object>
	<object>
		<name>sp14</name>
		<pose>Unspecified</pose>
		<truncated>0</truncated>
		<difficult>0</difficult>
		<bndbox>
			<xmin>410</xmin>
			<ymin>1326</ymin>
			<xmax>506</xmax>
			<ymax>1419</ymax>
		</bndbox>
	</object>
	<object>
		<name>sp14</name>
		<pose>Unspecified</pose>
		<truncated>0</truncated>
		<difficult>0</difficult>
		<bndbox>
			<xmin>909</xmin>
			<ymin>1329</ymin>
			<xmax>1044</xmax>
			<ymax>1486</ymax>
		</bndbox>
	</object>
	<object>
		<name>sp14</name>
		<pose>Unspecified</pose>
		<truncated>0</truncated>
		<difficult>0</difficult>
		<bndbox>
			<xmin>1563</xmin>
			<ymin>1044</ymin>
			<xmax>1648</xmax>
			<ymax>1139</ymax>
		</bndbox>
	</object>
	<object>
		<name>sp14</name>
		<pose>Unspecified</pose>
		<truncated>0</truncated>
		<difficult>0</difficult>
		<bndbox>
			<xmin>530</xmin>
			<ymin>319</ymin>
			<xmax>614</xmax>
			<ymax>402</ymax>
		</bndbox>
	</object>
	<object>
		<name>sp14</name>
		<pose>Unspecified</pose>
		<truncated>0</truncated>
		<difficult>0</difficult>
		<bndbox>
			<xmin>1286</xmin>
			<ymin>827</ymin>
			<xmax>1397</xmax>
			<ymax>907</ymax>
		</bndbox>
	</object>
	<object>
		<name>sp14</name>
		<pose>Unspecified</pose>
		<truncated>0</truncated>
		<difficult>0</difficult>
		<bndbox>
			<xmin>1449</xmin>
			<ymin>437</ymin>
			<xmax>1530</xmax>
			<ymax>511</ymax>
		</bndbox>
	</object>
	<object>
		<name>sp14</name>
		<pose>Unspecified</pose>
		<truncated>0</truncated>
		<difficult>0</difficult>
		<bndbox>
			<xmin>628</xmin>
			<ymin>901</ymin>
			<xmax>718</xmax>
			<ymax>997</ymax>
		</bndbox>
	</object>
	<object>
		<name>sp14</name>
		<pose>Unspecified</pose>
		<truncated>0</truncated>
		<difficult>0</difficult>
		<bndbox>
			<xmin>1321</xmin>
			<ymin>526</ymin>
			<xmax>1403</xmax>
			<ymax>591</ymax>
		</bndbox>
	</object>
	<object>
		<name>sp14</name>
		<pose>Unspecified</pose>
		<truncated>0</truncated>
		<difficult>0</difficult>
		<bndbox>
			<xmin>1243</xmin>
			<ymin>1282</ymin>
			<xmax>1330</xmax>
			<ymax>1393</ymax>
		</bndbox>
	</object>
	<object>
		<name>sp14</name>
		<pose>Unspecified</pose>
		<truncated>0</truncated>
		<difficult>0</difficult>
		<bndbox>
			<xmin>564</xmin>
			<ymin>532</ymin>
			<xmax>636</xmax>
			<ymax>625</ymax>
		</bndbox>
	</object>
	<object>
		<name>sp14</name>
		<pose>Unspecified</pose>
		<truncated>0</truncated>
		<difficult>0</difficult>
		<bndbox>
			<xmin>1596</xmin>
			<ymin>646</ymin>
			<xmax>1676</xmax>
			<ymax>721</ymax>
		</bndbox>
	</object>
	<object>
		<name>sp14</name>
		<pose>Unspecified</pose>
		<truncated>0</truncated>
		<difficult>0</difficult>
		<bndbox>
			<xmin>671</xmin>
			<ymin>342</ymin>
			<xmax>736</xmax>
			<ymax>416</ymax>
		</bndbox>
	</object>
	<object>
		<name>sp14</name>
		<pose>Unspecified</pose>
		<truncated>0</truncated>
		<difficult>0</difficult>
		<bndbox>
			<xmin>656</xmin>
			<ymin>230</ymin>
			<xmax>728</xmax>
			<ymax>331</ymax>
		</bndbox>
	</object>
	<object>
		<name>sp14</name>
		<pose>Unspecified</pose>
		<truncated>0</truncated>
		<difficult>0</difficult>
		<bndbox>
			<xmin>1580</xmin>
			<ymin>499</ymin>
			<xmax>1668</xmax>
			<ymax>587</ymax>
		</bndbox>
	</object>
	<object>
		<name>sp14</name>
		<pose>Unspecified</pose>
		<truncated>0</truncated>
		<difficult>0</difficult>
		<bndbox>
			<xmin>1849</xmin>
			<ymin>557</ymin>
			<xmax>1951</xmax>
			<ymax>643</ymax>
		</bndbox>
	</object>
	<object>
		<name>sp14</name>
		<pose>Unspecified</pose>
		<truncated>0</truncated>
		<difficult>0</difficult>
		<bndbox>
			<xmin>598</xmin>
			<ymin>151</ymin>
			<xmax>672</xmax>
			<ymax>270</ymax>
		</bndbox>
	</object>
	<object>
		<name>sp14</name>
		<pose>Unspecified</pose>
		<truncated>0</truncated>
		<difficult>0</difficult>
		<bndbox>
			<xmin>654</xmin>
			<ymin>1334</ymin>
			<xmax>763</xmax>
			<ymax>1405</ymax>
		</bndbox>
	</object>
	<object>
		<name>sp14</name>
		<pose>Unspecified</pose>
		<truncated>0</truncated>
		<difficult>0</difficult>
		<bndbox>
			<xmin>629</xmin>
			<ymin>429</ymin>
			<xmax>706</xmax>
			<ymax>497</ymax>
		</bndbox>
	</object>
	<object>
		<name>sp14</name>
		<pose>Unspecified</pose>
		<truncated>0</truncated>
		<difficult>0</difficult>
		<bndbox>
			<xmin>1107</xmin>
			<ymin>1897</ymin>
			<xmax>1182</xmax>
			<ymax>1986</ymax>
		</bndbox>
	</object>
	<object>
		<name>sp14</name>
		<pose>Unspecified</pose>
		<truncated>0</truncated>
		<difficult>0</difficult>
		<bndbox>
			<xmin>977</xmin>
			<ymin>651</ymin>
			<xmax>1047</xmax>
			<ymax>743</ymax>
		</bndbox>
	</object>
	<object>
		<name>sp14</name>
		<pose>Unspecified</pose>
		<truncated>0</truncated>
		<difficult>0</difficult>
		<bndbox>
			<xmin>1056</xmin>
			<ymin>885</ymin>
			<xmax>1162</xmax>
			<ymax>979</ymax>
		</bndbox>
	</object>
	<object>
		<name>sp14</name>
		<pose>Unspecified</pose>
		<truncated>0</truncated>
		<difficult>0</difficult>
		<bndbox>
			<xmin>403</xmin>
			<ymin>356</ymin>
			<xmax>513</xmax>
			<ymax>477</ymax>
		</bndbox>
	</object>
	<object>
		<name>sp14</name>
		<pose>Unspecified</pose>
		<truncated>0</truncated>
		<difficult>0</difficult>
		<bndbox>
			<xmin>1226</xmin>
			<ymin>806</ymin>
			<xmax>1297</xmax>
			<ymax>877</ymax>
		</bndbox>
	</object>
	<object>
		<name>sp14</name>
		<pose>Unspecified</pose>
		<truncated>0</truncated>
		<difficult>0</difficult>
		<bndbox>
			<xmin>259</xmin>
			<ymin>1139</ymin>
			<xmax>371</xmax>
			<ymax>1245</ymax>
		</bndbox>
	</object>
	<object>
		<name>sp14</name>
		<pose>Unspecified</pose>
		<truncated>0</truncated>
		<difficult>0</difficult>
		<bndbox>
			<xmin>211</xmin>
			<ymin>797</ymin>
			<xmax>302</xmax>
			<ymax>902</ymax>
		</bndbox>
	</object>
	<object>
		<name>sp14</name>
		<pose>Unspecified</pose>
		<truncated>0</truncated>
		<difficult>0</difficult>
		<bndbox>
			<xmin>1078</xmin>
			<ymin>628</ymin>
			<xmax>1155</xmax>
			<ymax>703</ymax>
		</bndbox>
	</object>
	<object>
		<name>sp14</name>
		<pose>Unspecified</pose>
		<truncated>0</truncated>
		<difficult>0</difficult>
		<bndbox>
			<xmin>1539</xmin>
			<ymin>432</ymin>
			<xmax>1602</xmax>
			<ymax>514</ymax>
		</bndbox>
	</object>
	<object>
		<name>sp14</name>
		<pose>Unspecified</pose>
		<truncated>0</truncated>
		<difficult>0</difficult>
		<bndbox>
			<xmin>1915</xmin>
			<ymin>817</ymin>
			<xmax>1997</xmax>
			<ymax>920</ymax>
		</bndbox>
	</object>
	<object>
		<name>sp14</name>
		<pose>Unspecified</pose>
		<truncated>0</truncated>
		<difficult>0</difficult>
		<bndbox>
			<xmin>1959</xmin>
			<ymin>1221</ymin>
			<xmax>2054</xmax>
			<ymax>1324</ymax>
		</bndbox>
	</object>
	<object>
		<name>sp14</name>
		<pose>Unspecified</pose>
		<truncated>0</truncated>
		<difficult>0</difficult>
		<bndbox>
			<xmin>1147</xmin>
			<ymin>1701</ymin>
			<xmax>1218</xmax>
			<ymax>1798</ymax>
		</bndbox>
	</object>
	<object>
		<name>sp14</name>
		<pose>Unspecified</pose>
		<truncated>0</truncated>
		<difficult>0</difficult>
		<bndbox>
			<xmin>1001</xmin>
			<ymin>780</ymin>
			<xmax>1088</xmax>
			<ymax>864</ymax>
		</bndbox>
	</object>
	<object>
		<name>sp14</name>
		<pose>Unspecified</pose>
		<truncated>0</truncated>
		<difficult>0</difficult>
		<bndbox>
			<xmin>1663</xmin>
			<ymin>1040</ymin>
			<xmax>1768</xmax>
			<ymax>1120</ymax>
		</bndbox>
	</object>
	<object>
		<name>sp14</name>
		<pose>Unspecified</pose>
		<truncated>0</truncated>
		<difficult>0</difficult>
		<bndbox>
			<xmin>850</xmin>
			<ymin>969</ymin>
			<xmax>964</xmax>
			<ymax>1066</ymax>
		</bndbox>
	</object>
	<object>
		<name>sp14</name>
		<pose>Unspecified</pose>
		<truncated>0</truncated>
		<difficult>0</difficult>
		<bndbox>
			<xmin>1181</xmin>
			<ymin>210</ymin>
			<xmax>1297</xmax>
			<ymax>300</ymax>
		</bndbox>
	</object>
	<object>
		<name>sp14</name>
		<pose>Unspecified</pose>
		<truncated>0</truncated>
		<difficult>0</difficult>
		<bndbox>
			<xmin>1311</xmin>
			<ymin>958</ymin>
			<xmax>1410</xmax>
			<ymax>1066</ymax>
		</bndbox>
	</object>
	<object>
		<name>sp14</name>
		<pose>Unspecified</pose>
		<truncated>0</truncated>
		<difficult>0</difficult>
		<bndbox>
			<xmin>1329</xmin>
			<ymin>1943</ymin>
			<xmax>1431</xmax>
			<ymax>2036</ymax>
		</bndbox>
	</object>
	<object>
		<name>sp14</name>
		<pose>Unspecified</pose>
		<truncated>0</truncated>
		<difficult>0</difficult>
		<bndbox>
			<xmin>1311</xmin>
			<ymin>1504</ymin>
			<xmax>1403</xmax>
			<ymax>1601</ymax>
		</bndbox>
	</object>
	<object>
		<name>sp14</name>
		<pose>Unspecified</pose>
		<truncated>0</truncated>
		<difficult>0</difficult>
		<bndbox>
			<xmin>749</xmin>
			<ymin>102</ymin>
			<xmax>840</xmax>
			<ymax>182</ymax>
		</bndbox>
	</object>
	<object>
		<name>sp14</name>
		<pose>Unspecified</pose>
		<truncated>0</truncated>
		<difficult>0</difficult>
		<bndbox>
			<xmin>706</xmin>
			<ymin>453</ymin>
			<xmax>781</xmax>
			<ymax>527</ymax>
		</bndbox>
	</object>
	<object>
		<name>sp14</name>
		<pose>Unspecified</pose>
		<truncated>0</truncated>
		<difficult>0</difficult>
		<bndbox>
			<xmin>566</xmin>
			<ymin>1564</ymin>
			<xmax>676</xmax>
			<ymax>1677</ymax>
		</bndbox>
	</object>
	<object>
		<name>sp14</name>
		<pose>Unspecified</pose>
		<truncated>0</truncated>
		<difficult>0</difficult>
		<bndbox>
			<xmin>1576</xmin>
			<ymin>168</ymin>
			<xmax>1651</xmax>
			<ymax>247</ymax>
		</bndbox>
	</object>
	<object>
		<name>sp14</name>
		<pose>Unspecified</pose>
		<truncated>0</truncated>
		<difficult>0</difficult>
		<bndbox>
			<xmin>2010</xmin>
			<ymin>959</ymin>
			<xmax>2113</xmax>
			<ymax>1088</ymax>
		</bndbox>
	</object>
	<object>
		<name>sp14</name>
		<pose>Unspecified</pose>
		<truncated>0</truncated>
		<difficult>0</difficult>
		<bndbox>
			<xmin>1000</xmin>
			<ymin>236</ymin>
			<xmax>1103</xmax>
			<ymax>329</ymax>
		</bndbox>
	</object>
	<object>
		<name>sp14</name>
		<pose>Unspecified</pose>
		<truncated>0</truncated>
		<difficult>0</difficult>
		<bndbox>
			<xmin>1185</xmin>
			<ymin>1842</ymin>
			<xmax>1236</xmax>
			<ymax>1917</ymax>
		</bndbox>
	</object>
	<object>
		<name>sp14</name>
		<pose>Unspecified</pose>
		<truncated>0</truncated>
		<difficult>0</difficult>
		<bndbox>
			<xmin>1103</xmin>
			<ymin>1827</ymin>
			<xmax>1170</xmax>
			<ymax>1892</ymax>
		</bndbox>
	</object>
	<object>
		<name>sp14</name>
		<pose>Unspecified</pose>
		<truncated>0</truncated>
		<difficult>0</difficult>
		<bndbox>
			<xmin>1327</xmin>
			<ymin>620</ymin>
			<xmax>1428</xmax>
			<ymax>703</ymax>
		</bndbox>
	</object>
	<object>
		<name>sp14</name>
		<pose>Unspecified</pose>
		<truncated>0</truncated>
		<difficult>0</difficult>
		<bndbox>
			<xmin>1803</xmin>
			<ymin>410</ymin>
			<xmax>1898</xmax>
			<ymax>498</ymax>
		</bndbox>
	</object>
	<object>
		<name>sp14</name>
		<pose>Unspecified</pose>
		<truncated>0</truncated>
		<difficult>0</difficult>
		<bndbox>
			<xmin>1889</xmin>
			<ymin>450</ymin>
			<xmax>1974</xmax>
			<ymax>523</ymax>
		</bndbox>
	</object>
	<object>
		<name>sp14</name>
		<pose>Unspecified</pose>
		<truncated>0</truncated>
		<difficult>0</difficult>
		<bndbox>
			<xmin>505</xmin>
			<ymin>1440</ymin>
			<xmax>595</xmax>
			<ymax>1517</ymax>
		</bndbox>
	</object>
	<object>
		<name>sp14</name>
		<pose>Unspecified</pose>
		<truncated>0</truncated>
		<difficult>0</difficult>
		<bndbox>
			<xmin>1672</xmin>
			<ymin>635</ymin>
			<xmax>1727</xmax>
			<ymax>708</ymax>
		</bndbox>
	</object>
	<object>
		<name>sp14</name>
		<pose>Unspecified</pose>
		<truncated>0</truncated>
		<difficult>0</difficult>
		<bndbox>
			<xmin>783</xmin>
			<ymin>572</ymin>
			<xmax>857</xmax>
			<ymax>635</ymax>
		</bndbox>
	</object>
	<object>
		<name>sp14</name>
		<pose>Unspecified</pose>
		<truncated>0</truncated>
		<difficult>0</difficult>
		<bndbox>
			<xmin>613</xmin>
			<ymin>1032</ymin>
			<xmax>667</xmax>
			<ymax>1137</ymax>
		</bndbox>
	</object>
	<object>
		<name>sp14</name>
		<pose>Unspecified</pose>
		<truncated>0</truncated>
		<difficult>0</difficult>
		<bndbox>
			<xmin>1723</xmin>
			<ymin>1253</ymin>
			<xmax>1792</xmax>
			<ymax>1330</ymax>
		</bndbox>
	</object>
	<object>
		<name>sp14</name>
		<pose>Unspecified</pose>
		<truncated>0</truncated>
		<difficult>0</difficult>
		<bndbox>
			<xmin>1882</xmin>
			<ymin>668</ymin>
			<xmax>1938</xmax>
			<ymax>744</ymax>
		</bndbox>
	</object>
	<object>
		<name>sp14</name>
		<pose>Unspecified</pose>
		<truncated>0</truncated>
		<difficult>0</difficult>
		<bndbox>
			<xmin>1234</xmin>
			<ymin>1827</ymin>
			<xmax>1293</xmax>
			<ymax>1913</ymax>
		</bndbox>
	</object>
	<object>
		<name>sp14</name>
		<pose>Unspecified</pose>
		<truncated>0</truncated>
		<difficult>0</difficult>
		<bndbox>
			<xmin>732</xmin>
			<ymin>606</ymin>
			<xmax>814</xmax>
			<ymax>679</ymax>
		</bndbox>
	</object>
	<object>
		<name>sp14</name>
		<pose>Unspecified</pose>
		<truncated>0</truncated>
		<difficult>0</difficult>
		<bndbox>
			<xmin>676</xmin>
			<ymin>1460</ymin>
			<xmax>741</xmax>
			<ymax>1525</ymax>
		</bndbox>
	</object>
	<object>
		<name>sp14</name>
		<pose>Unspecified</pose>
		<truncated>0</truncated>
		<difficult>0</difficult>
		<bndbox>
			<xmin>1694</xmin>
			<ymin>574</ymin>
			<xmax>1767</xmax>
			<ymax>648</ymax>
		</bndbox>
	</object>
	<object>
		<name>sp14</name>
		<pose>Unspecified</pose>
		<truncated>0</truncated>
		<difficult>0</difficult>
		<bndbox>
			<xmin>1799</xmin>
			<ymin>1212</ymin>
			<xmax>1858</xmax>
			<ymax>1321</ymax>
		</bndbox>
	</object>
	<object>
		<name>sp14</name>
		<pose>Unspecified</pose>
		<truncated>0</truncated>
		<difficult>0</difficult>
		<bndbox>
			<xmin>1955</xmin>
			<ymin>622</ymin>
			<xmax>2023</xmax>
			<ymax>683</ymax>
		</bndbox>
	</object>
	<object>
		<name>sp14</name>
		<pose>Unspecified</pose>
		<truncated>0</truncated>
		<difficult>0</difficult>
		<bndbox>
			<xmin>688</xmin>
			<ymin>549</ymin>
			<xmax>768</xmax>
			<ymax>622</ymax>
		</bndbox>
	</object>
	<object>
		<name>sp14</name>
		<pose>Unspecified</pose>
		<truncated>0</truncated>
		<difficult>0</difficult>
		<bndbox>
			<xmin>987</xmin>
			<ymin>988</ymin>
			<xmax>1055</xmax>
			<ymax>1057</ymax>
		</bndbox>
	</object>
	<object>
		<name>sp14</name>
		<pose>Unspecified</pose>
		<truncated>0</truncated>
		<difficult>0</difficult>
		<bndbox>
			<xmin>1661</xmin>
			<ymin>1551</ymin>
			<xmax>1718</xmax>
			<ymax>1614</ymax>
		</bndbox>
	</object>
	<object>
		<name>sp14</name>
		<pose>Unspecified</pose>
		<truncated>0</truncated>
		<difficult>0</difficult>
		<bndbox>
			<xmin>531</xmin>
			<ymin>1369</ymin>
			<xmax>616</xmax>
			<ymax>1442</ymax>
		</bndbox>
	</object>
	<object>
		<name>sp14</name>
		<pose>Unspecified</pose>
		<truncated>0</truncated>
		<difficult>0</difficult>
		<bndbox>
			<xmin>1930</xmin>
			<ymin>522</ymin>
			<xmax>1996</xmax>
			<ymax>595</ymax>
		</bndbox>
	</object>
	<object>
		<name>sp14</name>
		<pose>Unspecified</pose>
		<truncated>0</truncated>
		<difficult>0</difficult>
		<bndbox>
			<xmin>1544</xmin>
			<ymin>1139</ymin>
			<xmax>1645</xmax>
			<ymax>1202</ymax>
		</bndbox>
	</object>
	<object>
		<name>sp14</name>
		<pose>Unspecified</pose>
		<truncated>0</truncated>
		<difficult>0</difficult>
		<bndbox>
			<xmin>1631</xmin>
			<ymin>1491</ymin>
			<xmax>1712</xmax>
			<ymax>1547</ymax>
		</bndbox>
	</object>
	<object>
		<name>sp14</name>
		<pose>Unspecified</pose>
		<truncated>0</truncated>
		<difficult>0</difficult>
		<bndbox>
			<xmin>1615</xmin>
			<ymin>583</ymin>
			<xmax>1699</xmax>
			<ymax>643</ymax>
		</bndbox>
	</object>
	<object>
		<name>sp14</name>
		<pose>Unspecified</pose>
		<truncated>0</truncated>
		<difficult>0</difficult>
		<bndbox>
			<xmin>334</xmin>
			<ymin>938</ymin>
			<xmax>395</xmax>
			<ymax>1016</ymax>
		</bndbox>
	</object>
	<object>
		<name>sp14</name>
		<pose>Unspecified</pose>
		<truncated>0</truncated>
		<difficult>0</difficult>
		<bndbox>
			<xmin>770</xmin>
			<ymin>1557</ymin>
			<xmax>859</xmax>
			<ymax>1667</ymax>
		</bndbox>
	</object>
	<object>
		<name>sp14</name>
		<pose>Unspecified</pose>
		<truncated>0</truncated>
		<difficult>0</difficult>
		<bndbox>
			<xmin>1046</xmin>
			<ymin>666</ymin>
			<xmax>1110</xmax>
			<ymax>738</ymax>
		</bndbox>
	</object>
	<object>
		<name>sp14</name>
		<pose>Unspecified</pose>
		<truncated>0</truncated>
		<difficult>0</difficult>
		<bndbox>
			<xmin>1512</xmin>
			<ymin>1647</ymin>
			<xmax>1570</xmax>
			<ymax>1704</ymax>
		</bndbox>
	</object>
	<object>
		<name>sp14</name>
		<pose>Unspecified</pose>
		<truncated>0</truncated>
		<difficult>0</difficult>
		<bndbox>
			<xmin>594</xmin>
			<ymin>507</ymin>
			<xmax>676</xmax>
			<ymax>590</ymax>
		</bndbox>
	</object>
	<object>
		<name>sp14</name>
		<pose>Unspecified</pose>
		<truncated>0</truncated>
		<difficult>0</difficult>
		<bndbox>
			<xmin>384</xmin>
			<ymin>912</ymin>
			<xmax>441</xmax>
			<ymax>1007</ymax>
		</bndbox>
	</object>
	<object>
		<name>sp14</name>
		<pose>Unspecified</pose>
		<truncated>0</truncated>
		<difficult>0</difficult>
		<bndbox>
			<xmin>1063</xmin>
			<ymin>230</ymin>
			<xmax>1141</xmax>
			<ymax>323</ymax>
		</bndbox>
	</object>
	<object>
		<name>sp14</name>
		<pose>Unspecified</pose>
		<truncated>0</truncated>
		<difficult>0</difficult>
		<bndbox>
			<xmin>1921</xmin>
			<ymin>687</ymin>
			<xmax>1989</xmax>
			<ymax>762</ymax>
		</bndbox>
	</object>
	<object>
		<name>sp14</name>
		<pose>Unspecified</pose>
		<truncated>0</truncated>
		<difficult>0</difficult>
		<bndbox>
			<xmin>526</xmin>
			<ymin>1403</ymin>
			<xmax>605</xmax>
			<ymax>1472</ymax>
		</bndbox>
	</object>
	<object>
		<name>sp14</name>
		<pose>Unspecified</pose>
		<truncated>0</truncated>
		<difficult>0</difficult>
		<bndbox>
			<xmin>1573</xmin>
			<ymin>1574</ymin>
			<xmax>1628</xmax>
			<ymax>1637</ymax>
		</bndbox>
	</object>
	<object>
		<name>sp14</name>
		<pose>Unspecified</pose>
		<truncated>0</truncated>
		<difficult>0</difficult>
		<bndbox>
			<xmin>1095</xmin>
			<ymin>1756</ymin>
			<xmax>1154</xmax>
			<ymax>1820</ymax>
		</bndbox>
	</object>
	<object>
		<name>sp14</name>
		<pose>Unspecified</pose>
		<truncated>0</truncated>
		<difficult>0</difficult>
		<bndbox>
			<xmin>742</xmin>
			<ymin>505</ymin>
			<xmax>813</xmax>
			<ymax>579</ymax>
		</bndbox>
	</object>
	<object>
		<name>sp14</name>
		<pose>Unspecified</pose>
		<truncated>0</truncated>
		<difficult>0</difficult>
		<bndbox>
			<xmin>1743</xmin>
			<ymin>1239</ymin>
			<xmax>1806</xmax>
			<ymax>1305</ymax>
		</bndbox>
	</object>
	<object>
		<name>sp14</name>
		<pose>Unspecified</pose>
		<truncated>0</truncated>
		<difficult>0</difficult>
		<bndbox>
			<xmin>1221</xmin>
			<ymin>779</ymin>
			<xmax>1303</xmax>
			<ymax>818</ymax>
		</bndbox>
	</object>
	<object>
		<name>sp14</name>
		<pose>Unspecified</pose>
		<truncated>0</truncated>
		<difficult>0</difficult>
		<bndbox>
			<xmin>546</xmin>
			<ymin>1321</ymin>
			<xmax>614</xmax>
			<ymax>1384</ymax>
		</bndbox>
	</object>
	<object>
		<name>sp14</name>
		<pose>Unspecified</pose>
		<truncated>0</truncated>
		<difficult>0</difficult>
		<bndbox>
			<xmin>1609</xmin>
			<ymin>1517</ymin>
			<xmax>1649</xmax>
			<ymax>1603</ymax>
		</bndbox>
	</object>
	<object>
		<name>sp14</name>
		<pose>Unspecified</pose>
		<truncated>0</truncated>
		<difficult>0</difficult>
		<bndbox>
			<xmin>980</xmin>
			<ymin>56</ymin>
			<xmax>1036</xmax>
			<ymax>121</ymax>
		</bndbox>
	</object>
</annotation>