<annotation>
	<folder>my-project-name</folder>
	<filename>sp15_img02.jpg</filename>
	<path>/my-project-name/sp15_img02.jpg</path>
	<source>
		<database>Unspecified</database>
	</source>
	<size>
		<width>2486</width>
		<height>2492</height>
		<depth>3</depth>
	</size>
	<object>
		<name>sp15</name>
		<pose>Unspecified</pose>
		<truncated>0</truncated>
		<difficult>0</difficult>
		<bndbox>
			<xmin>1062</xmin>
			<ymin>192</ymin>
			<xmax>1129</xmax>
			<ymax>259</ymax>
		</bndbox>
	</object>
	<object>
		<name>sp15</name>
		<pose>Unspecified</pose>
		<truncated>0</truncated>
		<difficult>0</difficult>
		<bndbox>
			<xmin>1555</xmin>
			<ymin>473</ymin>
			<xmax>1613</xmax>
			<ymax>528</ymax>
		</bndbox>
	</object>
	<object>
		<name>sp15</name>
		<pose>Unspecified</pose>
		<truncated>0</truncated>
		<difficult>0</difficult>
		<bndbox>
			<xmin>1726</xmin>
			<ymin>603</ymin>
			<xmax>1776</xmax>
			<ymax>659</ymax>
		</bndbox>
	</object>
	<object>
		<name>sp15</name>
		<pose>Unspecified</pose>
		<truncated>0</truncated>
		<difficult>0</difficult>
		<bndbox>
			<xmin>646</xmin>
			<ymin>355</ymin>
			<xmax>726</xmax>
			<ymax>412</ymax>
		</bndbox>
	</object>
	<object>
		<name>sp15</name>
		<pose>Unspecified</pose>
		<truncated>0</truncated>
		<difficult>0</difficult>
		<bndbox>
			<xmin>656</xmin>
			<ymin>754</ymin>
			<xmax>711</xmax>
			<ymax>809</ymax>
		</bndbox>
	</object>
	<object>
		<name>sp15</name>
		<pose>Unspecified</pose>
		<truncated>0</truncated>
		<difficult>0</difficult>
		<bndbox>
			<xmin>1228</xmin>
			<ymin>885</ymin>
			<xmax>1289</xmax>
			<ymax>941</ymax>
		</bndbox>
	</object>
	<object>
		<name>sp15</name>
		<pose>Unspecified</pose>
		<truncated>0</truncated>
		<difficult>0</difficult>
		<bndbox>
			<xmin>1704</xmin>
			<ymin>1390</ymin>
			<xmax>1762</xmax>
			<ymax>1467</ymax>
		</bndbox>
	</object>
	<object>
		<name>sp15</name>
		<pose>Unspecified</pose>
		<truncated>0</truncated>
		<difficult>0</difficult>
		<bndbox>
			<xmin>1050</xmin>
			<ymin>1642</ymin>
			<xmax>1110</xmax>
			<ymax>1709</ymax>
		</bndbox>
	</object>
	<object>
		<name>sp15</name>
		<pose>Unspecified</pose>
		<truncated>0</truncated>
		<difficult>0</difficult>
		<bndbox>
			<xmin>740</xmin>
			<ymin>1810</ymin>
			<xmax>802</xmax>
			<ymax>1876</ymax>
		</bndbox>
	</object>
	<object>
		<name>sp15</name>
		<pose>Unspecified</pose>
		<truncated>0</truncated>
		<difficult>0</difficult>
		<bndbox>
			<xmin>634</xmin>
			<ymin>1390</ymin>
			<xmax>690</xmax>
			<ymax>1457</ymax>
		</bndbox>
	</object>
	<object>
		<name>sp15</name>
		<pose>Unspecified</pose>
		<truncated>0</truncated>
		<difficult>0</difficult>
		<bndbox>
			<xmin>419</xmin>
			<ymin>1172</ymin>
			<xmax>481</xmax>
			<ymax>1230</ymax>
		</bndbox>
	</object>
	<object>
		<name>sp15</name>
		<pose>Unspecified</pose>
		<truncated>0</truncated>
		<difficult>0</difficult>
		<bndbox>
			<xmin>593</xmin>
			<ymin>932</ymin>
			<xmax>636</xmax>
			<ymax>987</ymax>
		</bndbox>
	</object>
	<object>
		<name>sp15</name>
		<pose>Unspecified</pose>
		<truncated>0</truncated>
		<difficult>0</difficult>
		<bndbox>
			<xmin>684</xmin>
			<ymin>987</ymin>
			<xmax>724</xmax>
			<ymax>1050</ymax>
		</bndbox>
	</object>
	<object>
		<name>sp15</name>
		<pose>Unspecified</pose>
		<truncated>0</truncated>
		<difficult>0</difficult>
		<bndbox>
			<xmin>644</xmin>
			<ymin>989</ymin>
			<xmax>686</xmax>
			<ymax>1035</ymax>
		</bndbox>
	</object>
	<object>
		<name>sp15</name>
		<pose>Unspecified</pose>
		<truncated>0</truncated>
		<difficult>0</difficult>
		<bndbox>
			<xmin>972</xmin>
			<ymin>1151</ymin>
			<xmax>1024</xmax>
			<ymax>1219</ymax>
		</bndbox>
	</object>
	<object>
		<name>sp15</name>
		<pose>Unspecified</pose>
		<truncated>0</truncated>
		<difficult>0</difficult>
		<bndbox>
			<xmin>893</xmin>
			<ymin>1164</ymin>
			<xmax>954</xmax>
			<ymax>1221</ymax>
		</bndbox>
	</object>
	<object>
		<name>sp15</name>
		<pose>Unspecified</pose>
		<truncated>0</truncated>
		<difficult>0</difficult>
		<bndbox>
			<xmin>804</xmin>
			<ymin>1220</ymin>
			<xmax>872</xmax>
			<ymax>1297</ymax>
		</bndbox>
	</object>
	<object>
		<name>sp15</name>
		<pose>Unspecified</pose>
		<truncated>0</truncated>
		<difficult>0</difficult>
		<bndbox>
			<xmin>736</xmin>
			<ymin>1311</ymin>
			<xmax>812</xmax>
			<ymax>1367</ymax>
		</bndbox>
	</object>
	<object>
		<name>sp15</name>
		<pose>Unspecified</pose>
		<truncated>0</truncated>
		<difficult>0</difficult>
		<bndbox>
			<xmin>750</xmin>
			<ymin>1385</ymin>
			<xmax>804</xmax>
			<ymax>1435</ymax>
		</bndbox>
	</object>
</annotation>