<annotation>
	<folder>my-project-name</folder>
	<filename>sp15_img01.jpg</filename>
	<path>/my-project-name/sp15_img01.jpg</path>
	<source>
		<database>Unspecified</database>
	</source>
	<size>
		<width>2411</width>
		<height>2428</height>
		<depth>3</depth>
	</size>
	<object>
		<name>sp15</name>
		<pose>Unspecified</pose>
		<truncated>0</truncated>
		<difficult>0</difficult>
		<bndbox>
			<xmin>755</xmin>
			<ymin>189</ymin>
			<xmax>798</xmax>
			<ymax>231</ymax>
		</bndbox>
	</object>
	<object>
		<name>sp15</name>
		<pose>Unspecified</pose>
		<truncated>0</truncated>
		<difficult>0</difficult>
		<bndbox>
			<xmin>1448</xmin>
			<ymin>1405</ymin>
			<xmax>1510</xmax>
			<ymax>1461</ymax>
		</bndbox>
	</object>
	<object>
		<name>sp15</name>
		<pose>Unspecified</pose>
		<truncated>0</truncated>
		<difficult>0</difficult>
		<bndbox>
			<xmin>1872</xmin>
			<ymin>1824</ymin>
			<xmax>1912</xmax>
			<ymax>1884</ymax>
		</bndbox>
	</object>
	<object>
		<name>sp15</name>
		<pose>Unspecified</pose>
		<truncated>0</truncated>
		<difficult>0</difficult>
		<bndbox>
			<xmin>2133</xmin>
			<ymin>1551</ymin>
			<xmax>2173</xmax>
			<ymax>1611</ymax>
		</bndbox>
	</object>
	<object>
		<name>sp15</name>
		<pose>Unspecified</pose>
		<truncated>0</truncated>
		<difficult>0</difficult>
		<bndbox>
			<xmin>2143</xmin>
			<ymin>1048</ymin>
			<xmax>2208</xmax>
			<ymax>1114</ymax>
		</bndbox>
	</object>
	<object>
		<name>sp15</name>
		<pose>Unspecified</pose>
		<truncated>0</truncated>
		<difficult>0</difficult>
		<bndbox>
			<xmin>1554</xmin>
			<ymin>230</ymin>
			<xmax>1609</xmax>
			<ymax>282</ymax>
		</bndbox>
	</object>
	<object>
		<name>sp15</name>
		<pose>Unspecified</pose>
		<truncated>0</truncated>
		<difficult>0</difficult>
		<bndbox>
			<xmin>1493</xmin>
			<ymin>196</ymin>
			<xmax>1544</xmax>
			<ymax>245</ymax>
		</bndbox>
	</object>
	<object>
		<name>sp15</name>
		<pose>Unspecified</pose>
		<truncated>0</truncated>
		<difficult>0</difficult>
		<bndbox>
			<xmin>1033</xmin>
			<ymin>193</ymin>
			<xmax>1091</xmax>
			<ymax>250</ymax>
		</bndbox>
	</object>
	<object>
		<name>sp15</name>
		<pose>Unspecified</pose>
		<truncated>0</truncated>
		<difficult>0</difficult>
		<bndbox>
			<xmin>974</xmin>
			<ymin>315</ymin>
			<xmax>1026</xmax>
			<ymax>362</ymax>
		</bndbox>
	</object>
	<object>
		<name>sp15</name>
		<pose>Unspecified</pose>
		<truncated>0</truncated>
		<difficult>0</difficult>
		<bndbox>
			<xmin>766</xmin>
			<ymin>449</ymin>
			<xmax>819</xmax>
			<ymax>510</ymax>
		</bndbox>
	</object>
	<object>
		<name>sp15</name>
		<pose>Unspecified</pose>
		<truncated>0</truncated>
		<difficult>0</difficult>
		<bndbox>
			<xmin>784</xmin>
			<ymin>535</ymin>
			<xmax>848</xmax>
			<ymax>595</ymax>
		</bndbox>
	</object>
	<object>
		<name>sp15</name>
		<pose>Unspecified</pose>
		<truncated>0</truncated>
		<difficult>0</difficult>
		<bndbox>
			<xmin>496</xmin>
			<ymin>1148</ymin>
			<xmax>552</xmax>
			<ymax>1200</ymax>
		</bndbox>
	</object>
	<object>
		<name>sp15</name>
		<pose>Unspecified</pose>
		<truncated>0</truncated>
		<difficult>0</difficult>
		<bndbox>
			<xmin>523</xmin>
			<ymin>1223</ymin>
			<xmax>592</xmax>
			<ymax>1283</ymax>
		</bndbox>
	</object>
</annotation>