<annotation>
	<folder>my-project-name</folder>
	<filename>sp15_img06.jpg</filename>
	<path>/my-project-name/sp15_img06.jpg</path>
	<source>
		<database>Unspecified</database>
	</source>
	<size>
		<width>2690</width>
		<height>2669</height>
		<depth>3</depth>
	</size>
	<object>
		<name>sp15</name>
		<pose>Unspecified</pose>
		<truncated>0</truncated>
		<difficult>0</difficult>
		<bndbox>
			<xmin>1029</xmin>
			<ymin>167</ymin>
			<xmax>1129</xmax>
			<ymax>232</ymax>
		</bndbox>
	</object>
	<object>
		<name>sp15</name>
		<pose>Unspecified</pose>
		<truncated>0</truncated>
		<difficult>0</difficult>
		<bndbox>
			<xmin>1146</xmin>
			<ymin>166</ymin>
			<xmax>1226</xmax>
			<ymax>232</ymax>
		</bndbox>
	</object>
	<object>
		<name>sp15</name>
		<pose>Unspecified</pose>
		<truncated>0</truncated>
		<difficult>0</difficult>
		<bndbox>
			<xmin>1127</xmin>
			<ymin>220</ymin>
			<xmax>1198</xmax>
			<ymax>284</ymax>
		</bndbox>
	</object>
	<object>
		<name>sp15</name>
		<pose>Unspecified</pose>
		<truncated>0</truncated>
		<difficult>0</difficult>
		<bndbox>
			<xmin>1093</xmin>
			<ymin>244</ymin>
			<xmax>1150</xmax>
			<ymax>305</ymax>
		</bndbox>
	</object>
	<object>
		<name>sp15</name>
		<pose>Unspecified</pose>
		<truncated>0</truncated>
		<difficult>0</difficult>
		<bndbox>
			<xmin>1053</xmin>
			<ymin>237</ymin>
			<xmax>1112</xmax>
			<ymax>280</ymax>
		</bndbox>
	</object>
	<object>
		<name>sp15</name>
		<pose>Unspecified</pose>
		<truncated>0</truncated>
		<difficult>0</difficult>
		<bndbox>
			<xmin>1246</xmin>
			<ymin>194</ymin>
			<xmax>1308</xmax>
			<ymax>268</ymax>
		</bndbox>
	</object>
	<object>
		<name>sp15</name>
		<pose>Unspecified</pose>
		<truncated>0</truncated>
		<difficult>0</difficult>
		<bndbox>
			<xmin>1298</xmin>
			<ymin>204</ymin>
			<xmax>1354</xmax>
			<ymax>262</ymax>
		</bndbox>
	</object>
	<object>
		<name>sp15</name>
		<pose>Unspecified</pose>
		<truncated>0</truncated>
		<difficult>0</difficult>
		<bndbox>
			<xmin>1285</xmin>
			<ymin>149</ymin>
			<xmax>1361</xmax>
			<ymax>214</ymax>
		</bndbox>
	</object>
	<object>
		<name>sp15</name>
		<pose>Unspecified</pose>
		<truncated>0</truncated>
		<difficult>0</difficult>
		<bndbox>
			<xmin>1250</xmin>
			<ymin>89</ymin>
			<xmax>1295</xmax>
			<ymax>129</ymax>
		</bndbox>
	</object>
	<object>
		<name>sp15</name>
		<pose>Unspecified</pose>
		<truncated>0</truncated>
		<difficult>0</difficult>
		<bndbox>
			<xmin>1305</xmin>
			<ymin>93</ymin>
			<xmax>1365</xmax>
			<ymax>146</ymax>
		</bndbox>
	</object>
	<object>
		<name>sp15</name>
		<pose>Unspecified</pose>
		<truncated>0</truncated>
		<difficult>0</difficult>
		<bndbox>
			<xmin>1392</xmin>
			<ymin>281</ymin>
			<xmax>1444</xmax>
			<ymax>351</ymax>
		</bndbox>
	</object>
	<object>
		<name>sp15</name>
		<pose>Unspecified</pose>
		<truncated>0</truncated>
		<difficult>0</difficult>
		<bndbox>
			<xmin>1434</xmin>
			<ymin>295</ymin>
			<xmax>1491</xmax>
			<ymax>351</ymax>
		</bndbox>
	</object>
	<object>
		<name>sp15</name>
		<pose>Unspecified</pose>
		<truncated>0</truncated>
		<difficult>0</difficult>
		<bndbox>
			<xmin>1544</xmin>
			<ymin>203</ymin>
			<xmax>1616</xmax>
			<ymax>265</ymax>
		</bndbox>
	</object>
	<object>
		<name>sp15</name>
		<pose>Unspecified</pose>
		<truncated>0</truncated>
		<difficult>0</difficult>
		<bndbox>
			<xmin>1516</xmin>
			<ymin>131</ymin>
			<xmax>1574</xmax>
			<ymax>199</ymax>
		</bndbox>
	</object>
	<object>
		<name>sp15</name>
		<pose>Unspecified</pose>
		<truncated>0</truncated>
		<difficult>0</difficult>
		<bndbox>
			<xmin>1572</xmin>
			<ymin>127</ymin>
			<xmax>1622</xmax>
			<ymax>199</ymax>
		</bndbox>
	</object>
	<object>
		<name>sp15</name>
		<pose>Unspecified</pose>
		<truncated>0</truncated>
		<difficult>0</difficult>
		<bndbox>
			<xmin>1628</xmin>
			<ymin>125</ymin>
			<xmax>1669</xmax>
			<ymax>170</ymax>
		</bndbox>
	</object>
	<object>
		<name>sp15</name>
		<pose>Unspecified</pose>
		<truncated>0</truncated>
		<difficult>0</difficult>
		<bndbox>
			<xmin>1680</xmin>
			<ymin>143</ymin>
			<xmax>1723</xmax>
			<ymax>187</ymax>
		</bndbox>
	</object>
	<object>
		<name>sp15</name>
		<pose>Unspecified</pose>
		<truncated>0</truncated>
		<difficult>0</difficult>
		<bndbox>
			<xmin>1773</xmin>
			<ymin>166</ymin>
			<xmax>1822</xmax>
			<ymax>203</ymax>
		</bndbox>
	</object>
	<object>
		<name>sp15</name>
		<pose>Unspecified</pose>
		<truncated>0</truncated>
		<difficult>0</difficult>
		<bndbox>
			<xmin>1658</xmin>
			<ymin>169</ymin>
			<xmax>1725</xmax>
			<ymax>244</ymax>
		</bndbox>
	</object>
	<object>
		<name>sp15</name>
		<pose>Unspecified</pose>
		<truncated>0</truncated>
		<difficult>0</difficult>
		<bndbox>
			<xmin>1751</xmin>
			<ymin>243</ymin>
			<xmax>1817</xmax>
			<ymax>309</ymax>
		</bndbox>
	</object>
	<object>
		<name>sp15</name>
		<pose>Unspecified</pose>
		<truncated>0</truncated>
		<difficult>0</difficult>
		<bndbox>
			<xmin>1810</xmin>
			<ymin>240</ymin>
			<xmax>1864</xmax>
			<ymax>319</ymax>
		</bndbox>
	</object>
	<object>
		<name>sp15</name>
		<pose>Unspecified</pose>
		<truncated>0</truncated>
		<difficult>0</difficult>
		<bndbox>
			<xmin>900</xmin>
			<ymin>210</ymin>
			<xmax>962</xmax>
			<ymax>265</ymax>
		</bndbox>
	</object>
	<object>
		<name>sp15</name>
		<pose>Unspecified</pose>
		<truncated>0</truncated>
		<difficult>0</difficult>
		<bndbox>
			<xmin>948</xmin>
			<ymin>233</ymin>
			<xmax>989</xmax>
			<ymax>275</ymax>
		</bndbox>
	</object>
	<object>
		<name>sp15</name>
		<pose>Unspecified</pose>
		<truncated>0</truncated>
		<difficult>0</difficult>
		<bndbox>
			<xmin>833</xmin>
			<ymin>244</ymin>
			<xmax>921</xmax>
			<ymax>314</ymax>
		</bndbox>
	</object>
	<object>
		<name>sp15</name>
		<pose>Unspecified</pose>
		<truncated>0</truncated>
		<difficult>0</difficult>
		<bndbox>
			<xmin>913</xmin>
			<ymin>286</ymin>
			<xmax>994</xmax>
			<ymax>351</ymax>
		</bndbox>
	</object>
	<object>
		<name>sp15</name>
		<pose>Unspecified</pose>
		<truncated>0</truncated>
		<difficult>0</difficult>
		<bndbox>
			<xmin>983</xmin>
			<ymin>339</ymin>
			<xmax>1052</xmax>
			<ymax>396</ymax>
		</bndbox>
	</object>
	<object>
		<name>sp15</name>
		<pose>Unspecified</pose>
		<truncated>0</truncated>
		<difficult>0</difficult>
		<bndbox>
			<xmin>956</xmin>
			<ymin>372</ymin>
			<xmax>1003</xmax>
			<ymax>422</ymax>
		</bndbox>
	</object>
	<object>
		<name>sp15</name>
		<pose>Unspecified</pose>
		<truncated>0</truncated>
		<difficult>0</difficult>
		<bndbox>
			<xmin>826</xmin>
			<ymin>331</ymin>
			<xmax>898</xmax>
			<ymax>396</ymax>
		</bndbox>
	</object>
	<object>
		<name>sp15</name>
		<pose>Unspecified</pose>
		<truncated>0</truncated>
		<difficult>0</difficult>
		<bndbox>
			<xmin>772</xmin>
			<ymin>354</ymin>
			<xmax>837</xmax>
			<ymax>406</ymax>
		</bndbox>
	</object>
	<object>
		<name>sp15</name>
		<pose>Unspecified</pose>
		<truncated>0</truncated>
		<difficult>0</difficult>
		<bndbox>
			<xmin>759</xmin>
			<ymin>386</ymin>
			<xmax>829</xmax>
			<ymax>442</ymax>
		</bndbox>
	</object>
	<object>
		<name>sp15</name>
		<pose>Unspecified</pose>
		<truncated>0</truncated>
		<difficult>0</difficult>
		<bndbox>
			<xmin>874</xmin>
			<ymin>455</ymin>
			<xmax>948</xmax>
			<ymax>525</ymax>
		</bndbox>
	</object>
	<object>
		<name>sp15</name>
		<pose>Unspecified</pose>
		<truncated>0</truncated>
		<difficult>0</difficult>
		<bndbox>
			<xmin>923</xmin>
			<ymin>430</ymin>
			<xmax>977</xmax>
			<ymax>491</ymax>
		</bndbox>
	</object>
	<object>
		<name>sp15</name>
		<pose>Unspecified</pose>
		<truncated>0</truncated>
		<difficult>0</difficult>
		<bndbox>
			<xmin>971</xmin>
			<ymin>587</ymin>
			<xmax>1044</xmax>
			<ymax>656</ymax>
		</bndbox>
	</object>
	<object>
		<name>sp15</name>
		<pose>Unspecified</pose>
		<truncated>0</truncated>
		<difficult>0</difficult>
		<bndbox>
			<xmin>876</xmin>
			<ymin>659</ymin>
			<xmax>916</xmax>
			<ymax>696</ymax>
		</bndbox>
	</object>
	<object>
		<name>sp15</name>
		<pose>Unspecified</pose>
		<truncated>0</truncated>
		<difficult>0</difficult>
		<bndbox>
			<xmin>720</xmin>
			<ymin>500</ymin>
			<xmax>779</xmax>
			<ymax>561</ymax>
		</bndbox>
	</object>
	<object>
		<name>sp15</name>
		<pose>Unspecified</pose>
		<truncated>0</truncated>
		<difficult>0</difficult>
		<bndbox>
			<xmin>768</xmin>
			<ymin>513</ymin>
			<xmax>822</xmax>
			<ymax>570</ymax>
		</bndbox>
	</object>
	<object>
		<name>sp15</name>
		<pose>Unspecified</pose>
		<truncated>0</truncated>
		<difficult>0</difficult>
		<bndbox>
			<xmin>754</xmin>
			<ymin>550</ymin>
			<xmax>817</xmax>
			<ymax>610</ymax>
		</bndbox>
	</object>
	<object>
		<name>sp15</name>
		<pose>Unspecified</pose>
		<truncated>0</truncated>
		<difficult>0</difficult>
		<bndbox>
			<xmin>739</xmin>
			<ymin>594</ymin>
			<xmax>792</xmax>
			<ymax>645</ymax>
		</bndbox>
	</object>
	<object>
		<name>sp15</name>
		<pose>Unspecified</pose>
		<truncated>0</truncated>
		<difficult>0</difficult>
		<bndbox>
			<xmin>717</xmin>
			<ymin>544</ymin>
			<xmax>778</xmax>
			<ymax>601</ymax>
		</bndbox>
	</object>
	<object>
		<name>sp15</name>
		<pose>Unspecified</pose>
		<truncated>0</truncated>
		<difficult>0</difficult>
		<bndbox>
			<xmin>653</xmin>
			<ymin>652</ymin>
			<xmax>724</xmax>
			<ymax>720</ymax>
		</bndbox>
	</object>
	<object>
		<name>sp15</name>
		<pose>Unspecified</pose>
		<truncated>0</truncated>
		<difficult>0</difficult>
		<bndbox>
			<xmin>2046</xmin>
			<ymin>328</ymin>
			<xmax>2103</xmax>
			<ymax>386</ymax>
		</bndbox>
	</object>
	<object>
		<name>sp15</name>
		<pose>Unspecified</pose>
		<truncated>0</truncated>
		<difficult>0</difficult>
		<bndbox>
			<xmin>2123</xmin>
			<ymin>386</ymin>
			<xmax>2178</xmax>
			<ymax>444</ymax>
		</bndbox>
	</object>
	<object>
		<name>sp15</name>
		<pose>Unspecified</pose>
		<truncated>0</truncated>
		<difficult>0</difficult>
		<bndbox>
			<xmin>2165</xmin>
			<ymin>417</ymin>
			<xmax>2219</xmax>
			<ymax>476</ymax>
		</bndbox>
	</object>
	<object>
		<name>sp15</name>
		<pose>Unspecified</pose>
		<truncated>0</truncated>
		<difficult>0</difficult>
		<bndbox>
			<xmin>2146</xmin>
			<ymin>486</ymin>
			<xmax>2220</xmax>
			<ymax>561</ymax>
		</bndbox>
	</object>
	<object>
		<name>sp15</name>
		<pose>Unspecified</pose>
		<truncated>0</truncated>
		<difficult>0</difficult>
		<bndbox>
			<xmin>2243</xmin>
			<ymin>522</ymin>
			<xmax>2304</xmax>
			<ymax>590</ymax>
		</bndbox>
	</object>
	<object>
		<name>sp15</name>
		<pose>Unspecified</pose>
		<truncated>0</truncated>
		<difficult>0</difficult>
		<bndbox>
			<xmin>2393</xmin>
			<ymin>798</ymin>
			<xmax>2454</xmax>
			<ymax>873</ymax>
		</bndbox>
	</object>
	<object>
		<name>sp15</name>
		<pose>Unspecified</pose>
		<truncated>0</truncated>
		<difficult>0</difficult>
		<bndbox>
			<xmin>2338</xmin>
			<ymin>828</ymin>
			<xmax>2411</xmax>
			<ymax>899</ymax>
		</bndbox>
	</object>
	<object>
		<name>sp15</name>
		<pose>Unspecified</pose>
		<truncated>0</truncated>
		<difficult>0</difficult>
		<bndbox>
			<xmin>2343</xmin>
			<ymin>954</ymin>
			<xmax>2414</xmax>
			<ymax>1030</ymax>
		</bndbox>
	</object>
	<object>
		<name>sp15</name>
		<pose>Unspecified</pose>
		<truncated>0</truncated>
		<difficult>0</difficult>
		<bndbox>
			<xmin>2478</xmin>
			<ymin>1108</ymin>
			<xmax>2549</xmax>
			<ymax>1191</ymax>
		</bndbox>
	</object>
	<object>
		<name>sp15</name>
		<pose>Unspecified</pose>
		<truncated>0</truncated>
		<difficult>0</difficult>
		<bndbox>
			<xmin>2264</xmin>
			<ymin>1105</ymin>
			<xmax>2330</xmax>
			<ymax>1174</ymax>
		</bndbox>
	</object>
	<object>
		<name>sp15</name>
		<pose>Unspecified</pose>
		<truncated>0</truncated>
		<difficult>0</difficult>
		<bndbox>
			<xmin>2379</xmin>
			<ymin>1174</ymin>
			<xmax>2461</xmax>
			<ymax>1249</ymax>
		</bndbox>
	</object>
	<object>
		<name>sp15</name>
		<pose>Unspecified</pose>
		<truncated>0</truncated>
		<difficult>0</difficult>
		<bndbox>
			<xmin>2402</xmin>
			<ymin>1244</ymin>
			<xmax>2488</xmax>
			<ymax>1326</ymax>
		</bndbox>
	</object>
	<object>
		<name>sp15</name>
		<pose>Unspecified</pose>
		<truncated>0</truncated>
		<difficult>0</difficult>
		<bndbox>
			<xmin>2266</xmin>
			<ymin>1267</ymin>
			<xmax>2320</xmax>
			<ymax>1334</ymax>
		</bndbox>
	</object>
	<object>
		<name>sp15</name>
		<pose>Unspecified</pose>
		<truncated>0</truncated>
		<difficult>0</difficult>
		<bndbox>
			<xmin>2204</xmin>
			<ymin>1317</ymin>
			<xmax>2267</xmax>
			<ymax>1385</ymax>
		</bndbox>
	</object>
	<object>
		<name>sp15</name>
		<pose>Unspecified</pose>
		<truncated>0</truncated>
		<difficult>0</difficult>
		<bndbox>
			<xmin>2141</xmin>
			<ymin>1125</ymin>
			<xmax>2197</xmax>
			<ymax>1189</ymax>
		</bndbox>
	</object>
	<object>
		<name>sp15</name>
		<pose>Unspecified</pose>
		<truncated>0</truncated>
		<difficult>0</difficult>
		<bndbox>
			<xmin>2107</xmin>
			<ymin>1162</ymin>
			<xmax>2172</xmax>
			<ymax>1223</ymax>
		</bndbox>
	</object>
	<object>
		<name>sp15</name>
		<pose>Unspecified</pose>
		<truncated>0</truncated>
		<difficult>0</difficult>
		<bndbox>
			<xmin>2035</xmin>
			<ymin>1233</ymin>
			<xmax>2107</xmax>
			<ymax>1300</ymax>
		</bndbox>
	</object>
	<object>
		<name>sp15</name>
		<pose>Unspecified</pose>
		<truncated>0</truncated>
		<difficult>0</difficult>
		<bndbox>
			<xmin>2085</xmin>
			<ymin>1303</ymin>
			<xmax>2150</xmax>
			<ymax>1370</ymax>
		</bndbox>
	</object>
	<object>
		<name>sp15</name>
		<pose>Unspecified</pose>
		<truncated>0</truncated>
		<difficult>0</difficult>
		<bndbox>
			<xmin>1713</xmin>
			<ymin>1318</ymin>
			<xmax>1773</xmax>
			<ymax>1390</ymax>
		</bndbox>
	</object>
	<object>
		<name>sp15</name>
		<pose>Unspecified</pose>
		<truncated>0</truncated>
		<difficult>0</difficult>
		<bndbox>
			<xmin>1664</xmin>
			<ymin>1358</ymin>
			<xmax>1736</xmax>
			<ymax>1420</ymax>
		</bndbox>
	</object>
	<object>
		<name>sp15</name>
		<pose>Unspecified</pose>
		<truncated>0</truncated>
		<difficult>0</difficult>
		<bndbox>
			<xmin>1412</xmin>
			<ymin>1452</ymin>
			<xmax>1480</xmax>
			<ymax>1525</ymax>
		</bndbox>
	</object>
	<object>
		<name>sp15</name>
		<pose>Unspecified</pose>
		<truncated>0</truncated>
		<difficult>0</difficult>
		<bndbox>
			<xmin>1656</xmin>
			<ymin>1532</ymin>
			<xmax>1725</xmax>
			<ymax>1596</ymax>
		</bndbox>
	</object>
	<object>
		<name>sp15</name>
		<pose>Unspecified</pose>
		<truncated>0</truncated>
		<difficult>0</difficult>
		<bndbox>
			<xmin>2030</xmin>
			<ymin>1547</ymin>
			<xmax>2095</xmax>
			<ymax>1609</ymax>
		</bndbox>
	</object>
	<object>
		<name>sp15</name>
		<pose>Unspecified</pose>
		<truncated>0</truncated>
		<difficult>0</difficult>
		<bndbox>
			<xmin>2089</xmin>
			<ymin>1447</ymin>
			<xmax>2141</xmax>
			<ymax>1494</ymax>
		</bndbox>
	</object>
	<object>
		<name>sp15</name>
		<pose>Unspecified</pose>
		<truncated>0</truncated>
		<difficult>0</difficult>
		<bndbox>
			<xmin>2118</xmin>
			<ymin>1448</ymin>
			<xmax>2173</xmax>
			<ymax>1506</ymax>
		</bndbox>
	</object>
	<object>
		<name>sp15</name>
		<pose>Unspecified</pose>
		<truncated>0</truncated>
		<difficult>0</difficult>
		<bndbox>
			<xmin>2122</xmin>
			<ymin>1503</ymin>
			<xmax>2188</xmax>
			<ymax>1577</ymax>
		</bndbox>
	</object>
	<object>
		<name>sp15</name>
		<pose>Unspecified</pose>
		<truncated>0</truncated>
		<difficult>0</difficult>
		<bndbox>
			<xmin>2184</xmin>
			<ymin>1461</ymin>
			<xmax>2252</xmax>
			<ymax>1535</ymax>
		</bndbox>
	</object>
	<object>
		<name>sp15</name>
		<pose>Unspecified</pose>
		<truncated>0</truncated>
		<difficult>0</difficult>
		<bndbox>
			<xmin>2400</xmin>
			<ymin>1525</ymin>
			<xmax>2461</xmax>
			<ymax>1590</ymax>
		</bndbox>
	</object>
	<object>
		<name>sp15</name>
		<pose>Unspecified</pose>
		<truncated>0</truncated>
		<difficult>0</difficult>
		<bndbox>
			<xmin>2290</xmin>
			<ymin>1604</ymin>
			<xmax>2355</xmax>
			<ymax>1670</ymax>
		</bndbox>
	</object>
	<object>
		<name>sp15</name>
		<pose>Unspecified</pose>
		<truncated>0</truncated>
		<difficult>0</difficult>
		<bndbox>
			<xmin>2326</xmin>
			<ymin>1651</ymin>
			<xmax>2392</xmax>
			<ymax>1712</ymax>
		</bndbox>
	</object>
	<object>
		<name>sp15</name>
		<pose>Unspecified</pose>
		<truncated>0</truncated>
		<difficult>0</difficult>
		<bndbox>
			<xmin>2239</xmin>
			<ymin>1657</ymin>
			<xmax>2313</xmax>
			<ymax>1731</ymax>
		</bndbox>
	</object>
	<object>
		<name>sp15</name>
		<pose>Unspecified</pose>
		<truncated>0</truncated>
		<difficult>0</difficult>
		<bndbox>
			<xmin>2007</xmin>
			<ymin>1722</ymin>
			<xmax>2089</xmax>
			<ymax>1784</ymax>
		</bndbox>
	</object>
	<object>
		<name>sp15</name>
		<pose>Unspecified</pose>
		<truncated>0</truncated>
		<difficult>0</difficult>
		<bndbox>
			<xmin>1738</xmin>
			<ymin>1680</ymin>
			<xmax>1798</xmax>
			<ymax>1735</ymax>
		</bndbox>
	</object>
	<object>
		<name>sp15</name>
		<pose>Unspecified</pose>
		<truncated>0</truncated>
		<difficult>0</difficult>
		<bndbox>
			<xmin>1057</xmin>
			<ymin>1647</ymin>
			<xmax>1134</xmax>
			<ymax>1719</ymax>
		</bndbox>
	</object>
	<object>
		<name>sp15</name>
		<pose>Unspecified</pose>
		<truncated>0</truncated>
		<difficult>0</difficult>
		<bndbox>
			<xmin>1590</xmin>
			<ymin>1778</ymin>
			<xmax>1658</xmax>
			<ymax>1838</ymax>
		</bndbox>
	</object>
	<object>
		<name>sp15</name>
		<pose>Unspecified</pose>
		<truncated>0</truncated>
		<difficult>0</difficult>
		<bndbox>
			<xmin>1700</xmin>
			<ymin>1719</ymin>
			<xmax>1778</xmax>
			<ymax>1785</ymax>
		</bndbox>
	</object>
	<object>
		<name>sp15</name>
		<pose>Unspecified</pose>
		<truncated>0</truncated>
		<difficult>0</difficult>
		<bndbox>
			<xmin>1908</xmin>
			<ymin>1739</ymin>
			<xmax>1980</xmax>
			<ymax>1813</ymax>
		</bndbox>
	</object>
	<object>
		<name>sp15</name>
		<pose>Unspecified</pose>
		<truncated>0</truncated>
		<difficult>0</difficult>
		<bndbox>
			<xmin>2220</xmin>
			<ymin>1795</ymin>
			<xmax>2285</xmax>
			<ymax>1870</ymax>
		</bndbox>
	</object>
	<object>
		<name>sp15</name>
		<pose>Unspecified</pose>
		<truncated>0</truncated>
		<difficult>0</difficult>
		<bndbox>
			<xmin>2139</xmin>
			<ymin>1886</ymin>
			<xmax>2210</xmax>
			<ymax>1958</ymax>
		</bndbox>
	</object>
	<object>
		<name>sp15</name>
		<pose>Unspecified</pose>
		<truncated>0</truncated>
		<difficult>0</difficult>
		<bndbox>
			<xmin>2190</xmin>
			<ymin>1951</ymin>
			<xmax>2267</xmax>
			<ymax>2026</ymax>
		</bndbox>
	</object>
	<object>
		<name>sp15</name>
		<pose>Unspecified</pose>
		<truncated>0</truncated>
		<difficult>0</difficult>
		<bndbox>
			<xmin>1887</xmin>
			<ymin>1880</ymin>
			<xmax>1959</xmax>
			<ymax>1965</ymax>
		</bndbox>
	</object>
	<object>
		<name>sp15</name>
		<pose>Unspecified</pose>
		<truncated>0</truncated>
		<difficult>0</difficult>
		<bndbox>
			<xmin>1795</xmin>
			<ymin>1927</ymin>
			<xmax>1848</xmax>
			<ymax>1982</ymax>
		</bndbox>
	</object>
	<object>
		<name>sp15</name>
		<pose>Unspecified</pose>
		<truncated>0</truncated>
		<difficult>0</difficult>
		<bndbox>
			<xmin>1808</xmin>
			<ymin>1959</ymin>
			<xmax>1875</xmax>
			<ymax>2009</ymax>
		</bndbox>
	</object>
	<object>
		<name>sp15</name>
		<pose>Unspecified</pose>
		<truncated>0</truncated>
		<difficult>0</difficult>
		<bndbox>
			<xmin>1760</xmin>
			<ymin>1986</ymin>
			<xmax>1834</xmax>
			<ymax>2048</ymax>
		</bndbox>
	</object>
	<object>
		<name>sp15</name>
		<pose>Unspecified</pose>
		<truncated>0</truncated>
		<difficult>0</difficult>
		<bndbox>
			<xmin>1947</xmin>
			<ymin>2194</ymin>
			<xmax>2029</xmax>
			<ymax>2284</ymax>
		</bndbox>
	</object>
	<object>
		<name>sp15</name>
		<pose>Unspecified</pose>
		<truncated>0</truncated>
		<difficult>0</difficult>
		<bndbox>
			<xmin>1539</xmin>
			<ymin>2096</ymin>
			<xmax>1606</xmax>
			<ymax>2161</ymax>
		</bndbox>
	</object>
	<object>
		<name>sp15</name>
		<pose>Unspecified</pose>
		<truncated>0</truncated>
		<difficult>0</difficult>
		<bndbox>
			<xmin>1467</xmin>
			<ymin>2040</ymin>
			<xmax>1539</xmax>
			<ymax>2106</ymax>
		</bndbox>
	</object>
	<object>
		<name>sp15</name>
		<pose>Unspecified</pose>
		<truncated>0</truncated>
		<difficult>0</difficult>
		<bndbox>
			<xmin>987</xmin>
			<ymin>2119</ymin>
			<xmax>1075</xmax>
			<ymax>2184</ymax>
		</bndbox>
	</object>
	<object>
		<name>sp15</name>
		<pose>Unspecified</pose>
		<truncated>0</truncated>
		<difficult>0</difficult>
		<bndbox>
			<xmin>655</xmin>
			<ymin>1744</ymin>
			<xmax>740</xmax>
			<ymax>1825</ymax>
		</bndbox>
	</object>
	<object>
		<name>sp15</name>
		<pose>Unspecified</pose>
		<truncated>0</truncated>
		<difficult>0</difficult>
		<bndbox>
			<xmin>560</xmin>
			<ymin>1840</ymin>
			<xmax>646</xmax>
			<ymax>1927</ymax>
		</bndbox>
	</object>
	<object>
		<name>sp15</name>
		<pose>Unspecified</pose>
		<truncated>0</truncated>
		<difficult>0</difficult>
		<bndbox>
			<xmin>686</xmin>
			<ymin>2053</ymin>
			<xmax>759</xmax>
			<ymax>2134</ymax>
		</bndbox>
	</object>
	<object>
		<name>sp15</name>
		<pose>Unspecified</pose>
		<truncated>0</truncated>
		<difficult>0</difficult>
		<bndbox>
			<xmin>728</xmin>
			<ymin>2193</ymin>
			<xmax>819</xmax>
			<ymax>2281</ymax>
		</bndbox>
	</object>
	<object>
		<name>sp15</name>
		<pose>Unspecified</pose>
		<truncated>0</truncated>
		<difficult>0</difficult>
		<bndbox>
			<xmin>992</xmin>
			<ymin>1573</ymin>
			<xmax>1062</xmax>
			<ymax>1631</ymax>
		</bndbox>
	</object>
	<object>
		<name>sp15</name>
		<pose>Unspecified</pose>
		<truncated>0</truncated>
		<difficult>0</difficult>
		<bndbox>
			<xmin>836</xmin>
			<ymin>1540</ymin>
			<xmax>894</xmax>
			<ymax>1596</ymax>
		</bndbox>
	</object>
	<object>
		<name>sp15</name>
		<pose>Unspecified</pose>
		<truncated>0</truncated>
		<difficult>0</difficult>
		<bndbox>
			<xmin>853</xmin>
			<ymin>1503</ymin>
			<xmax>918</xmax>
			<ymax>1557</ymax>
		</bndbox>
	</object>
	<object>
		<name>sp15</name>
		<pose>Unspecified</pose>
		<truncated>0</truncated>
		<difficult>0</difficult>
		<bndbox>
			<xmin>924</xmin>
			<ymin>1492</ymin>
			<xmax>991</xmax>
			<ymax>1566</ymax>
		</bndbox>
	</object>
	<object>
		<name>sp15</name>
		<pose>Unspecified</pose>
		<truncated>0</truncated>
		<difficult>0</difficult>
		<bndbox>
			<xmin>1015</xmin>
			<ymin>1494</ymin>
			<xmax>1080</xmax>
			<ymax>1559</ymax>
		</bndbox>
	</object>
	<object>
		<name>sp15</name>
		<pose>Unspecified</pose>
		<truncated>0</truncated>
		<difficult>0</difficult>
		<bndbox>
			<xmin>1048</xmin>
			<ymin>1381</ymin>
			<xmax>1123</xmax>
			<ymax>1453</ymax>
		</bndbox>
	</object>
	<object>
		<name>sp15</name>
		<pose>Unspecified</pose>
		<truncated>0</truncated>
		<difficult>0</difficult>
		<bndbox>
			<xmin>1164</xmin>
			<ymin>1252</ymin>
			<xmax>1244</xmax>
			<ymax>1327</ymax>
		</bndbox>
	</object>
	<object>
		<name>sp15</name>
		<pose>Unspecified</pose>
		<truncated>0</truncated>
		<difficult>0</difficult>
		<bndbox>
			<xmin>982</xmin>
			<ymin>1222</ymin>
			<xmax>1060</xmax>
			<ymax>1289</ymax>
		</bndbox>
	</object>
	<object>
		<name>sp15</name>
		<pose>Unspecified</pose>
		<truncated>0</truncated>
		<difficult>0</difficult>
		<bndbox>
			<xmin>956</xmin>
			<ymin>1309</ymin>
			<xmax>1026</xmax>
			<ymax>1374</ymax>
		</bndbox>
	</object>
	<object>
		<name>sp15</name>
		<pose>Unspecified</pose>
		<truncated>0</truncated>
		<difficult>0</difficult>
		<bndbox>
			<xmin>870</xmin>
			<ymin>1189</ymin>
			<xmax>949</xmax>
			<ymax>1262</ymax>
		</bndbox>
	</object>
	<object>
		<name>sp15</name>
		<pose>Unspecified</pose>
		<truncated>0</truncated>
		<difficult>0</difficult>
		<bndbox>
			<xmin>806</xmin>
			<ymin>1240</ymin>
			<xmax>856</xmax>
			<ymax>1312</ymax>
		</bndbox>
	</object>
	<object>
		<name>sp15</name>
		<pose>Unspecified</pose>
		<truncated>0</truncated>
		<difficult>0</difficult>
		<bndbox>
			<xmin>783</xmin>
			<ymin>1300</ymin>
			<xmax>835</xmax>
			<ymax>1353</ymax>
		</bndbox>
	</object>
	<object>
		<name>sp15</name>
		<pose>Unspecified</pose>
		<truncated>0</truncated>
		<difficult>0</difficult>
		<bndbox>
			<xmin>763</xmin>
			<ymin>1272</ymin>
			<xmax>826</xmax>
			<ymax>1320</ymax>
		</bndbox>
	</object>
	<object>
		<name>sp15</name>
		<pose>Unspecified</pose>
		<truncated>0</truncated>
		<difficult>0</difficult>
		<bndbox>
			<xmin>719</xmin>
			<ymin>1324</ymin>
			<xmax>776</xmax>
			<ymax>1375</ymax>
		</bndbox>
	</object>
	<object>
		<name>sp15</name>
		<pose>Unspecified</pose>
		<truncated>0</truncated>
		<difficult>0</difficult>
		<bndbox>
			<xmin>719</xmin>
			<ymin>1359</ymin>
			<xmax>803</xmax>
			<ymax>1414</ymax>
		</bndbox>
	</object>
	<object>
		<name>sp15</name>
		<pose>Unspecified</pose>
		<truncated>0</truncated>
		<difficult>0</difficult>
		<bndbox>
			<xmin>606</xmin>
			<ymin>1393</ymin>
			<xmax>673</xmax>
			<ymax>1463</ymax>
		</bndbox>
	</object>
	<object>
		<name>sp15</name>
		<pose>Unspecified</pose>
		<truncated>0</truncated>
		<difficult>0</difficult>
		<bndbox>
			<xmin>515</xmin>
			<ymin>1220</ymin>
			<xmax>598</xmax>
			<ymax>1296</ymax>
		</bndbox>
	</object>
	<object>
		<name>sp15</name>
		<pose>Unspecified</pose>
		<truncated>0</truncated>
		<difficult>0</difficult>
		<bndbox>
			<xmin>363</xmin>
			<ymin>1266</ymin>
			<xmax>442</xmax>
			<ymax>1337</ymax>
		</bndbox>
	</object>
	<object>
		<name>sp15</name>
		<pose>Unspecified</pose>
		<truncated>0</truncated>
		<difficult>0</difficult>
		<bndbox>
			<xmin>590</xmin>
			<ymin>1095</ymin>
			<xmax>666</xmax>
			<ymax>1163</ymax>
		</bndbox>
	</object>
	<object>
		<name>sp15</name>
		<pose>Unspecified</pose>
		<truncated>0</truncated>
		<difficult>0</difficult>
		<bndbox>
			<xmin>654</xmin>
			<ymin>1056</ymin>
			<xmax>725</xmax>
			<ymax>1123</ymax>
		</bndbox>
	</object>
	<object>
		<name>sp15</name>
		<pose>Unspecified</pose>
		<truncated>0</truncated>
		<difficult>0</difficult>
		<bndbox>
			<xmin>646</xmin>
			<ymin>1116</ymin>
			<xmax>719</xmax>
			<ymax>1201</ymax>
		</bndbox>
	</object>
	<object>
		<name>sp15</name>
		<pose>Unspecified</pose>
		<truncated>0</truncated>
		<difficult>0</difficult>
		<bndbox>
			<xmin>709</xmin>
			<ymin>1193</ymin>
			<xmax>780</xmax>
			<ymax>1260</ymax>
		</bndbox>
	</object>
	<object>
		<name>sp15</name>
		<pose>Unspecified</pose>
		<truncated>0</truncated>
		<difficult>0</difficult>
		<bndbox>
			<xmin>806</xmin>
			<ymin>999</ymin>
			<xmax>876</xmax>
			<ymax>1060</ymax>
		</bndbox>
	</object>
	<object>
		<name>sp15</name>
		<pose>Unspecified</pose>
		<truncated>0</truncated>
		<difficult>0</difficult>
		<bndbox>
			<xmin>679</xmin>
			<ymin>925</ymin>
			<xmax>755</xmax>
			<ymax>999</ymax>
		</bndbox>
	</object>
	<object>
		<name>sp15</name>
		<pose>Unspecified</pose>
		<truncated>0</truncated>
		<difficult>0</difficult>
		<bndbox>
			<xmin>559</xmin>
			<ymin>972</ymin>
			<xmax>636</xmax>
			<ymax>1036</ymax>
		</bndbox>
	</object>
	<object>
		<name>sp15</name>
		<pose>Unspecified</pose>
		<truncated>0</truncated>
		<difficult>0</difficult>
		<bndbox>
			<xmin>286</xmin>
			<ymin>901</ymin>
			<xmax>363</xmax>
			<ymax>966</ymax>
		</bndbox>
	</object>
	<object>
		<name>sp15</name>
		<pose>Unspecified</pose>
		<truncated>0</truncated>
		<difficult>0</difficult>
		<bndbox>
			<xmin>556</xmin>
			<ymin>914</ymin>
			<xmax>647</xmax>
			<ymax>977</ymax>
		</bndbox>
	</object>
	<object>
		<name>sp15</name>
		<pose>Unspecified</pose>
		<truncated>0</truncated>
		<difficult>0</difficult>
		<bndbox>
			<xmin>162</xmin>
			<ymin>905</ymin>
			<xmax>230</xmax>
			<ymax>956</ymax>
		</bndbox>
	</object>
	<object>
		<name>sp15</name>
		<pose>Unspecified</pose>
		<truncated>0</truncated>
		<difficult>0</difficult>
		<bndbox>
			<xmin>101</xmin>
			<ymin>1155</ymin>
			<xmax>166</xmax>
			<ymax>1222</ymax>
		</bndbox>
	</object>
	<object>
		<name>sp15</name>
		<pose>Unspecified</pose>
		<truncated>0</truncated>
		<difficult>0</difficult>
		<bndbox>
			<xmin>292</xmin>
			<ymin>643</ymin>
			<xmax>369</xmax>
			<ymax>714</ymax>
		</bndbox>
	</object>
	<object>
		<name>sp15</name>
		<pose>Unspecified</pose>
		<truncated>0</truncated>
		<difficult>0</difficult>
		<bndbox>
			<xmin>233</xmin>
			<ymin>736</ymin>
			<xmax>276</xmax>
			<ymax>776</ymax>
		</bndbox>
	</object>
	<object>
		<name>sp15</name>
		<pose>Unspecified</pose>
		<truncated>0</truncated>
		<difficult>0</difficult>
		<bndbox>
			<xmin>510</xmin>
			<ymin>832</ymin>
			<xmax>584</xmax>
			<ymax>905</ymax>
		</bndbox>
	</object>
	<object>
		<name>sp15</name>
		<pose>Unspecified</pose>
		<truncated>0</truncated>
		<difficult>0</difficult>
		<bndbox>
			<xmin>652</xmin>
			<ymin>723</ymin>
			<xmax>718</xmax>
			<ymax>786</ymax>
		</bndbox>
	</object>
	<object>
		<name>sp15</name>
		<pose>Unspecified</pose>
		<truncated>0</truncated>
		<difficult>0</difficult>
		<bndbox>
			<xmin>725</xmin>
			<ymin>766</ymin>
			<xmax>789</xmax>
			<ymax>835</ymax>
		</bndbox>
	</object>
	<object>
		<name>sp15</name>
		<pose>Unspecified</pose>
		<truncated>0</truncated>
		<difficult>0</difficult>
		<bndbox>
			<xmin>665</xmin>
			<ymin>795</ymin>
			<xmax>725</xmax>
			<ymax>862</ymax>
		</bndbox>
	</object>
	<object>
		<name>sp15</name>
		<pose>Unspecified</pose>
		<truncated>0</truncated>
		<difficult>0</difficult>
		<bndbox>
			<xmin>626</xmin>
			<ymin>819</ymin>
			<xmax>678</xmax>
			<ymax>878</ymax>
		</bndbox>
	</object>
	<object>
		<name>sp15</name>
		<pose>Unspecified</pose>
		<truncated>0</truncated>
		<difficult>0</difficult>
		<bndbox>
			<xmin>604</xmin>
			<ymin>865</ymin>
			<xmax>660</xmax>
			<ymax>923</ymax>
		</bndbox>
	</object>
	<object>
		<name>sp15</name>
		<pose>Unspecified</pose>
		<truncated>0</truncated>
		<difficult>0</difficult>
		<bndbox>
			<xmin>725</xmin>
			<ymin>900</ymin>
			<xmax>798</xmax>
			<ymax>966</ymax>
		</bndbox>
	</object>
	<object>
		<name>sp15</name>
		<pose>Unspecified</pose>
		<truncated>0</truncated>
		<difficult>0</difficult>
		<bndbox>
			<xmin>843</xmin>
			<ymin>905</ymin>
			<xmax>911</xmax>
			<ymax>982</ymax>
		</bndbox>
	</object>
	<object>
		<name>sp15</name>
		<pose>Unspecified</pose>
		<truncated>0</truncated>
		<difficult>0</difficult>
		<bndbox>
			<xmin>923</xmin>
			<ymin>864</ymin>
			<xmax>974</xmax>
			<ymax>939</ymax>
		</bndbox>
	</object>
	<object>
		<name>sp15</name>
		<pose>Unspecified</pose>
		<truncated>0</truncated>
		<difficult>0</difficult>
		<bndbox>
			<xmin>901</xmin>
			<ymin>821</ymin>
			<xmax>971</xmax>
			<ymax>886</ymax>
		</bndbox>
	</object>
	<object>
		<name>sp15</name>
		<pose>Unspecified</pose>
		<truncated>0</truncated>
		<difficult>0</difficult>
		<bndbox>
			<xmin>887</xmin>
			<ymin>761</ymin>
			<xmax>961</xmax>
			<ymax>827</ymax>
		</bndbox>
	</object>
	<object>
		<name>sp15</name>
		<pose>Unspecified</pose>
		<truncated>0</truncated>
		<difficult>0</difficult>
		<bndbox>
			<xmin>971</xmin>
			<ymin>801</ymin>
			<xmax>1036</xmax>
			<ymax>880</ymax>
		</bndbox>
	</object>
</annotation>