<annotation>
	<folder>my-project-name</folder>
	<filename>sp15_img04.jpg</filename>
	<path>/my-project-name/sp15_img04.jpg</path>
	<source>
		<database>Unspecified</database>
	</source>
	<size>
		<width>2545</width>
		<height>2546</height>
		<depth>3</depth>
	</size>
	<object>
		<name>sp15</name>
		<pose>Unspecified</pose>
		<truncated>0</truncated>
		<difficult>0</difficult>
		<bndbox>
			<xmin>2100</xmin>
			<ymin>1796</ymin>
			<xmax>2143</xmax>
			<ymax>1821</ymax>
		</bndbox>
	</object>
	<object>
		<name>sp15</name>
		<pose>Unspecified</pose>
		<truncated>0</truncated>
		<difficult>0</difficult>
		<bndbox>
			<xmin>1892</xmin>
			<ymin>2253</ymin>
			<xmax>1916</xmax>
			<ymax>2275</ymax>
		</bndbox>
	</object>
	<object>
		<name>sp15</name>
		<pose>Unspecified</pose>
		<truncated>0</truncated>
		<difficult>0</difficult>
		<bndbox>
			<xmin>1858</xmin>
			<ymin>2258</ymin>
			<xmax>1892</xmax>
			<ymax>2292</ymax>
		</bndbox>
	</object>
	<object>
		<name>sp15</name>
		<pose>Unspecified</pose>
		<truncated>0</truncated>
		<difficult>0</difficult>
		<bndbox>
			<xmin>779</xmin>
			<ymin>2326</ymin>
			<xmax>816</xmax>
			<ymax>2363</ymax>
		</bndbox>
	</object>
	<object>
		<name>sp15</name>
		<pose>Unspecified</pose>
		<truncated>0</truncated>
		<difficult>0</difficult>
		<bndbox>
			<xmin>1080</xmin>
			<ymin>2405</ymin>
			<xmax>1120</xmax>
			<ymax>2436</ymax>
		</bndbox>
	</object>
	<object>
		<name>sp15</name>
		<pose>Unspecified</pose>
		<truncated>0</truncated>
		<difficult>0</difficult>
		<bndbox>
			<xmin>1653</xmin>
			<ymin>2344</ymin>
			<xmax>1707</xmax>
			<ymax>2388</ymax>
		</bndbox>
	</object>
	<object>
		<name>sp15</name>
		<pose>Unspecified</pose>
		<truncated>0</truncated>
		<difficult>0</difficult>
		<bndbox>
			<xmin>1516</xmin>
			<ymin>2400</ymin>
			<xmax>1558</xmax>
			<ymax>2429</ymax>
		</bndbox>
	</object>
	<object>
		<name>sp15</name>
		<pose>Unspecified</pose>
		<truncated>0</truncated>
		<difficult>0</difficult>
		<bndbox>
			<xmin>1797</xmin>
			<ymin>1830</ymin>
			<xmax>1847</xmax>
			<ymax>1879</ymax>
		</bndbox>
	</object>
	<object>
		<name>sp15</name>
		<pose>Unspecified</pose>
		<truncated>0</truncated>
		<difficult>0</difficult>
		<bndbox>
			<xmin>1613</xmin>
			<ymin>1718</ymin>
			<xmax>1670</xmax>
			<ymax>1773</ymax>
		</bndbox>
	</object>
	<object>
		<name>sp15</name>
		<pose>Unspecified</pose>
		<truncated>0</truncated>
		<difficult>0</difficult>
		<bndbox>
			<xmin>1342</xmin>
			<ymin>1083</ymin>
			<xmax>1380</xmax>
			<ymax>1114</ymax>
		</bndbox>
	</object>
	<object>
		<name>sp15</name>
		<pose>Unspecified</pose>
		<truncated>0</truncated>
		<difficult>0</difficult>
		<bndbox>
			<xmin>1334</xmin>
			<ymin>1062</ymin>
			<xmax>1366</xmax>
			<ymax>1086</ymax>
		</bndbox>
	</object>
	<object>
		<name>sp15</name>
		<pose>Unspecified</pose>
		<truncated>0</truncated>
		<difficult>0</difficult>
		<bndbox>
			<xmin>1810</xmin>
			<ymin>553</ymin>
			<xmax>1870</xmax>
			<ymax>618</ymax>
		</bndbox>
	</object>
	<object>
		<name>sp15</name>
		<pose>Unspecified</pose>
		<truncated>0</truncated>
		<difficult>0</difficult>
		<bndbox>
			<xmin>1270</xmin>
			<ymin>203</ymin>
			<xmax>1345</xmax>
			<ymax>278</ymax>
		</bndbox>
	</object>
	<object>
		<name>sp15</name>
		<pose>Unspecified</pose>
		<truncated>0</truncated>
		<difficult>0</difficult>
		<bndbox>
			<xmin>1220</xmin>
			<ymin>643</ymin>
			<xmax>1285</xmax>
			<ymax>703</ymax>
		</bndbox>
	</object>
	<object>
		<name>sp15</name>
		<pose>Unspecified</pose>
		<truncated>0</truncated>
		<difficult>0</difficult>
		<bndbox>
			<xmin>1510</xmin>
			<ymin>878</ymin>
			<xmax>1610</xmax>
			<ymax>938</ymax>
		</bndbox>
	</object>
	<object>
		<name>sp15</name>
		<pose>Unspecified</pose>
		<truncated>0</truncated>
		<difficult>0</difficult>
		<bndbox>
			<xmin>830</xmin>
			<ymin>493</ymin>
			<xmax>905</xmax>
			<ymax>568</ymax>
		</bndbox>
	</object>
	<object>
		<name>sp15</name>
		<pose>Unspecified</pose>
		<truncated>0</truncated>
		<difficult>0</difficult>
		<bndbox>
			<xmin>690</xmin>
			<ymin>273</ymin>
			<xmax>795</xmax>
			<ymax>348</ymax>
		</bndbox>
	</object>
	<object>
		<name>sp15</name>
		<pose>Unspecified</pose>
		<truncated>0</truncated>
		<difficult>0</difficult>
		<bndbox>
			<xmin>2080</xmin>
			<ymin>1443</ymin>
			<xmax>2170</xmax>
			<ymax>1528</ymax>
		</bndbox>
	</object>
	<object>
		<name>sp15</name>
		<pose>Unspecified</pose>
		<truncated>0</truncated>
		<difficult>0</difficult>
		<bndbox>
			<xmin>1720</xmin>
			<ymin>1328</ymin>
			<xmax>1790</xmax>
			<ymax>1373</ymax>
		</bndbox>
	</object>
	<object>
		<name>sp15</name>
		<pose>Unspecified</pose>
		<truncated>0</truncated>
		<difficult>0</difficult>
		<bndbox>
			<xmin>1510</xmin>
			<ymin>1343</ymin>
			<xmax>1580</xmax>
			<ymax>1393</ymax>
		</bndbox>
	</object>
	<object>
		<name>sp15</name>
		<pose>Unspecified</pose>
		<truncated>0</truncated>
		<difficult>0</difficult>
		<bndbox>
			<xmin>1820</xmin>
			<ymin>1588</ymin>
			<xmax>1870</xmax>
			<ymax>1643</ymax>
		</bndbox>
	</object>
	<object>
		<name>sp15</name>
		<pose>Unspecified</pose>
		<truncated>0</truncated>
		<difficult>0</difficult>
		<bndbox>
			<xmin>1765</xmin>
			<ymin>1558</ymin>
			<xmax>1815</xmax>
			<ymax>1608</ymax>
		</bndbox>
	</object>
	<object>
		<name>sp15</name>
		<pose>Unspecified</pose>
		<truncated>0</truncated>
		<difficult>0</difficult>
		<bndbox>
			<xmin>1931</xmin>
			<ymin>1998</ymin>
			<xmax>1998</xmax>
			<ymax>2061</ymax>
		</bndbox>
	</object>
	<object>
		<name>sp15</name>
		<pose>Unspecified</pose>
		<truncated>0</truncated>
		<difficult>0</difficult>
		<bndbox>
			<xmin>1818</xmin>
			<ymin>2121</ymin>
			<xmax>1881</xmax>
			<ymax>2176</ymax>
		</bndbox>
	</object>
	<object>
		<name>sp15</name>
		<pose>Unspecified</pose>
		<truncated>0</truncated>
		<difficult>0</difficult>
		<bndbox>
			<xmin>1758</xmin>
			<ymin>2051</ymin>
			<xmax>1818</xmax>
			<ymax>2098</ymax>
		</bndbox>
	</object>
	<object>
		<name>sp15</name>
		<pose>Unspecified</pose>
		<truncated>0</truncated>
		<difficult>0</difficult>
		<bndbox>
			<xmin>1698</xmin>
			<ymin>1986</ymin>
			<xmax>1751</xmax>
			<ymax>2031</ymax>
		</bndbox>
	</object>
	<object>
		<name>sp15</name>
		<pose>Unspecified</pose>
		<truncated>0</truncated>
		<difficult>0</difficult>
		<bndbox>
			<xmin>1566</xmin>
			<ymin>1986</ymin>
			<xmax>1618</xmax>
			<ymax>2031</ymax>
		</bndbox>
	</object>
	<object>
		<name>sp15</name>
		<pose>Unspecified</pose>
		<truncated>0</truncated>
		<difficult>0</difficult>
		<bndbox>
			<xmin>1421</xmin>
			<ymin>2076</ymin>
			<xmax>1483</xmax>
			<ymax>2121</ymax>
		</bndbox>
	</object>
	<object>
		<name>sp15</name>
		<pose>Unspecified</pose>
		<truncated>0</truncated>
		<difficult>0</difficult>
		<bndbox>
			<xmin>1428</xmin>
			<ymin>1976</ymin>
			<xmax>1478</xmax>
			<ymax>2018</ymax>
		</bndbox>
	</object>
	<object>
		<name>sp15</name>
		<pose>Unspecified</pose>
		<truncated>0</truncated>
		<difficult>0</difficult>
		<bndbox>
			<xmin>1371</xmin>
			<ymin>1918</ymin>
			<xmax>1436</xmax>
			<ymax>1968</ymax>
		</bndbox>
	</object>
	<object>
		<name>sp15</name>
		<pose>Unspecified</pose>
		<truncated>0</truncated>
		<difficult>0</difficult>
		<bndbox>
			<xmin>1363</xmin>
			<ymin>2021</ymin>
			<xmax>1426</xmax>
			<ymax>2071</ymax>
		</bndbox>
	</object>
	<object>
		<name>sp15</name>
		<pose>Unspecified</pose>
		<truncated>0</truncated>
		<difficult>0</difficult>
		<bndbox>
			<xmin>1386</xmin>
			<ymin>2343</ymin>
			<xmax>1448</xmax>
			<ymax>2398</ymax>
		</bndbox>
	</object>
	<object>
		<name>sp15</name>
		<pose>Unspecified</pose>
		<truncated>0</truncated>
		<difficult>0</difficult>
		<bndbox>
			<xmin>1238</xmin>
			<ymin>2143</ymin>
			<xmax>1283</xmax>
			<ymax>2193</ymax>
		</bndbox>
	</object>
	<object>
		<name>sp15</name>
		<pose>Unspecified</pose>
		<truncated>0</truncated>
		<difficult>0</difficult>
		<bndbox>
			<xmin>1083</xmin>
			<ymin>2333</ymin>
			<xmax>1138</xmax>
			<ymax>2391</ymax>
		</bndbox>
	</object>
	<object>
		<name>sp15</name>
		<pose>Unspecified</pose>
		<truncated>0</truncated>
		<difficult>0</difficult>
		<bndbox>
			<xmin>868</xmin>
			<ymin>2328</ymin>
			<xmax>926</xmax>
			<ymax>2381</ymax>
		</bndbox>
	</object>
	<object>
		<name>sp15</name>
		<pose>Unspecified</pose>
		<truncated>0</truncated>
		<difficult>0</difficult>
		<bndbox>
			<xmin>961</xmin>
			<ymin>2186</ymin>
			<xmax>1013</xmax>
			<ymax>2236</ymax>
		</bndbox>
	</object>
	<object>
		<name>sp15</name>
		<pose>Unspecified</pose>
		<truncated>0</truncated>
		<difficult>0</difficult>
		<bndbox>
			<xmin>1558</xmin>
			<ymin>2338</ymin>
			<xmax>1613</xmax>
			<ymax>2391</ymax>
		</bndbox>
	</object>
	<object>
		<name>sp15</name>
		<pose>Unspecified</pose>
		<truncated>0</truncated>
		<difficult>0</difficult>
		<bndbox>
			<xmin>1268</xmin>
			<ymin>1798</ymin>
			<xmax>1323</xmax>
			<ymax>1851</ymax>
		</bndbox>
	</object>
	<object>
		<name>sp15</name>
		<pose>Unspecified</pose>
		<truncated>0</truncated>
		<difficult>0</difficult>
		<bndbox>
			<xmin>1211</xmin>
			<ymin>1753</ymin>
			<xmax>1256</xmax>
			<ymax>1803</ymax>
		</bndbox>
	</object>
	<object>
		<name>sp15</name>
		<pose>Unspecified</pose>
		<truncated>0</truncated>
		<difficult>0</difficult>
		<bndbox>
			<xmin>1013</xmin>
			<ymin>1646</ymin>
			<xmax>1098</xmax>
			<ymax>1706</ymax>
		</bndbox>
	</object>
	<object>
		<name>sp15</name>
		<pose>Unspecified</pose>
		<truncated>0</truncated>
		<difficult>0</difficult>
		<bndbox>
			<xmin>928</xmin>
			<ymin>1518</ymin>
			<xmax>1013</xmax>
			<ymax>1568</ymax>
		</bndbox>
	</object>
	<object>
		<name>sp15</name>
		<pose>Unspecified</pose>
		<truncated>0</truncated>
		<difficult>0</difficult>
		<bndbox>
			<xmin>1091</xmin>
			<ymin>1513</ymin>
			<xmax>1153</xmax>
			<ymax>1578</ymax>
		</bndbox>
	</object>
	<object>
		<name>sp15</name>
		<pose>Unspecified</pose>
		<truncated>0</truncated>
		<difficult>0</difficult>
		<bndbox>
			<xmin>1238</xmin>
			<ymin>1571</ymin>
			<xmax>1291</xmax>
			<ymax>1616</ymax>
		</bndbox>
	</object>
	<object>
		<name>sp15</name>
		<pose>Unspecified</pose>
		<truncated>0</truncated>
		<difficult>0</difficult>
		<bndbox>
			<xmin>1361</xmin>
			<ymin>1553</ymin>
			<xmax>1421</xmax>
			<ymax>1618</ymax>
		</bndbox>
	</object>
	<object>
		<name>sp15</name>
		<pose>Unspecified</pose>
		<truncated>0</truncated>
		<difficult>0</difficult>
		<bndbox>
			<xmin>1186</xmin>
			<ymin>1328</ymin>
			<xmax>1253</xmax>
			<ymax>1378</ymax>
		</bndbox>
	</object>
	<object>
		<name>sp15</name>
		<pose>Unspecified</pose>
		<truncated>0</truncated>
		<difficult>0</difficult>
		<bndbox>
			<xmin>1266</xmin>
			<ymin>1293</ymin>
			<xmax>1336</xmax>
			<ymax>1353</ymax>
		</bndbox>
	</object>
	<object>
		<name>sp15</name>
		<pose>Unspecified</pose>
		<truncated>0</truncated>
		<difficult>0</difficult>
		<bndbox>
			<xmin>1183</xmin>
			<ymin>1188</ymin>
			<xmax>1248</xmax>
			<ymax>1238</ymax>
		</bndbox>
	</object>
	<object>
		<name>sp15</name>
		<pose>Unspecified</pose>
		<truncated>0</truncated>
		<difficult>0</difficult>
		<bndbox>
			<xmin>1028</xmin>
			<ymin>1143</ymin>
			<xmax>1103</xmax>
			<ymax>1191</ymax>
		</bndbox>
	</object>
	<object>
		<name>sp15</name>
		<pose>Unspecified</pose>
		<truncated>0</truncated>
		<difficult>0</difficult>
		<bndbox>
			<xmin>791</xmin>
			<ymin>1318</ymin>
			<xmax>846</xmax>
			<ymax>1381</ymax>
		</bndbox>
	</object>
	<object>
		<name>sp15</name>
		<pose>Unspecified</pose>
		<truncated>0</truncated>
		<difficult>0</difficult>
		<bndbox>
			<xmin>646</xmin>
			<ymin>1403</ymin>
			<xmax>716</xmax>
			<ymax>1461</ymax>
		</bndbox>
	</object>
	<object>
		<name>sp15</name>
		<pose>Unspecified</pose>
		<truncated>0</truncated>
		<difficult>0</difficult>
		<bndbox>
			<xmin>516</xmin>
			<ymin>1483</ymin>
			<xmax>581</xmax>
			<ymax>1536</ymax>
		</bndbox>
	</object>
	<object>
		<name>sp15</name>
		<pose>Unspecified</pose>
		<truncated>0</truncated>
		<difficult>0</difficult>
		<bndbox>
			<xmin>551</xmin>
			<ymin>1306</ymin>
			<xmax>603</xmax>
			<ymax>1356</ymax>
		</bndbox>
	</object>
	<object>
		<name>sp15</name>
		<pose>Unspecified</pose>
		<truncated>0</truncated>
		<difficult>0</difficult>
		<bndbox>
			<xmin>643</xmin>
			<ymin>1336</ymin>
			<xmax>696</xmax>
			<ymax>1383</ymax>
		</bndbox>
	</object>
	<object>
		<name>sp15</name>
		<pose>Unspecified</pose>
		<truncated>0</truncated>
		<difficult>0</difficult>
		<bndbox>
			<xmin>411</xmin>
			<ymin>1428</ymin>
			<xmax>478</xmax>
			<ymax>1486</ymax>
		</bndbox>
	</object>
	<object>
		<name>sp15</name>
		<pose>Unspecified</pose>
		<truncated>0</truncated>
		<difficult>0</difficult>
		<bndbox>
			<xmin>396</xmin>
			<ymin>1383</ymin>
			<xmax>446</xmax>
			<ymax>1423</ymax>
		</bndbox>
	</object>
	<object>
		<name>sp15</name>
		<pose>Unspecified</pose>
		<truncated>0</truncated>
		<difficult>0</difficult>
		<bndbox>
			<xmin>313</xmin>
			<ymin>1428</ymin>
			<xmax>383</xmax>
			<ymax>1493</ymax>
		</bndbox>
	</object>
	<object>
		<name>sp15</name>
		<pose>Unspecified</pose>
		<truncated>0</truncated>
		<difficult>0</difficult>
		<bndbox>
			<xmin>503</xmin>
			<ymin>1968</ymin>
			<xmax>563</xmax>
			<ymax>2031</ymax>
		</bndbox>
	</object>
	<object>
		<name>sp15</name>
		<pose>Unspecified</pose>
		<truncated>0</truncated>
		<difficult>0</difficult>
		<bndbox>
			<xmin>621</xmin>
			<ymin>2126</ymin>
			<xmax>681</xmax>
			<ymax>2184</ymax>
		</bndbox>
	</object>
	<object>
		<name>sp15</name>
		<pose>Unspecified</pose>
		<truncated>0</truncated>
		<difficult>0</difficult>
		<bndbox>
			<xmin>1656</xmin>
			<ymin>1196</ymin>
			<xmax>1708</xmax>
			<ymax>1253</ymax>
		</bndbox>
	</object>
	<object>
		<name>sp15</name>
		<pose>Unspecified</pose>
		<truncated>0</truncated>
		<difficult>0</difficult>
		<bndbox>
			<xmin>1488</xmin>
			<ymin>1198</ymin>
			<xmax>1548</xmax>
			<ymax>1251</ymax>
		</bndbox>
	</object>
	<object>
		<name>sp15</name>
		<pose>Unspecified</pose>
		<truncated>0</truncated>
		<difficult>0</difficult>
		<bndbox>
			<xmin>1446</xmin>
			<ymin>1076</ymin>
			<xmax>1516</xmax>
			<ymax>1133</ymax>
		</bndbox>
	</object>
	<object>
		<name>sp15</name>
		<pose>Unspecified</pose>
		<truncated>0</truncated>
		<difficult>0</difficult>
		<bndbox>
			<xmin>1426</xmin>
			<ymin>1163</ymin>
			<xmax>1473</xmax>
			<ymax>1203</ymax>
		</bndbox>
	</object>
	<object>
		<name>sp15</name>
		<pose>Unspecified</pose>
		<truncated>0</truncated>
		<difficult>0</difficult>
		<bndbox>
			<xmin>1676</xmin>
			<ymin>1731</ymin>
			<xmax>1731</xmax>
			<ymax>1781</ymax>
		</bndbox>
	</object>
	<object>
		<name>sp15</name>
		<pose>Unspecified</pose>
		<truncated>0</truncated>
		<difficult>0</difficult>
		<bndbox>
			<xmin>1778</xmin>
			<ymin>1778</ymin>
			<xmax>1826</xmax>
			<ymax>1826</ymax>
		</bndbox>
	</object>
	<object>
		<name>sp15</name>
		<pose>Unspecified</pose>
		<truncated>0</truncated>
		<difficult>0</difficult>
		<bndbox>
			<xmin>1908</xmin>
			<ymin>1843</ymin>
			<xmax>1966</xmax>
			<ymax>1893</ymax>
		</bndbox>
	</object>
	<object>
		<name>sp15</name>
		<pose>Unspecified</pose>
		<truncated>0</truncated>
		<difficult>0</difficult>
		<bndbox>
			<xmin>1896</xmin>
			<ymin>1753</ymin>
			<xmax>1946</xmax>
			<ymax>1788</ymax>
		</bndbox>
	</object>
	<object>
		<name>sp15</name>
		<pose>Unspecified</pose>
		<truncated>0</truncated>
		<difficult>0</difficult>
		<bndbox>
			<xmin>1756</xmin>
			<ymin>1888</ymin>
			<xmax>1799</xmax>
			<ymax>1921</ymax>
		</bndbox>
	</object>
	<object>
		<name>sp15</name>
		<pose>Unspecified</pose>
		<truncated>0</truncated>
		<difficult>0</difficult>
		<bndbox>
			<xmin>1681</xmin>
			<ymin>1833</ymin>
			<xmax>1733</xmax>
			<ymax>1883</ymax>
		</bndbox>
	</object>
	<object>
		<name>sp15</name>
		<pose>Unspecified</pose>
		<truncated>0</truncated>
		<difficult>0</difficult>
		<bndbox>
			<xmin>1646</xmin>
			<ymin>1863</ymin>
			<xmax>1698</xmax>
			<ymax>1908</ymax>
		</bndbox>
	</object>
	<object>
		<name>sp15</name>
		<pose>Unspecified</pose>
		<truncated>0</truncated>
		<difficult>0</difficult>
		<bndbox>
			<xmin>1528</xmin>
			<ymin>1843</ymin>
			<xmax>1591</xmax>
			<ymax>1893</ymax>
		</bndbox>
	</object>
	<object>
		<name>sp15</name>
		<pose>Unspecified</pose>
		<truncated>0</truncated>
		<difficult>0</difficult>
		<bndbox>
			<xmin>1538</xmin>
			<ymin>1923</ymin>
			<xmax>1613</xmax>
			<ymax>1971</ymax>
		</bndbox>
	</object>
	<object>
		<name>sp15</name>
		<pose>Unspecified</pose>
		<truncated>0</truncated>
		<difficult>0</difficult>
		<bndbox>
			<xmin>1201</xmin>
			<ymin>1696</ymin>
			<xmax>1263</xmax>
			<ymax>1748</ymax>
		</bndbox>
	</object>
	<object>
		<name>sp15</name>
		<pose>Unspecified</pose>
		<truncated>0</truncated>
		<difficult>0</difficult>
		<bndbox>
			<xmin>1263</xmin>
			<ymin>1693</ymin>
			<xmax>1310</xmax>
			<ymax>1743</ymax>
		</bndbox>
	</object>
	<object>
		<name>sp15</name>
		<pose>Unspecified</pose>
		<truncated>0</truncated>
		<difficult>0</difficult>
		<bndbox>
			<xmin>1478</xmin>
			<ymin>1491</ymin>
			<xmax>1533</xmax>
			<ymax>1548</ymax>
		</bndbox>
	</object>
	<object>
		<name>sp15</name>
		<pose>Unspecified</pose>
		<truncated>0</truncated>
		<difficult>0</difficult>
		<bndbox>
			<xmin>1533</xmin>
			<ymin>1493</ymin>
			<xmax>1586</xmax>
			<ymax>1551</ymax>
		</bndbox>
	</object>
	<object>
		<name>sp15</name>
		<pose>Unspecified</pose>
		<truncated>0</truncated>
		<difficult>0</difficult>
		<bndbox>
			<xmin>1156</xmin>
			<ymin>993</ymin>
			<xmax>1211</xmax>
			<ymax>1053</ymax>
		</bndbox>
	</object>
	<object>
		<name>sp15</name>
		<pose>Unspecified</pose>
		<truncated>0</truncated>
		<difficult>0</difficult>
		<bndbox>
			<xmin>1153</xmin>
			<ymin>804</ymin>
			<xmax>1218</xmax>
			<ymax>861</ymax>
		</bndbox>
	</object>
	<object>
		<name>sp15</name>
		<pose>Unspecified</pose>
		<truncated>0</truncated>
		<difficult>0</difficult>
		<bndbox>
			<xmin>1053</xmin>
			<ymin>957</ymin>
			<xmax>1114</xmax>
			<ymax>998</ymax>
		</bndbox>
	</object>
	<object>
		<name>sp15</name>
		<pose>Unspecified</pose>
		<truncated>0</truncated>
		<difficult>0</difficult>
		<bndbox>
			<xmin>1371</xmin>
			<ymin>1044</ymin>
			<xmax>1414</xmax>
			<ymax>1083</ymax>
		</bndbox>
	</object>
	<object>
		<name>sp15</name>
		<pose>Unspecified</pose>
		<truncated>0</truncated>
		<difficult>0</difficult>
		<bndbox>
			<xmin>1365</xmin>
			<ymin>1093</ymin>
			<xmax>1414</xmax>
			<ymax>1145</ymax>
		</bndbox>
	</object>
	<object>
		<name>sp15</name>
		<pose>Unspecified</pose>
		<truncated>0</truncated>
		<difficult>0</difficult>
		<bndbox>
			<xmin>1629</xmin>
			<ymin>1118</ymin>
			<xmax>1704</xmax>
			<ymax>1177</ymax>
		</bndbox>
	</object>
	<object>
		<name>sp15</name>
		<pose>Unspecified</pose>
		<truncated>0</truncated>
		<difficult>0</difficult>
		<bndbox>
			<xmin>743</xmin>
			<ymin>620</ymin>
			<xmax>790</xmax>
			<ymax>659</ymax>
		</bndbox>
	</object>
	<object>
		<name>sp15</name>
		<pose>Unspecified</pose>
		<truncated>0</truncated>
		<difficult>0</difficult>
		<bndbox>
			<xmin>594</xmin>
			<ymin>567</ymin>
			<xmax>659</xmax>
			<ymax>626</ymax>
		</bndbox>
	</object>
	<object>
		<name>sp15</name>
		<pose>Unspecified</pose>
		<truncated>0</truncated>
		<difficult>0</difficult>
		<bndbox>
			<xmin>463</xmin>
			<ymin>489</ymin>
			<xmax>528</xmax>
			<ymax>551</ymax>
		</bndbox>
	</object>
	<object>
		<name>sp15</name>
		<pose>Unspecified</pose>
		<truncated>0</truncated>
		<difficult>0</difficult>
		<bndbox>
			<xmin>445</xmin>
			<ymin>585</ymin>
			<xmax>506</xmax>
			<ymax>644</ymax>
		</bndbox>
	</object>
	<object>
		<name>sp15</name>
		<pose>Unspecified</pose>
		<truncated>0</truncated>
		<difficult>0</difficult>
		<bndbox>
			<xmin>637</xmin>
			<ymin>720</ymin>
			<xmax>688</xmax>
			<ymax>775</ymax>
		</bndbox>
	</object>
	<object>
		<name>sp15</name>
		<pose>Unspecified</pose>
		<truncated>0</truncated>
		<difficult>0</difficult>
		<bndbox>
			<xmin>673</xmin>
			<ymin>685</ymin>
			<xmax>718</xmax>
			<ymax>726</ymax>
		</bndbox>
	</object>
	<object>
		<name>sp15</name>
		<pose>Unspecified</pose>
		<truncated>0</truncated>
		<difficult>0</difficult>
		<bndbox>
			<xmin>384</xmin>
			<ymin>669</ymin>
			<xmax>435</xmax>
			<ymax>724</ymax>
		</bndbox>
	</object>
	<object>
		<name>sp15</name>
		<pose>Unspecified</pose>
		<truncated>0</truncated>
		<difficult>0</difficult>
		<bndbox>
			<xmin>290</xmin>
			<ymin>685</ymin>
			<xmax>349</xmax>
			<ymax>753</ymax>
		</bndbox>
	</object>
	<object>
		<name>sp15</name>
		<pose>Unspecified</pose>
		<truncated>0</truncated>
		<difficult>0</difficult>
		<bndbox>
			<xmin>375</xmin>
			<ymin>877</ymin>
			<xmax>433</xmax>
			<ymax>928</ymax>
		</bndbox>
	</object>
	<object>
		<name>sp15</name>
		<pose>Unspecified</pose>
		<truncated>0</truncated>
		<difficult>0</difficult>
		<bndbox>
			<xmin>292</xmin>
			<ymin>845</ymin>
			<xmax>349</xmax>
			<ymax>891</ymax>
		</bndbox>
	</object>
	<object>
		<name>sp15</name>
		<pose>Unspecified</pose>
		<truncated>0</truncated>
		<difficult>0</difficult>
		<bndbox>
			<xmin>300</xmin>
			<ymin>918</ymin>
			<xmax>361</xmax>
			<ymax>973</ymax>
		</bndbox>
	</object>
	<object>
		<name>sp15</name>
		<pose>Unspecified</pose>
		<truncated>0</truncated>
		<difficult>0</difficult>
		<bndbox>
			<xmin>328</xmin>
			<ymin>1036</ymin>
			<xmax>390</xmax>
			<ymax>1081</ymax>
		</bndbox>
	</object>
	<object>
		<name>sp15</name>
		<pose>Unspecified</pose>
		<truncated>0</truncated>
		<difficult>0</difficult>
		<bndbox>
			<xmin>128</xmin>
			<ymin>1055</ymin>
			<xmax>188</xmax>
			<ymax>1112</ymax>
		</bndbox>
	</object>
	<object>
		<name>sp15</name>
		<pose>Unspecified</pose>
		<truncated>0</truncated>
		<difficult>0</difficult>
		<bndbox>
			<xmin>141</xmin>
			<ymin>1147</ymin>
			<xmax>198</xmax>
			<ymax>1202</ymax>
		</bndbox>
	</object>
	<object>
		<name>sp15</name>
		<pose>Unspecified</pose>
		<truncated>0</truncated>
		<difficult>0</difficult>
		<bndbox>
			<xmin>159</xmin>
			<ymin>1334</ymin>
			<xmax>212</xmax>
			<ymax>1385</ymax>
		</bndbox>
	</object>
	<object>
		<name>sp15</name>
		<pose>Unspecified</pose>
		<truncated>0</truncated>
		<difficult>0</difficult>
		<bndbox>
			<xmin>216</xmin>
			<ymin>1424</ymin>
			<xmax>284</xmax>
			<ymax>1473</ymax>
		</bndbox>
	</object>
	<object>
		<name>sp15</name>
		<pose>Unspecified</pose>
		<truncated>0</truncated>
		<difficult>0</difficult>
		<bndbox>
			<xmin>359</xmin>
			<ymin>1142</ymin>
			<xmax>417</xmax>
			<ymax>1195</ymax>
		</bndbox>
	</object>
	<object>
		<name>sp15</name>
		<pose>Unspecified</pose>
		<truncated>0</truncated>
		<difficult>0</difficult>
		<bndbox>
			<xmin>516</xmin>
			<ymin>1167</ymin>
			<xmax>573</xmax>
			<ymax>1220</ymax>
		</bndbox>
	</object>
	<object>
		<name>sp15</name>
		<pose>Unspecified</pose>
		<truncated>0</truncated>
		<difficult>0</difficult>
		<bndbox>
			<xmin>561</xmin>
			<ymin>1194</ymin>
			<xmax>624</xmax>
			<ymax>1240</ymax>
		</bndbox>
	</object>
	<object>
		<name>sp15</name>
		<pose>Unspecified</pose>
		<truncated>0</truncated>
		<difficult>0</difficult>
		<bndbox>
			<xmin>725</xmin>
			<ymin>1275</ymin>
			<xmax>775</xmax>
			<ymax>1310</ymax>
		</bndbox>
	</object>
	<object>
		<name>sp15</name>
		<pose>Unspecified</pose>
		<truncated>0</truncated>
		<difficult>0</difficult>
		<bndbox>
			<xmin>747</xmin>
			<ymin>1204</ymin>
			<xmax>786</xmax>
			<ymax>1251</ymax>
		</bndbox>
	</object>
	<object>
		<name>sp15</name>
		<pose>Unspecified</pose>
		<truncated>0</truncated>
		<difficult>0</difficult>
		<bndbox>
			<xmin>690</xmin>
			<ymin>1224</ymin>
			<xmax>745</xmax>
			<ymax>1273</ymax>
		</bndbox>
	</object>
	<object>
		<name>sp15</name>
		<pose>Unspecified</pose>
		<truncated>0</truncated>
		<difficult>0</difficult>
		<bndbox>
			<xmin>729</xmin>
			<ymin>1071</ymin>
			<xmax>780</xmax>
			<ymax>1124</ymax>
		</bndbox>
	</object>
	<object>
		<name>sp15</name>
		<pose>Unspecified</pose>
		<truncated>0</truncated>
		<difficult>0</difficult>
		<bndbox>
			<xmin>786</xmin>
			<ymin>1008</ymin>
			<xmax>839</xmax>
			<ymax>1055</ymax>
		</bndbox>
	</object>
	<object>
		<name>sp15</name>
		<pose>Unspecified</pose>
		<truncated>0</truncated>
		<difficult>0</difficult>
		<bndbox>
			<xmin>808</xmin>
			<ymin>987</ymin>
			<xmax>857</xmax>
			<ymax>1024</ymax>
		</bndbox>
	</object>
	<object>
		<name>sp15</name>
		<pose>Unspecified</pose>
		<truncated>0</truncated>
		<difficult>0</difficult>
		<bndbox>
			<xmin>857</xmin>
			<ymin>955</ymin>
			<xmax>912</xmax>
			<ymax>1004</ymax>
		</bndbox>
	</object>
	<object>
		<name>sp15</name>
		<pose>Unspecified</pose>
		<truncated>0</truncated>
		<difficult>0</difficult>
		<bndbox>
			<xmin>865</xmin>
			<ymin>894</ymin>
			<xmax>910</xmax>
			<ymax>942</ymax>
		</bndbox>
	</object>
	<object>
		<name>sp15</name>
		<pose>Unspecified</pose>
		<truncated>0</truncated>
		<difficult>0</difficult>
		<bndbox>
			<xmin>841</xmin>
			<ymin>859</ymin>
			<xmax>875</xmax>
			<ymax>904</ymax>
		</bndbox>
	</object>
	<object>
		<name>sp15</name>
		<pose>Unspecified</pose>
		<truncated>0</truncated>
		<difficult>0</difficult>
		<bndbox>
			<xmin>773</xmin>
			<ymin>930</ymin>
			<xmax>826</xmax>
			<ymax>981</ymax>
		</bndbox>
	</object>
	<object>
		<name>sp15</name>
		<pose>Unspecified</pose>
		<truncated>0</truncated>
		<difficult>0</difficult>
		<bndbox>
			<xmin>635</xmin>
			<ymin>926</ymin>
			<xmax>686</xmax>
			<ymax>985</ymax>
		</bndbox>
	</object>
	<object>
		<name>sp15</name>
		<pose>Unspecified</pose>
		<truncated>0</truncated>
		<difficult>0</difficult>
		<bndbox>
			<xmin>473</xmin>
			<ymin>979</ymin>
			<xmax>535</xmax>
			<ymax>1030</ymax>
		</bndbox>
	</object>
	<object>
		<name>sp15</name>
		<pose>Unspecified</pose>
		<truncated>0</truncated>
		<difficult>0</difficult>
		<bndbox>
			<xmin>529</xmin>
			<ymin>842</ymin>
			<xmax>592</xmax>
			<ymax>906</ymax>
		</bndbox>
	</object>
	<object>
		<name>sp15</name>
		<pose>Unspecified</pose>
		<truncated>0</truncated>
		<difficult>0</difficult>
		<bndbox>
			<xmin>535</xmin>
			<ymin>904</ymin>
			<xmax>602</xmax>
			<ymax>957</ymax>
		</bndbox>
	</object>
	<object>
		<name>sp15</name>
		<pose>Unspecified</pose>
		<truncated>0</truncated>
		<difficult>0</difficult>
		<bndbox>
			<xmin>273</xmin>
			<ymin>1740</ymin>
			<xmax>326</xmax>
			<ymax>1789</ymax>
		</bndbox>
	</object>
	<object>
		<name>sp15</name>
		<pose>Unspecified</pose>
		<truncated>0</truncated>
		<difficult>0</difficult>
		<bndbox>
			<xmin>208</xmin>
			<ymin>1634</ymin>
			<xmax>261</xmax>
			<ymax>1687</ymax>
		</bndbox>
	</object>
	<object>
		<name>sp15</name>
		<pose>Unspecified</pose>
		<truncated>0</truncated>
		<difficult>0</difficult>
		<bndbox>
			<xmin>224</xmin>
			<ymin>1755</ymin>
			<xmax>282</xmax>
			<ymax>1820</ymax>
		</bndbox>
	</object>
	<object>
		<name>sp15</name>
		<pose>Unspecified</pose>
		<truncated>0</truncated>
		<difficult>0</difficult>
		<bndbox>
			<xmin>1543</xmin>
			<ymin>1755</ymin>
			<xmax>1604</xmax>
			<ymax>1802</ymax>
		</bndbox>
	</object>
	<object>
		<name>sp15</name>
		<pose>Unspecified</pose>
		<truncated>0</truncated>
		<difficult>0</difficult>
		<bndbox>
			<xmin>1457</xmin>
			<ymin>1653</ymin>
			<xmax>1522</xmax>
			<ymax>1720</ymax>
		</bndbox>
	</object>
	<object>
		<name>sp15</name>
		<pose>Unspecified</pose>
		<truncated>0</truncated>
		<difficult>0</difficult>
		<bndbox>
			<xmin>1504</xmin>
			<ymin>1638</ymin>
			<xmax>1555</xmax>
			<ymax>1694</ymax>
		</bndbox>
	</object>
	<object>
		<name>sp15</name>
		<pose>Unspecified</pose>
		<truncated>0</truncated>
		<difficult>0</difficult>
		<bndbox>
			<xmin>1522</xmin>
			<ymin>1718</ymin>
			<xmax>1573</xmax>
			<ymax>1755</ymax>
		</bndbox>
	</object>
	<object>
		<name>sp15</name>
		<pose>Unspecified</pose>
		<truncated>0</truncated>
		<difficult>0</difficult>
		<bndbox>
			<xmin>1518</xmin>
			<ymin>1600</ymin>
			<xmax>1579</xmax>
			<ymax>1634</ymax>
		</bndbox>
	</object>
	<object>
		<name>sp15</name>
		<pose>Unspecified</pose>
		<truncated>0</truncated>
		<difficult>0</difficult>
		<bndbox>
			<xmin>1553</xmin>
			<ymin>1622</ymin>
			<xmax>1596</xmax>
			<ymax>1655</ymax>
		</bndbox>
	</object>
	<object>
		<name>sp15</name>
		<pose>Unspecified</pose>
		<truncated>0</truncated>
		<difficult>0</difficult>
		<bndbox>
			<xmin>2063</xmin>
			<ymin>1691</ymin>
			<xmax>2122</xmax>
			<ymax>1744</ymax>
		</bndbox>
	</object>
	<object>
		<name>sp15</name>
		<pose>Unspecified</pose>
		<truncated>0</truncated>
		<difficult>0</difficult>
		<bndbox>
			<xmin>1992</xmin>
			<ymin>1714</ymin>
			<xmax>2028</xmax>
			<ymax>1744</ymax>
		</bndbox>
	</object>
	<object>
		<name>sp15</name>
		<pose>Unspecified</pose>
		<truncated>0</truncated>
		<difficult>0</difficult>
		<bndbox>
			<xmin>1975</xmin>
			<ymin>1736</ymin>
			<xmax>2020</xmax>
			<ymax>1785</ymax>
		</bndbox>
	</object>
	<object>
		<name>sp15</name>
		<pose>Unspecified</pose>
		<truncated>0</truncated>
		<difficult>0</difficult>
		<bndbox>
			<xmin>2053</xmin>
			<ymin>1732</ymin>
			<xmax>2090</xmax>
			<ymax>1771</ymax>
		</bndbox>
	</object>
	<object>
		<name>sp15</name>
		<pose>Unspecified</pose>
		<truncated>0</truncated>
		<difficult>0</difficult>
		<bndbox>
			<xmin>2108</xmin>
			<ymin>1769</ymin>
			<xmax>2161</xmax>
			<ymax>1800</ymax>
		</bndbox>
	</object>
	<object>
		<name>sp15</name>
		<pose>Unspecified</pose>
		<truncated>0</truncated>
		<difficult>0</difficult>
		<bndbox>
			<xmin>2096</xmin>
			<ymin>1820</ymin>
			<xmax>2145</xmax>
			<ymax>1866</ymax>
		</bndbox>
	</object>
	<object>
		<name>sp15</name>
		<pose>Unspecified</pose>
		<truncated>0</truncated>
		<difficult>0</difficult>
		<bndbox>
			<xmin>1861</xmin>
			<ymin>2202</ymin>
			<xmax>1914</xmax>
			<ymax>2244</ymax>
		</bndbox>
	</object>
	<object>
		<name>sp15</name>
		<pose>Unspecified</pose>
		<truncated>0</truncated>
		<difficult>0</difficult>
		<bndbox>
			<xmin>1826</xmin>
			<ymin>2214</ymin>
			<xmax>1882</xmax>
			<ymax>2265</ymax>
		</bndbox>
	</object>
</annotation>