<annotation>
	<folder>my-project-name</folder>
	<filename>sp15_img09.jpg</filename>
	<path>/my-project-name/sp15_img09.jpg</path>
	<source>
		<database>Unspecified</database>
	</source>
	<size>
		<width>2663</width>
		<height>2696</height>
		<depth>3</depth>
	</size>
	<object>
		<name>sp15</name>
		<pose>Unspecified</pose>
		<truncated>0</truncated>
		<difficult>0</difficult>
		<bndbox>
			<xmin>1157</xmin>
			<ymin>108</ymin>
			<xmax>1194</xmax>
			<ymax>134</ymax>
		</bndbox>
	</object>
	<object>
		<name>sp15</name>
		<pose>Unspecified</pose>
		<truncated>0</truncated>
		<difficult>0</difficult>
		<bndbox>
			<xmin>1477</xmin>
			<ymin>99</ymin>
			<xmax>1500</xmax>
			<ymax>132</ymax>
		</bndbox>
	</object>
	<object>
		<name>sp15</name>
		<pose>Unspecified</pose>
		<truncated>0</truncated>
		<difficult>0</difficult>
		<bndbox>
			<xmin>1364</xmin>
			<ymin>103</ymin>
			<xmax>1413</xmax>
			<ymax>134</ymax>
		</bndbox>
	</object>
	<object>
		<name>sp15</name>
		<pose>Unspecified</pose>
		<truncated>0</truncated>
		<difficult>0</difficult>
		<bndbox>
			<xmin>1315</xmin>
			<ymin>99</ymin>
			<xmax>1350</xmax>
			<ymax>130</ymax>
		</bndbox>
	</object>
	<object>
		<name>sp15</name>
		<pose>Unspecified</pose>
		<truncated>0</truncated>
		<difficult>0</difficult>
		<bndbox>
			<xmin>998</xmin>
			<ymin>136</ymin>
			<xmax>1040</xmax>
			<ymax>190</ymax>
		</bndbox>
	</object>
	<object>
		<name>sp15</name>
		<pose>Unspecified</pose>
		<truncated>0</truncated>
		<difficult>0</difficult>
		<bndbox>
			<xmin>944</xmin>
			<ymin>155</ymin>
			<xmax>981</xmax>
			<ymax>192</ymax>
		</bndbox>
	</object>
	<object>
		<name>sp15</name>
		<pose>Unspecified</pose>
		<truncated>0</truncated>
		<difficult>0</difficult>
		<bndbox>
			<xmin>799</xmin>
			<ymin>264</ymin>
			<xmax>842</xmax>
			<ymax>326</ymax>
		</bndbox>
	</object>
	<object>
		<name>sp15</name>
		<pose>Unspecified</pose>
		<truncated>0</truncated>
		<difficult>0</difficult>
		<bndbox>
			<xmin>760</xmin>
			<ymin>286</ymin>
			<xmax>797</xmax>
			<ymax>341</ymax>
		</bndbox>
	</object>
	<object>
		<name>sp15</name>
		<pose>Unspecified</pose>
		<truncated>0</truncated>
		<difficult>0</difficult>
		<bndbox>
			<xmin>676</xmin>
			<ymin>362</ymin>
			<xmax>714</xmax>
			<ymax>411</ymax>
		</bndbox>
	</object>
	<object>
		<name>sp15</name>
		<pose>Unspecified</pose>
		<truncated>0</truncated>
		<difficult>0</difficult>
		<bndbox>
			<xmin>630</xmin>
			<ymin>349</ymin>
			<xmax>675</xmax>
			<ymax>413</ymax>
		</bndbox>
	</object>
	<object>
		<name>sp15</name>
		<pose>Unspecified</pose>
		<truncated>0</truncated>
		<difficult>0</difficult>
		<bndbox>
			<xmin>805</xmin>
			<ymin>997</ymin>
			<xmax>858</xmax>
			<ymax>1065</ymax>
		</bndbox>
	</object>
	<object>
		<name>sp15</name>
		<pose>Unspecified</pose>
		<truncated>0</truncated>
		<difficult>0</difficult>
		<bndbox>
			<xmin>848</xmin>
			<ymin>929</ymin>
			<xmax>909</xmax>
			<ymax>994</ymax>
		</bndbox>
	</object>
	<object>
		<name>sp15</name>
		<pose>Unspecified</pose>
		<truncated>0</truncated>
		<difficult>0</difficult>
		<bndbox>
			<xmin>538</xmin>
			<ymin>986</ymin>
			<xmax>594</xmax>
			<ymax>1048</ymax>
		</bndbox>
	</object>
	<object>
		<name>sp15</name>
		<pose>Unspecified</pose>
		<truncated>0</truncated>
		<difficult>0</difficult>
		<bndbox>
			<xmin>502</xmin>
			<ymin>1016</ymin>
			<xmax>567</xmax>
			<ymax>1074</ymax>
		</bndbox>
	</object>
	<object>
		<name>sp15</name>
		<pose>Unspecified</pose>
		<truncated>0</truncated>
		<difficult>0</difficult>
		<bndbox>
			<xmin>751</xmin>
			<ymin>1425</ymin>
			<xmax>795</xmax>
			<ymax>1474</ymax>
		</bndbox>
	</object>
	<object>
		<name>sp15</name>
		<pose>Unspecified</pose>
		<truncated>0</truncated>
		<difficult>0</difficult>
		<bndbox>
			<xmin>1682</xmin>
			<ymin>1253</ymin>
			<xmax>1736</xmax>
			<ymax>1309</ymax>
		</bndbox>
	</object>
	<object>
		<name>sp15</name>
		<pose>Unspecified</pose>
		<truncated>0</truncated>
		<difficult>0</difficult>
		<bndbox>
			<xmin>1645</xmin>
			<ymin>1311</ymin>
			<xmax>1696</xmax>
			<ymax>1368</ymax>
		</bndbox>
	</object>
	<object>
		<name>sp15</name>
		<pose>Unspecified</pose>
		<truncated>0</truncated>
		<difficult>0</difficult>
		<bndbox>
			<xmin>1420</xmin>
			<ymin>1456</ymin>
			<xmax>1482</xmax>
			<ymax>1519</ymax>
		</bndbox>
	</object>
	<object>
		<name>sp15</name>
		<pose>Unspecified</pose>
		<truncated>0</truncated>
		<difficult>0</difficult>
		<bndbox>
			<xmin>1687</xmin>
			<ymin>1478</ymin>
			<xmax>1740</xmax>
			<ymax>1529</ymax>
		</bndbox>
	</object>
	<object>
		<name>sp15</name>
		<pose>Unspecified</pose>
		<truncated>0</truncated>
		<difficult>0</difficult>
		<bndbox>
			<xmin>1786</xmin>
			<ymin>1597</ymin>
			<xmax>1841</xmax>
			<ymax>1647</ymax>
		</bndbox>
	</object>
	<object>
		<name>sp15</name>
		<pose>Unspecified</pose>
		<truncated>0</truncated>
		<difficult>0</difficult>
		<bndbox>
			<xmin>1763</xmin>
			<ymin>1640</ymin>
			<xmax>1819</xmax>
			<ymax>1701</ymax>
		</bndbox>
	</object>
	<object>
		<name>sp15</name>
		<pose>Unspecified</pose>
		<truncated>0</truncated>
		<difficult>0</difficult>
		<bndbox>
			<xmin>1664</xmin>
			<ymin>1720</ymin>
			<xmax>1725</xmax>
			<ymax>1786</ymax>
		</bndbox>
	</object>
	<object>
		<name>sp15</name>
		<pose>Unspecified</pose>
		<truncated>0</truncated>
		<difficult>0</difficult>
		<bndbox>
			<xmin>1122</xmin>
			<ymin>1724</ymin>
			<xmax>1194</xmax>
			<ymax>1786</ymax>
		</bndbox>
	</object>
	<object>
		<name>sp15</name>
		<pose>Unspecified</pose>
		<truncated>0</truncated>
		<difficult>0</difficult>
		<bndbox>
			<xmin>956</xmin>
			<ymin>1332</ymin>
			<xmax>1014</xmax>
			<ymax>1394</ymax>
		</bndbox>
	</object>
	<object>
		<name>sp15</name>
		<pose>Unspecified</pose>
		<truncated>0</truncated>
		<difficult>0</difficult>
		<bndbox>
			<xmin>948</xmin>
			<ymin>1420</ymin>
			<xmax>1002</xmax>
			<ymax>1473</ymax>
		</bndbox>
	</object>
	<object>
		<name>sp15</name>
		<pose>Unspecified</pose>
		<truncated>0</truncated>
		<difficult>0</difficult>
		<bndbox>
			<xmin>1051</xmin>
			<ymin>1463</ymin>
			<xmax>1119</xmax>
			<ymax>1527</ymax>
		</bndbox>
	</object>
	<object>
		<name>sp15</name>
		<pose>Unspecified</pose>
		<truncated>0</truncated>
		<difficult>0</difficult>
		<bndbox>
			<xmin>1043</xmin>
			<ymin>1581</ymin>
			<xmax>1105</xmax>
			<ymax>1643</ymax>
		</bndbox>
	</object>
	<object>
		<name>sp15</name>
		<pose>Unspecified</pose>
		<truncated>0</truncated>
		<difficult>0</difficult>
		<bndbox>
			<xmin>633</xmin>
			<ymin>1573</ymin>
			<xmax>700</xmax>
			<ymax>1648</ymax>
		</bndbox>
	</object>
	<object>
		<name>sp15</name>
		<pose>Unspecified</pose>
		<truncated>0</truncated>
		<difficult>0</difficult>
		<bndbox>
			<xmin>505</xmin>
			<ymin>1434</ymin>
			<xmax>581</xmax>
			<ymax>1501</ymax>
		</bndbox>
	</object>
	<object>
		<name>sp15</name>
		<pose>Unspecified</pose>
		<truncated>0</truncated>
		<difficult>0</difficult>
		<bndbox>
			<xmin>360</xmin>
			<ymin>1512</ymin>
			<xmax>441</xmax>
			<ymax>1581</ymax>
		</bndbox>
	</object>
	<object>
		<name>sp15</name>
		<pose>Unspecified</pose>
		<truncated>0</truncated>
		<difficult>0</difficult>
		<bndbox>
			<xmin>766</xmin>
			<ymin>1907</ymin>
			<xmax>840</xmax>
			<ymax>1978</ymax>
		</bndbox>
	</object>
	<object>
		<name>sp15</name>
		<pose>Unspecified</pose>
		<truncated>0</truncated>
		<difficult>0</difficult>
		<bndbox>
			<xmin>705</xmin>
			<ymin>2024</ymin>
			<xmax>774</xmax>
			<ymax>2084</ymax>
		</bndbox>
	</object>
	<object>
		<name>sp15</name>
		<pose>Unspecified</pose>
		<truncated>0</truncated>
		<difficult>0</difficult>
		<bndbox>
			<xmin>1156</xmin>
			<ymin>1324</ymin>
			<xmax>1209</xmax>
			<ymax>1379</ymax>
		</bndbox>
	</object>
	<object>
		<name>sp15</name>
		<pose>Unspecified</pose>
		<truncated>0</truncated>
		<difficult>0</difficult>
		<bndbox>
			<xmin>1135</xmin>
			<ymin>1316</ymin>
			<xmax>1169</xmax>
			<ymax>1365</ymax>
		</bndbox>
	</object>
	<object>
		<name>sp15</name>
		<pose>Unspecified</pose>
		<truncated>0</truncated>
		<difficult>0</difficult>
		<bndbox>
			<xmin>840</xmin>
			<ymin>1320</ymin>
			<xmax>909</xmax>
			<ymax>1384</ymax>
		</bndbox>
	</object>
	<object>
		<name>sp15</name>
		<pose>Unspecified</pose>
		<truncated>0</truncated>
		<difficult>0</difficult>
		<bndbox>
			<xmin>686</xmin>
			<ymin>1366</ymin>
			<xmax>748</xmax>
			<ymax>1427</ymax>
		</bndbox>
	</object>
	<object>
		<name>sp15</name>
		<pose>Unspecified</pose>
		<truncated>0</truncated>
		<difficult>0</difficult>
		<bndbox>
			<xmin>594</xmin>
			<ymin>1242</ymin>
			<xmax>671</xmax>
			<ymax>1302</ymax>
		</bndbox>
	</object>
	<object>
		<name>sp15</name>
		<pose>Unspecified</pose>
		<truncated>0</truncated>
		<difficult>0</difficult>
		<bndbox>
			<xmin>541</xmin>
			<ymin>1293</ymin>
			<xmax>614</xmax>
			<ymax>1360</ymax>
		</bndbox>
	</object>
	<object>
		<name>sp15</name>
		<pose>Unspecified</pose>
		<truncated>0</truncated>
		<difficult>0</difficult>
		<bndbox>
			<xmin>489</xmin>
			<ymin>1188</ymin>
			<xmax>551</xmax>
			<ymax>1245</ymax>
		</bndbox>
	</object>
	<object>
		<name>sp15</name>
		<pose>Unspecified</pose>
		<truncated>0</truncated>
		<difficult>0</difficult>
		<bndbox>
			<xmin>407</xmin>
			<ymin>1053</ymin>
			<xmax>471</xmax>
			<ymax>1125</ymax>
		</bndbox>
	</object>
	<object>
		<name>sp15</name>
		<pose>Unspecified</pose>
		<truncated>0</truncated>
		<difficult>0</difficult>
		<bndbox>
			<xmin>204</xmin>
			<ymin>1176</ymin>
			<xmax>263</xmax>
			<ymax>1234</ymax>
		</bndbox>
	</object>
	<object>
		<name>sp15</name>
		<pose>Unspecified</pose>
		<truncated>0</truncated>
		<difficult>0</difficult>
		<bndbox>
			<xmin>82</xmin>
			<ymin>1478</ymin>
			<xmax>156</xmax>
			<ymax>1527</ymax>
		</bndbox>
	</object>
	<object>
		<name>sp15</name>
		<pose>Unspecified</pose>
		<truncated>0</truncated>
		<difficult>0</difficult>
		<bndbox>
			<xmin>79</xmin>
			<ymin>1224</ymin>
			<xmax>143</xmax>
			<ymax>1281</ymax>
		</bndbox>
	</object>
	<object>
		<name>sp15</name>
		<pose>Unspecified</pose>
		<truncated>0</truncated>
		<difficult>0</difficult>
		<bndbox>
			<xmin>148</xmin>
			<ymin>929</ymin>
			<xmax>209</xmax>
			<ymax>994</ymax>
		</bndbox>
	</object>
	<object>
		<name>sp15</name>
		<pose>Unspecified</pose>
		<truncated>0</truncated>
		<difficult>0</difficult>
		<bndbox>
			<xmin>723</xmin>
			<ymin>1152</ymin>
			<xmax>789</xmax>
			<ymax>1206</ymax>
		</bndbox>
	</object>
	<object>
		<name>sp15</name>
		<pose>Unspecified</pose>
		<truncated>0</truncated>
		<difficult>0</difficult>
		<bndbox>
			<xmin>615</xmin>
			<ymin>1337</ymin>
			<xmax>666</xmax>
			<ymax>1379</ymax>
		</bndbox>
	</object>
	<object>
		<name>sp15</name>
		<pose>Unspecified</pose>
		<truncated>0</truncated>
		<difficult>0</difficult>
		<bndbox>
			<xmin>612</xmin>
			<ymin>1301</ymin>
			<xmax>686</xmax>
			<ymax>1338</ymax>
		</bndbox>
	</object>
	<object>
		<name>sp15</name>
		<pose>Unspecified</pose>
		<truncated>0</truncated>
		<difficult>0</difficult>
		<bndbox>
			<xmin>961</xmin>
			<ymin>1601</ymin>
			<xmax>1025</xmax>
			<ymax>1668</ymax>
		</bndbox>
	</object>
	<object>
		<name>sp15</name>
		<pose>Unspecified</pose>
		<truncated>0</truncated>
		<difficult>0</difficult>
		<bndbox>
			<xmin>1040</xmin>
			<ymin>1668</ymin>
			<xmax>1096</xmax>
			<ymax>1725</ymax>
		</bndbox>
	</object>
	<object>
		<name>sp15</name>
		<pose>Unspecified</pose>
		<truncated>0</truncated>
		<difficult>0</difficult>
		<bndbox>
			<xmin>881</xmin>
			<ymin>1663</ymin>
			<xmax>938</xmax>
			<ymax>1712</ymax>
		</bndbox>
	</object>
	<object>
		<name>sp15</name>
		<pose>Unspecified</pose>
		<truncated>0</truncated>
		<difficult>0</difficult>
		<bndbox>
			<xmin>889</xmin>
			<ymin>1620</ymin>
			<xmax>948</xmax>
			<ymax>1671</ymax>
		</bndbox>
	</object>
	<object>
		<name>sp15</name>
		<pose>Unspecified</pose>
		<truncated>0</truncated>
		<difficult>0</difficult>
		<bndbox>
			<xmin>720</xmin>
			<ymin>1479</ymin>
			<xmax>776</xmax>
			<ymax>1527</ymax>
		</bndbox>
	</object>
	<object>
		<name>sp15</name>
		<pose>Unspecified</pose>
		<truncated>0</truncated>
		<difficult>0</difficult>
		<bndbox>
			<xmin>755</xmin>
			<ymin>1511</ymin>
			<xmax>805</xmax>
			<ymax>1560</ymax>
		</bndbox>
	</object>
	<object>
		<name>sp15</name>
		<pose>Unspecified</pose>
		<truncated>0</truncated>
		<difficult>0</difficult>
		<bndbox>
			<xmin>732</xmin>
			<ymin>1527</ymin>
			<xmax>787</xmax>
			<ymax>1568</ymax>
		</bndbox>
	</object>
	<object>
		<name>sp15</name>
		<pose>Unspecified</pose>
		<truncated>0</truncated>
		<difficult>0</difficult>
		<bndbox>
			<xmin>777</xmin>
			<ymin>1455</ymin>
			<xmax>830</xmax>
			<ymax>1498</ymax>
		</bndbox>
	</object>
	<object>
		<name>sp15</name>
		<pose>Unspecified</pose>
		<truncated>0</truncated>
		<difficult>0</difficult>
		<bndbox>
			<xmin>773</xmin>
			<ymin>1386</ymin>
			<xmax>817</xmax>
			<ymax>1417</ymax>
		</bndbox>
	</object>
	<object>
		<name>sp15</name>
		<pose>Unspecified</pose>
		<truncated>0</truncated>
		<difficult>0</difficult>
		<bndbox>
			<xmin>782</xmin>
			<ymin>1416</ymin>
			<xmax>838</xmax>
			<ymax>1445</ymax>
		</bndbox>
	</object>
	<object>
		<name>sp15</name>
		<pose>Unspecified</pose>
		<truncated>0</truncated>
		<difficult>0</difficult>
		<bndbox>
			<xmin>633</xmin>
			<ymin>1075</ymin>
			<xmax>692</xmax>
			<ymax>1129</ymax>
		</bndbox>
	</object>
	<object>
		<name>sp15</name>
		<pose>Unspecified</pose>
		<truncated>0</truncated>
		<difficult>0</difficult>
		<bndbox>
			<xmin>750</xmin>
			<ymin>1058</ymin>
			<xmax>814</xmax>
			<ymax>1116</ymax>
		</bndbox>
	</object>
	<object>
		<name>sp15</name>
		<pose>Unspecified</pose>
		<truncated>0</truncated>
		<difficult>0</difficult>
		<bndbox>
			<xmin>589</xmin>
			<ymin>1104</ymin>
			<xmax>655</xmax>
			<ymax>1171</ymax>
		</bndbox>
	</object>
	<object>
		<name>sp15</name>
		<pose>Unspecified</pose>
		<truncated>0</truncated>
		<difficult>0</difficult>
		<bndbox>
			<xmin>596</xmin>
			<ymin>945</ymin>
			<xmax>661</xmax>
			<ymax>1011</ymax>
		</bndbox>
	</object>
	<object>
		<name>sp15</name>
		<pose>Unspecified</pose>
		<truncated>0</truncated>
		<difficult>0</difficult>
		<bndbox>
			<xmin>500</xmin>
			<ymin>848</ymin>
			<xmax>566</xmax>
			<ymax>907</ymax>
		</bndbox>
	</object>
	<object>
		<name>sp15</name>
		<pose>Unspecified</pose>
		<truncated>0</truncated>
		<difficult>0</difficult>
		<bndbox>
			<xmin>505</xmin>
			<ymin>920</ymin>
			<xmax>578</xmax>
			<ymax>984</ymax>
		</bndbox>
	</object>
	<object>
		<name>sp15</name>
		<pose>Unspecified</pose>
		<truncated>0</truncated>
		<difficult>0</difficult>
		<bndbox>
			<xmin>784</xmin>
			<ymin>699</ymin>
			<xmax>855</xmax>
			<ymax>770</ymax>
		</bndbox>
	</object>
	<object>
		<name>sp15</name>
		<pose>Unspecified</pose>
		<truncated>0</truncated>
		<difficult>0</difficult>
		<bndbox>
			<xmin>760</xmin>
			<ymin>902</ymin>
			<xmax>812</xmax>
			<ymax>950</ymax>
		</bndbox>
	</object>
	<object>
		<name>sp15</name>
		<pose>Unspecified</pose>
		<truncated>0</truncated>
		<difficult>0</difficult>
		<bndbox>
			<xmin>779</xmin>
			<ymin>943</ymin>
			<xmax>840</xmax>
			<ymax>1011</ymax>
		</bndbox>
	</object>
	<object>
		<name>sp15</name>
		<pose>Unspecified</pose>
		<truncated>0</truncated>
		<difficult>0</difficult>
		<bndbox>
			<xmin>478</xmin>
			<ymin>1135</ymin>
			<xmax>527</xmax>
			<ymax>1189</ymax>
		</bndbox>
	</object>
	<object>
		<name>sp15</name>
		<pose>Unspecified</pose>
		<truncated>0</truncated>
		<difficult>0</difficult>
		<bndbox>
			<xmin>507</xmin>
			<ymin>1122</ymin>
			<xmax>555</xmax>
			<ymax>1170</ymax>
		</bndbox>
	</object>
	<object>
		<name>sp15</name>
		<pose>Unspecified</pose>
		<truncated>0</truncated>
		<difficult>0</difficult>
		<bndbox>
			<xmin>492</xmin>
			<ymin>1073</ymin>
			<xmax>566</xmax>
			<ymax>1125</ymax>
		</bndbox>
	</object>
	<object>
		<name>sp15</name>
		<pose>Unspecified</pose>
		<truncated>0</truncated>
		<difficult>0</difficult>
		<bndbox>
			<xmin>1612</xmin>
			<ymin>2009</ymin>
			<xmax>1663</xmax>
			<ymax>2075</ymax>
		</bndbox>
	</object>
	<object>
		<name>sp15</name>
		<pose>Unspecified</pose>
		<truncated>0</truncated>
		<difficult>0</difficult>
		<bndbox>
			<xmin>1689</xmin>
			<ymin>2045</ymin>
			<xmax>1748</xmax>
			<ymax>2114</ymax>
		</bndbox>
	</object>
	<object>
		<name>sp15</name>
		<pose>Unspecified</pose>
		<truncated>0</truncated>
		<difficult>0</difficult>
		<bndbox>
			<xmin>2110</xmin>
			<ymin>2048</ymin>
			<xmax>2179</xmax>
			<ymax>2119</ymax>
		</bndbox>
	</object>
	<object>
		<name>sp15</name>
		<pose>Unspecified</pose>
		<truncated>0</truncated>
		<difficult>0</difficult>
		<bndbox>
			<xmin>1982</xmin>
			<ymin>1758</ymin>
			<xmax>2035</xmax>
			<ymax>1832</ymax>
		</bndbox>
	</object>
	<object>
		<name>sp15</name>
		<pose>Unspecified</pose>
		<truncated>0</truncated>
		<difficult>0</difficult>
		<bndbox>
			<xmin>1886</xmin>
			<ymin>1897</ymin>
			<xmax>1951</xmax>
			<ymax>1947</ymax>
		</bndbox>
	</object>
	<object>
		<name>sp15</name>
		<pose>Unspecified</pose>
		<truncated>0</truncated>
		<difficult>0</difficult>
		<bndbox>
			<xmin>1904</xmin>
			<ymin>1827</ymin>
			<xmax>1948</xmax>
			<ymax>1881</ymax>
		</bndbox>
	</object>
	<object>
		<name>sp15</name>
		<pose>Unspecified</pose>
		<truncated>0</truncated>
		<difficult>0</difficult>
		<bndbox>
			<xmin>1920</xmin>
			<ymin>1860</ymin>
			<xmax>1974</xmax>
			<ymax>1899</ymax>
		</bndbox>
	</object>
	<object>
		<name>sp15</name>
		<pose>Unspecified</pose>
		<truncated>0</truncated>
		<difficult>0</difficult>
		<bndbox>
			<xmin>1976</xmin>
			<ymin>1620</ymin>
			<xmax>2028</xmax>
			<ymax>1688</ymax>
		</bndbox>
	</object>
	<object>
		<name>sp15</name>
		<pose>Unspecified</pose>
		<truncated>0</truncated>
		<difficult>0</difficult>
		<bndbox>
			<xmin>2066</xmin>
			<ymin>1570</ymin>
			<xmax>2138</xmax>
			<ymax>1632</ymax>
		</bndbox>
	</object>
	<object>
		<name>sp15</name>
		<pose>Unspecified</pose>
		<truncated>0</truncated>
		<difficult>0</difficult>
		<bndbox>
			<xmin>2043</xmin>
			<ymin>1394</ymin>
			<xmax>2107</xmax>
			<ymax>1461</ymax>
		</bndbox>
	</object>
	<object>
		<name>sp15</name>
		<pose>Unspecified</pose>
		<truncated>0</truncated>
		<difficult>0</difficult>
		<bndbox>
			<xmin>2214</xmin>
			<ymin>1704</ymin>
			<xmax>2292</xmax>
			<ymax>1768</ymax>
		</bndbox>
	</object>
	<object>
		<name>sp15</name>
		<pose>Unspecified</pose>
		<truncated>0</truncated>
		<difficult>0</difficult>
		<bndbox>
			<xmin>2294</xmin>
			<ymin>1761</ymin>
			<xmax>2356</xmax>
			<ymax>1829</ymax>
		</bndbox>
	</object>
	<object>
		<name>sp15</name>
		<pose>Unspecified</pose>
		<truncated>0</truncated>
		<difficult>0</difficult>
		<bndbox>
			<xmin>2271</xmin>
			<ymin>1607</ymin>
			<xmax>2340</xmax>
			<ymax>1668</ymax>
		</bndbox>
	</object>
	<object>
		<name>sp15</name>
		<pose>Unspecified</pose>
		<truncated>0</truncated>
		<difficult>0</difficult>
		<bndbox>
			<xmin>2276</xmin>
			<ymin>1461</ymin>
			<xmax>2337</xmax>
			<ymax>1525</ymax>
		</bndbox>
	</object>
	<object>
		<name>sp15</name>
		<pose>Unspecified</pose>
		<truncated>0</truncated>
		<difficult>0</difficult>
		<bndbox>
			<xmin>2307</xmin>
			<ymin>1396</ymin>
			<xmax>2363</xmax>
			<ymax>1450</ymax>
		</bndbox>
	</object>
	<object>
		<name>sp15</name>
		<pose>Unspecified</pose>
		<truncated>0</truncated>
		<difficult>0</difficult>
		<bndbox>
			<xmin>2122</xmin>
			<ymin>1340</ymin>
			<xmax>2186</xmax>
			<ymax>1401</ymax>
		</bndbox>
	</object>
	<object>
		<name>sp15</name>
		<pose>Unspecified</pose>
		<truncated>0</truncated>
		<difficult>0</difficult>
		<bndbox>
			<xmin>2171</xmin>
			<ymin>1275</ymin>
			<xmax>2232</xmax>
			<ymax>1337</ymax>
		</bndbox>
	</object>
	<object>
		<name>sp15</name>
		<pose>Unspecified</pose>
		<truncated>0</truncated>
		<difficult>0</difficult>
		<bndbox>
			<xmin>2074</xmin>
			<ymin>1294</ymin>
			<xmax>2117</xmax>
			<ymax>1340</ymax>
		</bndbox>
	</object>
	<object>
		<name>sp15</name>
		<pose>Unspecified</pose>
		<truncated>0</truncated>
		<difficult>0</difficult>
		<bndbox>
			<xmin>2104</xmin>
			<ymin>1275</ymin>
			<xmax>2150</xmax>
			<ymax>1340</ymax>
		</bndbox>
	</object>
	<object>
		<name>sp15</name>
		<pose>Unspecified</pose>
		<truncated>0</truncated>
		<difficult>0</difficult>
		<bndbox>
			<xmin>2043</xmin>
			<ymin>1153</ymin>
			<xmax>2102</xmax>
			<ymax>1219</ymax>
		</bndbox>
	</object>
	<object>
		<name>sp15</name>
		<pose>Unspecified</pose>
		<truncated>0</truncated>
		<difficult>0</difficult>
		<bndbox>
			<xmin>1973</xmin>
			<ymin>1094</ymin>
			<xmax>2040</xmax>
			<ymax>1158</ymax>
		</bndbox>
	</object>
	<object>
		<name>sp15</name>
		<pose>Unspecified</pose>
		<truncated>0</truncated>
		<difficult>0</difficult>
		<bndbox>
			<xmin>2048</xmin>
			<ymin>963</ymin>
			<xmax>2122</xmax>
			<ymax>1024</ymax>
		</bndbox>
	</object>
	<object>
		<name>sp15</name>
		<pose>Unspecified</pose>
		<truncated>0</truncated>
		<difficult>0</difficult>
		<bndbox>
			<xmin>2028</xmin>
			<ymin>1014</ymin>
			<xmax>2082</xmax>
			<ymax>1063</ymax>
		</bndbox>
	</object>
	<object>
		<name>sp15</name>
		<pose>Unspecified</pose>
		<truncated>0</truncated>
		<difficult>0</difficult>
		<bndbox>
			<xmin>2202</xmin>
			<ymin>1079</ymin>
			<xmax>2271</xmax>
			<ymax>1143</ymax>
		</bndbox>
	</object>
	<object>
		<name>sp15</name>
		<pose>Unspecified</pose>
		<truncated>0</truncated>
		<difficult>0</difficult>
		<bndbox>
			<xmin>2156</xmin>
			<ymin>1132</ymin>
			<xmax>2216</xmax>
			<ymax>1200</ymax>
		</bndbox>
	</object>
	<object>
		<name>sp15</name>
		<pose>Unspecified</pose>
		<truncated>0</truncated>
		<difficult>0</difficult>
		<bndbox>
			<xmin>2169</xmin>
			<ymin>909</ymin>
			<xmax>2227</xmax>
			<ymax>976</ymax>
		</bndbox>
	</object>
	<object>
		<name>sp15</name>
		<pose>Unspecified</pose>
		<truncated>0</truncated>
		<difficult>0</difficult>
		<bndbox>
			<xmin>2214</xmin>
			<ymin>745</ymin>
			<xmax>2281</xmax>
			<ymax>809</ymax>
		</bndbox>
	</object>
	<object>
		<name>sp15</name>
		<pose>Unspecified</pose>
		<truncated>0</truncated>
		<difficult>0</difficult>
		<bndbox>
			<xmin>2307</xmin>
			<ymin>960</ymin>
			<xmax>2366</xmax>
			<ymax>1020</ymax>
		</bndbox>
	</object>
	<object>
		<name>sp15</name>
		<pose>Unspecified</pose>
		<truncated>0</truncated>
		<difficult>0</difficult>
		<bndbox>
			<xmin>2392</xmin>
			<ymin>1291</ymin>
			<xmax>2463</xmax>
			<ymax>1363</ymax>
		</bndbox>
	</object>
	<object>
		<name>sp15</name>
		<pose>Unspecified</pose>
		<truncated>0</truncated>
		<difficult>0</difficult>
		<bndbox>
			<xmin>2358</xmin>
			<ymin>1435</ymin>
			<xmax>2415</xmax>
			<ymax>1494</ymax>
		</bndbox>
	</object>
	<object>
		<name>sp15</name>
		<pose>Unspecified</pose>
		<truncated>0</truncated>
		<difficult>0</difficult>
		<bndbox>
			<xmin>2348</xmin>
			<ymin>1022</ymin>
			<xmax>2410</xmax>
			<ymax>1089</ymax>
		</bndbox>
	</object>
	<object>
		<name>sp15</name>
		<pose>Unspecified</pose>
		<truncated>0</truncated>
		<difficult>0</difficult>
		<bndbox>
			<xmin>2376</xmin>
			<ymin>865</ymin>
			<xmax>2456</xmax>
			<ymax>952</ymax>
		</bndbox>
	</object>
	<object>
		<name>sp15</name>
		<pose>Unspecified</pose>
		<truncated>0</truncated>
		<difficult>0</difficult>
		<bndbox>
			<xmin>2186</xmin>
			<ymin>622</ymin>
			<xmax>2255</xmax>
			<ymax>693</ymax>
		</bndbox>
	</object>
	<object>
		<name>sp15</name>
		<pose>Unspecified</pose>
		<truncated>0</truncated>
		<difficult>0</difficult>
		<bndbox>
			<xmin>2230</xmin>
			<ymin>583</ymin>
			<xmax>2292</xmax>
			<ymax>653</ymax>
		</bndbox>
	</object>
	<object>
		<name>sp15</name>
		<pose>Unspecified</pose>
		<truncated>0</truncated>
		<difficult>0</difficult>
		<bndbox>
			<xmin>2023</xmin>
			<ymin>347</ymin>
			<xmax>2091</xmax>
			<ymax>414</ymax>
		</bndbox>
	</object>
	<object>
		<name>sp15</name>
		<pose>Unspecified</pose>
		<truncated>0</truncated>
		<difficult>0</difficult>
		<bndbox>
			<xmin>1920</xmin>
			<ymin>327</ymin>
			<xmax>1989</xmax>
			<ymax>393</ymax>
		</bndbox>
	</object>
	<object>
		<name>sp15</name>
		<pose>Unspecified</pose>
		<truncated>0</truncated>
		<difficult>0</difficult>
		<bndbox>
			<xmin>1786</xmin>
			<ymin>191</ymin>
			<xmax>1828</xmax>
			<ymax>247</ymax>
		</bndbox>
	</object>
	<object>
		<name>sp15</name>
		<pose>Unspecified</pose>
		<truncated>0</truncated>
		<difficult>0</difficult>
		<bndbox>
			<xmin>1871</xmin>
			<ymin>238</ymin>
			<xmax>1917</xmax>
			<ymax>288</ymax>
		</bndbox>
	</object>
	<object>
		<name>sp15</name>
		<pose>Unspecified</pose>
		<truncated>0</truncated>
		<difficult>0</difficult>
		<bndbox>
			<xmin>1914</xmin>
			<ymin>260</ymin>
			<xmax>1973</xmax>
			<ymax>306</ymax>
		</bndbox>
	</object>
	<object>
		<name>sp15</name>
		<pose>Unspecified</pose>
		<truncated>0</truncated>
		<difficult>0</difficult>
		<bndbox>
			<xmin>1523</xmin>
			<ymin>176</ymin>
			<xmax>1587</xmax>
			<ymax>235</ymax>
		</bndbox>
	</object>
	<object>
		<name>sp15</name>
		<pose>Unspecified</pose>
		<truncated>0</truncated>
		<difficult>0</difficult>
		<bndbox>
			<xmin>1478</xmin>
			<ymin>179</ymin>
			<xmax>1537</xmax>
			<ymax>248</ymax>
		</bndbox>
	</object>
	<object>
		<name>sp15</name>
		<pose>Unspecified</pose>
		<truncated>0</truncated>
		<difficult>0</difficult>
		<bndbox>
			<xmin>1363</xmin>
			<ymin>140</ymin>
			<xmax>1427</xmax>
			<ymax>209</ymax>
		</bndbox>
	</object>
	<object>
		<name>sp15</name>
		<pose>Unspecified</pose>
		<truncated>0</truncated>
		<difficult>0</difficult>
		<bndbox>
			<xmin>1256</xmin>
			<ymin>186</ymin>
			<xmax>1330</xmax>
			<ymax>258</ymax>
		</bndbox>
	</object>
	<object>
		<name>sp15</name>
		<pose>Unspecified</pose>
		<truncated>0</truncated>
		<difficult>0</difficult>
		<bndbox>
			<xmin>1268</xmin>
			<ymin>109</ymin>
			<xmax>1314</xmax>
			<ymax>176</ymax>
		</bndbox>
	</object>
	<object>
		<name>sp15</name>
		<pose>Unspecified</pose>
		<truncated>0</truncated>
		<difficult>0</difficult>
		<bndbox>
			<xmin>1212</xmin>
			<ymin>119</ymin>
			<xmax>1260</xmax>
			<ymax>183</ymax>
		</bndbox>
	</object>
	<object>
		<name>sp15</name>
		<pose>Unspecified</pose>
		<truncated>0</truncated>
		<difficult>0</difficult>
		<bndbox>
			<xmin>1176</xmin>
			<ymin>304</ymin>
			<xmax>1227</xmax>
			<ymax>363</ymax>
		</bndbox>
	</object>
	<object>
		<name>sp15</name>
		<pose>Unspecified</pose>
		<truncated>0</truncated>
		<difficult>0</difficult>
		<bndbox>
			<xmin>1133</xmin>
			<ymin>306</ymin>
			<xmax>1184</xmax>
			<ymax>375</ymax>
		</bndbox>
	</object>
	<object>
		<name>sp15</name>
		<pose>Unspecified</pose>
		<truncated>0</truncated>
		<difficult>0</difficult>
		<bndbox>
			<xmin>1019</xmin>
			<ymin>260</ymin>
			<xmax>1074</xmax>
			<ymax>307</ymax>
		</bndbox>
	</object>
	<object>
		<name>sp15</name>
		<pose>Unspecified</pose>
		<truncated>0</truncated>
		<difficult>0</difficult>
		<bndbox>
			<xmin>999</xmin>
			<ymin>202</ymin>
			<xmax>1053</xmax>
			<ymax>250</ymax>
		</bndbox>
	</object>
	<object>
		<name>sp15</name>
		<pose>Unspecified</pose>
		<truncated>0</truncated>
		<difficult>0</difficult>
		<bndbox>
			<xmin>969</xmin>
			<ymin>263</ymin>
			<xmax>1023</xmax>
			<ymax>324</ymax>
		</bndbox>
	</object>
	<object>
		<name>sp15</name>
		<pose>Unspecified</pose>
		<truncated>0</truncated>
		<difficult>0</difficult>
		<bndbox>
			<xmin>1173</xmin>
			<ymin>2191</ymin>
			<xmax>1240</xmax>
			<ymax>2248</ymax>
		</bndbox>
	</object>
	<object>
		<name>sp15</name>
		<pose>Unspecified</pose>
		<truncated>0</truncated>
		<difficult>0</difficult>
		<bndbox>
			<xmin>860</xmin>
			<ymin>2204</ymin>
			<xmax>933</xmax>
			<ymax>2273</ymax>
		</bndbox>
	</object>
	<object>
		<name>sp15</name>
		<pose>Unspecified</pose>
		<truncated>0</truncated>
		<difficult>0</difficult>
		<bndbox>
			<xmin>935</xmin>
			<ymin>2320</ymin>
			<xmax>1019</xmax>
			<ymax>2399</ymax>
		</bndbox>
	</object>
	<object>
		<name>sp15</name>
		<pose>Unspecified</pose>
		<truncated>0</truncated>
		<difficult>0</difficult>
		<bndbox>
			<xmin>715</xmin>
			<ymin>809</ymin>
			<xmax>746</xmax>
			<ymax>847</ymax>
		</bndbox>
	</object>
	<object>
		<name>sp15</name>
		<pose>Unspecified</pose>
		<truncated>0</truncated>
		<difficult>0</difficult>
		<bndbox>
			<xmin>558</xmin>
			<ymin>776</ymin>
			<xmax>617</xmax>
			<ymax>825</ymax>
		</bndbox>
	</object>
	<object>
		<name>sp15</name>
		<pose>Unspecified</pose>
		<truncated>0</truncated>
		<difficult>0</difficult>
		<bndbox>
			<xmin>523</xmin>
			<ymin>679</ymin>
			<xmax>578</xmax>
			<ymax>734</ymax>
		</bndbox>
	</object>
	<object>
		<name>sp15</name>
		<pose>Unspecified</pose>
		<truncated>0</truncated>
		<difficult>0</difficult>
		<bndbox>
			<xmin>569</xmin>
			<ymin>678</ymin>
			<xmax>625</xmax>
			<ymax>735</ymax>
		</bndbox>
	</object>
	<object>
		<name>sp15</name>
		<pose>Unspecified</pose>
		<truncated>0</truncated>
		<difficult>0</difficult>
		<bndbox>
			<xmin>578</xmin>
			<ymin>724</ymin>
			<xmax>632</xmax>
			<ymax>776</ymax>
		</bndbox>
	</object>
	<object>
		<name>sp15</name>
		<pose>Unspecified</pose>
		<truncated>0</truncated>
		<difficult>0</difficult>
		<bndbox>
			<xmin>532</xmin>
			<ymin>727</ymin>
			<xmax>574</xmax>
			<ymax>781</ymax>
		</bndbox>
	</object>
	<object>
		<name>sp15</name>
		<pose>Unspecified</pose>
		<truncated>0</truncated>
		<difficult>0</difficult>
		<bndbox>
			<xmin>535</xmin>
			<ymin>568</ymin>
			<xmax>610</xmax>
			<ymax>629</ymax>
		</bndbox>
	</object>
	<object>
		<name>sp15</name>
		<pose>Unspecified</pose>
		<truncated>0</truncated>
		<difficult>0</difficult>
		<bndbox>
			<xmin>540</xmin>
			<ymin>514</ymin>
			<xmax>602</xmax>
			<ymax>565</ymax>
		</bndbox>
	</object>
	<object>
		<name>sp15</name>
		<pose>Unspecified</pose>
		<truncated>0</truncated>
		<difficult>0</difficult>
		<bndbox>
			<xmin>597</xmin>
			<ymin>483</ymin>
			<xmax>650</xmax>
			<ymax>550</ymax>
		</bndbox>
	</object>
	<object>
		<name>sp15</name>
		<pose>Unspecified</pose>
		<truncated>0</truncated>
		<difficult>0</difficult>
		<bndbox>
			<xmin>669</xmin>
			<ymin>420</ymin>
			<xmax>735</xmax>
			<ymax>486</ymax>
		</bndbox>
	</object>
	<object>
		<name>sp15</name>
		<pose>Unspecified</pose>
		<truncated>0</truncated>
		<difficult>0</difficult>
		<bndbox>
			<xmin>741</xmin>
			<ymin>460</ymin>
			<xmax>797</xmax>
			<ymax>512</ymax>
		</bndbox>
	</object>
	<object>
		<name>sp15</name>
		<pose>Unspecified</pose>
		<truncated>0</truncated>
		<difficult>0</difficult>
		<bndbox>
			<xmin>717</xmin>
			<ymin>496</ymin>
			<xmax>776</xmax>
			<ymax>550</ymax>
		</bndbox>
	</object>
	<object>
		<name>sp15</name>
		<pose>Unspecified</pose>
		<truncated>0</truncated>
		<difficult>0</difficult>
		<bndbox>
			<xmin>702</xmin>
			<ymin>565</ymin>
			<xmax>756</xmax>
			<ymax>624</ymax>
		</bndbox>
	</object>
	<object>
		<name>sp15</name>
		<pose>Unspecified</pose>
		<truncated>0</truncated>
		<difficult>0</difficult>
		<bndbox>
			<xmin>664</xmin>
			<ymin>591</ymin>
			<xmax>725</xmax>
			<ymax>658</ymax>
		</bndbox>
	</object>
	<object>
		<name>sp15</name>
		<pose>Unspecified</pose>
		<truncated>0</truncated>
		<difficult>0</difficult>
		<bndbox>
			<xmin>863</xmin>
			<ymin>243</ymin>
			<xmax>925</xmax>
			<ymax>312</ymax>
		</bndbox>
	</object>
	<object>
		<name>sp15</name>
		<pose>Unspecified</pose>
		<truncated>0</truncated>
		<difficult>0</difficult>
		<bndbox>
			<xmin>853</xmin>
			<ymin>309</ymin>
			<xmax>917</xmax>
			<ymax>371</ymax>
		</bndbox>
	</object>
	<object>
		<name>sp15</name>
		<pose>Unspecified</pose>
		<truncated>0</truncated>
		<difficult>0</difficult>
		<bndbox>
			<xmin>825</xmin>
			<ymin>347</ymin>
			<xmax>879</xmax>
			<ymax>396</ymax>
		</bndbox>
	</object>
	<object>
		<name>sp15</name>
		<pose>Unspecified</pose>
		<truncated>0</truncated>
		<difficult>0</difficult>
		<bndbox>
			<xmin>589</xmin>
			<ymin>401</ymin>
			<xmax>648</xmax>
			<ymax>466</ymax>
		</bndbox>
	</object>
	<object>
		<name>sp15</name>
		<pose>Unspecified</pose>
		<truncated>0</truncated>
		<difficult>0</difficult>
		<bndbox>
			<xmin>791</xmin>
			<ymin>340</ymin>
			<xmax>830</xmax>
			<ymax>388</ymax>
		</bndbox>
	</object>
</annotation>