<annotation>
	<folder>my-project-name</folder>
	<filename>sp16_img04.jpg</filename>
	<path>/my-project-name/sp16_img04.jpg</path>
	<source>
		<database>Unspecified</database>
	</source>
	<size>
		<width>2792</width>
		<height>2809</height>
		<depth>3</depth>
	</size>
	<object>
		<name>sp16</name>
		<pose>Unspecified</pose>
		<truncated>0</truncated>
		<difficult>0</difficult>
		<bndbox>
			<xmin>642</xmin>
			<ymin>1237</ymin>
			<xmax>792</xmax>
			<ymax>1347</ymax>
		</bndbox>
	</object>
	<object>
		<name>sp16</name>
		<pose>Unspecified</pose>
		<truncated>0</truncated>
		<difficult>0</difficult>
		<bndbox>
			<xmin>1917</xmin>
			<ymin>2062</ymin>
			<xmax>2037</xmax>
			<ymax>2197</ymax>
		</bndbox>
	</object>
	<object>
		<name>sp16</name>
		<pose>Unspecified</pose>
		<truncated>0</truncated>
		<difficult>0</difficult>
		<bndbox>
			<xmin>1986</xmin>
			<ymin>2472</ymin>
			<xmax>2077</xmax>
			<ymax>2558</ymax>
		</bndbox>
	</object>
</annotation>