<annotation>
	<folder>my-project-name</folder>
	<filename>sp16_img11.jpg</filename>
	<path>/my-project-name/sp16_img11.jpg</path>
	<source>
		<database>Unspecified</database>
	</source>
	<size>
		<width>2759</width>
		<height>2786</height>
		<depth>3</depth>
	</size>
	<object>
		<name>sp16</name>
		<pose>Unspecified</pose>
		<truncated>0</truncated>
		<difficult>0</difficult>
		<bndbox>
			<xmin>1024</xmin>
			<ymin>1369</ymin>
			<xmax>1144</xmax>
			<ymax>1516</ymax>
		</bndbox>
	</object>
	<object>
		<name>sp16</name>
		<pose>Unspecified</pose>
		<truncated>0</truncated>
		<difficult>0</difficult>
		<bndbox>
			<xmin>1294</xmin>
			<ymin>1534</ymin>
			<xmax>1395</xmax>
			<ymax>1668</ymax>
		</bndbox>
	</object>
	<object>
		<name>sp16</name>
		<pose>Unspecified</pose>
		<truncated>0</truncated>
		<difficult>0</difficult>
		<bndbox>
			<xmin>1162</xmin>
			<ymin>1764</ymin>
			<xmax>1263</xmax>
			<ymax>1878</ymax>
		</bndbox>
	</object>
	<object>
		<name>sp16</name>
		<pose>Unspecified</pose>
		<truncated>0</truncated>
		<difficult>0</difficult>
		<bndbox>
			<xmin>958</xmin>
			<ymin>1850</ymin>
			<xmax>1039</xmax>
			<ymax>1958</ymax>
		</bndbox>
	</object>
	<object>
		<name>sp16</name>
		<pose>Unspecified</pose>
		<truncated>0</truncated>
		<difficult>0</difficult>
		<bndbox>
			<xmin>1010</xmin>
			<ymin>1936</ymin>
			<xmax>1098</xmax>
			<ymax>2043</ymax>
		</bndbox>
	</object>
	<object>
		<name>sp16</name>
		<pose>Unspecified</pose>
		<truncated>0</truncated>
		<difficult>0</difficult>
		<bndbox>
			<xmin>1399</xmin>
			<ymin>2186</ymin>
			<xmax>1493</xmax>
			<ymax>2267</ymax>
		</bndbox>
	</object>
	<object>
		<name>sp16</name>
		<pose>Unspecified</pose>
		<truncated>0</truncated>
		<difficult>0</difficult>
		<bndbox>
			<xmin>1162</xmin>
			<ymin>1896</ymin>
			<xmax>1236</xmax>
			<ymax>1971</ymax>
		</bndbox>
	</object>
	<object>
		<name>sp16</name>
		<pose>Unspecified</pose>
		<truncated>0</truncated>
		<difficult>0</difficult>
		<bndbox>
			<xmin>1136</xmin>
			<ymin>1969</ymin>
			<xmax>1230</xmax>
			<ymax>2056</ymax>
		</bndbox>
	</object>
	<object>
		<name>sp16</name>
		<pose>Unspecified</pose>
		<truncated>0</truncated>
		<difficult>0</difficult>
		<bndbox>
			<xmin>1129</xmin>
			<ymin>2081</ymin>
			<xmax>1256</xmax>
			<ymax>2181</ymax>
		</bndbox>
	</object>
	<object>
		<name>sp16</name>
		<pose>Unspecified</pose>
		<truncated>0</truncated>
		<difficult>0</difficult>
		<bndbox>
			<xmin>1300</xmin>
			<ymin>2094</ymin>
			<xmax>1421</xmax>
			<ymax>2208</ymax>
		</bndbox>
	</object>
	<object>
		<name>sp16</name>
		<pose>Unspecified</pose>
		<truncated>0</truncated>
		<difficult>0</difficult>
		<bndbox>
			<xmin>1406</xmin>
			<ymin>1949</ymin>
			<xmax>1520</xmax>
			<ymax>2043</ymax>
		</bndbox>
	</object>
	<object>
		<name>sp16</name>
		<pose>Unspecified</pose>
		<truncated>0</truncated>
		<difficult>0</difficult>
		<bndbox>
			<xmin>1294</xmin>
			<ymin>1850</ymin>
			<xmax>1375</xmax>
			<ymax>1944</ymax>
		</bndbox>
	</object>
	<object>
		<name>sp16</name>
		<pose>Unspecified</pose>
		<truncated>0</truncated>
		<difficult>0</difficult>
		<bndbox>
			<xmin>1465</xmin>
			<ymin>1784</ymin>
			<xmax>1572</xmax>
			<ymax>1892</ymax>
		</bndbox>
	</object>
	<object>
		<name>sp16</name>
		<pose>Unspecified</pose>
		<truncated>0</truncated>
		<difficult>0</difficult>
		<bndbox>
			<xmin>1491</xmin>
			<ymin>1679</ymin>
			<xmax>1566</xmax>
			<ymax>1773</ymax>
		</bndbox>
	</object>
	<object>
		<name>sp16</name>
		<pose>Unspecified</pose>
		<truncated>0</truncated>
		<difficult>0</difficult>
		<bndbox>
			<xmin>1650</xmin>
			<ymin>1270</ymin>
			<xmax>1783</xmax>
			<ymax>1351</ymax>
		</bndbox>
	</object>
	<object>
		<name>sp16</name>
		<pose>Unspecified</pose>
		<truncated>0</truncated>
		<difficult>0</difficult>
		<bndbox>
			<xmin>1656</xmin>
			<ymin>1185</ymin>
			<xmax>1757</xmax>
			<ymax>1292</ymax>
		</bndbox>
	</object>
	<object>
		<name>sp16</name>
		<pose>Unspecified</pose>
		<truncated>0</truncated>
		<difficult>0</difficult>
		<bndbox>
			<xmin>1544</xmin>
			<ymin>816</ymin>
			<xmax>1645</xmax>
			<ymax>897</ymax>
		</bndbox>
	</object>
	<object>
		<name>sp16</name>
		<pose>Unspecified</pose>
		<truncated>0</truncated>
		<difficult>0</difficult>
		<bndbox>
			<xmin>1564</xmin>
			<ymin>671</ymin>
			<xmax>1678</xmax>
			<ymax>772</ymax>
		</bndbox>
	</object>
	<object>
		<name>sp16</name>
		<pose>Unspecified</pose>
		<truncated>0</truncated>
		<difficult>0</difficult>
		<bndbox>
			<xmin>1577</xmin>
			<ymin>565</ymin>
			<xmax>1691</xmax>
			<ymax>640</ymax>
		</bndbox>
	</object>
	<object>
		<name>sp16</name>
		<pose>Unspecified</pose>
		<truncated>0</truncated>
		<difficult>0</difficult>
		<bndbox>
			<xmin>1722</xmin>
			<ymin>723</ymin>
			<xmax>1829</xmax>
			<ymax>851</ymax>
		</bndbox>
	</object>
	<object>
		<name>sp16</name>
		<pose>Unspecified</pose>
		<truncated>0</truncated>
		<difficult>0</difficult>
		<bndbox>
			<xmin>1933</xmin>
			<ymin>658</ymin>
			<xmax>2014</xmax>
			<ymax>798</ymax>
		</bndbox>
	</object>
	<object>
		<name>sp16</name>
		<pose>Unspecified</pose>
		<truncated>0</truncated>
		<difficult>0</difficult>
		<bndbox>
			<xmin>1999</xmin>
			<ymin>947</ymin>
			<xmax>2113</xmax>
			<ymax>1068</ymax>
		</bndbox>
	</object>
	<object>
		<name>sp16</name>
		<pose>Unspecified</pose>
		<truncated>0</truncated>
		<difficult>0</difficult>
		<bndbox>
			<xmin>2071</xmin>
			<ymin>1059</ymin>
			<xmax>2172</xmax>
			<ymax>1187</ymax>
		</bndbox>
	</object>
	<object>
		<name>sp16</name>
		<pose>Unspecified</pose>
		<truncated>0</truncated>
		<difficult>0</difficult>
		<bndbox>
			<xmin>1999</xmin>
			<ymin>730</ymin>
			<xmax>2086</xmax>
			<ymax>785</ymax>
		</bndbox>
	</object>
	<object>
		<name>sp16</name>
		<pose>Unspecified</pose>
		<truncated>0</truncated>
		<difficult>0</difficult>
		<bndbox>
			<xmin>2387</xmin>
			<ymin>743</ymin>
			<xmax>2468</xmax>
			<ymax>851</ymax>
		</bndbox>
	</object>
	<object>
		<name>sp16</name>
		<pose>Unspecified</pose>
		<truncated>0</truncated>
		<difficult>0</difficult>
		<bndbox>
			<xmin>2150</xmin>
			<ymin>783</ymin>
			<xmax>2251</xmax>
			<ymax>844</ymax>
		</bndbox>
	</object>
	<object>
		<name>sp16</name>
		<pose>Unspecified</pose>
		<truncated>0</truncated>
		<difficult>0</difficult>
		<bndbox>
			<xmin>2407</xmin>
			<ymin>994</ymin>
			<xmax>2501</xmax>
			<ymax>1094</ymax>
		</bndbox>
	</object>
	<object>
		<name>sp16</name>
		<pose>Unspecified</pose>
		<truncated>0</truncated>
		<difficult>0</difficult>
		<bndbox>
			<xmin>2302</xmin>
			<ymin>816</ymin>
			<xmax>2356</xmax>
			<ymax>864</ymax>
		</bndbox>
	</object>
	<object>
		<name>sp16</name>
		<pose>Unspecified</pose>
		<truncated>0</truncated>
		<difficult>0</difficult>
		<bndbox>
			<xmin>2315</xmin>
			<ymin>855</ymin>
			<xmax>2389</xmax>
			<ymax>936</ymax>
		</bndbox>
	</object>
	<object>
		<name>sp16</name>
		<pose>Unspecified</pose>
		<truncated>0</truncated>
		<difficult>0</difficult>
		<bndbox>
			<xmin>2493</xmin>
			<ymin>1145</ymin>
			<xmax>2580</xmax>
			<ymax>1220</ymax>
		</bndbox>
	</object>
	<object>
		<name>sp16</name>
		<pose>Unspecified</pose>
		<truncated>0</truncated>
		<difficult>0</difficult>
		<bndbox>
			<xmin>2526</xmin>
			<ymin>1257</ymin>
			<xmax>2633</xmax>
			<ymax>1364</ymax>
		</bndbox>
	</object>
	<object>
		<name>sp16</name>
		<pose>Unspecified</pose>
		<truncated>0</truncated>
		<difficult>0</difficult>
		<bndbox>
			<xmin>2539</xmin>
			<ymin>1534</ymin>
			<xmax>2633</xmax>
			<ymax>1628</ymax>
		</bndbox>
	</object>
	<object>
		<name>sp16</name>
		<pose>Unspecified</pose>
		<truncated>0</truncated>
		<difficult>0</difficult>
		<bndbox>
			<xmin>2519</xmin>
			<ymin>1646</ymin>
			<xmax>2613</xmax>
			<ymax>1733</ymax>
		</bndbox>
	</object>
	<object>
		<name>sp16</name>
		<pose>Unspecified</pose>
		<truncated>0</truncated>
		<difficult>0</difficult>
		<bndbox>
			<xmin>2381</xmin>
			<ymin>835</ymin>
			<xmax>2468</xmax>
			<ymax>916</ymax>
		</bndbox>
	</object>
</annotation>