<annotation>
	<folder>my-project-name</folder>
	<filename>sp16_img10.jpg</filename>
	<path>/my-project-name/sp16_img10.jpg</path>
	<source>
		<database>Unspecified</database>
	</source>
	<size>
		<width>2902</width>
		<height>2915</height>
		<depth>3</depth>
	</size>
	<object>
		<name>sp16</name>
		<pose>Unspecified</pose>
		<truncated>0</truncated>
		<difficult>0</difficult>
		<bndbox>
			<xmin>2489</xmin>
			<ymin>958</ymin>
			<xmax>2530</xmax>
			<ymax>1009</ymax>
		</bndbox>
	</object>
	<object>
		<name>sp16</name>
		<pose>Unspecified</pose>
		<truncated>0</truncated>
		<difficult>0</difficult>
		<bndbox>
			<xmin>2553</xmin>
			<ymin>843</ymin>
			<xmax>2618</xmax>
			<ymax>936</ymax>
		</bndbox>
	</object>
	<object>
		<name>sp16</name>
		<pose>Unspecified</pose>
		<truncated>0</truncated>
		<difficult>0</difficult>
		<bndbox>
			<xmin>1066</xmin>
			<ymin>1469</ymin>
			<xmax>1160</xmax>
			<ymax>1560</ymax>
		</bndbox>
	</object>
	<object>
		<name>sp16</name>
		<pose>Unspecified</pose>
		<truncated>0</truncated>
		<difficult>0</difficult>
		<bndbox>
			<xmin>963</xmin>
			<ymin>1921</ymin>
			<xmax>1070</xmax>
			<ymax>2008</ymax>
		</bndbox>
	</object>
	<object>
		<name>sp16</name>
		<pose>Unspecified</pose>
		<truncated>0</truncated>
		<difficult>0</difficult>
		<bndbox>
			<xmin>1029</xmin>
			<ymin>2007</ymin>
			<xmax>1110</xmax>
			<ymax>2101</ymax>
		</bndbox>
	</object>
	<object>
		<name>sp16</name>
		<pose>Unspecified</pose>
		<truncated>0</truncated>
		<difficult>0</difficult>
		<bndbox>
			<xmin>1187</xmin>
			<ymin>1842</ymin>
			<xmax>1294</xmax>
			<ymax>1956</ymax>
		</bndbox>
	</object>
	<object>
		<name>sp16</name>
		<pose>Unspecified</pose>
		<truncated>0</truncated>
		<difficult>0</difficult>
		<bndbox>
			<xmin>1167</xmin>
			<ymin>1960</ymin>
			<xmax>1268</xmax>
			<ymax>2048</ymax>
		</bndbox>
	</object>
	<object>
		<name>sp16</name>
		<pose>Unspecified</pose>
		<truncated>0</truncated>
		<difficult>0</difficult>
		<bndbox>
			<xmin>1154</xmin>
			<ymin>2046</ymin>
			<xmax>1242</xmax>
			<ymax>2140</ymax>
		</bndbox>
	</object>
	<object>
		<name>sp16</name>
		<pose>Unspecified</pose>
		<truncated>0</truncated>
		<difficult>0</difficult>
		<bndbox>
			<xmin>1167</xmin>
			<ymin>2138</ymin>
			<xmax>1255</xmax>
			<ymax>2272</ymax>
		</bndbox>
	</object>
	<object>
		<name>sp16</name>
		<pose>Unspecified</pose>
		<truncated>0</truncated>
		<difficult>0</difficult>
		<bndbox>
			<xmin>1319</xmin>
			<ymin>1921</ymin>
			<xmax>1420</xmax>
			<ymax>2068</ymax>
		</bndbox>
	</object>
	<object>
		<name>sp16</name>
		<pose>Unspecified</pose>
		<truncated>0</truncated>
		<difficult>0</difficult>
		<bndbox>
			<xmin>1306</xmin>
			<ymin>2217</ymin>
			<xmax>1420</xmax>
			<ymax>2298</ymax>
		</bndbox>
	</object>
	<object>
		<name>sp16</name>
		<pose>Unspecified</pose>
		<truncated>0</truncated>
		<difficult>0</difficult>
		<bndbox>
			<xmin>1424</xmin>
			<ymin>2217</ymin>
			<xmax>1505</xmax>
			<ymax>2371</ymax>
		</bndbox>
	</object>
	<object>
		<name>sp16</name>
		<pose>Unspecified</pose>
		<truncated>0</truncated>
		<difficult>0</difficult>
		<bndbox>
			<xmin>1437</xmin>
			<ymin>2046</ymin>
			<xmax>1551</xmax>
			<ymax>2153</ymax>
		</bndbox>
	</object>
	<object>
		<name>sp16</name>
		<pose>Unspecified</pose>
		<truncated>0</truncated>
		<difficult>0</difficult>
		<bndbox>
			<xmin>1490</xmin>
			<ymin>1901</ymin>
			<xmax>1617</xmax>
			<ymax>2002</ymax>
		</bndbox>
	</object>
	<object>
		<name>sp16</name>
		<pose>Unspecified</pose>
		<truncated>0</truncated>
		<difficult>0</difficult>
		<bndbox>
			<xmin>1543</xmin>
			<ymin>1736</ymin>
			<xmax>1624</xmax>
			<ymax>1844</ymax>
		</bndbox>
	</object>
	<object>
		<name>sp16</name>
		<pose>Unspecified</pose>
		<truncated>0</truncated>
		<difficult>0</difficult>
		<bndbox>
			<xmin>1339</xmin>
			<ymin>1605</ymin>
			<xmax>1446</xmax>
			<ymax>1719</ymax>
		</bndbox>
	</object>
	<object>
		<name>sp16</name>
		<pose>Unspecified</pose>
		<truncated>0</truncated>
		<difficult>0</difficult>
		<bndbox>
			<xmin>1734</xmin>
			<ymin>1361</ymin>
			<xmax>1828</xmax>
			<ymax>1430</ymax>
		</bndbox>
	</object>
	<object>
		<name>sp16</name>
		<pose>Unspecified</pose>
		<truncated>0</truncated>
		<difficult>0</difficult>
		<bndbox>
			<xmin>1734</xmin>
			<ymin>1262</ymin>
			<xmax>1823</xmax>
			<ymax>1357</ymax>
		</bndbox>
	</object>
	<object>
		<name>sp16</name>
		<pose>Unspecified</pose>
		<truncated>0</truncated>
		<difficult>0</difficult>
		<bndbox>
			<xmin>1655</xmin>
			<ymin>881</ymin>
			<xmax>1736</xmax>
			<ymax>968</ymax>
		</bndbox>
	</object>
	<object>
		<name>sp16</name>
		<pose>Unspecified</pose>
		<truncated>0</truncated>
		<difficult>0</difficult>
		<bndbox>
			<xmin>1687</xmin>
			<ymin>718</ymin>
			<xmax>1754</xmax>
			<ymax>799</ymax>
		</bndbox>
	</object>
	<object>
		<name>sp16</name>
		<pose>Unspecified</pose>
		<truncated>0</truncated>
		<difficult>0</difficult>
		<bndbox>
			<xmin>1721</xmin>
			<ymin>596</ymin>
			<xmax>1777</xmax>
			<ymax>671</ymax>
		</bndbox>
	</object>
	<object>
		<name>sp16</name>
		<pose>Unspecified</pose>
		<truncated>0</truncated>
		<difficult>0</difficult>
		<bndbox>
			<xmin>1878</xmin>
			<ymin>796</ymin>
			<xmax>1949</xmax>
			<ymax>871</ymax>
		</bndbox>
	</object>
	<object>
		<name>sp16</name>
		<pose>Unspecified</pose>
		<truncated>0</truncated>
		<difficult>0</difficult>
		<bndbox>
			<xmin>2080</xmin>
			<ymin>761</ymin>
			<xmax>2151</xmax>
			<ymax>842</ymax>
		</bndbox>
	</object>
	<object>
		<name>sp16</name>
		<pose>Unspecified</pose>
		<truncated>0</truncated>
		<difficult>0</difficult>
		<bndbox>
			<xmin>2156</xmin>
			<ymin>1051</ymin>
			<xmax>2243</xmax>
			<ymax>1145</ymax>
		</bndbox>
	</object>
	<object>
		<name>sp16</name>
		<pose>Unspecified</pose>
		<truncated>0</truncated>
		<difficult>0</difficult>
		<bndbox>
			<xmin>2195</xmin>
			<ymin>1190</ymin>
			<xmax>2283</xmax>
			<ymax>1290</ymax>
		</bndbox>
	</object>
	<object>
		<name>sp16</name>
		<pose>Unspecified</pose>
		<truncated>0</truncated>
		<difficult>0</difficult>
		<bndbox>
			<xmin>2140</xmin>
			<ymin>811</ymin>
			<xmax>2200</xmax>
			<ymax>871</ymax>
		</bndbox>
	</object>
	<object>
		<name>sp16</name>
		<pose>Unspecified</pose>
		<truncated>0</truncated>
		<difficult>0</difficult>
		<bndbox>
			<xmin>2623</xmin>
			<ymin>1783</ymin>
			<xmax>2731</xmax>
			<ymax>1896</ymax>
		</bndbox>
	</object>
	<object>
		<name>sp16</name>
		<pose>Unspecified</pose>
		<truncated>0</truncated>
		<difficult>0</difficult>
		<bndbox>
			<xmin>2643</xmin>
			<ymin>1684</ymin>
			<xmax>2737</xmax>
			<ymax>1791</ymax>
		</bndbox>
	</object>
	<object>
		<name>sp16</name>
		<pose>Unspecified</pose>
		<truncated>0</truncated>
		<difficult>0</difficult>
		<bndbox>
			<xmin>2676</xmin>
			<ymin>1381</ymin>
			<xmax>2783</xmax>
			<ymax>1508</ymax>
		</bndbox>
	</object>
	<object>
		<name>sp16</name>
		<pose>Unspecified</pose>
		<truncated>0</truncated>
		<difficult>0</difficult>
		<bndbox>
			<xmin>2623</xmin>
			<ymin>1249</ymin>
			<xmax>2744</xmax>
			<ymax>1383</ymax>
		</bndbox>
	</object>
	<object>
		<name>sp16</name>
		<pose>Unspecified</pose>
		<truncated>0</truncated>
		<difficult>0</difficult>
		<bndbox>
			<xmin>2551</xmin>
			<ymin>1097</ymin>
			<xmax>2632</xmax>
			<ymax>1198</ymax>
		</bndbox>
	</object>
	<object>
		<name>sp16</name>
		<pose>Unspecified</pose>
		<truncated>0</truncated>
		<difficult>0</difficult>
		<bndbox>
			<xmin>2531</xmin>
			<ymin>939</ymin>
			<xmax>2605</xmax>
			<ymax>1040</ymax>
		</bndbox>
	</object>
	<object>
		<name>sp16</name>
		<pose>Unspecified</pose>
		<truncated>0</truncated>
		<difficult>0</difficult>
		<bndbox>
			<xmin>2462</xmin>
			<ymin>924</ymin>
			<xmax>2516</xmax>
			<ymax>967</ymax>
		</bndbox>
	</object>
	<object>
		<name>sp16</name>
		<pose>Unspecified</pose>
		<truncated>0</truncated>
		<difficult>0</difficult>
		<bndbox>
			<xmin>2281</xmin>
			<ymin>862</ymin>
			<xmax>2356</xmax>
			<ymax>941</ymax>
		</bndbox>
	</object>
</annotation>