<annotation>
	<folder>my-project-name</folder>
	<filename>sp16_img07.jpg</filename>
	<path>/my-project-name/sp16_img07.jpg</path>
	<source>
		<database>Unspecified</database>
	</source>
	<size>
		<width>2824</width>
		<height>2831</height>
		<depth>3</depth>
	</size>
	<object>
		<name>sp16</name>
		<pose>Unspecified</pose>
		<truncated>0</truncated>
		<difficult>0</difficult>
		<bndbox>
			<xmin>504</xmin>
			<ymin>690</ymin>
			<xmax>582</xmax>
			<ymax>778</ymax>
		</bndbox>
	</object>
	<object>
		<name>sp16</name>
		<pose>Unspecified</pose>
		<truncated>0</truncated>
		<difficult>0</difficult>
		<bndbox>
			<xmin>281</xmin>
			<ymin>1119</ymin>
			<xmax>353</xmax>
			<ymax>1188</ymax>
		</bndbox>
	</object>
	<object>
		<name>sp16</name>
		<pose>Unspecified</pose>
		<truncated>0</truncated>
		<difficult>0</difficult>
		<bndbox>
			<xmin>1456</xmin>
			<ymin>1219</ymin>
			<xmax>1534</xmax>
			<ymax>1285</ymax>
		</bndbox>
	</object>
	<object>
		<name>sp16</name>
		<pose>Unspecified</pose>
		<truncated>0</truncated>
		<difficult>0</difficult>
		<bndbox>
			<xmin>1469</xmin>
			<ymin>1465</ymin>
			<xmax>1535</xmax>
			<ymax>1518</ymax>
		</bndbox>
	</object>
	<object>
		<name>sp16</name>
		<pose>Unspecified</pose>
		<truncated>0</truncated>
		<difficult>0</difficult>
		<bndbox>
			<xmin>1175</xmin>
			<ymin>1477</ymin>
			<xmax>1257</xmax>
			<ymax>1540</ymax>
		</bndbox>
	</object>
	<object>
		<name>sp16</name>
		<pose>Unspecified</pose>
		<truncated>0</truncated>
		<difficult>0</difficult>
		<bndbox>
			<xmin>1152</xmin>
			<ymin>1548</ymin>
			<xmax>1215</xmax>
			<ymax>1607</ymax>
		</bndbox>
	</object>
	<object>
		<name>sp16</name>
		<pose>Unspecified</pose>
		<truncated>0</truncated>
		<difficult>0</difficult>
		<bndbox>
			<xmin>717</xmin>
			<ymin>1516</ymin>
			<xmax>799</xmax>
			<ymax>1585</ymax>
		</bndbox>
	</object>
	<object>
		<name>sp16</name>
		<pose>Unspecified</pose>
		<truncated>0</truncated>
		<difficult>0</difficult>
		<bndbox>
			<xmin>130</xmin>
			<ymin>1210</ymin>
			<xmax>176</xmax>
			<ymax>1259</ymax>
		</bndbox>
	</object>
	<object>
		<name>sp16</name>
		<pose>Unspecified</pose>
		<truncated>0</truncated>
		<difficult>0</difficult>
		<bndbox>
			<xmin>488</xmin>
			<ymin>1826</ymin>
			<xmax>563</xmax>
			<ymax>1911</ymax>
		</bndbox>
	</object>
	<object>
		<name>sp16</name>
		<pose>Unspecified</pose>
		<truncated>0</truncated>
		<difficult>0</difficult>
		<bndbox>
			<xmin>572</xmin>
			<ymin>2116</ymin>
			<xmax>653</xmax>
			<ymax>2188</ymax>
		</bndbox>
	</object>
	<object>
		<name>sp16</name>
		<pose>Unspecified</pose>
		<truncated>0</truncated>
		<difficult>0</difficult>
		<bndbox>
			<xmin>678</xmin>
			<ymin>2235</ymin>
			<xmax>766</xmax>
			<ymax>2314</ymax>
		</bndbox>
	</object>
	<object>
		<name>sp16</name>
		<pose>Unspecified</pose>
		<truncated>0</truncated>
		<difficult>0</difficult>
		<bndbox>
			<xmin>956</xmin>
			<ymin>2064</ymin>
			<xmax>1040</xmax>
			<ymax>2169</ymax>
		</bndbox>
	</object>
	<object>
		<name>sp16</name>
		<pose>Unspecified</pose>
		<truncated>0</truncated>
		<difficult>0</difficult>
		<bndbox>
			<xmin>1146</xmin>
			<ymin>1729</ymin>
			<xmax>1224</xmax>
			<ymax>1820</ymax>
		</bndbox>
	</object>
	<object>
		<name>sp16</name>
		<pose>Unspecified</pose>
		<truncated>0</truncated>
		<difficult>0</difficult>
		<bndbox>
			<xmin>1623</xmin>
			<ymin>1681</ymin>
			<xmax>1711</xmax>
			<ymax>1746</ymax>
		</bndbox>
	</object>
	<object>
		<name>sp16</name>
		<pose>Unspecified</pose>
		<truncated>0</truncated>
		<difficult>0</difficult>
		<bndbox>
			<xmin>1852</xmin>
			<ymin>1813</ymin>
			<xmax>1928</xmax>
			<ymax>1895</ymax>
		</bndbox>
	</object>
	<object>
		<name>sp16</name>
		<pose>Unspecified</pose>
		<truncated>0</truncated>
		<difficult>0</difficult>
		<bndbox>
			<xmin>2056</xmin>
			<ymin>1945</ymin>
			<xmax>2147</xmax>
			<ymax>2004</ymax>
		</bndbox>
	</object>
	<object>
		<name>sp16</name>
		<pose>Unspecified</pose>
		<truncated>0</truncated>
		<difficult>0</difficult>
		<bndbox>
			<xmin>1927</xmin>
			<ymin>2064</ymin>
			<xmax>2005</xmax>
			<ymax>2143</ymax>
		</bndbox>
	</object>
	<object>
		<name>sp16</name>
		<pose>Unspecified</pose>
		<truncated>0</truncated>
		<difficult>0</difficult>
		<bndbox>
			<xmin>1436</xmin>
			<ymin>2429</ymin>
			<xmax>1521</xmax>
			<ymax>2514</ymax>
		</bndbox>
	</object>
</annotation>