<annotation>
	<folder>my-project-name</folder>
	<filename>sp16_img08.jpg</filename>
	<path>/my-project-name/sp16_img08.jpg</path>
	<source>
		<database>Unspecified</database>
	</source>
	<size>
		<width>2894</width>
		<height>2900</height>
		<depth>3</depth>
	</size>
	<object>
		<name>sp16</name>
		<pose>Unspecified</pose>
		<truncated>0</truncated>
		<difficult>0</difficult>
		<bndbox>
			<xmin>965</xmin>
			<ymin>192</ymin>
			<xmax>1041</xmax>
			<ymax>258</ymax>
		</bndbox>
	</object>
	<object>
		<name>sp16</name>
		<pose>Unspecified</pose>
		<truncated>0</truncated>
		<difficult>0</difficult>
		<bndbox>
			<xmin>1079</xmin>
			<ymin>142</ymin>
			<xmax>1140</xmax>
			<ymax>213</ymax>
		</bndbox>
	</object>
	<object>
		<name>sp16</name>
		<pose>Unspecified</pose>
		<truncated>0</truncated>
		<difficult>0</difficult>
		<bndbox>
			<xmin>1701</xmin>
			<ymin>132</ymin>
			<xmax>1782</xmax>
			<ymax>208</ymax>
		</bndbox>
	</object>
	<object>
		<name>sp16</name>
		<pose>Unspecified</pose>
		<truncated>0</truncated>
		<difficult>0</difficult>
		<bndbox>
			<xmin>1657</xmin>
			<ymin>335</ymin>
			<xmax>1748</xmax>
			<ymax>431</ymax>
		</bndbox>
	</object>
	<object>
		<name>sp16</name>
		<pose>Unspecified</pose>
		<truncated>0</truncated>
		<difficult>0</difficult>
		<bndbox>
			<xmin>1237</xmin>
			<ymin>597</ymin>
			<xmax>1348</xmax>
			<ymax>702</ymax>
		</bndbox>
	</object>
	<object>
		<name>sp16</name>
		<pose>Unspecified</pose>
		<truncated>0</truncated>
		<difficult>0</difficult>
		<bndbox>
			<xmin>847</xmin>
			<ymin>1140</ymin>
			<xmax>942</xmax>
			<ymax>1206</ymax>
		</bndbox>
	</object>
	<object>
		<name>sp16</name>
		<pose>Unspecified</pose>
		<truncated>0</truncated>
		<difficult>0</difficult>
		<bndbox>
			<xmin>1746</xmin>
			<ymin>952</ymin>
			<xmax>1827</xmax>
			<ymax>1063</ymax>
		</bndbox>
	</object>
	<object>
		<name>sp16</name>
		<pose>Unspecified</pose>
		<truncated>0</truncated>
		<difficult>0</difficult>
		<bndbox>
			<xmin>2230</xmin>
			<ymin>933</ymin>
			<xmax>2375</xmax>
			<ymax>1068</ymax>
		</bndbox>
	</object>
	<object>
		<name>sp16</name>
		<pose>Unspecified</pose>
		<truncated>0</truncated>
		<difficult>0</difficult>
		<bndbox>
			<xmin>2408</xmin>
			<ymin>1170</ymin>
			<xmax>2519</xmax>
			<ymax>1285</ymax>
		</bndbox>
	</object>
	<object>
		<name>sp16</name>
		<pose>Unspecified</pose>
		<truncated>0</truncated>
		<difficult>0</difficult>
		<bndbox>
			<xmin>1617</xmin>
			<ymin>1407</ymin>
			<xmax>1708</xmax>
			<ymax>1478</ymax>
		</bndbox>
	</object>
	<object>
		<name>sp16</name>
		<pose>Unspecified</pose>
		<truncated>0</truncated>
		<difficult>0</difficult>
		<bndbox>
			<xmin>1064</xmin>
			<ymin>1343</ymin>
			<xmax>1145</xmax>
			<ymax>1444</ymax>
		</bndbox>
	</object>
	<object>
		<name>sp16</name>
		<pose>Unspecified</pose>
		<truncated>0</truncated>
		<difficult>0</difficult>
		<bndbox>
			<xmin>916</xmin>
			<ymin>1600</ymin>
			<xmax>1007</xmax>
			<ymax>1691</ymax>
		</bndbox>
	</object>
	<object>
		<name>sp16</name>
		<pose>Unspecified</pose>
		<truncated>0</truncated>
		<difficult>0</difficult>
		<bndbox>
			<xmin>194</xmin>
			<ymin>1358</ymin>
			<xmax>345</xmax>
			<ymax>1449</ymax>
		</bndbox>
	</object>
	<object>
		<name>sp16</name>
		<pose>Unspecified</pose>
		<truncated>0</truncated>
		<difficult>0</difficult>
		<bndbox>
			<xmin>1094</xmin>
			<ymin>1768</ymin>
			<xmax>1199</xmax>
			<ymax>1883</ymax>
		</bndbox>
	</object>
	<object>
		<name>sp16</name>
		<pose>Unspecified</pose>
		<truncated>0</truncated>
		<difficult>0</difficult>
		<bndbox>
			<xmin>1850</xmin>
			<ymin>1704</ymin>
			<xmax>1960</xmax>
			<ymax>1834</ymax>
		</bndbox>
	</object>
	<object>
		<name>sp16</name>
		<pose>Unspecified</pose>
		<truncated>0</truncated>
		<difficult>0</difficult>
		<bndbox>
			<xmin>348</xmin>
			<ymin>1694</ymin>
			<xmax>433</xmax>
			<ymax>1785</ymax>
		</bndbox>
	</object>
	<object>
		<name>sp16</name>
		<pose>Unspecified</pose>
		<truncated>0</truncated>
		<difficult>0</difficult>
		<bndbox>
			<xmin>545</xmin>
			<ymin>1768</ymin>
			<xmax>631</xmax>
			<ymax>1869</ymax>
		</bndbox>
	</object>
	<object>
		<name>sp16</name>
		<pose>Unspecified</pose>
		<truncated>0</truncated>
		<difficult>0</difficult>
		<bndbox>
			<xmin>333</xmin>
			<ymin>1807</ymin>
			<xmax>414</xmax>
			<ymax>1869</ymax>
		</bndbox>
	</object>
	<object>
		<name>sp16</name>
		<pose>Unspecified</pose>
		<truncated>0</truncated>
		<difficult>0</difficult>
		<bndbox>
			<xmin>432</xmin>
			<ymin>1956</ymin>
			<xmax>527</xmax>
			<ymax>2007</ymax>
		</bndbox>
	</object>
	<object>
		<name>sp16</name>
		<pose>Unspecified</pose>
		<truncated>0</truncated>
		<difficult>0</difficult>
		<bndbox>
			<xmin>432</xmin>
			<ymin>1812</ymin>
			<xmax>488</xmax>
			<ymax>1873</ymax>
		</bndbox>
	</object>
	<object>
		<name>sp16</name>
		<pose>Unspecified</pose>
		<truncated>0</truncated>
		<difficult>0</difficult>
		<bndbox>
			<xmin>491</xmin>
			<ymin>1788</ymin>
			<xmax>527</xmax>
			<ymax>1849</ymax>
		</bndbox>
	</object>
	<object>
		<name>sp16</name>
		<pose>Unspecified</pose>
		<truncated>0</truncated>
		<difficult>0</difficult>
		<bndbox>
			<xmin>664</xmin>
			<ymin>1931</ymin>
			<xmax>750</xmax>
			<ymax>2017</ymax>
		</bndbox>
	</object>
	<object>
		<name>sp16</name>
		<pose>Unspecified</pose>
		<truncated>0</truncated>
		<difficult>0</difficult>
		<bndbox>
			<xmin>441</xmin>
			<ymin>2005</ymin>
			<xmax>513</xmax>
			<ymax>2076</ymax>
		</bndbox>
	</object>
	<object>
		<name>sp16</name>
		<pose>Unspecified</pose>
		<truncated>0</truncated>
		<difficult>0</difficult>
		<bndbox>
			<xmin>698</xmin>
			<ymin>2094</ymin>
			<xmax>750</xmax>
			<ymax>2145</ymax>
		</bndbox>
	</object>
	<object>
		<name>sp16</name>
		<pose>Unspecified</pose>
		<truncated>0</truncated>
		<difficult>0</difficult>
		<bndbox>
			<xmin>560</xmin>
			<ymin>2163</ymin>
			<xmax>626</xmax>
			<ymax>2254</ymax>
		</bndbox>
	</object>
	<object>
		<name>sp16</name>
		<pose>Unspecified</pose>
		<truncated>0</truncated>
		<difficult>0</difficult>
		<bndbox>
			<xmin>733</xmin>
			<ymin>2232</ymin>
			<xmax>819</xmax>
			<ymax>2328</ymax>
		</bndbox>
	</object>
	<object>
		<name>sp16</name>
		<pose>Unspecified</pose>
		<truncated>0</truncated>
		<difficult>0</difficult>
		<bndbox>
			<xmin>945</xmin>
			<ymin>2198</ymin>
			<xmax>1026</xmax>
			<ymax>2279</ymax>
		</bndbox>
	</object>
	<object>
		<name>sp16</name>
		<pose>Unspecified</pose>
		<truncated>0</truncated>
		<difficult>0</difficult>
		<bndbox>
			<xmin>1311</xmin>
			<ymin>2420</ymin>
			<xmax>1382</xmax>
			<ymax>2496</ymax>
		</bndbox>
	</object>
	<object>
		<name>sp16</name>
		<pose>Unspecified</pose>
		<truncated>0</truncated>
		<difficult>0</difficult>
		<bndbox>
			<xmin>1514</xmin>
			<ymin>2331</ymin>
			<xmax>1590</xmax>
			<ymax>2397</ymax>
		</bndbox>
	</object>
	<object>
		<name>sp16</name>
		<pose>Unspecified</pose>
		<truncated>0</truncated>
		<difficult>0</difficult>
		<bndbox>
			<xmin>1583</xmin>
			<ymin>2341</ymin>
			<xmax>1669</xmax>
			<ymax>2417</ymax>
		</bndbox>
	</object>
	<object>
		<name>sp16</name>
		<pose>Unspecified</pose>
		<truncated>0</truncated>
		<difficult>0</difficult>
		<bndbox>
			<xmin>1558</xmin>
			<ymin>2578</ymin>
			<xmax>1634</xmax>
			<ymax>2689</ymax>
		</bndbox>
	</object>
	<object>
		<name>sp16</name>
		<pose>Unspecified</pose>
		<truncated>0</truncated>
		<difficult>0</difficult>
		<bndbox>
			<xmin>239</xmin>
			<ymin>797</ymin>
			<xmax>307</xmax>
			<ymax>880</ymax>
		</bndbox>
	</object>
</annotation>