<annotation>
	<folder>my-project-name</folder>
	<filename>sp16_img15.jpg</filename>
	<path>/my-project-name/sp16_img15.jpg</path>
	<source>
		<database>Unspecified</database>
	</source>
	<size>
		<width>2866</width>
		<height>2872</height>
		<depth>3</depth>
	</size>
	<object>
		<name>sp16</name>
		<pose>Unspecified</pose>
		<truncated>0</truncated>
		<difficult>0</difficult>
		<bndbox>
			<xmin>1617</xmin>
			<ymin>273</ymin>
			<xmax>1726</xmax>
			<ymax>396</ymax>
		</bndbox>
	</object>
	<object>
		<name>sp16</name>
		<pose>Unspecified</pose>
		<truncated>0</truncated>
		<difficult>0</difficult>
		<bndbox>
			<xmin>1913</xmin>
			<ymin>281</ymin>
			<xmax>1994</xmax>
			<ymax>369</ymax>
		</bndbox>
	</object>
	<object>
		<name>sp16</name>
		<pose>Unspecified</pose>
		<truncated>0</truncated>
		<difficult>0</difficult>
		<bndbox>
			<xmin>2113</xmin>
			<ymin>364</ymin>
			<xmax>2201</xmax>
			<ymax>449</ymax>
		</bndbox>
	</object>
	<object>
		<name>sp16</name>
		<pose>Unspecified</pose>
		<truncated>0</truncated>
		<difficult>0</difficult>
		<bndbox>
			<xmin>2124</xmin>
			<ymin>493</ymin>
			<xmax>2212</xmax>
			<ymax>588</ymax>
		</bndbox>
	</object>
	<object>
		<name>sp16</name>
		<pose>Unspecified</pose>
		<truncated>0</truncated>
		<difficult>0</difficult>
		<bndbox>
			<xmin>2284</xmin>
			<ymin>460</ymin>
			<xmax>2335</xmax>
			<ymax>546</ymax>
		</bndbox>
	</object>
	<object>
		<name>sp16</name>
		<pose>Unspecified</pose>
		<truncated>0</truncated>
		<difficult>0</difficult>
		<bndbox>
			<xmin>2362</xmin>
			<ymin>516</ymin>
			<xmax>2429</xmax>
			<ymax>594</ymax>
		</bndbox>
	</object>
	<object>
		<name>sp16</name>
		<pose>Unspecified</pose>
		<truncated>0</truncated>
		<difficult>0</difficult>
		<bndbox>
			<xmin>1092</xmin>
			<ymin>591</ymin>
			<xmax>1178</xmax>
			<ymax>676</ymax>
		</bndbox>
	</object>
	<object>
		<name>sp16</name>
		<pose>Unspecified</pose>
		<truncated>0</truncated>
		<difficult>0</difficult>
		<bndbox>
			<xmin>1056</xmin>
			<ymin>546</ymin>
			<xmax>1130</xmax>
			<ymax>618</ymax>
		</bndbox>
	</object>
	<object>
		<name>sp16</name>
		<pose>Unspecified</pose>
		<truncated>0</truncated>
		<difficult>0</difficult>
		<bndbox>
			<xmin>980</xmin>
			<ymin>597</ymin>
			<xmax>1085</xmax>
			<ymax>682</ymax>
		</bndbox>
	</object>
	<object>
		<name>sp16</name>
		<pose>Unspecified</pose>
		<truncated>0</truncated>
		<difficult>0</difficult>
		<bndbox>
			<xmin>861</xmin>
			<ymin>770</ymin>
			<xmax>975</xmax>
			<ymax>851</ymax>
		</bndbox>
	</object>
	<object>
		<name>sp16</name>
		<pose>Unspecified</pose>
		<truncated>0</truncated>
		<difficult>0</difficult>
		<bndbox>
			<xmin>1139</xmin>
			<ymin>828</ymin>
			<xmax>1235</xmax>
			<ymax>907</ymax>
		</bndbox>
	</object>
	<object>
		<name>sp16</name>
		<pose>Unspecified</pose>
		<truncated>0</truncated>
		<difficult>0</difficult>
		<bndbox>
			<xmin>1366</xmin>
			<ymin>696</ymin>
			<xmax>1440</xmax>
			<ymax>788</ymax>
		</bndbox>
	</object>
	<object>
		<name>sp16</name>
		<pose>Unspecified</pose>
		<truncated>0</truncated>
		<difficult>0</difficult>
		<bndbox>
			<xmin>1391</xmin>
			<ymin>806</ymin>
			<xmax>1462</xmax>
			<ymax>885</ymax>
		</bndbox>
	</object>
	<object>
		<name>sp16</name>
		<pose>Unspecified</pose>
		<truncated>0</truncated>
		<difficult>0</difficult>
		<bndbox>
			<xmin>1463</xmin>
			<ymin>793</ymin>
			<xmax>1523</xmax>
			<ymax>860</ymax>
		</bndbox>
	</object>
	<object>
		<name>sp16</name>
		<pose>Unspecified</pose>
		<truncated>0</truncated>
		<difficult>0</difficult>
		<bndbox>
			<xmin>1546</xmin>
			<ymin>818</ymin>
			<xmax>1618</xmax>
			<ymax>896</ymax>
		</bndbox>
	</object>
	<object>
		<name>sp16</name>
		<pose>Unspecified</pose>
		<truncated>0</truncated>
		<difficult>0</difficult>
		<bndbox>
			<xmin>1528</xmin>
			<ymin>875</ymin>
			<xmax>1600</xmax>
			<ymax>936</ymax>
		</bndbox>
	</object>
	<object>
		<name>sp16</name>
		<pose>Unspecified</pose>
		<truncated>0</truncated>
		<difficult>0</difficult>
		<bndbox>
			<xmin>1742</xmin>
			<ymin>953</ymin>
			<xmax>1828</xmax>
			<ymax>1036</ymax>
		</bndbox>
	</object>
	<object>
		<name>sp16</name>
		<pose>Unspecified</pose>
		<truncated>0</truncated>
		<difficult>0</difficult>
		<bndbox>
			<xmin>1822</xmin>
			<ymin>951</ymin>
			<xmax>1913</xmax>
			<ymax>1033</ymax>
		</bndbox>
	</object>
	<object>
		<name>sp16</name>
		<pose>Unspecified</pose>
		<truncated>0</truncated>
		<difficult>0</difficult>
		<bndbox>
			<xmin>1831</xmin>
			<ymin>1036</ymin>
			<xmax>1906</xmax>
			<ymax>1108</ymax>
		</bndbox>
	</object>
	<object>
		<name>sp16</name>
		<pose>Unspecified</pose>
		<truncated>0</truncated>
		<difficult>0</difficult>
		<bndbox>
			<xmin>1712</xmin>
			<ymin>1061</ymin>
			<xmax>1778</xmax>
			<ymax>1122</ymax>
		</bndbox>
	</object>
	<object>
		<name>sp16</name>
		<pose>Unspecified</pose>
		<truncated>0</truncated>
		<difficult>0</difficult>
		<bndbox>
			<xmin>1499</xmin>
			<ymin>950</ymin>
			<xmax>1587</xmax>
			<ymax>1017</ymax>
		</bndbox>
	</object>
	<object>
		<name>sp16</name>
		<pose>Unspecified</pose>
		<truncated>0</truncated>
		<difficult>0</difficult>
		<bndbox>
			<xmin>1449</xmin>
			<ymin>948</ymin>
			<xmax>1524</xmax>
			<ymax>1014</ymax>
		</bndbox>
	</object>
	<object>
		<name>sp16</name>
		<pose>Unspecified</pose>
		<truncated>0</truncated>
		<difficult>0</difficult>
		<bndbox>
			<xmin>1448</xmin>
			<ymin>995</ymin>
			<xmax>1510</xmax>
			<ymax>1036</ymax>
		</bndbox>
	</object>
	<object>
		<name>sp16</name>
		<pose>Unspecified</pose>
		<truncated>0</truncated>
		<difficult>0</difficult>
		<bndbox>
			<xmin>1277</xmin>
			<ymin>890</ymin>
			<xmax>1357</xmax>
			<ymax>967</ymax>
		</bndbox>
	</object>
	<object>
		<name>sp16</name>
		<pose>Unspecified</pose>
		<truncated>0</truncated>
		<difficult>0</difficult>
		<bndbox>
			<xmin>1205</xmin>
			<ymin>896</ymin>
			<xmax>1288</xmax>
			<ymax>965</ymax>
		</bndbox>
	</object>
	<object>
		<name>sp16</name>
		<pose>Unspecified</pose>
		<truncated>0</truncated>
		<difficult>0</difficult>
		<bndbox>
			<xmin>1074</xmin>
			<ymin>937</ymin>
			<xmax>1150</xmax>
			<ymax>1014</ymax>
		</bndbox>
	</object>
	<object>
		<name>sp16</name>
		<pose>Unspecified</pose>
		<truncated>0</truncated>
		<difficult>0</difficult>
		<bndbox>
			<xmin>951</xmin>
			<ymin>920</ymin>
			<xmax>1033</xmax>
			<ymax>967</ymax>
		</bndbox>
	</object>
	<object>
		<name>sp16</name>
		<pose>Unspecified</pose>
		<truncated>0</truncated>
		<difficult>0</difficult>
		<bndbox>
			<xmin>934</xmin>
			<ymin>976</ymin>
			<xmax>1017</xmax>
			<ymax>1044</ymax>
		</bndbox>
	</object>
	<object>
		<name>sp16</name>
		<pose>Unspecified</pose>
		<truncated>0</truncated>
		<difficult>0</difficult>
		<bndbox>
			<xmin>1133</xmin>
			<ymin>1015</ymin>
			<xmax>1196</xmax>
			<ymax>1091</ymax>
		</bndbox>
	</object>
	<object>
		<name>sp16</name>
		<pose>Unspecified</pose>
		<truncated>0</truncated>
		<difficult>0</difficult>
		<bndbox>
			<xmin>1230</xmin>
			<ymin>1009</ymin>
			<xmax>1302</xmax>
			<ymax>1089</ymax>
		</bndbox>
	</object>
	<object>
		<name>sp16</name>
		<pose>Unspecified</pose>
		<truncated>0</truncated>
		<difficult>0</difficult>
		<bndbox>
			<xmin>1282</xmin>
			<ymin>957</ymin>
			<xmax>1335</xmax>
			<ymax>1009</ymax>
		</bndbox>
	</object>
	<object>
		<name>sp16</name>
		<pose>Unspecified</pose>
		<truncated>0</truncated>
		<difficult>0</difficult>
		<bndbox>
			<xmin>1335</xmin>
			<ymin>961</ymin>
			<xmax>1401</xmax>
			<ymax>1031</ymax>
		</bndbox>
	</object>
	<object>
		<name>sp16</name>
		<pose>Unspecified</pose>
		<truncated>0</truncated>
		<difficult>0</difficult>
		<bndbox>
			<xmin>1299</xmin>
			<ymin>998</ymin>
			<xmax>1371</xmax>
			<ymax>1073</ymax>
		</bndbox>
	</object>
	<object>
		<name>sp16</name>
		<pose>Unspecified</pose>
		<truncated>0</truncated>
		<difficult>0</difficult>
		<bndbox>
			<xmin>1440</xmin>
			<ymin>1036</ymin>
			<xmax>1484</xmax>
			<ymax>1080</ymax>
		</bndbox>
	</object>
	<object>
		<name>sp16</name>
		<pose>Unspecified</pose>
		<truncated>0</truncated>
		<difficult>0</difficult>
		<bndbox>
			<xmin>2532</xmin>
			<ymin>779</ymin>
			<xmax>2601</xmax>
			<ymax>837</ymax>
		</bndbox>
	</object>
	<object>
		<name>sp16</name>
		<pose>Unspecified</pose>
		<truncated>0</truncated>
		<difficult>0</difficult>
		<bndbox>
			<xmin>2506</xmin>
			<ymin>837</ymin>
			<xmax>2575</xmax>
			<ymax>911</ymax>
		</bndbox>
	</object>
	<object>
		<name>sp16</name>
		<pose>Unspecified</pose>
		<truncated>0</truncated>
		<difficult>0</difficult>
		<bndbox>
			<xmin>2581</xmin>
			<ymin>895</ymin>
			<xmax>2619</xmax>
			<ymax>929</ymax>
		</bndbox>
	</object>
	<object>
		<name>sp16</name>
		<pose>Unspecified</pose>
		<truncated>0</truncated>
		<difficult>0</difficult>
		<bndbox>
			<xmin>2529</xmin>
			<ymin>893</ymin>
			<xmax>2612</xmax>
			<ymax>976</ymax>
		</bndbox>
	</object>
	<object>
		<name>sp16</name>
		<pose>Unspecified</pose>
		<truncated>0</truncated>
		<difficult>0</difficult>
		<bndbox>
			<xmin>2583</xmin>
			<ymin>948</ymin>
			<xmax>2655</xmax>
			<ymax>1014</ymax>
		</bndbox>
	</object>
	<object>
		<name>sp16</name>
		<pose>Unspecified</pose>
		<truncated>0</truncated>
		<difficult>0</difficult>
		<bndbox>
			<xmin>2579</xmin>
			<ymin>1006</ymin>
			<xmax>2670</xmax>
			<ymax>1081</ymax>
		</bndbox>
	</object>
	<object>
		<name>sp16</name>
		<pose>Unspecified</pose>
		<truncated>0</truncated>
		<difficult>0</difficult>
		<bndbox>
			<xmin>2576</xmin>
			<ymin>1092</ymin>
			<xmax>2647</xmax>
			<ymax>1167</ymax>
		</bndbox>
	</object>
	<object>
		<name>sp16</name>
		<pose>Unspecified</pose>
		<truncated>0</truncated>
		<difficult>0</difficult>
		<bndbox>
			<xmin>2633</xmin>
			<ymin>1125</ymin>
			<xmax>2708</xmax>
			<ymax>1197</ymax>
		</bndbox>
	</object>
	<object>
		<name>sp16</name>
		<pose>Unspecified</pose>
		<truncated>0</truncated>
		<difficult>0</difficult>
		<bndbox>
			<xmin>2606</xmin>
			<ymin>1173</ymin>
			<xmax>2706</xmax>
			<ymax>1264</ymax>
		</bndbox>
	</object>
	<object>
		<name>sp16</name>
		<pose>Unspecified</pose>
		<truncated>0</truncated>
		<difficult>0</difficult>
		<bndbox>
			<xmin>2637</xmin>
			<ymin>1261</ymin>
			<xmax>2703</xmax>
			<ymax>1338</ymax>
		</bndbox>
	</object>
	<object>
		<name>sp16</name>
		<pose>Unspecified</pose>
		<truncated>0</truncated>
		<difficult>0</difficult>
		<bndbox>
			<xmin>2642</xmin>
			<ymin>1327</ymin>
			<xmax>2687</xmax>
			<ymax>1363</ymax>
		</bndbox>
	</object>
	<object>
		<name>sp16</name>
		<pose>Unspecified</pose>
		<truncated>0</truncated>
		<difficult>0</difficult>
		<bndbox>
			<xmin>2656</xmin>
			<ymin>1333</ymin>
			<xmax>2723</xmax>
			<ymax>1393</ymax>
		</bndbox>
	</object>
	<object>
		<name>sp16</name>
		<pose>Unspecified</pose>
		<truncated>0</truncated>
		<difficult>0</difficult>
		<bndbox>
			<xmin>2659</xmin>
			<ymin>1383</ymin>
			<xmax>2752</xmax>
			<ymax>1458</ymax>
		</bndbox>
	</object>
	<object>
		<name>sp16</name>
		<pose>Unspecified</pose>
		<truncated>0</truncated>
		<difficult>0</difficult>
		<bndbox>
			<xmin>2528</xmin>
			<ymin>1321</ymin>
			<xmax>2575</xmax>
			<ymax>1361</ymax>
		</bndbox>
	</object>
	<object>
		<name>sp16</name>
		<pose>Unspecified</pose>
		<truncated>0</truncated>
		<difficult>0</difficult>
		<bndbox>
			<xmin>2332</xmin>
			<ymin>1114</ymin>
			<xmax>2409</xmax>
			<ymax>1199</ymax>
		</bndbox>
	</object>
	<object>
		<name>sp16</name>
		<pose>Unspecified</pose>
		<truncated>0</truncated>
		<difficult>0</difficult>
		<bndbox>
			<xmin>2406</xmin>
			<ymin>1131</ymin>
			<xmax>2451</xmax>
			<ymax>1192</ymax>
		</bndbox>
	</object>
	<object>
		<name>sp16</name>
		<pose>Unspecified</pose>
		<truncated>0</truncated>
		<difficult>0</difficult>
		<bndbox>
			<xmin>2388</xmin>
			<ymin>1214</ymin>
			<xmax>2475</xmax>
			<ymax>1318</ymax>
		</bndbox>
	</object>
	<object>
		<name>sp16</name>
		<pose>Unspecified</pose>
		<truncated>0</truncated>
		<difficult>0</difficult>
		<bndbox>
			<xmin>2418</xmin>
			<ymin>1285</ymin>
			<xmax>2514</xmax>
			<ymax>1364</ymax>
		</bndbox>
	</object>
	<object>
		<name>sp16</name>
		<pose>Unspecified</pose>
		<truncated>0</truncated>
		<difficult>0</difficult>
		<bndbox>
			<xmin>2490</xmin>
			<ymin>1382</ymin>
			<xmax>2559</xmax>
			<ymax>1465</ymax>
		</bndbox>
	</object>
	<object>
		<name>sp16</name>
		<pose>Unspecified</pose>
		<truncated>0</truncated>
		<difficult>0</difficult>
		<bndbox>
			<xmin>2540</xmin>
			<ymin>1433</ymin>
			<xmax>2587</xmax>
			<ymax>1504</ymax>
		</bndbox>
	</object>
	<object>
		<name>sp16</name>
		<pose>Unspecified</pose>
		<truncated>0</truncated>
		<difficult>0</difficult>
		<bndbox>
			<xmin>2553</xmin>
			<ymin>1474</ymin>
			<xmax>2623</xmax>
			<ymax>1521</ymax>
		</bndbox>
	</object>
	<object>
		<name>sp16</name>
		<pose>Unspecified</pose>
		<truncated>0</truncated>
		<difficult>0</difficult>
		<bndbox>
			<xmin>2559</xmin>
			<ymin>1532</ymin>
			<xmax>2617</xmax>
			<ymax>1598</ymax>
		</bndbox>
	</object>
	<object>
		<name>sp16</name>
		<pose>Unspecified</pose>
		<truncated>0</truncated>
		<difficult>0</difficult>
		<bndbox>
			<xmin>2655</xmin>
			<ymin>1534</ymin>
			<xmax>2736</xmax>
			<ymax>1596</ymax>
		</bndbox>
	</object>
	<object>
		<name>sp16</name>
		<pose>Unspecified</pose>
		<truncated>0</truncated>
		<difficult>0</difficult>
		<bndbox>
			<xmin>2634</xmin>
			<ymin>1609</ymin>
			<xmax>2700</xmax>
			<ymax>1665</ymax>
		</bndbox>
	</object>
	<object>
		<name>sp16</name>
		<pose>Unspecified</pose>
		<truncated>0</truncated>
		<difficult>0</difficult>
		<bndbox>
			<xmin>2528</xmin>
			<ymin>1598</ymin>
			<xmax>2597</xmax>
			<ymax>1648</ymax>
		</bndbox>
	</object>
	<object>
		<name>sp16</name>
		<pose>Unspecified</pose>
		<truncated>0</truncated>
		<difficult>0</difficult>
		<bndbox>
			<xmin>2504</xmin>
			<ymin>1631</ymin>
			<xmax>2572</xmax>
			<ymax>1679</ymax>
		</bndbox>
	</object>
	<object>
		<name>sp16</name>
		<pose>Unspecified</pose>
		<truncated>0</truncated>
		<difficult>0</difficult>
		<bndbox>
			<xmin>2243</xmin>
			<ymin>1307</ymin>
			<xmax>2313</xmax>
			<ymax>1371</ymax>
		</bndbox>
	</object>
	<object>
		<name>sp16</name>
		<pose>Unspecified</pose>
		<truncated>0</truncated>
		<difficult>0</difficult>
		<bndbox>
			<xmin>1944</xmin>
			<ymin>1117</ymin>
			<xmax>2032</xmax>
			<ymax>1186</ymax>
		</bndbox>
	</object>
	<object>
		<name>sp16</name>
		<pose>Unspecified</pose>
		<truncated>0</truncated>
		<difficult>0</difficult>
		<bndbox>
			<xmin>1949</xmin>
			<ymin>1288</ymin>
			<xmax>2030</xmax>
			<ymax>1355</ymax>
		</bndbox>
	</object>
	<object>
		<name>sp16</name>
		<pose>Unspecified</pose>
		<truncated>0</truncated>
		<difficult>0</difficult>
		<bndbox>
			<xmin>1967</xmin>
			<ymin>1339</ymin>
			<xmax>2052</xmax>
			<ymax>1407</ymax>
		</bndbox>
	</object>
	<object>
		<name>sp16</name>
		<pose>Unspecified</pose>
		<truncated>0</truncated>
		<difficult>0</difficult>
		<bndbox>
			<xmin>1914</xmin>
			<ymin>1526</ymin>
			<xmax>2002</xmax>
			<ymax>1602</ymax>
		</bndbox>
	</object>
	<object>
		<name>sp16</name>
		<pose>Unspecified</pose>
		<truncated>0</truncated>
		<difficult>0</difficult>
		<bndbox>
			<xmin>1780</xmin>
			<ymin>1161</ymin>
			<xmax>1830</xmax>
			<ymax>1222</ymax>
		</bndbox>
	</object>
	<object>
		<name>sp16</name>
		<pose>Unspecified</pose>
		<truncated>0</truncated>
		<difficult>0</difficult>
		<bndbox>
			<xmin>1780</xmin>
			<ymin>1206</ymin>
			<xmax>1831</xmax>
			<ymax>1269</ymax>
		</bndbox>
	</object>
	<object>
		<name>sp16</name>
		<pose>Unspecified</pose>
		<truncated>0</truncated>
		<difficult>0</difficult>
		<bndbox>
			<xmin>1820</xmin>
			<ymin>1186</ymin>
			<xmax>1862</xmax>
			<ymax>1206</ymax>
		</bndbox>
	</object>
	<object>
		<name>sp16</name>
		<pose>Unspecified</pose>
		<truncated>0</truncated>
		<difficult>0</difficult>
		<bndbox>
			<xmin>1830</xmin>
			<ymin>1189</ymin>
			<xmax>1903</xmax>
			<ymax>1269</ymax>
		</bndbox>
	</object>
	<object>
		<name>sp16</name>
		<pose>Unspecified</pose>
		<truncated>0</truncated>
		<difficult>0</difficult>
		<bndbox>
			<xmin>1800</xmin>
			<ymin>1297</ymin>
			<xmax>1883</xmax>
			<ymax>1361</ymax>
		</bndbox>
	</object>
	<object>
		<name>sp16</name>
		<pose>Unspecified</pose>
		<truncated>0</truncated>
		<difficult>0</difficult>
		<bndbox>
			<xmin>2529</xmin>
			<ymin>1686</ymin>
			<xmax>2600</xmax>
			<ymax>1754</ymax>
		</bndbox>
	</object>
	<object>
		<name>sp16</name>
		<pose>Unspecified</pose>
		<truncated>0</truncated>
		<difficult>0</difficult>
		<bndbox>
			<xmin>2639</xmin>
			<ymin>1655</ymin>
			<xmax>2696</xmax>
			<ymax>1729</ymax>
		</bndbox>
	</object>
	<object>
		<name>sp16</name>
		<pose>Unspecified</pose>
		<truncated>0</truncated>
		<difficult>0</difficult>
		<bndbox>
			<xmin>2630</xmin>
			<ymin>1710</ymin>
			<xmax>2673</xmax>
			<ymax>1753</ymax>
		</bndbox>
	</object>
	<object>
		<name>sp16</name>
		<pose>Unspecified</pose>
		<truncated>0</truncated>
		<difficult>0</difficult>
		<bndbox>
			<xmin>2502</xmin>
			<ymin>1749</ymin>
			<xmax>2569</xmax>
			<ymax>1814</ymax>
		</bndbox>
	</object>
	<object>
		<name>sp16</name>
		<pose>Unspecified</pose>
		<truncated>0</truncated>
		<difficult>0</difficult>
		<bndbox>
			<xmin>2622</xmin>
			<ymin>1864</ymin>
			<xmax>2679</xmax>
			<ymax>1916</ymax>
		</bndbox>
	</object>
	<object>
		<name>sp16</name>
		<pose>Unspecified</pose>
		<truncated>0</truncated>
		<difficult>0</difficult>
		<bndbox>
			<xmin>2587</xmin>
			<ymin>1887</ymin>
			<xmax>2645</xmax>
			<ymax>1962</ymax>
		</bndbox>
	</object>
	<object>
		<name>sp16</name>
		<pose>Unspecified</pose>
		<truncated>0</truncated>
		<difficult>0</difficult>
		<bndbox>
			<xmin>2592</xmin>
			<ymin>1962</ymin>
			<xmax>2637</xmax>
			<ymax>2006</ymax>
		</bndbox>
	</object>
	<object>
		<name>sp16</name>
		<pose>Unspecified</pose>
		<truncated>0</truncated>
		<difficult>0</difficult>
		<bndbox>
			<xmin>2410</xmin>
			<ymin>1898</ymin>
			<xmax>2496</xmax>
			<ymax>1984</ymax>
		</bndbox>
	</object>
	<object>
		<name>sp16</name>
		<pose>Unspecified</pose>
		<truncated>0</truncated>
		<difficult>0</difficult>
		<bndbox>
			<xmin>1891</xmin>
			<ymin>1896</ymin>
			<xmax>1983</xmax>
			<ymax>1985</ymax>
		</bndbox>
	</object>
	<object>
		<name>sp16</name>
		<pose>Unspecified</pose>
		<truncated>0</truncated>
		<difficult>0</difficult>
		<bndbox>
			<xmin>2347</xmin>
			<ymin>1985</ymin>
			<xmax>2406</xmax>
			<ymax>2065</ymax>
		</bndbox>
	</object>
	<object>
		<name>sp16</name>
		<pose>Unspecified</pose>
		<truncated>0</truncated>
		<difficult>0</difficult>
		<bndbox>
			<xmin>2394</xmin>
			<ymin>1990</ymin>
			<xmax>2463</xmax>
			<ymax>2082</ymax>
		</bndbox>
	</object>
	<object>
		<name>sp16</name>
		<pose>Unspecified</pose>
		<truncated>0</truncated>
		<difficult>0</difficult>
		<bndbox>
			<xmin>2483</xmin>
			<ymin>2091</ymin>
			<xmax>2565</xmax>
			<ymax>2176</ymax>
		</bndbox>
	</object>
	<object>
		<name>sp16</name>
		<pose>Unspecified</pose>
		<truncated>0</truncated>
		<difficult>0</difficult>
		<bndbox>
			<xmin>2278</xmin>
			<ymin>2123</ymin>
			<xmax>2356</xmax>
			<ymax>2194</ymax>
		</bndbox>
	</object>
	<object>
		<name>sp16</name>
		<pose>Unspecified</pose>
		<truncated>0</truncated>
		<difficult>0</difficult>
		<bndbox>
			<xmin>1808</xmin>
			<ymin>2147</ymin>
			<xmax>1910</xmax>
			<ymax>2226</ymax>
		</bndbox>
	</object>
	<object>
		<name>sp16</name>
		<pose>Unspecified</pose>
		<truncated>0</truncated>
		<difficult>0</difficult>
		<bndbox>
			<xmin>2255</xmin>
			<ymin>2207</ymin>
			<xmax>2332</xmax>
			<ymax>2285</ymax>
		</bndbox>
	</object>
	<object>
		<name>sp16</name>
		<pose>Unspecified</pose>
		<truncated>0</truncated>
		<difficult>0</difficult>
		<bndbox>
			<xmin>2322</xmin>
			<ymin>2210</ymin>
			<xmax>2402</xmax>
			<ymax>2292</ymax>
		</bndbox>
	</object>
	<object>
		<name>sp16</name>
		<pose>Unspecified</pose>
		<truncated>0</truncated>
		<difficult>0</difficult>
		<bndbox>
			<xmin>2368</xmin>
			<ymin>2258</ymin>
			<xmax>2424</xmax>
			<ymax>2306</ymax>
		</bndbox>
	</object>
	<object>
		<name>sp16</name>
		<pose>Unspecified</pose>
		<truncated>0</truncated>
		<difficult>0</difficult>
		<bndbox>
			<xmin>2368</xmin>
			<ymin>2300</ymin>
			<xmax>2407</xmax>
			<ymax>2345</ymax>
		</bndbox>
	</object>
	<object>
		<name>sp16</name>
		<pose>Unspecified</pose>
		<truncated>0</truncated>
		<difficult>0</difficult>
		<bndbox>
			<xmin>2322</xmin>
			<ymin>2328</ymin>
			<xmax>2384</xmax>
			<ymax>2380</ymax>
		</bndbox>
	</object>
	<object>
		<name>sp16</name>
		<pose>Unspecified</pose>
		<truncated>0</truncated>
		<difficult>0</difficult>
		<bndbox>
			<xmin>2259</xmin>
			<ymin>2300</ymin>
			<xmax>2315</xmax>
			<ymax>2360</ymax>
		</bndbox>
	</object>
	<object>
		<name>sp16</name>
		<pose>Unspecified</pose>
		<truncated>0</truncated>
		<difficult>0</difficult>
		<bndbox>
			<xmin>2128</xmin>
			<ymin>2237</ymin>
			<xmax>2212</xmax>
			<ymax>2292</ymax>
		</bndbox>
	</object>
	<object>
		<name>sp16</name>
		<pose>Unspecified</pose>
		<truncated>0</truncated>
		<difficult>0</difficult>
		<bndbox>
			<xmin>2105</xmin>
			<ymin>2267</ymin>
			<xmax>2170</xmax>
			<ymax>2327</ymax>
		</bndbox>
	</object>
	<object>
		<name>sp16</name>
		<pose>Unspecified</pose>
		<truncated>0</truncated>
		<difficult>0</difficult>
		<bndbox>
			<xmin>2032</xmin>
			<ymin>2255</ymin>
			<xmax>2119</xmax>
			<ymax>2327</ymax>
		</bndbox>
	</object>
	<object>
		<name>sp16</name>
		<pose>Unspecified</pose>
		<truncated>0</truncated>
		<difficult>0</difficult>
		<bndbox>
			<xmin>2030</xmin>
			<ymin>2307</ymin>
			<xmax>2107</xmax>
			<ymax>2371</ymax>
		</bndbox>
	</object>
	<object>
		<name>sp16</name>
		<pose>Unspecified</pose>
		<truncated>0</truncated>
		<difficult>0</difficult>
		<bndbox>
			<xmin>1732</xmin>
			<ymin>2341</ymin>
			<xmax>1811</xmax>
			<ymax>2417</ymax>
		</bndbox>
	</object>
	<object>
		<name>sp16</name>
		<pose>Unspecified</pose>
		<truncated>0</truncated>
		<difficult>0</difficult>
		<bndbox>
			<xmin>1824</xmin>
			<ymin>2310</ymin>
			<xmax>1897</xmax>
			<ymax>2376</ymax>
		</bndbox>
	</object>
	<object>
		<name>sp16</name>
		<pose>Unspecified</pose>
		<truncated>0</truncated>
		<difficult>0</difficult>
		<bndbox>
			<xmin>1858</xmin>
			<ymin>2358</ymin>
			<xmax>1936</xmax>
			<ymax>2421</ymax>
		</bndbox>
	</object>
	<object>
		<name>sp16</name>
		<pose>Unspecified</pose>
		<truncated>0</truncated>
		<difficult>0</difficult>
		<bndbox>
			<xmin>1823</xmin>
			<ymin>2392</ymin>
			<xmax>1893</xmax>
			<ymax>2447</ymax>
		</bndbox>
	</object>
	<object>
		<name>sp16</name>
		<pose>Unspecified</pose>
		<truncated>0</truncated>
		<difficult>0</difficult>
		<bndbox>
			<xmin>2129</xmin>
			<ymin>2388</ymin>
			<xmax>2200</xmax>
			<ymax>2477</ymax>
		</bndbox>
	</object>
	<object>
		<name>sp16</name>
		<pose>Unspecified</pose>
		<truncated>0</truncated>
		<difficult>0</difficult>
		<bndbox>
			<xmin>2094</xmin>
			<ymin>2429</ymin>
			<xmax>2158</xmax>
			<ymax>2500</ymax>
		</bndbox>
	</object>
	<object>
		<name>sp16</name>
		<pose>Unspecified</pose>
		<truncated>0</truncated>
		<difficult>0</difficult>
		<bndbox>
			<xmin>1866</xmin>
			<ymin>2465</ymin>
			<xmax>1936</xmax>
			<ymax>2530</ymax>
		</bndbox>
	</object>
	<object>
		<name>sp16</name>
		<pose>Unspecified</pose>
		<truncated>0</truncated>
		<difficult>0</difficult>
		<bndbox>
			<xmin>2029</xmin>
			<ymin>2555</ymin>
			<xmax>2089</xmax>
			<ymax>2615</ymax>
		</bndbox>
	</object>
	<object>
		<name>sp16</name>
		<pose>Unspecified</pose>
		<truncated>0</truncated>
		<difficult>0</difficult>
		<bndbox>
			<xmin>1797</xmin>
			<ymin>2580</ymin>
			<xmax>1880</xmax>
			<ymax>2670</ymax>
		</bndbox>
	</object>
	<object>
		<name>sp16</name>
		<pose>Unspecified</pose>
		<truncated>0</truncated>
		<difficult>0</difficult>
		<bndbox>
			<xmin>1702</xmin>
			<ymin>2610</ymin>
			<xmax>1781</xmax>
			<ymax>2690</ymax>
		</bndbox>
	</object>
	<object>
		<name>sp16</name>
		<pose>Unspecified</pose>
		<truncated>0</truncated>
		<difficult>0</difficult>
		<bndbox>
			<xmin>1660</xmin>
			<ymin>2371</ymin>
			<xmax>1739</xmax>
			<ymax>2457</ymax>
		</bndbox>
	</object>
	<object>
		<name>sp16</name>
		<pose>Unspecified</pose>
		<truncated>0</truncated>
		<difficult>0</difficult>
		<bndbox>
			<xmin>1610</xmin>
			<ymin>2421</ymin>
			<xmax>1670</xmax>
			<ymax>2470</ymax>
		</bndbox>
	</object>
	<object>
		<name>sp16</name>
		<pose>Unspecified</pose>
		<truncated>0</truncated>
		<difficult>0</difficult>
		<bndbox>
			<xmin>1527</xmin>
			<ymin>2388</ymin>
			<xmax>1598</xmax>
			<ymax>2450</ymax>
		</bndbox>
	</object>
	<object>
		<name>sp16</name>
		<pose>Unspecified</pose>
		<truncated>0</truncated>
		<difficult>0</difficult>
		<bndbox>
			<xmin>1452</xmin>
			<ymin>2493</ymin>
			<xmax>1520</xmax>
			<ymax>2559</ymax>
		</bndbox>
	</object>
	<object>
		<name>sp16</name>
		<pose>Unspecified</pose>
		<truncated>0</truncated>
		<difficult>0</difficult>
		<bndbox>
			<xmin>1533</xmin>
			<ymin>2461</ymin>
			<xmax>1666</xmax>
			<ymax>2546</ymax>
		</bndbox>
	</object>
	<object>
		<name>sp16</name>
		<pose>Unspecified</pose>
		<truncated>0</truncated>
		<difficult>0</difficult>
		<bndbox>
			<xmin>1486</xmin>
			<ymin>2674</ymin>
			<xmax>1570</xmax>
			<ymax>2763</ymax>
		</bndbox>
	</object>
	<object>
		<name>sp16</name>
		<pose>Unspecified</pose>
		<truncated>0</truncated>
		<difficult>0</difficult>
		<bndbox>
			<xmin>1311</xmin>
			<ymin>2468</ymin>
			<xmax>1396</xmax>
			<ymax>2541</ymax>
		</bndbox>
	</object>
	<object>
		<name>sp16</name>
		<pose>Unspecified</pose>
		<truncated>0</truncated>
		<difficult>0</difficult>
		<bndbox>
			<xmin>988</xmin>
			<ymin>2444</ymin>
			<xmax>1077</xmax>
			<ymax>2507</ymax>
		</bndbox>
	</object>
	<object>
		<name>sp16</name>
		<pose>Unspecified</pose>
		<truncated>0</truncated>
		<difficult>0</difficult>
		<bndbox>
			<xmin>1177</xmin>
			<ymin>2515</ymin>
			<xmax>1257</xmax>
			<ymax>2597</ymax>
		</bndbox>
	</object>
	<object>
		<name>sp16</name>
		<pose>Unspecified</pose>
		<truncated>0</truncated>
		<difficult>0</difficult>
		<bndbox>
			<xmin>1235</xmin>
			<ymin>2506</ymin>
			<xmax>1306</xmax>
			<ymax>2567</ymax>
		</bndbox>
	</object>
	<object>
		<name>sp16</name>
		<pose>Unspecified</pose>
		<truncated>0</truncated>
		<difficult>0</difficult>
		<bndbox>
			<xmin>1308</xmin>
			<ymin>2551</ymin>
			<xmax>1358</xmax>
			<ymax>2610</ymax>
		</bndbox>
	</object>
	<object>
		<name>sp16</name>
		<pose>Unspecified</pose>
		<truncated>0</truncated>
		<difficult>0</difficult>
		<bndbox>
			<xmin>1271</xmin>
			<ymin>2590</ymin>
			<xmax>1332</xmax>
			<ymax>2653</ymax>
		</bndbox>
	</object>
	<object>
		<name>sp16</name>
		<pose>Unspecified</pose>
		<truncated>0</truncated>
		<difficult>0</difficult>
		<bndbox>
			<xmin>1242</xmin>
			<ymin>2628</ymin>
			<xmax>1310</xmax>
			<ymax>2692</ymax>
		</bndbox>
	</object>
	<object>
		<name>sp16</name>
		<pose>Unspecified</pose>
		<truncated>0</truncated>
		<difficult>0</difficult>
		<bndbox>
			<xmin>962</xmin>
			<ymin>2082</ymin>
			<xmax>1048</xmax>
			<ymax>2151</ymax>
		</bndbox>
	</object>
	<object>
		<name>sp16</name>
		<pose>Unspecified</pose>
		<truncated>0</truncated>
		<difficult>0</difficult>
		<bndbox>
			<xmin>1553</xmin>
			<ymin>1869</ymin>
			<xmax>1621</xmax>
			<ymax>1949</ymax>
		</bndbox>
	</object>
	<object>
		<name>sp16</name>
		<pose>Unspecified</pose>
		<truncated>0</truncated>
		<difficult>0</difficult>
		<bndbox>
			<xmin>1490</xmin>
			<ymin>1843</ymin>
			<xmax>1568</xmax>
			<ymax>1920</ymax>
		</bndbox>
	</object>
	<object>
		<name>sp16</name>
		<pose>Unspecified</pose>
		<truncated>0</truncated>
		<difficult>0</difficult>
		<bndbox>
			<xmin>1463</xmin>
			<ymin>1861</ymin>
			<xmax>1508</xmax>
			<ymax>1907</ymax>
		</bndbox>
	</object>
	<object>
		<name>sp16</name>
		<pose>Unspecified</pose>
		<truncated>0</truncated>
		<difficult>0</difficult>
		<bndbox>
			<xmin>1435</xmin>
			<ymin>1911</ymin>
			<xmax>1477</xmax>
			<ymax>1954</ymax>
		</bndbox>
	</object>
	<object>
		<name>sp16</name>
		<pose>Unspecified</pose>
		<truncated>0</truncated>
		<difficult>0</difficult>
		<bndbox>
			<xmin>1388</xmin>
			<ymin>1833</ymin>
			<xmax>1456</xmax>
			<ymax>1891</ymax>
		</bndbox>
	</object>
	<object>
		<name>sp16</name>
		<pose>Unspecified</pose>
		<truncated>0</truncated>
		<difficult>0</difficult>
		<bndbox>
			<xmin>1373</xmin>
			<ymin>1873</ymin>
			<xmax>1435</xmax>
			<ymax>1925</ymax>
		</bndbox>
	</object>
	<object>
		<name>sp16</name>
		<pose>Unspecified</pose>
		<truncated>0</truncated>
		<difficult>0</difficult>
		<bndbox>
			<xmin>1274</xmin>
			<ymin>1885</ymin>
			<xmax>1340</xmax>
			<ymax>1938</ymax>
		</bndbox>
	</object>
	<object>
		<name>sp16</name>
		<pose>Unspecified</pose>
		<truncated>0</truncated>
		<difficult>0</difficult>
		<bndbox>
			<xmin>1227</xmin>
			<ymin>1915</ymin>
			<xmax>1291</xmax>
			<ymax>1976</ymax>
		</bndbox>
	</object>
	<object>
		<name>sp16</name>
		<pose>Unspecified</pose>
		<truncated>0</truncated>
		<difficult>0</difficult>
		<bndbox>
			<xmin>1246</xmin>
			<ymin>2001</ymin>
			<xmax>1305</xmax>
			<ymax>2074</ymax>
		</bndbox>
	</object>
	<object>
		<name>sp16</name>
		<pose>Unspecified</pose>
		<truncated>0</truncated>
		<difficult>0</difficult>
		<bndbox>
			<xmin>1184</xmin>
			<ymin>1994</ymin>
			<xmax>1262</xmax>
			<ymax>2073</ymax>
		</bndbox>
	</object>
	<object>
		<name>sp16</name>
		<pose>Unspecified</pose>
		<truncated>0</truncated>
		<difficult>0</difficult>
		<bndbox>
			<xmin>1122</xmin>
			<ymin>1990</ymin>
			<xmax>1190</xmax>
			<ymax>2065</ymax>
		</bndbox>
	</object>
	<object>
		<name>sp16</name>
		<pose>Unspecified</pose>
		<truncated>0</truncated>
		<difficult>0</difficult>
		<bndbox>
			<xmin>1064</xmin>
			<ymin>1988</ymin>
			<xmax>1129</xmax>
			<ymax>2026</ymax>
		</bndbox>
	</object>
	<object>
		<name>sp16</name>
		<pose>Unspecified</pose>
		<truncated>0</truncated>
		<difficult>0</difficult>
		<bndbox>
			<xmin>1064</xmin>
			<ymin>2016</ymin>
			<xmax>1125</xmax>
			<ymax>2070</ymax>
		</bndbox>
	</object>
	<object>
		<name>sp16</name>
		<pose>Unspecified</pose>
		<truncated>0</truncated>
		<difficult>0</difficult>
		<bndbox>
			<xmin>936</xmin>
			<ymin>1960</ymin>
			<xmax>1026</xmax>
			<ymax>2032</ymax>
		</bndbox>
	</object>
	<object>
		<name>sp16</name>
		<pose>Unspecified</pose>
		<truncated>0</truncated>
		<difficult>0</difficult>
		<bndbox>
			<xmin>1019</xmin>
			<ymin>1920</ymin>
			<xmax>1087</xmax>
			<ymax>1983</ymax>
		</bndbox>
	</object>
	<object>
		<name>sp16</name>
		<pose>Unspecified</pose>
		<truncated>0</truncated>
		<difficult>0</difficult>
		<bndbox>
			<xmin>582</xmin>
			<ymin>1830</ymin>
			<xmax>683</xmax>
			<ymax>1915</ymax>
		</bndbox>
	</object>
	<object>
		<name>sp16</name>
		<pose>Unspecified</pose>
		<truncated>0</truncated>
		<difficult>0</difficult>
		<bndbox>
			<xmin>578</xmin>
			<ymin>2109</ymin>
			<xmax>668</xmax>
			<ymax>2186</ymax>
		</bndbox>
	</object>
	<object>
		<name>sp16</name>
		<pose>Unspecified</pose>
		<truncated>0</truncated>
		<difficult>0</difficult>
		<bndbox>
			<xmin>1083</xmin>
			<ymin>1902</ymin>
			<xmax>1141</xmax>
			<ymax>1951</ymax>
		</bndbox>
	</object>
	<object>
		<name>sp16</name>
		<pose>Unspecified</pose>
		<truncated>0</truncated>
		<difficult>0</difficult>
		<bndbox>
			<xmin>1104</xmin>
			<ymin>1869</ymin>
			<xmax>1150</xmax>
			<ymax>1903</ymax>
		</bndbox>
	</object>
	<object>
		<name>sp16</name>
		<pose>Unspecified</pose>
		<truncated>0</truncated>
		<difficult>0</difficult>
		<bndbox>
			<xmin>1241</xmin>
			<ymin>1800</ymin>
			<xmax>1292</xmax>
			<ymax>1864</ymax>
		</bndbox>
	</object>
	<object>
		<name>sp16</name>
		<pose>Unspecified</pose>
		<truncated>0</truncated>
		<difficult>0</difficult>
		<bndbox>
			<xmin>1311</xmin>
			<ymin>1774</ymin>
			<xmax>1379</xmax>
			<ymax>1835</ymax>
		</bndbox>
	</object>
	<object>
		<name>sp16</name>
		<pose>Unspecified</pose>
		<truncated>0</truncated>
		<difficult>0</difficult>
		<bndbox>
			<xmin>1379</xmin>
			<ymin>1739</ymin>
			<xmax>1442</xmax>
			<ymax>1809</ymax>
		</bndbox>
	</object>
	<object>
		<name>sp16</name>
		<pose>Unspecified</pose>
		<truncated>0</truncated>
		<difficult>0</difficult>
		<bndbox>
			<xmin>1452</xmin>
			<ymin>1698</ymin>
			<xmax>1540</xmax>
			<ymax>1763</ymax>
		</bndbox>
	</object>
	<object>
		<name>sp16</name>
		<pose>Unspecified</pose>
		<truncated>0</truncated>
		<difficult>0</difficult>
		<bndbox>
			<xmin>1536</xmin>
			<ymin>1744</ymin>
			<xmax>1591</xmax>
			<ymax>1791</ymax>
		</bndbox>
	</object>
	<object>
		<name>sp16</name>
		<pose>Unspecified</pose>
		<truncated>0</truncated>
		<difficult>0</difficult>
		<bndbox>
			<xmin>1514</xmin>
			<ymin>1778</ymin>
			<xmax>1578</xmax>
			<ymax>1818</ymax>
		</bndbox>
	</object>
	<object>
		<name>sp16</name>
		<pose>Unspecified</pose>
		<truncated>0</truncated>
		<difficult>0</difficult>
		<bndbox>
			<xmin>1587</xmin>
			<ymin>1745</ymin>
			<xmax>1660</xmax>
			<ymax>1808</ymax>
		</bndbox>
	</object>
	<object>
		<name>sp16</name>
		<pose>Unspecified</pose>
		<truncated>0</truncated>
		<difficult>0</difficult>
		<bndbox>
			<xmin>1630</xmin>
			<ymin>1682</ymin>
			<xmax>1674</xmax>
			<ymax>1727</ymax>
		</bndbox>
	</object>
	<object>
		<name>sp16</name>
		<pose>Unspecified</pose>
		<truncated>0</truncated>
		<difficult>0</difficult>
		<bndbox>
			<xmin>1542</xmin>
			<ymin>1594</ymin>
			<xmax>1609</xmax>
			<ymax>1656</ymax>
		</bndbox>
	</object>
	<object>
		<name>sp16</name>
		<pose>Unspecified</pose>
		<truncated>0</truncated>
		<difficult>0</difficult>
		<bndbox>
			<xmin>1639</xmin>
			<ymin>1552</ymin>
			<xmax>1705</xmax>
			<ymax>1613</ymax>
		</bndbox>
	</object>
	<object>
		<name>sp16</name>
		<pose>Unspecified</pose>
		<truncated>0</truncated>
		<difficult>0</difficult>
		<bndbox>
			<xmin>1692</xmin>
			<ymin>1493</ymin>
			<xmax>1767</xmax>
			<ymax>1564</ymax>
		</bndbox>
	</object>
	<object>
		<name>sp16</name>
		<pose>Unspecified</pose>
		<truncated>0</truncated>
		<difficult>0</difficult>
		<bndbox>
			<xmin>1434</xmin>
			<ymin>1538</ymin>
			<xmax>1512</xmax>
			<ymax>1611</ymax>
		</bndbox>
	</object>
	<object>
		<name>sp16</name>
		<pose>Unspecified</pose>
		<truncated>0</truncated>
		<difficult>0</difficult>
		<bndbox>
			<xmin>1335</xmin>
			<ymin>1572</ymin>
			<xmax>1399</xmax>
			<ymax>1636</ymax>
		</bndbox>
	</object>
	<object>
		<name>sp16</name>
		<pose>Unspecified</pose>
		<truncated>0</truncated>
		<difficult>0</difficult>
		<bndbox>
			<xmin>1266</xmin>
			<ymin>1633</ymin>
			<xmax>1311</xmax>
			<ymax>1679</ymax>
		</bndbox>
	</object>
	<object>
		<name>sp16</name>
		<pose>Unspecified</pose>
		<truncated>0</truncated>
		<difficult>0</difficult>
		<bndbox>
			<xmin>1279</xmin>
			<ymin>1675</ymin>
			<xmax>1343</xmax>
			<ymax>1740</ymax>
		</bndbox>
	</object>
	<object>
		<name>sp16</name>
		<pose>Unspecified</pose>
		<truncated>0</truncated>
		<difficult>0</difficult>
		<bndbox>
			<xmin>1223</xmin>
			<ymin>1685</ymin>
			<xmax>1275</xmax>
			<ymax>1741</ymax>
		</bndbox>
	</object>
	<object>
		<name>sp16</name>
		<pose>Unspecified</pose>
		<truncated>0</truncated>
		<difficult>0</difficult>
		<bndbox>
			<xmin>1126</xmin>
			<ymin>1701</ymin>
			<xmax>1193</xmax>
			<ymax>1758</ymax>
		</bndbox>
	</object>
	<object>
		<name>sp16</name>
		<pose>Unspecified</pose>
		<truncated>0</truncated>
		<difficult>0</difficult>
		<bndbox>
			<xmin>1142</xmin>
			<ymin>1809</ymin>
			<xmax>1208</xmax>
			<ymax>1872</ymax>
		</bndbox>
	</object>
	<object>
		<name>sp16</name>
		<pose>Unspecified</pose>
		<truncated>0</truncated>
		<difficult>0</difficult>
		<bndbox>
			<xmin>1112</xmin>
			<ymin>1822</ymin>
			<xmax>1163</xmax>
			<ymax>1877</ymax>
		</bndbox>
	</object>
	<object>
		<name>sp16</name>
		<pose>Unspecified</pose>
		<truncated>0</truncated>
		<difficult>0</difficult>
		<bndbox>
			<xmin>1079</xmin>
			<ymin>1791</ymin>
			<xmax>1126</xmax>
			<ymax>1834</ymax>
		</bndbox>
	</object>
	<object>
		<name>sp16</name>
		<pose>Unspecified</pose>
		<truncated>0</truncated>
		<difficult>0</difficult>
		<bndbox>
			<xmin>1053</xmin>
			<ymin>1830</ymin>
			<xmax>1113</xmax>
			<ymax>1886</ymax>
		</bndbox>
	</object>
	<object>
		<name>sp16</name>
		<pose>Unspecified</pose>
		<truncated>0</truncated>
		<difficult>0</difficult>
		<bndbox>
			<xmin>1023</xmin>
			<ymin>1782</ymin>
			<xmax>1085</xmax>
			<ymax>1838</ymax>
		</bndbox>
	</object>
	<object>
		<name>sp16</name>
		<pose>Unspecified</pose>
		<truncated>0</truncated>
		<difficult>0</difficult>
		<bndbox>
			<xmin>962</xmin>
			<ymin>1759</ymin>
			<xmax>1011</xmax>
			<ymax>1810</ymax>
		</bndbox>
	</object>
	<object>
		<name>sp16</name>
		<pose>Unspecified</pose>
		<truncated>0</truncated>
		<difficult>0</difficult>
		<bndbox>
			<xmin>946</xmin>
			<ymin>1800</ymin>
			<xmax>1022</xmax>
			<ymax>1856</ymax>
		</bndbox>
	</object>
	<object>
		<name>sp16</name>
		<pose>Unspecified</pose>
		<truncated>0</truncated>
		<difficult>0</difficult>
		<bndbox>
			<xmin>894</xmin>
			<ymin>1771</ymin>
			<xmax>942</xmax>
			<ymax>1818</ymax>
		</bndbox>
	</object>
	<object>
		<name>sp16</name>
		<pose>Unspecified</pose>
		<truncated>0</truncated>
		<difficult>0</difficult>
		<bndbox>
			<xmin>897</xmin>
			<ymin>1720</ymin>
			<xmax>948</xmax>
			<ymax>1776</ymax>
		</bndbox>
	</object>
	<object>
		<name>sp16</name>
		<pose>Unspecified</pose>
		<truncated>0</truncated>
		<difficult>0</difficult>
		<bndbox>
			<xmin>914</xmin>
			<ymin>1680</ymin>
			<xmax>961</xmax>
			<ymax>1720</ymax>
		</bndbox>
	</object>
	<object>
		<name>sp16</name>
		<pose>Unspecified</pose>
		<truncated>0</truncated>
		<difficult>0</difficult>
		<bndbox>
			<xmin>805</xmin>
			<ymin>1706</ymin>
			<xmax>897</xmax>
			<ymax>1800</ymax>
		</bndbox>
	</object>
	<object>
		<name>sp16</name>
		<pose>Unspecified</pose>
		<truncated>0</truncated>
		<difficult>0</difficult>
		<bndbox>
			<xmin>796</xmin>
			<ymin>1650</ymin>
			<xmax>860</xmax>
			<ymax>1709</ymax>
		</bndbox>
	</object>
	<object>
		<name>sp16</name>
		<pose>Unspecified</pose>
		<truncated>0</truncated>
		<difficult>0</difficult>
		<bndbox>
			<xmin>1051</xmin>
			<ymin>1726</ymin>
			<xmax>1125</xmax>
			<ymax>1789</ymax>
		</bndbox>
	</object>
	<object>
		<name>sp16</name>
		<pose>Unspecified</pose>
		<truncated>0</truncated>
		<difficult>0</difficult>
		<bndbox>
			<xmin>992</xmin>
			<ymin>1707</ymin>
			<xmax>1040</xmax>
			<ymax>1769</ymax>
		</bndbox>
	</object>
	<object>
		<name>sp16</name>
		<pose>Unspecified</pose>
		<truncated>0</truncated>
		<difficult>0</difficult>
		<bndbox>
			<xmin>1030</xmin>
			<ymin>1682</ymin>
			<xmax>1071</xmax>
			<ymax>1731</ymax>
		</bndbox>
	</object>
	<object>
		<name>sp16</name>
		<pose>Unspecified</pose>
		<truncated>0</truncated>
		<difficult>0</difficult>
		<bndbox>
			<xmin>942</xmin>
			<ymin>1647</ymin>
			<xmax>1006</xmax>
			<ymax>1724</ymax>
		</bndbox>
	</object>
	<object>
		<name>sp16</name>
		<pose>Unspecified</pose>
		<truncated>0</truncated>
		<difficult>0</difficult>
		<bndbox>
			<xmin>1047</xmin>
			<ymin>1646</ymin>
			<xmax>1095</xmax>
			<ymax>1693</ymax>
		</bndbox>
	</object>
	<object>
		<name>sp16</name>
		<pose>Unspecified</pose>
		<truncated>0</truncated>
		<difficult>0</difficult>
		<bndbox>
			<xmin>980</xmin>
			<ymin>1596</ymin>
			<xmax>1066</xmax>
			<ymax>1659</ymax>
		</bndbox>
	</object>
	<object>
		<name>sp16</name>
		<pose>Unspecified</pose>
		<truncated>0</truncated>
		<difficult>0</difficult>
		<bndbox>
			<xmin>1083</xmin>
			<ymin>1574</ymin>
			<xmax>1126</xmax>
			<ymax>1624</ymax>
		</bndbox>
	</object>
	<object>
		<name>sp16</name>
		<pose>Unspecified</pose>
		<truncated>0</truncated>
		<difficult>0</difficult>
		<bndbox>
			<xmin>1126</xmin>
			<ymin>1628</ymin>
			<xmax>1165</xmax>
			<ymax>1682</ymax>
		</bndbox>
	</object>
	<object>
		<name>sp16</name>
		<pose>Unspecified</pose>
		<truncated>0</truncated>
		<difficult>0</difficult>
		<bndbox>
			<xmin>1158</xmin>
			<ymin>1624</ymin>
			<xmax>1205</xmax>
			<ymax>1681</ymax>
		</bndbox>
	</object>
	<object>
		<name>sp16</name>
		<pose>Unspecified</pose>
		<truncated>0</truncated>
		<difficult>0</difficult>
		<bndbox>
			<xmin>1195</xmin>
			<ymin>1624</ymin>
			<xmax>1233</xmax>
			<ymax>1677</ymax>
		</bndbox>
	</object>
	<object>
		<name>sp16</name>
		<pose>Unspecified</pose>
		<truncated>0</truncated>
		<difficult>0</difficult>
		<bndbox>
			<xmin>1208</xmin>
			<ymin>1607</ymin>
			<xmax>1261</xmax>
			<ymax>1663</ymax>
		</bndbox>
	</object>
	<object>
		<name>sp16</name>
		<pose>Unspecified</pose>
		<truncated>0</truncated>
		<difficult>0</difficult>
		<bndbox>
			<xmin>1246</xmin>
			<ymin>1568</ymin>
			<xmax>1304</xmax>
			<ymax>1609</ymax>
		</bndbox>
	</object>
	<object>
		<name>sp16</name>
		<pose>Unspecified</pose>
		<truncated>0</truncated>
		<difficult>0</difficult>
		<bndbox>
			<xmin>1244</xmin>
			<ymin>1480</ymin>
			<xmax>1304</xmax>
			<ymax>1539</ymax>
		</bndbox>
	</object>
	<object>
		<name>sp16</name>
		<pose>Unspecified</pose>
		<truncated>0</truncated>
		<difficult>0</difficult>
		<bndbox>
			<xmin>1168</xmin>
			<ymin>1505</ymin>
			<xmax>1220</xmax>
			<ymax>1546</ymax>
		</bndbox>
	</object>
	<object>
		<name>sp16</name>
		<pose>Unspecified</pose>
		<truncated>0</truncated>
		<difficult>0</difficult>
		<bndbox>
			<xmin>1122</xmin>
			<ymin>1456</ymin>
			<xmax>1182</xmax>
			<ymax>1500</ymax>
		</bndbox>
	</object>
	<object>
		<name>sp16</name>
		<pose>Unspecified</pose>
		<truncated>0</truncated>
		<difficult>0</difficult>
		<bndbox>
			<xmin>910</xmin>
			<ymin>1442</ymin>
			<xmax>967</xmax>
			<ymax>1483</ymax>
		</bndbox>
	</object>
	<object>
		<name>sp16</name>
		<pose>Unspecified</pose>
		<truncated>0</truncated>
		<difficult>0</difficult>
		<bndbox>
			<xmin>795</xmin>
			<ymin>1422</ymin>
			<xmax>852</xmax>
			<ymax>1493</ymax>
		</bndbox>
	</object>
	<object>
		<name>sp16</name>
		<pose>Unspecified</pose>
		<truncated>0</truncated>
		<difficult>0</difficult>
		<bndbox>
			<xmin>713</xmin>
			<ymin>1519</ymin>
			<xmax>782</xmax>
			<ymax>1591</ymax>
		</bndbox>
	</object>
	<object>
		<name>sp16</name>
		<pose>Unspecified</pose>
		<truncated>0</truncated>
		<difficult>0</difficult>
		<bndbox>
			<xmin>770</xmin>
			<ymin>1547</ymin>
			<xmax>826</xmax>
			<ymax>1611</ymax>
		</bndbox>
	</object>
	<object>
		<name>sp16</name>
		<pose>Unspecified</pose>
		<truncated>0</truncated>
		<difficult>0</difficult>
		<bndbox>
			<xmin>777</xmin>
			<ymin>1506</ymin>
			<xmax>828</xmax>
			<ymax>1561</ymax>
		</bndbox>
	</object>
	<object>
		<name>sp16</name>
		<pose>Unspecified</pose>
		<truncated>0</truncated>
		<difficult>0</difficult>
		<bndbox>
			<xmin>825</xmin>
			<ymin>1559</ymin>
			<xmax>865</xmax>
			<ymax>1591</ymax>
		</bndbox>
	</object>
	<object>
		<name>sp16</name>
		<pose>Unspecified</pose>
		<truncated>0</truncated>
		<difficult>0</difficult>
		<bndbox>
			<xmin>864</xmin>
			<ymin>1572</ymin>
			<xmax>914</xmax>
			<ymax>1621</ymax>
		</bndbox>
	</object>
	<object>
		<name>sp16</name>
		<pose>Unspecified</pose>
		<truncated>0</truncated>
		<difficult>0</difficult>
		<bndbox>
			<xmin>884</xmin>
			<ymin>1608</ymin>
			<xmax>932</xmax>
			<ymax>1662</ymax>
		</bndbox>
	</object>
	<object>
		<name>sp16</name>
		<pose>Unspecified</pose>
		<truncated>0</truncated>
		<difficult>0</difficult>
		<bndbox>
			<xmin>927</xmin>
			<ymin>1531</ymin>
			<xmax>980</xmax>
			<ymax>1573</ymax>
		</bndbox>
	</object>
	<object>
		<name>sp16</name>
		<pose>Unspecified</pose>
		<truncated>0</truncated>
		<difficult>0</difficult>
		<bndbox>
			<xmin>929</xmin>
			<ymin>1560</ymin>
			<xmax>991</xmax>
			<ymax>1615</ymax>
		</bndbox>
	</object>
	<object>
		<name>sp16</name>
		<pose>Unspecified</pose>
		<truncated>0</truncated>
		<difficult>0</difficult>
		<bndbox>
			<xmin>992</xmin>
			<ymin>1518</ymin>
			<xmax>1131</xmax>
			<ymax>1598</ymax>
		</bndbox>
	</object>
	<object>
		<name>sp16</name>
		<pose>Unspecified</pose>
		<truncated>0</truncated>
		<difficult>0</difficult>
		<bndbox>
			<xmin>1060</xmin>
			<ymin>1469</ymin>
			<xmax>1128</xmax>
			<ymax>1551</ymax>
		</bndbox>
	</object>
	<object>
		<name>sp16</name>
		<pose>Unspecified</pose>
		<truncated>0</truncated>
		<difficult>0</difficult>
		<bndbox>
			<xmin>514</xmin>
			<ymin>1552</ymin>
			<xmax>584</xmax>
			<ymax>1641</ymax>
		</bndbox>
	</object>
	<object>
		<name>sp16</name>
		<pose>Unspecified</pose>
		<truncated>0</truncated>
		<difficult>0</difficult>
		<bndbox>
			<xmin>567</xmin>
			<ymin>1561</ymin>
			<xmax>631</xmax>
			<ymax>1630</ymax>
		</bndbox>
	</object>
	<object>
		<name>sp16</name>
		<pose>Unspecified</pose>
		<truncated>0</truncated>
		<difficult>0</difficult>
		<bndbox>
			<xmin>831</xmin>
			<ymin>1454</ymin>
			<xmax>970</xmax>
			<ymax>1569</ymax>
		</bndbox>
	</object>
	<object>
		<name>sp16</name>
		<pose>Unspecified</pose>
		<truncated>0</truncated>
		<difficult>0</difficult>
		<bndbox>
			<xmin>672</xmin>
			<ymin>1390</ymin>
			<xmax>735</xmax>
			<ymax>1457</ymax>
		</bndbox>
	</object>
	<object>
		<name>sp16</name>
		<pose>Unspecified</pose>
		<truncated>0</truncated>
		<difficult>0</difficult>
		<bndbox>
			<xmin>718</xmin>
			<ymin>1352</ymin>
			<xmax>768</xmax>
			<ymax>1406</ymax>
		</bndbox>
	</object>
	<object>
		<name>sp16</name>
		<pose>Unspecified</pose>
		<truncated>0</truncated>
		<difficult>0</difficult>
		<bndbox>
			<xmin>688</xmin>
			<ymin>1302</ymin>
			<xmax>762</xmax>
			<ymax>1372</ymax>
		</bndbox>
	</object>
	<object>
		<name>sp16</name>
		<pose>Unspecified</pose>
		<truncated>0</truncated>
		<difficult>0</difficult>
		<bndbox>
			<xmin>627</xmin>
			<ymin>1191</ymin>
			<xmax>717</xmax>
			<ymax>1270</ymax>
		</bndbox>
	</object>
	<object>
		<name>sp16</name>
		<pose>Unspecified</pose>
		<truncated>0</truncated>
		<difficult>0</difficult>
		<bndbox>
			<xmin>768</xmin>
			<ymin>1146</ymin>
			<xmax>865</xmax>
			<ymax>1244</ymax>
		</bndbox>
	</object>
	<object>
		<name>sp16</name>
		<pose>Unspecified</pose>
		<truncated>0</truncated>
		<difficult>0</difficult>
		<bndbox>
			<xmin>1124</xmin>
			<ymin>1270</ymin>
			<xmax>1184</xmax>
			<ymax>1334</ymax>
		</bndbox>
	</object>
	<object>
		<name>sp16</name>
		<pose>Unspecified</pose>
		<truncated>0</truncated>
		<difficult>0</difficult>
		<bndbox>
			<xmin>1145</xmin>
			<ymin>1208</ymin>
			<xmax>1191</xmax>
			<ymax>1248</ymax>
		</bndbox>
	</object>
	<object>
		<name>sp16</name>
		<pose>Unspecified</pose>
		<truncated>0</truncated>
		<difficult>0</difficult>
		<bndbox>
			<xmin>1171</xmin>
			<ymin>1176</ymin>
			<xmax>1215</xmax>
			<ymax>1225</ymax>
		</bndbox>
	</object>
	<object>
		<name>sp16</name>
		<pose>Unspecified</pose>
		<truncated>0</truncated>
		<difficult>0</difficult>
		<bndbox>
			<xmin>1078</xmin>
			<ymin>1124</ymin>
			<xmax>1159</xmax>
			<ymax>1213</ymax>
		</bndbox>
	</object>
	<object>
		<name>sp16</name>
		<pose>Unspecified</pose>
		<truncated>0</truncated>
		<difficult>0</difficult>
		<bndbox>
			<xmin>1188</xmin>
			<ymin>1219</ymin>
			<xmax>1270</xmax>
			<ymax>1315</ymax>
		</bndbox>
	</object>
	<object>
		<name>sp16</name>
		<pose>Unspecified</pose>
		<truncated>0</truncated>
		<difficult>0</difficult>
		<bndbox>
			<xmin>1168</xmin>
			<ymin>1346</ymin>
			<xmax>1238</xmax>
			<ymax>1416</ymax>
		</bndbox>
	</object>
	<object>
		<name>sp16</name>
		<pose>Unspecified</pose>
		<truncated>0</truncated>
		<difficult>0</difficult>
		<bndbox>
			<xmin>1210</xmin>
			<ymin>1406</ymin>
			<xmax>1280</xmax>
			<ymax>1469</ymax>
		</bndbox>
	</object>
	<object>
		<name>sp16</name>
		<pose>Unspecified</pose>
		<truncated>0</truncated>
		<difficult>0</difficult>
		<bndbox>
			<xmin>1284</xmin>
			<ymin>1385</ymin>
			<xmax>1327</xmax>
			<ymax>1442</ymax>
		</bndbox>
	</object>
	<object>
		<name>sp16</name>
		<pose>Unspecified</pose>
		<truncated>0</truncated>
		<difficult>0</difficult>
		<bndbox>
			<xmin>1310</xmin>
			<ymin>1419</ymin>
			<xmax>1353</xmax>
			<ymax>1469</ymax>
		</bndbox>
	</object>
	<object>
		<name>sp16</name>
		<pose>Unspecified</pose>
		<truncated>0</truncated>
		<difficult>0</difficult>
		<bndbox>
			<xmin>1326</xmin>
			<ymin>1444</ymin>
			<xmax>1379</xmax>
			<ymax>1505</ymax>
		</bndbox>
	</object>
	<object>
		<name>sp16</name>
		<pose>Unspecified</pose>
		<truncated>0</truncated>
		<difficult>0</difficult>
		<bndbox>
			<xmin>1357</xmin>
			<ymin>1399</ymin>
			<xmax>1395</xmax>
			<ymax>1456</ymax>
		</bndbox>
	</object>
	<object>
		<name>sp16</name>
		<pose>Unspecified</pose>
		<truncated>0</truncated>
		<difficult>0</difficult>
		<bndbox>
			<xmin>1385</xmin>
			<ymin>1373</ymin>
			<xmax>1432</xmax>
			<ymax>1437</ymax>
		</bndbox>
	</object>
	<object>
		<name>sp16</name>
		<pose>Unspecified</pose>
		<truncated>0</truncated>
		<difficult>0</difficult>
		<bndbox>
			<xmin>1326</xmin>
			<ymin>1257</ymin>
			<xmax>1394</xmax>
			<ymax>1337</ymax>
		</bndbox>
	</object>
	<object>
		<name>sp16</name>
		<pose>Unspecified</pose>
		<truncated>0</truncated>
		<difficult>0</difficult>
		<bndbox>
			<xmin>1420</xmin>
			<ymin>1304</ymin>
			<xmax>1484</xmax>
			<ymax>1375</ymax>
		</bndbox>
	</object>
	<object>
		<name>sp16</name>
		<pose>Unspecified</pose>
		<truncated>0</truncated>
		<difficult>0</difficult>
		<bndbox>
			<xmin>1445</xmin>
			<ymin>1407</ymin>
			<xmax>1492</xmax>
			<ymax>1467</ymax>
		</bndbox>
	</object>
	<object>
		<name>sp16</name>
		<pose>Unspecified</pose>
		<truncated>0</truncated>
		<difficult>0</difficult>
		<bndbox>
			<xmin>1437</xmin>
			<ymin>1450</ymin>
			<xmax>1495</xmax>
			<ymax>1513</ymax>
		</bndbox>
	</object>
	<object>
		<name>sp16</name>
		<pose>Unspecified</pose>
		<truncated>0</truncated>
		<difficult>0</difficult>
		<bndbox>
			<xmin>1506</xmin>
			<ymin>1392</ymin>
			<xmax>1566</xmax>
			<ymax>1452</ymax>
		</bndbox>
	</object>
	<object>
		<name>sp16</name>
		<pose>Unspecified</pose>
		<truncated>0</truncated>
		<difficult>0</difficult>
		<bndbox>
			<xmin>1528</xmin>
			<ymin>1326</ymin>
			<xmax>1583</xmax>
			<ymax>1386</ymax>
		</bndbox>
	</object>
	<object>
		<name>sp16</name>
		<pose>Unspecified</pose>
		<truncated>0</truncated>
		<difficult>0</difficult>
		<bndbox>
			<xmin>1486</xmin>
			<ymin>1265</ymin>
			<xmax>1549</xmax>
			<ymax>1325</ymax>
		</bndbox>
	</object>
	<object>
		<name>sp16</name>
		<pose>Unspecified</pose>
		<truncated>0</truncated>
		<difficult>0</difficult>
		<bndbox>
			<xmin>1528</xmin>
			<ymin>1252</ymin>
			<xmax>1579</xmax>
			<ymax>1315</ymax>
		</bndbox>
	</object>
	<object>
		<name>sp16</name>
		<pose>Unspecified</pose>
		<truncated>0</truncated>
		<difficult>0</difficult>
		<bndbox>
			<xmin>1598</xmin>
			<ymin>1226</ymin>
			<xmax>1661</xmax>
			<ymax>1298</ymax>
		</bndbox>
	</object>
	<object>
		<name>sp16</name>
		<pose>Unspecified</pose>
		<truncated>0</truncated>
		<difficult>0</difficult>
		<bndbox>
			<xmin>1643</xmin>
			<ymin>1277</ymin>
			<xmax>1695</xmax>
			<ymax>1339</ymax>
		</bndbox>
	</object>
	<object>
		<name>sp16</name>
		<pose>Unspecified</pose>
		<truncated>0</truncated>
		<difficult>0</difficult>
		<bndbox>
			<xmin>1718</xmin>
			<ymin>1294</ymin>
			<xmax>1776</xmax>
			<ymax>1366</ymax>
		</bndbox>
	</object>
	<object>
		<name>sp16</name>
		<pose>Unspecified</pose>
		<truncated>0</truncated>
		<difficult>0</difficult>
		<bndbox>
			<xmin>1718</xmin>
			<ymin>1392</ymin>
			<xmax>1776</xmax>
			<ymax>1466</ymax>
		</bndbox>
	</object>
	<object>
		<name>sp16</name>
		<pose>Unspecified</pose>
		<truncated>0</truncated>
		<difficult>0</difficult>
		<bndbox>
			<xmin>1788</xmin>
			<ymin>1399</ymin>
			<xmax>1845</xmax>
			<ymax>1454</ymax>
		</bndbox>
	</object>
	<object>
		<name>sp16</name>
		<pose>Unspecified</pose>
		<truncated>0</truncated>
		<difficult>0</difficult>
		<bndbox>
			<xmin>1772</xmin>
			<ymin>1338</ymin>
			<xmax>1825</xmax>
			<ymax>1402</ymax>
		</bndbox>
	</object>
	<object>
		<name>sp16</name>
		<pose>Unspecified</pose>
		<truncated>0</truncated>
		<difficult>0</difficult>
		<bndbox>
			<xmin>1648</xmin>
			<ymin>1380</ymin>
			<xmax>1692</xmax>
			<ymax>1420</ymax>
		</bndbox>
	</object>
	<object>
		<name>sp16</name>
		<pose>Unspecified</pose>
		<truncated>0</truncated>
		<difficult>0</difficult>
		<bndbox>
			<xmin>1670</xmin>
			<ymin>1432</ymin>
			<xmax>1722</xmax>
			<ymax>1483</ymax>
		</bndbox>
	</object>
	<object>
		<name>sp16</name>
		<pose>Unspecified</pose>
		<truncated>0</truncated>
		<difficult>0</difficult>
		<bndbox>
			<xmin>1669</xmin>
			<ymin>1389</ymin>
			<xmax>1726</xmax>
			<ymax>1446</ymax>
		</bndbox>
	</object>
	<object>
		<name>sp16</name>
		<pose>Unspecified</pose>
		<truncated>0</truncated>
		<difficult>0</difficult>
		<bndbox>
			<xmin>1597</xmin>
			<ymin>1349</ymin>
			<xmax>1651</xmax>
			<ymax>1403</ymax>
		</bndbox>
	</object>
	<object>
		<name>sp16</name>
		<pose>Unspecified</pose>
		<truncated>0</truncated>
		<difficult>0</difficult>
		<bndbox>
			<xmin>1584</xmin>
			<ymin>1381</ymin>
			<xmax>1657</xmax>
			<ymax>1461</ymax>
		</bndbox>
	</object>
	<object>
		<name>sp16</name>
		<pose>Unspecified</pose>
		<truncated>0</truncated>
		<difficult>0</difficult>
		<bndbox>
			<xmin>1211</xmin>
			<ymin>1095</ymin>
			<xmax>1266</xmax>
			<ymax>1165</ymax>
		</bndbox>
	</object>
	<object>
		<name>sp16</name>
		<pose>Unspecified</pose>
		<truncated>0</truncated>
		<difficult>0</difficult>
		<bndbox>
			<xmin>1331</xmin>
			<ymin>1063</ymin>
			<xmax>1377</xmax>
			<ymax>1110</ymax>
		</bndbox>
	</object>
	<object>
		<name>sp16</name>
		<pose>Unspecified</pose>
		<truncated>0</truncated>
		<difficult>0</difficult>
		<bndbox>
			<xmin>1355</xmin>
			<ymin>1098</ymin>
			<xmax>1399</xmax>
			<ymax>1142</ymax>
		</bndbox>
	</object>
	<object>
		<name>sp16</name>
		<pose>Unspecified</pose>
		<truncated>0</truncated>
		<difficult>0</difficult>
		<bndbox>
			<xmin>1387</xmin>
			<ymin>1119</ymin>
			<xmax>1433</xmax>
			<ymax>1175</ymax>
		</bndbox>
	</object>
	<object>
		<name>sp16</name>
		<pose>Unspecified</pose>
		<truncated>0</truncated>
		<difficult>0</difficult>
		<bndbox>
			<xmin>1435</xmin>
			<ymin>1075</ymin>
			<xmax>1498</xmax>
			<ymax>1144</ymax>
		</bndbox>
	</object>
	<object>
		<name>sp16</name>
		<pose>Unspecified</pose>
		<truncated>0</truncated>
		<difficult>0</difficult>
		<bndbox>
			<xmin>1477</xmin>
			<ymin>1116</ymin>
			<xmax>1516</xmax>
			<ymax>1150</ymax>
		</bndbox>
	</object>
	<object>
		<name>sp16</name>
		<pose>Unspecified</pose>
		<truncated>0</truncated>
		<difficult>0</difficult>
		<bndbox>
			<xmin>1511</xmin>
			<ymin>1131</ymin>
			<xmax>1563</xmax>
			<ymax>1188</ymax>
		</bndbox>
	</object>
	<object>
		<name>sp16</name>
		<pose>Unspecified</pose>
		<truncated>0</truncated>
		<difficult>0</difficult>
		<bndbox>
			<xmin>1426</xmin>
			<ymin>1135</ymin>
			<xmax>1495</xmax>
			<ymax>1219</ymax>
		</bndbox>
	</object>
	<object>
		<name>sp16</name>
		<pose>Unspecified</pose>
		<truncated>0</truncated>
		<difficult>0</difficult>
		<bndbox>
			<xmin>1550</xmin>
			<ymin>1071</ymin>
			<xmax>1617</xmax>
			<ymax>1131</ymax>
		</bndbox>
	</object>
	<object>
		<name>sp16</name>
		<pose>Unspecified</pose>
		<truncated>0</truncated>
		<difficult>0</difficult>
		<bndbox>
			<xmin>1559</xmin>
			<ymin>1115</ymin>
			<xmax>1625</xmax>
			<ymax>1163</ymax>
		</bndbox>
	</object>
	<object>
		<name>sp16</name>
		<pose>Unspecified</pose>
		<truncated>0</truncated>
		<difficult>0</difficult>
		<bndbox>
			<xmin>1589</xmin>
			<ymin>1139</ymin>
			<xmax>1657</xmax>
			<ymax>1201</ymax>
		</bndbox>
	</object>
	<object>
		<name>sp16</name>
		<pose>Unspecified</pose>
		<truncated>0</truncated>
		<difficult>0</difficult>
		<bndbox>
			<xmin>448</xmin>
			<ymin>811</ymin>
			<xmax>569</xmax>
			<ymax>908</ymax>
		</bndbox>
	</object>
	<object>
		<name>sp16</name>
		<pose>Unspecified</pose>
		<truncated>0</truncated>
		<difficult>0</difficult>
		<bndbox>
			<xmin>732</xmin>
			<ymin>2196</ymin>
			<xmax>831</xmax>
			<ymax>2290</ymax>
		</bndbox>
	</object>
	<object>
		<name>sp16</name>
		<pose>Unspecified</pose>
		<truncated>0</truncated>
		<difficult>0</difficult>
		<bndbox>
			<xmin>2192</xmin>
			<ymin>2319</ymin>
			<xmax>2259</xmax>
			<ymax>2412</ymax>
		</bndbox>
	</object>
</annotation>