<annotation>
	<folder>my-project-name</folder>
	<filename>sp17_img01.jpg</filename>
	<path>/my-project-name/sp17_img01.jpg</path>
	<source>
		<database>Unspecified</database>
	</source>
	<size>
		<width>2770</width>
		<height>2761</height>
		<depth>3</depth>
	</size>
	<object>
		<name>sp17</name>
		<pose>Unspecified</pose>
		<truncated>0</truncated>
		<difficult>0</difficult>
		<bndbox>
			<xmin>838</xmin>
			<ymin>336</ymin>
			<xmax>958</xmax>
			<ymax>452</ymax>
		</bndbox>
	</object>
	<object>
		<name>sp17</name>
		<pose>Unspecified</pose>
		<truncated>0</truncated>
		<difficult>0</difficult>
		<bndbox>
			<xmin>907</xmin>
			<ymin>353</ymin>
			<xmax>1013</xmax>
			<ymax>480</ymax>
		</bndbox>
	</object>
	<object>
		<name>sp17</name>
		<pose>Unspecified</pose>
		<truncated>0</truncated>
		<difficult>0</difficult>
		<bndbox>
			<xmin>1183</xmin>
			<ymin>331</ymin>
			<xmax>1282</xmax>
			<ymax>466</ymax>
		</bndbox>
	</object>
	<object>
		<name>sp17</name>
		<pose>Unspecified</pose>
		<truncated>0</truncated>
		<difficult>0</difficult>
		<bndbox>
			<xmin>1265</xmin>
			<ymin>321</ymin>
			<xmax>1393</xmax>
			<ymax>463</ymax>
		</bndbox>
	</object>
	<object>
		<name>sp17</name>
		<pose>Unspecified</pose>
		<truncated>0</truncated>
		<difficult>0</difficult>
		<bndbox>
			<xmin>1433</xmin>
			<ymin>419</ymin>
			<xmax>1576</xmax>
			<ymax>576</ymax>
		</bndbox>
	</object>
	<object>
		<name>sp17</name>
		<pose>Unspecified</pose>
		<truncated>0</truncated>
		<difficult>0</difficult>
		<bndbox>
			<xmin>1695</xmin>
			<ymin>304</ymin>
			<xmax>1814</xmax>
			<ymax>466</ymax>
		</bndbox>
	</object>
	<object>
		<name>sp17</name>
		<pose>Unspecified</pose>
		<truncated>0</truncated>
		<difficult>0</difficult>
		<bndbox>
			<xmin>1779</xmin>
			<ymin>364</ymin>
			<xmax>1886</xmax>
			<ymax>472</ymax>
		</bndbox>
	</object>
	<object>
		<name>sp17</name>
		<pose>Unspecified</pose>
		<truncated>0</truncated>
		<difficult>0</difficult>
		<bndbox>
			<xmin>1147</xmin>
			<ymin>641</ymin>
			<xmax>1303</xmax>
			<ymax>783</ymax>
		</bndbox>
	</object>
	<object>
		<name>sp17</name>
		<pose>Unspecified</pose>
		<truncated>0</truncated>
		<difficult>0</difficult>
		<bndbox>
			<xmin>1055</xmin>
			<ymin>569</ymin>
			<xmax>1196</xmax>
			<ymax>694</ymax>
		</bndbox>
	</object>
	<object>
		<name>sp17</name>
		<pose>Unspecified</pose>
		<truncated>0</truncated>
		<difficult>0</difficult>
		<bndbox>
			<xmin>990</xmin>
			<ymin>607</ymin>
			<xmax>1117</xmax>
			<ymax>722</ymax>
		</bndbox>
	</object>
	<object>
		<name>sp17</name>
		<pose>Unspecified</pose>
		<truncated>0</truncated>
		<difficult>0</difficult>
		<bndbox>
			<xmin>873</xmin>
			<ymin>725</ymin>
			<xmax>1034</xmax>
			<ymax>872</ymax>
		</bndbox>
	</object>
	<object>
		<name>sp17</name>
		<pose>Unspecified</pose>
		<truncated>0</truncated>
		<difficult>0</difficult>
		<bndbox>
			<xmin>2033</xmin>
			<ymin>865</ymin>
			<xmax>2164</xmax>
			<ymax>1011</ymax>
		</bndbox>
	</object>
	<object>
		<name>sp17</name>
		<pose>Unspecified</pose>
		<truncated>0</truncated>
		<difficult>0</difficult>
		<bndbox>
			<xmin>2278</xmin>
			<ymin>594</ymin>
			<xmax>2419</xmax>
			<ymax>727</ymax>
		</bndbox>
	</object>
	<object>
		<name>sp17</name>
		<pose>Unspecified</pose>
		<truncated>0</truncated>
		<difficult>0</difficult>
		<bndbox>
			<xmin>2319</xmin>
			<ymin>693</ymin>
			<xmax>2464</xmax>
			<ymax>810</ymax>
		</bndbox>
	</object>
	<object>
		<name>sp17</name>
		<pose>Unspecified</pose>
		<truncated>0</truncated>
		<difficult>0</difficult>
		<bndbox>
			<xmin>2367</xmin>
			<ymin>796</ymin>
			<xmax>2471</xmax>
			<ymax>894</ymax>
		</bndbox>
	</object>
	<object>
		<name>sp17</name>
		<pose>Unspecified</pose>
		<truncated>0</truncated>
		<difficult>0</difficult>
		<bndbox>
			<xmin>2403</xmin>
			<ymin>848</ymin>
			<xmax>2534</xmax>
			<ymax>948</ymax>
		</bndbox>
	</object>
	<object>
		<name>sp17</name>
		<pose>Unspecified</pose>
		<truncated>0</truncated>
		<difficult>0</difficult>
		<bndbox>
			<xmin>2270</xmin>
			<ymin>991</ymin>
			<xmax>2375</xmax>
			<ymax>1101</ymax>
		</bndbox>
	</object>
	<object>
		<name>sp17</name>
		<pose>Unspecified</pose>
		<truncated>0</truncated>
		<difficult>0</difficult>
		<bndbox>
			<xmin>2309</xmin>
			<ymin>1045</ymin>
			<xmax>2436</xmax>
			<ymax>1148</ymax>
		</bndbox>
	</object>
	<object>
		<name>sp17</name>
		<pose>Unspecified</pose>
		<truncated>0</truncated>
		<difficult>0</difficult>
		<bndbox>
			<xmin>2401</xmin>
			<ymin>1107</ymin>
			<xmax>2519</xmax>
			<ymax>1259</ymax>
		</bndbox>
	</object>
	<object>
		<name>sp17</name>
		<pose>Unspecified</pose>
		<truncated>0</truncated>
		<difficult>0</difficult>
		<bndbox>
			<xmin>1185</xmin>
			<ymin>1635</ymin>
			<xmax>1347</xmax>
			<ymax>1766</ymax>
		</bndbox>
	</object>
	<object>
		<name>sp17</name>
		<pose>Unspecified</pose>
		<truncated>0</truncated>
		<difficult>0</difficult>
		<bndbox>
			<xmin>1576</xmin>
			<ymin>1582</ymin>
			<xmax>1741</xmax>
			<ymax>1718</ymax>
		</bndbox>
	</object>
	<object>
		<name>sp17</name>
		<pose>Unspecified</pose>
		<truncated>0</truncated>
		<difficult>0</difficult>
		<bndbox>
			<xmin>1636</xmin>
			<ymin>1703</ymin>
			<xmax>1782</xmax>
			<ymax>1820</ymax>
		</bndbox>
	</object>
	<object>
		<name>sp17</name>
		<pose>Unspecified</pose>
		<truncated>0</truncated>
		<difficult>0</difficult>
		<bndbox>
			<xmin>1540</xmin>
			<ymin>1858</ymin>
			<xmax>1678</xmax>
			<ymax>2000</ymax>
		</bndbox>
	</object>
	<object>
		<name>sp17</name>
		<pose>Unspecified</pose>
		<truncated>0</truncated>
		<difficult>0</difficult>
		<bndbox>
			<xmin>2016</xmin>
			<ymin>1747</ymin>
			<xmax>2168</xmax>
			<ymax>1904</ymax>
		</bndbox>
	</object>
	<object>
		<name>sp17</name>
		<pose>Unspecified</pose>
		<truncated>0</truncated>
		<difficult>0</difficult>
		<bndbox>
			<xmin>2464</xmin>
			<ymin>1334</ymin>
			<xmax>2602</xmax>
			<ymax>1473</ymax>
		</bndbox>
	</object>
	<object>
		<name>sp17</name>
		<pose>Unspecified</pose>
		<truncated>0</truncated>
		<difficult>0</difficult>
		<bndbox>
			<xmin>2184</xmin>
			<ymin>1859</ymin>
			<xmax>2320</xmax>
			<ymax>1952</ymax>
		</bndbox>
	</object>
	<object>
		<name>sp17</name>
		<pose>Unspecified</pose>
		<truncated>0</truncated>
		<difficult>0</difficult>
		<bndbox>
			<xmin>2130</xmin>
			<ymin>1969</ymin>
			<xmax>2254</xmax>
			<ymax>2086</ymax>
		</bndbox>
	</object>
	<object>
		<name>sp17</name>
		<pose>Unspecified</pose>
		<truncated>0</truncated>
		<difficult>0</difficult>
		<bndbox>
			<xmin>1927</xmin>
			<ymin>1948</ymin>
			<xmax>2092</xmax>
			<ymax>2104</ymax>
		</bndbox>
	</object>
	<object>
		<name>sp17</name>
		<pose>Unspecified</pose>
		<truncated>0</truncated>
		<difficult>0</difficult>
		<bndbox>
			<xmin>1197</xmin>
			<ymin>1921</ymin>
			<xmax>1364</xmax>
			<ymax>2055</ymax>
		</bndbox>
	</object>
	<object>
		<name>sp17</name>
		<pose>Unspecified</pose>
		<truncated>0</truncated>
		<difficult>0</difficult>
		<bndbox>
			<xmin>903</xmin>
			<ymin>1944</ymin>
			<xmax>1057</xmax>
			<ymax>2075</ymax>
		</bndbox>
	</object>
	<object>
		<name>sp17</name>
		<pose>Unspecified</pose>
		<truncated>0</truncated>
		<difficult>0</difficult>
		<bndbox>
			<xmin>517</xmin>
			<ymin>1658</ymin>
			<xmax>685</xmax>
			<ymax>1801</ymax>
		</bndbox>
	</object>
	<object>
		<name>sp17</name>
		<pose>Unspecified</pose>
		<truncated>0</truncated>
		<difficult>0</difficult>
		<bndbox>
			<xmin>918</xmin>
			<ymin>1469</ymin>
			<xmax>1069</xmax>
			<ymax>1603</ymax>
		</bndbox>
	</object>
	<object>
		<name>sp17</name>
		<pose>Unspecified</pose>
		<truncated>0</truncated>
		<difficult>0</difficult>
		<bndbox>
			<xmin>666</xmin>
			<ymin>1427</ymin>
			<xmax>802</xmax>
			<ymax>1555</ymax>
		</bndbox>
	</object>
	<object>
		<name>sp17</name>
		<pose>Unspecified</pose>
		<truncated>0</truncated>
		<difficult>0</difficult>
		<bndbox>
			<xmin>1252</xmin>
			<ymin>2310</ymin>
			<xmax>1441</xmax>
			<ymax>2437</ymax>
		</bndbox>
	</object>
	<object>
		<name>sp17</name>
		<pose>Unspecified</pose>
		<truncated>0</truncated>
		<difficult>0</difficult>
		<bndbox>
			<xmin>1378</xmin>
			<ymin>2224</ymin>
			<xmax>1519</xmax>
			<ymax>2364</ymax>
		</bndbox>
	</object>
	<object>
		<name>sp17</name>
		<pose>Unspecified</pose>
		<truncated>0</truncated>
		<difficult>0</difficult>
		<bndbox>
			<xmin>1428</xmin>
			<ymin>2171</ymin>
			<xmax>1562</xmax>
			<ymax>2283</ymax>
		</bndbox>
	</object>
	<object>
		<name>sp17</name>
		<pose>Unspecified</pose>
		<truncated>0</truncated>
		<difficult>0</difficult>
		<bndbox>
			<xmin>1772</xmin>
			<ymin>2114</ymin>
			<xmax>1923</xmax>
			<ymax>2248</ymax>
		</bndbox>
	</object>
	<object>
		<name>sp17</name>
		<pose>Unspecified</pose>
		<truncated>0</truncated>
		<difficult>0</difficult>
		<bndbox>
			<xmin>1738</xmin>
			<ymin>2307</ymin>
			<xmax>1861</xmax>
			<ymax>2448</ymax>
		</bndbox>
	</object>
	<object>
		<name>sp17</name>
		<pose>Unspecified</pose>
		<truncated>0</truncated>
		<difficult>0</difficult>
		<bndbox>
			<xmin>1437</xmin>
			<ymin>2373</ymin>
			<xmax>1554</xmax>
			<ymax>2502</ymax>
		</bndbox>
	</object>
	<object>
		<name>sp17</name>
		<pose>Unspecified</pose>
		<truncated>0</truncated>
		<difficult>0</difficult>
		<bndbox>
			<xmin>1648</xmin>
			<ymin>2366</ymin>
			<xmax>1720</xmax>
			<ymax>2481</ymax>
		</bndbox>
	</object>
	<object>
		<name>sp17</name>
		<pose>Unspecified</pose>
		<truncated>0</truncated>
		<difficult>0</difficult>
		<bndbox>
			<xmin>1554</xmin>
			<ymin>2354</ymin>
			<xmax>1620</xmax>
			<ymax>2483</ymax>
		</bndbox>
	</object>
	<object>
		<name>sp17</name>
		<pose>Unspecified</pose>
		<truncated>0</truncated>
		<difficult>0</difficult>
		<bndbox>
			<xmin>1582</xmin>
			<ymin>2344</ymin>
			<xmax>1664</xmax>
			<ymax>2500</ymax>
		</bndbox>
	</object>
	<object>
		<name>sp17</name>
		<pose>Unspecified</pose>
		<truncated>0</truncated>
		<difficult>0</difficult>
		<bndbox>
			<xmin>594</xmin>
			<ymin>1129</ymin>
			<xmax>740</xmax>
			<ymax>1270</ymax>
		</bndbox>
	</object>
	<object>
		<name>sp17</name>
		<pose>Unspecified</pose>
		<truncated>0</truncated>
		<difficult>0</difficult>
		<bndbox>
			<xmin>751</xmin>
			<ymin>1276</ymin>
			<xmax>880</xmax>
			<ymax>1394</ymax>
		</bndbox>
	</object>
	<object>
		<name>sp17</name>
		<pose>Unspecified</pose>
		<truncated>0</truncated>
		<difficult>0</difficult>
		<bndbox>
			<xmin>858</xmin>
			<ymin>1239</ymin>
			<xmax>985</xmax>
			<ymax>1396</ymax>
		</bndbox>
	</object>
	<object>
		<name>sp17</name>
		<pose>Unspecified</pose>
		<truncated>0</truncated>
		<difficult>0</difficult>
		<bndbox>
			<xmin>1013</xmin>
			<ymin>1001</ymin>
			<xmax>1134</xmax>
			<ymax>1139</ymax>
		</bndbox>
	</object>
	<object>
		<name>sp17</name>
		<pose>Unspecified</pose>
		<truncated>0</truncated>
		<difficult>0</difficult>
		<bndbox>
			<xmin>926</xmin>
			<ymin>1015</ymin>
			<xmax>1042</xmax>
			<ymax>1135</ymax>
		</bndbox>
	</object>
	<object>
		<name>sp17</name>
		<pose>Unspecified</pose>
		<truncated>0</truncated>
		<difficult>0</difficult>
		<bndbox>
			<xmin>876</xmin>
			<ymin>979</ymin>
			<xmax>1000</xmax>
			<ymax>1066</ymax>
		</bndbox>
	</object>
	<object>
		<name>sp17</name>
		<pose>Unspecified</pose>
		<truncated>0</truncated>
		<difficult>0</difficult>
		<bndbox>
			<xmin>880</xmin>
			<ymin>910</ymin>
			<xmax>1003</xmax>
			<ymax>1025</ymax>
		</bndbox>
	</object>
	<object>
		<name>sp17</name>
		<pose>Unspecified</pose>
		<truncated>0</truncated>
		<difficult>0</difficult>
		<bndbox>
			<xmin>941</xmin>
			<ymin>838</ymin>
			<xmax>1073</xmax>
			<ymax>973</ymax>
		</bndbox>
	</object>
</annotation>