<annotation>
	<folder>my-project-name</folder>
	<filename>sp17_img02.jpg</filename>
	<path>/my-project-name/sp17_img02.jpg</path>
	<source>
		<database>Unspecified</database>
	</source>
	<size>
		<width>2727</width>
		<height>2761</height>
		<depth>3</depth>
	</size>
	<object>
		<name>sp17</name>
		<pose>Unspecified</pose>
		<truncated>0</truncated>
		<difficult>0</difficult>
		<bndbox>
			<xmin>896</xmin>
			<ymin>720</ymin>
			<xmax>1034</xmax>
			<ymax>858</ymax>
		</bndbox>
	</object>
	<object>
		<name>sp17</name>
		<pose>Unspecified</pose>
		<truncated>0</truncated>
		<difficult>0</difficult>
		<bndbox>
			<xmin>1016</xmin>
			<ymin>768</ymin>
			<xmax>1144</xmax>
			<ymax>916</ymax>
		</bndbox>
	</object>
	<object>
		<name>sp17</name>
		<pose>Unspecified</pose>
		<truncated>0</truncated>
		<difficult>0</difficult>
		<bndbox>
			<xmin>1175</xmin>
			<ymin>723</ymin>
			<xmax>1297</xmax>
			<ymax>857</ymax>
		</bndbox>
	</object>
	<object>
		<name>sp17</name>
		<pose>Unspecified</pose>
		<truncated>0</truncated>
		<difficult>0</difficult>
		<bndbox>
			<xmin>1214</xmin>
			<ymin>615</ymin>
			<xmax>1347</xmax>
			<ymax>732</ymax>
		</bndbox>
	</object>
	<object>
		<name>sp17</name>
		<pose>Unspecified</pose>
		<truncated>0</truncated>
		<difficult>0</difficult>
		<bndbox>
			<xmin>1336</xmin>
			<ymin>613</ymin>
			<xmax>1457</xmax>
			<ymax>725</ymax>
		</bndbox>
	</object>
	<object>
		<name>sp17</name>
		<pose>Unspecified</pose>
		<truncated>0</truncated>
		<difficult>0</difficult>
		<bndbox>
			<xmin>1454</xmin>
			<ymin>595</ymin>
			<xmax>1596</xmax>
			<ymax>711</ymax>
		</bndbox>
	</object>
	<object>
		<name>sp17</name>
		<pose>Unspecified</pose>
		<truncated>0</truncated>
		<difficult>0</difficult>
		<bndbox>
			<xmin>1458</xmin>
			<ymin>713</ymin>
			<xmax>1585</xmax>
			<ymax>826</ymax>
		</bndbox>
	</object>
	<object>
		<name>sp17</name>
		<pose>Unspecified</pose>
		<truncated>0</truncated>
		<difficult>0</difficult>
		<bndbox>
			<xmin>1936</xmin>
			<ymin>508</ymin>
			<xmax>2075</xmax>
			<ymax>650</ymax>
		</bndbox>
	</object>
	<object>
		<name>sp17</name>
		<pose>Unspecified</pose>
		<truncated>0</truncated>
		<difficult>0</difficult>
		<bndbox>
			<xmin>1789</xmin>
			<ymin>850</ymin>
			<xmax>1941</xmax>
			<ymax>999</ymax>
		</bndbox>
	</object>
	<object>
		<name>sp17</name>
		<pose>Unspecified</pose>
		<truncated>0</truncated>
		<difficult>0</difficult>
		<bndbox>
			<xmin>1567</xmin>
			<ymin>977</ymin>
			<xmax>1717</xmax>
			<ymax>1119</ymax>
		</bndbox>
	</object>
	<object>
		<name>sp17</name>
		<pose>Unspecified</pose>
		<truncated>0</truncated>
		<difficult>0</difficult>
		<bndbox>
			<xmin>1409</xmin>
			<ymin>978</ymin>
			<xmax>1547</xmax>
			<ymax>1105</ymax>
		</bndbox>
	</object>
	<object>
		<name>sp17</name>
		<pose>Unspecified</pose>
		<truncated>0</truncated>
		<difficult>0</difficult>
		<bndbox>
			<xmin>1288</xmin>
			<ymin>1068</ymin>
			<xmax>1434</xmax>
			<ymax>1184</ymax>
		</bndbox>
	</object>
	<object>
		<name>sp17</name>
		<pose>Unspecified</pose>
		<truncated>0</truncated>
		<difficult>0</difficult>
		<bndbox>
			<xmin>1307</xmin>
			<ymin>1166</ymin>
			<xmax>1450</xmax>
			<ymax>1306</ymax>
		</bndbox>
	</object>
	<object>
		<name>sp17</name>
		<pose>Unspecified</pose>
		<truncated>0</truncated>
		<difficult>0</difficult>
		<bndbox>
			<xmin>1520</xmin>
			<ymin>1149</ymin>
			<xmax>1647</xmax>
			<ymax>1280</ymax>
		</bndbox>
	</object>
	<object>
		<name>sp17</name>
		<pose>Unspecified</pose>
		<truncated>0</truncated>
		<difficult>0</difficult>
		<bndbox>
			<xmin>1461</xmin>
			<ymin>1346</ymin>
			<xmax>1585</xmax>
			<ymax>1470</ymax>
		</bndbox>
	</object>
	<object>
		<name>sp17</name>
		<pose>Unspecified</pose>
		<truncated>0</truncated>
		<difficult>0</difficult>
		<bndbox>
			<xmin>1538</xmin>
			<ymin>1274</ymin>
			<xmax>1640</xmax>
			<ymax>1391</ymax>
		</bndbox>
	</object>
	<object>
		<name>sp17</name>
		<pose>Unspecified</pose>
		<truncated>0</truncated>
		<difficult>0</difficult>
		<bndbox>
			<xmin>1629</xmin>
			<ymin>1266</ymin>
			<xmax>1729</xmax>
			<ymax>1391</ymax>
		</bndbox>
	</object>
	<object>
		<name>sp17</name>
		<pose>Unspecified</pose>
		<truncated>0</truncated>
		<difficult>0</difficult>
		<bndbox>
			<xmin>1599</xmin>
			<ymin>1363</ymin>
			<xmax>1719</xmax>
			<ymax>1483</ymax>
		</bndbox>
	</object>
	<object>
		<name>sp17</name>
		<pose>Unspecified</pose>
		<truncated>0</truncated>
		<difficult>0</difficult>
		<bndbox>
			<xmin>1671</xmin>
			<ymin>1425</ymin>
			<xmax>1788</xmax>
			<ymax>1547</ymax>
		</bndbox>
	</object>
	<object>
		<name>sp17</name>
		<pose>Unspecified</pose>
		<truncated>0</truncated>
		<difficult>0</difficult>
		<bndbox>
			<xmin>1188</xmin>
			<ymin>1381</ymin>
			<xmax>1345</xmax>
			<ymax>1515</ymax>
		</bndbox>
	</object>
	<object>
		<name>sp17</name>
		<pose>Unspecified</pose>
		<truncated>0</truncated>
		<difficult>0</difficult>
		<bndbox>
			<xmin>1081</xmin>
			<ymin>1539</ymin>
			<xmax>1231</xmax>
			<ymax>1667</ymax>
		</bndbox>
	</object>
	<object>
		<name>sp17</name>
		<pose>Unspecified</pose>
		<truncated>0</truncated>
		<difficult>0</difficult>
		<bndbox>
			<xmin>2247</xmin>
			<ymin>863</ymin>
			<xmax>2357</xmax>
			<ymax>973</ymax>
		</bndbox>
	</object>
	<object>
		<name>sp17</name>
		<pose>Unspecified</pose>
		<truncated>0</truncated>
		<difficult>0</difficult>
		<bndbox>
			<xmin>2278</xmin>
			<ymin>909</ymin>
			<xmax>2409</xmax>
			<ymax>1011</ymax>
		</bndbox>
	</object>
	<object>
		<name>sp17</name>
		<pose>Unspecified</pose>
		<truncated>0</truncated>
		<difficult>0</difficult>
		<bndbox>
			<xmin>2268</xmin>
			<ymin>1004</ymin>
			<xmax>2413</xmax>
			<ymax>1132</ymax>
		</bndbox>
	</object>
	<object>
		<name>sp17</name>
		<pose>Unspecified</pose>
		<truncated>0</truncated>
		<difficult>0</difficult>
		<bndbox>
			<xmin>2091</xmin>
			<ymin>1402</ymin>
			<xmax>2250</xmax>
			<ymax>1581</ymax>
		</bndbox>
	</object>
	<object>
		<name>sp17</name>
		<pose>Unspecified</pose>
		<truncated>0</truncated>
		<difficult>0</difficult>
		<bndbox>
			<xmin>2272</xmin>
			<ymin>1487</ymin>
			<xmax>2391</xmax>
			<ymax>1631</ymax>
		</bndbox>
	</object>
	<object>
		<name>sp17</name>
		<pose>Unspecified</pose>
		<truncated>0</truncated>
		<difficult>0</difficult>
		<bndbox>
			<xmin>2420</xmin>
			<ymin>1294</ymin>
			<xmax>2564</xmax>
			<ymax>1433</ymax>
		</bndbox>
	</object>
	<object>
		<name>sp17</name>
		<pose>Unspecified</pose>
		<truncated>0</truncated>
		<difficult>0</difficult>
		<bndbox>
			<xmin>2405</xmin>
			<ymin>1664</ymin>
			<xmax>2550</xmax>
			<ymax>1814</ymax>
		</bndbox>
	</object>
	<object>
		<name>sp17</name>
		<pose>Unspecified</pose>
		<truncated>0</truncated>
		<difficult>0</difficult>
		<bndbox>
			<xmin>2272</xmin>
			<ymin>1890</ymin>
			<xmax>2398</xmax>
			<ymax>2017</ymax>
		</bndbox>
	</object>
	<object>
		<name>sp17</name>
		<pose>Unspecified</pose>
		<truncated>0</truncated>
		<difficult>0</difficult>
		<bndbox>
			<xmin>2117</xmin>
			<ymin>1935</ymin>
			<xmax>2284</xmax>
			<ymax>2077</ymax>
		</bndbox>
	</object>
	<object>
		<name>sp17</name>
		<pose>Unspecified</pose>
		<truncated>0</truncated>
		<difficult>0</difficult>
		<bndbox>
			<xmin>2127</xmin>
			<ymin>2064</ymin>
			<xmax>2289</xmax>
			<ymax>2197</ymax>
		</bndbox>
	</object>
	<object>
		<name>sp17</name>
		<pose>Unspecified</pose>
		<truncated>0</truncated>
		<difficult>0</difficult>
		<bndbox>
			<xmin>1972</xmin>
			<ymin>2110</ymin>
			<xmax>2116</xmax>
			<ymax>2260</ymax>
		</bndbox>
	</object>
	<object>
		<name>sp17</name>
		<pose>Unspecified</pose>
		<truncated>0</truncated>
		<difficult>0</difficult>
		<bndbox>
			<xmin>1513</xmin>
			<ymin>2152</ymin>
			<xmax>1651</xmax>
			<ymax>2276</ymax>
		</bndbox>
	</object>
	<object>
		<name>sp17</name>
		<pose>Unspecified</pose>
		<truncated>0</truncated>
		<difficult>0</difficult>
		<bndbox>
			<xmin>1607</xmin>
			<ymin>2263</ymin>
			<xmax>1727</xmax>
			<ymax>2376</ymax>
		</bndbox>
	</object>
	<object>
		<name>sp17</name>
		<pose>Unspecified</pose>
		<truncated>0</truncated>
		<difficult>0</difficult>
		<bndbox>
			<xmin>1024</xmin>
			<ymin>2217</ymin>
			<xmax>1162</xmax>
			<ymax>2355</ymax>
		</bndbox>
	</object>
	<object>
		<name>sp17</name>
		<pose>Unspecified</pose>
		<truncated>0</truncated>
		<difficult>0</difficult>
		<bndbox>
			<xmin>1134</xmin>
			<ymin>2288</ymin>
			<xmax>1288</xmax>
			<ymax>2398</ymax>
		</bndbox>
	</object>
	<object>
		<name>sp17</name>
		<pose>Unspecified</pose>
		<truncated>0</truncated>
		<difficult>0</difficult>
		<bndbox>
			<xmin>1786</xmin>
			<ymin>2428</ymin>
			<xmax>1917</xmax>
			<ymax>2539</ymax>
		</bndbox>
	</object>
	<object>
		<name>sp17</name>
		<pose>Unspecified</pose>
		<truncated>0</truncated>
		<difficult>0</difficult>
		<bndbox>
			<xmin>864</xmin>
			<ymin>2397</ymin>
			<xmax>973</xmax>
			<ymax>2476</ymax>
		</bndbox>
	</object>
	<object>
		<name>sp17</name>
		<pose>Unspecified</pose>
		<truncated>0</truncated>
		<difficult>0</difficult>
		<bndbox>
			<xmin>656</xmin>
			<ymin>2077</ymin>
			<xmax>764</xmax>
			<ymax>2170</ymax>
		</bndbox>
	</object>
	<object>
		<name>sp17</name>
		<pose>Unspecified</pose>
		<truncated>0</truncated>
		<difficult>0</difficult>
		<bndbox>
			<xmin>799</xmin>
			<ymin>2100</ymin>
			<xmax>921</xmax>
			<ymax>2207</ymax>
		</bndbox>
	</object>
	<object>
		<name>sp17</name>
		<pose>Unspecified</pose>
		<truncated>0</truncated>
		<difficult>0</difficult>
		<bndbox>
			<xmin>800</xmin>
			<ymin>2029</ymin>
			<xmax>942</xmax>
			<ymax>2131</ymax>
		</bndbox>
	</object>
	<object>
		<name>sp17</name>
		<pose>Unspecified</pose>
		<truncated>0</truncated>
		<difficult>0</difficult>
		<bndbox>
			<xmin>779</xmin>
			<ymin>1921</ymin>
			<xmax>907</xmax>
			<ymax>2029</ymax>
		</bndbox>
	</object>
	<object>
		<name>sp17</name>
		<pose>Unspecified</pose>
		<truncated>0</truncated>
		<difficult>0</difficult>
		<bndbox>
			<xmin>723</xmin>
			<ymin>1940</ymin>
			<xmax>830</xmax>
			<ymax>2043</ymax>
		</bndbox>
	</object>
	<object>
		<name>sp17</name>
		<pose>Unspecified</pose>
		<truncated>0</truncated>
		<difficult>0</difficult>
		<bndbox>
			<xmin>400</xmin>
			<ymin>1883</ymin>
			<xmax>523</xmax>
			<ymax>1994</ymax>
		</bndbox>
	</object>
	<object>
		<name>sp17</name>
		<pose>Unspecified</pose>
		<truncated>0</truncated>
		<difficult>0</difficult>
		<bndbox>
			<xmin>706</xmin>
			<ymin>2401</ymin>
			<xmax>806</xmax>
			<ymax>2496</ymax>
		</bndbox>
	</object>
	<object>
		<name>sp17</name>
		<pose>Unspecified</pose>
		<truncated>0</truncated>
		<difficult>0</difficult>
		<bndbox>
			<xmin>1217</xmin>
			<ymin>2527</ymin>
			<xmax>1320</xmax>
			<ymax>2619</ymax>
		</bndbox>
	</object>
	<object>
		<name>sp17</name>
		<pose>Unspecified</pose>
		<truncated>0</truncated>
		<difficult>0</difficult>
		<bndbox>
			<xmin>624</xmin>
			<ymin>1435</ymin>
			<xmax>758</xmax>
			<ymax>1578</ymax>
		</bndbox>
	</object>
	<object>
		<name>sp17</name>
		<pose>Unspecified</pose>
		<truncated>0</truncated>
		<difficult>0</difficult>
		<bndbox>
			<xmin>537</xmin>
			<ymin>1659</ymin>
			<xmax>672</xmax>
			<ymax>1769</ymax>
		</bndbox>
	</object>
	<object>
		<name>sp17</name>
		<pose>Unspecified</pose>
		<truncated>0</truncated>
		<difficult>0</difficult>
		<bndbox>
			<xmin>558</xmin>
			<ymin>1745</ymin>
			<xmax>676</xmax>
			<ymax>1842</ymax>
		</bndbox>
	</object>
	<object>
		<name>sp17</name>
		<pose>Unspecified</pose>
		<truncated>0</truncated>
		<difficult>0</difficult>
		<bndbox>
			<xmin>568</xmin>
			<ymin>1852</ymin>
			<xmax>658</xmax>
			<ymax>1971</ymax>
		</bndbox>
	</object>
	<object>
		<name>sp17</name>
		<pose>Unspecified</pose>
		<truncated>0</truncated>
		<difficult>0</difficult>
		<bndbox>
			<xmin>635</xmin>
			<ymin>1857</ymin>
			<xmax>735</xmax>
			<ymax>1956</ymax>
		</bndbox>
	</object>
	<object>
		<name>sp17</name>
		<pose>Unspecified</pose>
		<truncated>0</truncated>
		<difficult>0</difficult>
		<bndbox>
			<xmin>737</xmin>
			<ymin>1273</ymin>
			<xmax>873</xmax>
			<ymax>1402</ymax>
		</bndbox>
	</object>
</annotation>