<annotation>
	<folder>my-project-name</folder>
	<filename>sp18_img10.jpg</filename>
	<path>/my-project-name/sp18_img10.jpg</path>
	<source>
		<database>Unspecified</database>
	</source>
	<size>
		<width>2797</width>
		<height>2809</height>
		<depth>3</depth>
	</size>
	<object>
		<name>sp18</name>
		<pose>Unspecified</pose>
		<truncated>0</truncated>
		<difficult>0</difficult>
		<bndbox>
			<xmin>2027</xmin>
			<ymin>382</ymin>
			<xmax>2112</xmax>
			<ymax>463</ymax>
		</bndbox>
	</object>
	<object>
		<name>sp18</name>
		<pose>Unspecified</pose>
		<truncated>0</truncated>
		<difficult>0</difficult>
		<bndbox>
			<xmin>1978</xmin>
			<ymin>298</ymin>
			<xmax>2058</xmax>
			<ymax>382</ymax>
		</bndbox>
	</object>
	<object>
		<name>sp18</name>
		<pose>Unspecified</pose>
		<truncated>0</truncated>
		<difficult>0</difficult>
		<bndbox>
			<xmin>1752</xmin>
			<ymin>251</ymin>
			<xmax>1851</xmax>
			<ymax>361</ymax>
		</bndbox>
	</object>
	<object>
		<name>sp18</name>
		<pose>Unspecified</pose>
		<truncated>0</truncated>
		<difficult>0</difficult>
		<bndbox>
			<xmin>1752</xmin>
			<ymin>155</ymin>
			<xmax>1859</xmax>
			<ymax>233</ymax>
		</bndbox>
	</object>
	<object>
		<name>sp18</name>
		<pose>Unspecified</pose>
		<truncated>0</truncated>
		<difficult>0</difficult>
		<bndbox>
			<xmin>1686</xmin>
			<ymin>193</ymin>
			<xmax>1781</xmax>
			<ymax>297</ymax>
		</bndbox>
	</object>
	<object>
		<name>sp18</name>
		<pose>Unspecified</pose>
		<truncated>0</truncated>
		<difficult>0</difficult>
		<bndbox>
			<xmin>1592</xmin>
			<ymin>151</ymin>
			<xmax>1689</xmax>
			<ymax>246</ymax>
		</bndbox>
	</object>
	<object>
		<name>sp18</name>
		<pose>Unspecified</pose>
		<truncated>0</truncated>
		<difficult>0</difficult>
		<bndbox>
			<xmin>1536</xmin>
			<ymin>109</ymin>
			<xmax>1617</xmax>
			<ymax>199</ymax>
		</bndbox>
	</object>
	<object>
		<name>sp18</name>
		<pose>Unspecified</pose>
		<truncated>0</truncated>
		<difficult>0</difficult>
		<bndbox>
			<xmin>1272</xmin>
			<ymin>98</ymin>
			<xmax>1340</xmax>
			<ymax>137</ymax>
		</bndbox>
	</object>
	<object>
		<name>sp18</name>
		<pose>Unspecified</pose>
		<truncated>0</truncated>
		<difficult>0</difficult>
		<bndbox>
			<xmin>1480</xmin>
			<ymin>96</ymin>
			<xmax>1545</xmax>
			<ymax>150</ymax>
		</bndbox>
	</object>
	<object>
		<name>sp18</name>
		<pose>Unspecified</pose>
		<truncated>0</truncated>
		<difficult>0</difficult>
		<bndbox>
			<xmin>1036</xmin>
			<ymin>141</ymin>
			<xmax>1064</xmax>
			<ymax>164</ymax>
		</bndbox>
	</object>
	<object>
		<name>sp18</name>
		<pose>Unspecified</pose>
		<truncated>0</truncated>
		<difficult>0</difficult>
		<bndbox>
			<xmin>1059</xmin>
			<ymin>136</ymin>
			<xmax>1136</xmax>
			<ymax>191</ymax>
		</bndbox>
	</object>
	<object>
		<name>sp18</name>
		<pose>Unspecified</pose>
		<truncated>0</truncated>
		<difficult>0</difficult>
		<bndbox>
			<xmin>947</xmin>
			<ymin>175</ymin>
			<xmax>1015</xmax>
			<ymax>217</ymax>
		</bndbox>
	</object>
	<object>
		<name>sp18</name>
		<pose>Unspecified</pose>
		<truncated>0</truncated>
		<difficult>0</difficult>
		<bndbox>
			<xmin>879</xmin>
			<ymin>184</ymin>
			<xmax>960</xmax>
			<ymax>229</ymax>
		</bndbox>
	</object>
	<object>
		<name>sp18</name>
		<pose>Unspecified</pose>
		<truncated>0</truncated>
		<difficult>0</difficult>
		<bndbox>
			<xmin>873</xmin>
			<ymin>243</ymin>
			<xmax>975</xmax>
			<ymax>348</ymax>
		</bndbox>
	</object>
	<object>
		<name>sp18</name>
		<pose>Unspecified</pose>
		<truncated>0</truncated>
		<difficult>0</difficult>
		<bndbox>
			<xmin>735</xmin>
			<ymin>257</ymin>
			<xmax>819</xmax>
			<ymax>338</ymax>
		</bndbox>
	</object>
	<object>
		<name>sp18</name>
		<pose>Unspecified</pose>
		<truncated>0</truncated>
		<difficult>0</difficult>
		<bndbox>
			<xmin>726</xmin>
			<ymin>385</ymin>
			<xmax>814</xmax>
			<ymax>475</ymax>
		</bndbox>
	</object>
	<object>
		<name>sp18</name>
		<pose>Unspecified</pose>
		<truncated>0</truncated>
		<difficult>0</difficult>
		<bndbox>
			<xmin>703</xmin>
			<ymin>434</ymin>
			<xmax>777</xmax>
			<ymax>521</ymax>
		</bndbox>
	</object>
	<object>
		<name>sp18</name>
		<pose>Unspecified</pose>
		<truncated>0</truncated>
		<difficult>0</difficult>
		<bndbox>
			<xmin>658</xmin>
			<ymin>312</ymin>
			<xmax>717</xmax>
			<ymax>372</ymax>
		</bndbox>
	</object>
	<object>
		<name>sp18</name>
		<pose>Unspecified</pose>
		<truncated>0</truncated>
		<difficult>0</difficult>
		<bndbox>
			<xmin>618</xmin>
			<ymin>338</ymin>
			<xmax>663</xmax>
			<ymax>374</ymax>
		</bndbox>
	</object>
	<object>
		<name>sp18</name>
		<pose>Unspecified</pose>
		<truncated>0</truncated>
		<difficult>0</difficult>
		<bndbox>
			<xmin>630</xmin>
			<ymin>359</ymin>
			<xmax>676</xmax>
			<ymax>411</ymax>
		</bndbox>
	</object>
	<object>
		<name>sp18</name>
		<pose>Unspecified</pose>
		<truncated>0</truncated>
		<difficult>0</difficult>
		<bndbox>
			<xmin>544</xmin>
			<ymin>392</ymin>
			<xmax>614</xmax>
			<ymax>462</ymax>
		</bndbox>
	</object>
	<object>
		<name>sp18</name>
		<pose>Unspecified</pose>
		<truncated>0</truncated>
		<difficult>0</difficult>
		<bndbox>
			<xmin>601</xmin>
			<ymin>377</ymin>
			<xmax>665</xmax>
			<ymax>452</ymax>
		</bndbox>
	</object>
	<object>
		<name>sp18</name>
		<pose>Unspecified</pose>
		<truncated>0</truncated>
		<difficult>0</difficult>
		<bndbox>
			<xmin>648</xmin>
			<ymin>402</ymin>
			<xmax>693</xmax>
			<ymax>452</ymax>
		</bndbox>
	</object>
	<object>
		<name>sp18</name>
		<pose>Unspecified</pose>
		<truncated>0</truncated>
		<difficult>0</difficult>
		<bndbox>
			<xmin>677</xmin>
			<ymin>399</ymin>
			<xmax>729</xmax>
			<ymax>465</ymax>
		</bndbox>
	</object>
	<object>
		<name>sp18</name>
		<pose>Unspecified</pose>
		<truncated>0</truncated>
		<difficult>0</difficult>
		<bndbox>
			<xmin>643</xmin>
			<ymin>438</ymin>
			<xmax>705</xmax>
			<ymax>501</ymax>
		</bndbox>
	</object>
	<object>
		<name>sp18</name>
		<pose>Unspecified</pose>
		<truncated>0</truncated>
		<difficult>0</difficult>
		<bndbox>
			<xmin>617</xmin>
			<ymin>467</ymin>
			<xmax>684</xmax>
			<ymax>534</ymax>
		</bndbox>
	</object>
	<object>
		<name>sp18</name>
		<pose>Unspecified</pose>
		<truncated>0</truncated>
		<difficult>0</difficult>
		<bndbox>
			<xmin>571</xmin>
			<ymin>462</ymin>
			<xmax>624</xmax>
			<ymax>499</ymax>
		</bndbox>
	</object>
	<object>
		<name>sp18</name>
		<pose>Unspecified</pose>
		<truncated>0</truncated>
		<difficult>0</difficult>
		<bndbox>
			<xmin>535</xmin>
			<ymin>500</ymin>
			<xmax>585</xmax>
			<ymax>546</ymax>
		</bndbox>
	</object>
	<object>
		<name>sp18</name>
		<pose>Unspecified</pose>
		<truncated>0</truncated>
		<difficult>0</difficult>
		<bndbox>
			<xmin>573</xmin>
			<ymin>493</ymin>
			<xmax>612</xmax>
			<ymax>527</ymax>
		</bndbox>
	</object>
	<object>
		<name>sp18</name>
		<pose>Unspecified</pose>
		<truncated>0</truncated>
		<difficult>0</difficult>
		<bndbox>
			<xmin>604</xmin>
			<ymin>490</ymin>
			<xmax>635</xmax>
			<ymax>546</ymax>
		</bndbox>
	</object>
	<object>
		<name>sp18</name>
		<pose>Unspecified</pose>
		<truncated>0</truncated>
		<difficult>0</difficult>
		<bndbox>
			<xmin>605</xmin>
			<ymin>535</ymin>
			<xmax>676</xmax>
			<ymax>591</ymax>
		</bndbox>
	</object>
	<object>
		<name>sp18</name>
		<pose>Unspecified</pose>
		<truncated>0</truncated>
		<difficult>0</difficult>
		<bndbox>
			<xmin>600</xmin>
			<ymin>578</ymin>
			<xmax>665</xmax>
			<ymax>637</ymax>
		</bndbox>
	</object>
	<object>
		<name>sp18</name>
		<pose>Unspecified</pose>
		<truncated>0</truncated>
		<difficult>0</difficult>
		<bndbox>
			<xmin>577</xmin>
			<ymin>591</ymin>
			<xmax>611</xmax>
			<ymax>614</ymax>
		</bndbox>
	</object>
	<object>
		<name>sp18</name>
		<pose>Unspecified</pose>
		<truncated>0</truncated>
		<difficult>0</difficult>
		<bndbox>
			<xmin>564</xmin>
			<ymin>561</ymin>
			<xmax>615</xmax>
			<ymax>609</ymax>
		</bndbox>
	</object>
	<object>
		<name>sp18</name>
		<pose>Unspecified</pose>
		<truncated>0</truncated>
		<difficult>0</difficult>
		<bndbox>
			<xmin>541</xmin>
			<ymin>578</ymin>
			<xmax>582</xmax>
			<ymax>615</ymax>
		</bndbox>
	</object>
	<object>
		<name>sp18</name>
		<pose>Unspecified</pose>
		<truncated>0</truncated>
		<difficult>0</difficult>
		<bndbox>
			<xmin>511</xmin>
			<ymin>527</ymin>
			<xmax>571</xmax>
			<ymax>582</ymax>
		</bndbox>
	</object>
	<object>
		<name>sp18</name>
		<pose>Unspecified</pose>
		<truncated>0</truncated>
		<difficult>0</difficult>
		<bndbox>
			<xmin>483</xmin>
			<ymin>560</ymin>
			<xmax>558</xmax>
			<ymax>621</ymax>
		</bndbox>
	</object>
	<object>
		<name>sp18</name>
		<pose>Unspecified</pose>
		<truncated>0</truncated>
		<difficult>0</difficult>
		<bndbox>
			<xmin>475</xmin>
			<ymin>605</ymin>
			<xmax>554</xmax>
			<ymax>657</ymax>
		</bndbox>
	</object>
	<object>
		<name>sp18</name>
		<pose>Unspecified</pose>
		<truncated>0</truncated>
		<difficult>0</difficult>
		<bndbox>
			<xmin>558</xmin>
			<ymin>610</ymin>
			<xmax>619</xmax>
			<ymax>666</ymax>
		</bndbox>
	</object>
	<object>
		<name>sp18</name>
		<pose>Unspecified</pose>
		<truncated>0</truncated>
		<difficult>0</difficult>
		<bndbox>
			<xmin>511</xmin>
			<ymin>647</ymin>
			<xmax>577</xmax>
			<ymax>715</ymax>
		</bndbox>
	</object>
	<object>
		<name>sp18</name>
		<pose>Unspecified</pose>
		<truncated>0</truncated>
		<difficult>0</difficult>
		<bndbox>
			<xmin>549</xmin>
			<ymin>665</ymin>
			<xmax>616</xmax>
			<ymax>744</ymax>
		</bndbox>
	</object>
	<object>
		<name>sp18</name>
		<pose>Unspecified</pose>
		<truncated>0</truncated>
		<difficult>0</difficult>
		<bndbox>
			<xmin>499</xmin>
			<ymin>712</ymin>
			<xmax>555</xmax>
			<ymax>759</ymax>
		</bndbox>
	</object>
	<object>
		<name>sp18</name>
		<pose>Unspecified</pose>
		<truncated>0</truncated>
		<difficult>0</difficult>
		<bndbox>
			<xmin>546</xmin>
			<ymin>736</ymin>
			<xmax>601</xmax>
			<ymax>784</ymax>
		</bndbox>
	</object>
	<object>
		<name>sp18</name>
		<pose>Unspecified</pose>
		<truncated>0</truncated>
		<difficult>0</difficult>
		<bndbox>
			<xmin>514</xmin>
			<ymin>769</ymin>
			<xmax>588</xmax>
			<ymax>814</ymax>
		</bndbox>
	</object>
	<object>
		<name>sp18</name>
		<pose>Unspecified</pose>
		<truncated>0</truncated>
		<difficult>0</difficult>
		<bndbox>
			<xmin>508</xmin>
			<ymin>802</ymin>
			<xmax>578</xmax>
			<ymax>870</ymax>
		</bndbox>
	</object>
	<object>
		<name>sp18</name>
		<pose>Unspecified</pose>
		<truncated>0</truncated>
		<difficult>0</difficult>
		<bndbox>
			<xmin>650</xmin>
			<ymin>884</ymin>
			<xmax>731</xmax>
			<ymax>966</ymax>
		</bndbox>
	</object>
	<object>
		<name>sp18</name>
		<pose>Unspecified</pose>
		<truncated>0</truncated>
		<difficult>0</difficult>
		<bndbox>
			<xmin>823</xmin>
			<ymin>846</ymin>
			<xmax>929</xmax>
			<ymax>940</ymax>
		</bndbox>
	</object>
	<object>
		<name>sp18</name>
		<pose>Unspecified</pose>
		<truncated>0</truncated>
		<difficult>0</difficult>
		<bndbox>
			<xmin>447</xmin>
			<ymin>661</ymin>
			<xmax>527</xmax>
			<ymax>733</ymax>
		</bndbox>
	</object>
	<object>
		<name>sp18</name>
		<pose>Unspecified</pose>
		<truncated>0</truncated>
		<difficult>0</difficult>
		<bndbox>
			<xmin>413</xmin>
			<ymin>696</ymin>
			<xmax>501</xmax>
			<ymax>784</ymax>
		</bndbox>
	</object>
	<object>
		<name>sp18</name>
		<pose>Unspecified</pose>
		<truncated>0</truncated>
		<difficult>0</difficult>
		<bndbox>
			<xmin>439</xmin>
			<ymin>763</ymin>
			<xmax>517</xmax>
			<ymax>825</ymax>
		</bndbox>
	</object>
	<object>
		<name>sp18</name>
		<pose>Unspecified</pose>
		<truncated>0</truncated>
		<difficult>0</difficult>
		<bndbox>
			<xmin>412</xmin>
			<ymin>803</ymin>
			<xmax>490</xmax>
			<ymax>878</ymax>
		</bndbox>
	</object>
	<object>
		<name>sp18</name>
		<pose>Unspecified</pose>
		<truncated>0</truncated>
		<difficult>0</difficult>
		<bndbox>
			<xmin>450</xmin>
			<ymin>839</ymin>
			<xmax>500</xmax>
			<ymax>902</ymax>
		</bndbox>
	</object>
	<object>
		<name>sp18</name>
		<pose>Unspecified</pose>
		<truncated>0</truncated>
		<difficult>0</difficult>
		<bndbox>
			<xmin>490</xmin>
			<ymin>872</ymin>
			<xmax>543</xmax>
			<ymax>914</ymax>
		</bndbox>
	</object>
	<object>
		<name>sp18</name>
		<pose>Unspecified</pose>
		<truncated>0</truncated>
		<difficult>0</difficult>
		<bndbox>
			<xmin>442</xmin>
			<ymin>892</ymin>
			<xmax>489</xmax>
			<ymax>935</ymax>
		</bndbox>
	</object>
	<object>
		<name>sp18</name>
		<pose>Unspecified</pose>
		<truncated>0</truncated>
		<difficult>0</difficult>
		<bndbox>
			<xmin>264</xmin>
			<ymin>703</ymin>
			<xmax>326</xmax>
			<ymax>779</ymax>
		</bndbox>
	</object>
	<object>
		<name>sp18</name>
		<pose>Unspecified</pose>
		<truncated>0</truncated>
		<difficult>0</difficult>
		<bndbox>
			<xmin>472</xmin>
			<ymin>905</ymin>
			<xmax>506</xmax>
			<ymax>951</ymax>
		</bndbox>
	</object>
	<object>
		<name>sp18</name>
		<pose>Unspecified</pose>
		<truncated>0</truncated>
		<difficult>0</difficult>
		<bndbox>
			<xmin>496</xmin>
			<ymin>911</ymin>
			<xmax>542</xmax>
			<ymax>949</ymax>
		</bndbox>
	</object>
	<object>
		<name>sp18</name>
		<pose>Unspecified</pose>
		<truncated>0</truncated>
		<difficult>0</difficult>
		<bndbox>
			<xmin>494</xmin>
			<ymin>940</ymin>
			<xmax>565</xmax>
			<ymax>999</ymax>
		</bndbox>
	</object>
	<object>
		<name>sp18</name>
		<pose>Unspecified</pose>
		<truncated>0</truncated>
		<difficult>0</difficult>
		<bndbox>
			<xmin>413</xmin>
			<ymin>945</ymin>
			<xmax>490</xmax>
			<ymax>1021</ymax>
		</bndbox>
	</object>
	<object>
		<name>sp18</name>
		<pose>Unspecified</pose>
		<truncated>0</truncated>
		<difficult>0</difficult>
		<bndbox>
			<xmin>483</xmin>
			<ymin>982</ymin>
			<xmax>522</xmax>
			<ymax>1039</ymax>
		</bndbox>
	</object>
	<object>
		<name>sp18</name>
		<pose>Unspecified</pose>
		<truncated>0</truncated>
		<difficult>0</difficult>
		<bndbox>
			<xmin>419</xmin>
			<ymin>1013</ymin>
			<xmax>488</xmax>
			<ymax>1081</ymax>
		</bndbox>
	</object>
	<object>
		<name>sp18</name>
		<pose>Unspecified</pose>
		<truncated>0</truncated>
		<difficult>0</difficult>
		<bndbox>
			<xmin>344</xmin>
			<ymin>1099</ymin>
			<xmax>418</xmax>
			<ymax>1185</ymax>
		</bndbox>
	</object>
	<object>
		<name>sp18</name>
		<pose>Unspecified</pose>
		<truncated>0</truncated>
		<difficult>0</difficult>
		<bndbox>
			<xmin>140</xmin>
			<ymin>1211</ymin>
			<xmax>237</xmax>
			<ymax>1304</ymax>
		</bndbox>
	</object>
	<object>
		<name>sp18</name>
		<pose>Unspecified</pose>
		<truncated>0</truncated>
		<difficult>0</difficult>
		<bndbox>
			<xmin>165</xmin>
			<ymin>1293</ymin>
			<xmax>265</xmax>
			<ymax>1389</ymax>
		</bndbox>
	</object>
	<object>
		<name>sp18</name>
		<pose>Unspecified</pose>
		<truncated>0</truncated>
		<difficult>0</difficult>
		<bndbox>
			<xmin>272</xmin>
			<ymin>1318</ymin>
			<xmax>342</xmax>
			<ymax>1394</ymax>
		</bndbox>
	</object>
	<object>
		<name>sp18</name>
		<pose>Unspecified</pose>
		<truncated>0</truncated>
		<difficult>0</difficult>
		<bndbox>
			<xmin>298</xmin>
			<ymin>1363</ymin>
			<xmax>366</xmax>
			<ymax>1434</ymax>
		</bndbox>
	</object>
	<object>
		<name>sp18</name>
		<pose>Unspecified</pose>
		<truncated>0</truncated>
		<difficult>0</difficult>
		<bndbox>
			<xmin>381</xmin>
			<ymin>1296</ymin>
			<xmax>430</xmax>
			<ymax>1346</ymax>
		</bndbox>
	</object>
	<object>
		<name>sp18</name>
		<pose>Unspecified</pose>
		<truncated>0</truncated>
		<difficult>0</difficult>
		<bndbox>
			<xmin>442</xmin>
			<ymin>1279</ymin>
			<xmax>508</xmax>
			<ymax>1345</ymax>
		</bndbox>
	</object>
	<object>
		<name>sp18</name>
		<pose>Unspecified</pose>
		<truncated>0</truncated>
		<difficult>0</difficult>
		<bndbox>
			<xmin>406</xmin>
			<ymin>1262</ymin>
			<xmax>455</xmax>
			<ymax>1312</ymax>
		</bndbox>
	</object>
	<object>
		<name>sp18</name>
		<pose>Unspecified</pose>
		<truncated>0</truncated>
		<difficult>0</difficult>
		<bndbox>
			<xmin>355</xmin>
			<ymin>1226</ymin>
			<xmax>412</xmax>
			<ymax>1300</ymax>
		</bndbox>
	</object>
	<object>
		<name>sp18</name>
		<pose>Unspecified</pose>
		<truncated>0</truncated>
		<difficult>0</difficult>
		<bndbox>
			<xmin>389</xmin>
			<ymin>1209</ymin>
			<xmax>438</xmax>
			<ymax>1270</ymax>
		</bndbox>
	</object>
	<object>
		<name>sp18</name>
		<pose>Unspecified</pose>
		<truncated>0</truncated>
		<difficult>0</difficult>
		<bndbox>
			<xmin>407</xmin>
			<ymin>1185</ymin>
			<xmax>448</xmax>
			<ymax>1230</ymax>
		</bndbox>
	</object>
	<object>
		<name>sp18</name>
		<pose>Unspecified</pose>
		<truncated>0</truncated>
		<difficult>0</difficult>
		<bndbox>
			<xmin>449</xmin>
			<ymin>1214</ymin>
			<xmax>506</xmax>
			<ymax>1277</ymax>
		</bndbox>
	</object>
	<object>
		<name>sp18</name>
		<pose>Unspecified</pose>
		<truncated>0</truncated>
		<difficult>0</difficult>
		<bndbox>
			<xmin>439</xmin>
			<ymin>1171</ymin>
			<xmax>493</xmax>
			<ymax>1221</ymax>
		</bndbox>
	</object>
	<object>
		<name>sp18</name>
		<pose>Unspecified</pose>
		<truncated>0</truncated>
		<difficult>0</difficult>
		<bndbox>
			<xmin>434</xmin>
			<ymin>1141</ymin>
			<xmax>476</xmax>
			<ymax>1191</ymax>
		</bndbox>
	</object>
	<object>
		<name>sp18</name>
		<pose>Unspecified</pose>
		<truncated>0</truncated>
		<difficult>0</difficult>
		<bndbox>
			<xmin>447</xmin>
			<ymin>1103</ymin>
			<xmax>483</xmax>
			<ymax>1153</ymax>
		</bndbox>
	</object>
	<object>
		<name>sp18</name>
		<pose>Unspecified</pose>
		<truncated>0</truncated>
		<difficult>0</difficult>
		<bndbox>
			<xmin>470</xmin>
			<ymin>1091</ymin>
			<xmax>507</xmax>
			<ymax>1124</ymax>
		</bndbox>
	</object>
	<object>
		<name>sp18</name>
		<pose>Unspecified</pose>
		<truncated>0</truncated>
		<difficult>0</difficult>
		<bndbox>
			<xmin>470</xmin>
			<ymin>1109</ymin>
			<xmax>514</xmax>
			<ymax>1150</ymax>
		</bndbox>
	</object>
	<object>
		<name>sp18</name>
		<pose>Unspecified</pose>
		<truncated>0</truncated>
		<difficult>0</difficult>
		<bndbox>
			<xmin>472</xmin>
			<ymin>1133</ymin>
			<xmax>519</xmax>
			<ymax>1181</ymax>
		</bndbox>
	</object>
	<object>
		<name>sp18</name>
		<pose>Unspecified</pose>
		<truncated>0</truncated>
		<difficult>0</difficult>
		<bndbox>
			<xmin>510</xmin>
			<ymin>1088</ymin>
			<xmax>570</xmax>
			<ymax>1145</ymax>
		</bndbox>
	</object>
	<object>
		<name>sp18</name>
		<pose>Unspecified</pose>
		<truncated>0</truncated>
		<difficult>0</difficult>
		<bndbox>
			<xmin>517</xmin>
			<ymin>1129</ymin>
			<xmax>583</xmax>
			<ymax>1171</ymax>
		</bndbox>
	</object>
	<object>
		<name>sp18</name>
		<pose>Unspecified</pose>
		<truncated>0</truncated>
		<difficult>0</difficult>
		<bndbox>
			<xmin>520</xmin>
			<ymin>1156</ymin>
			<xmax>580</xmax>
			<ymax>1214</ymax>
		</bndbox>
	</object>
	<object>
		<name>sp18</name>
		<pose>Unspecified</pose>
		<truncated>0</truncated>
		<difficult>0</difficult>
		<bndbox>
			<xmin>499</xmin>
			<ymin>1165</ymin>
			<xmax>534</xmax>
			<ymax>1209</ymax>
		</bndbox>
	</object>
	<object>
		<name>sp18</name>
		<pose>Unspecified</pose>
		<truncated>0</truncated>
		<difficult>0</difficult>
		<bndbox>
			<xmin>496</xmin>
			<ymin>1190</ymin>
			<xmax>567</xmax>
			<ymax>1256</ymax>
		</bndbox>
	</object>
	<object>
		<name>sp18</name>
		<pose>Unspecified</pose>
		<truncated>0</truncated>
		<difficult>0</difficult>
		<bndbox>
			<xmin>578</xmin>
			<ymin>1165</ymin>
			<xmax>649</xmax>
			<ymax>1250</ymax>
		</bndbox>
	</object>
	<object>
		<name>sp18</name>
		<pose>Unspecified</pose>
		<truncated>0</truncated>
		<difficult>0</difficult>
		<bndbox>
			<xmin>636</xmin>
			<ymin>1118</ymin>
			<xmax>720</xmax>
			<ymax>1205</ymax>
		</bndbox>
	</object>
	<object>
		<name>sp18</name>
		<pose>Unspecified</pose>
		<truncated>0</truncated>
		<difficult>0</difficult>
		<bndbox>
			<xmin>600</xmin>
			<ymin>1261</ymin>
			<xmax>658</xmax>
			<ymax>1322</ymax>
		</bndbox>
	</object>
	<object>
		<name>sp18</name>
		<pose>Unspecified</pose>
		<truncated>0</truncated>
		<difficult>0</difficult>
		<bndbox>
			<xmin>546</xmin>
			<ymin>1284</ymin>
			<xmax>610</xmax>
			<ymax>1350</ymax>
		</bndbox>
	</object>
	<object>
		<name>sp18</name>
		<pose>Unspecified</pose>
		<truncated>0</truncated>
		<difficult>0</difficult>
		<bndbox>
			<xmin>565</xmin>
			<ymin>1338</ymin>
			<xmax>622</xmax>
			<ymax>1397</ymax>
		</bndbox>
	</object>
	<object>
		<name>sp18</name>
		<pose>Unspecified</pose>
		<truncated>0</truncated>
		<difficult>0</difficult>
		<bndbox>
			<xmin>511</xmin>
			<ymin>1352</ymin>
			<xmax>580</xmax>
			<ymax>1420</ymax>
		</bndbox>
	</object>
	<object>
		<name>sp18</name>
		<pose>Unspecified</pose>
		<truncated>0</truncated>
		<difficult>0</difficult>
		<bndbox>
			<xmin>474</xmin>
			<ymin>1389</ymin>
			<xmax>535</xmax>
			<ymax>1457</ymax>
		</bndbox>
	</object>
	<object>
		<name>sp18</name>
		<pose>Unspecified</pose>
		<truncated>0</truncated>
		<difficult>0</difficult>
		<bndbox>
			<xmin>488</xmin>
			<ymin>1417</ymin>
			<xmax>555</xmax>
			<ymax>1485</ymax>
		</bndbox>
	</object>
	<object>
		<name>sp18</name>
		<pose>Unspecified</pose>
		<truncated>0</truncated>
		<difficult>0</difficult>
		<bndbox>
			<xmin>542</xmin>
			<ymin>1445</ymin>
			<xmax>610</xmax>
			<ymax>1519</ymax>
		</bndbox>
	</object>
	<object>
		<name>sp18</name>
		<pose>Unspecified</pose>
		<truncated>0</truncated>
		<difficult>0</difficult>
		<bndbox>
			<xmin>616</xmin>
			<ymin>1370</ymin>
			<xmax>683</xmax>
			<ymax>1435</ymax>
		</bndbox>
	</object>
	<object>
		<name>sp18</name>
		<pose>Unspecified</pose>
		<truncated>0</truncated>
		<difficult>0</difficult>
		<bndbox>
			<xmin>662</xmin>
			<ymin>1297</ymin>
			<xmax>729</xmax>
			<ymax>1390</ymax>
		</bndbox>
	</object>
	<object>
		<name>sp18</name>
		<pose>Unspecified</pose>
		<truncated>0</truncated>
		<difficult>0</difficult>
		<bndbox>
			<xmin>706</xmin>
			<ymin>1371</ymin>
			<xmax>766</xmax>
			<ymax>1440</ymax>
		</bndbox>
	</object>
	<object>
		<name>sp18</name>
		<pose>Unspecified</pose>
		<truncated>0</truncated>
		<difficult>0</difficult>
		<bndbox>
			<xmin>747</xmin>
			<ymin>1381</ymin>
			<xmax>805</xmax>
			<ymax>1448</ymax>
		</bndbox>
	</object>
	<object>
		<name>sp18</name>
		<pose>Unspecified</pose>
		<truncated>0</truncated>
		<difficult>0</difficult>
		<bndbox>
			<xmin>751</xmin>
			<ymin>1433</ymin>
			<xmax>816</xmax>
			<ymax>1494</ymax>
		</bndbox>
	</object>
	<object>
		<name>sp18</name>
		<pose>Unspecified</pose>
		<truncated>0</truncated>
		<difficult>0</difficult>
		<bndbox>
			<xmin>728</xmin>
			<ymin>1464</ymin>
			<xmax>786</xmax>
			<ymax>1540</ymax>
		</bndbox>
	</object>
	<object>
		<name>sp18</name>
		<pose>Unspecified</pose>
		<truncated>0</truncated>
		<difficult>0</difficult>
		<bndbox>
			<xmin>787</xmin>
			<ymin>1459</ymin>
			<xmax>847</xmax>
			<ymax>1529</ymax>
		</bndbox>
	</object>
	<object>
		<name>sp18</name>
		<pose>Unspecified</pose>
		<truncated>0</truncated>
		<difficult>0</difficult>
		<bndbox>
			<xmin>675</xmin>
			<ymin>1447</ymin>
			<xmax>736</xmax>
			<ymax>1506</ymax>
		</bndbox>
	</object>
	<object>
		<name>sp18</name>
		<pose>Unspecified</pose>
		<truncated>0</truncated>
		<difficult>0</difficult>
		<bndbox>
			<xmin>662</xmin>
			<ymin>1487</ymin>
			<xmax>735</xmax>
			<ymax>1547</ymax>
		</bndbox>
	</object>
	<object>
		<name>sp18</name>
		<pose>Unspecified</pose>
		<truncated>0</truncated>
		<difficult>0</difficult>
		<bndbox>
			<xmin>611</xmin>
			<ymin>1500</ymin>
			<xmax>678</xmax>
			<ymax>1578</ymax>
		</bndbox>
	</object>
	<object>
		<name>sp18</name>
		<pose>Unspecified</pose>
		<truncated>0</truncated>
		<difficult>0</difficult>
		<bndbox>
			<xmin>1026</xmin>
			<ymin>1156</ymin>
			<xmax>1124</xmax>
			<ymax>1258</ymax>
		</bndbox>
	</object>
	<object>
		<name>sp18</name>
		<pose>Unspecified</pose>
		<truncated>0</truncated>
		<difficult>0</difficult>
		<bndbox>
			<xmin>948</xmin>
			<ymin>1423</ymin>
			<xmax>1030</xmax>
			<ymax>1518</ymax>
		</bndbox>
	</object>
	<object>
		<name>sp18</name>
		<pose>Unspecified</pose>
		<truncated>0</truncated>
		<difficult>0</difficult>
		<bndbox>
			<xmin>1042</xmin>
			<ymin>1448</ymin>
			<xmax>1115</xmax>
			<ymax>1532</ymax>
		</bndbox>
	</object>
	<object>
		<name>sp18</name>
		<pose>Unspecified</pose>
		<truncated>0</truncated>
		<difficult>0</difficult>
		<bndbox>
			<xmin>1108</xmin>
			<ymin>1401</ymin>
			<xmax>1164</xmax>
			<ymax>1486</ymax>
		</bndbox>
	</object>
	<object>
		<name>sp18</name>
		<pose>Unspecified</pose>
		<truncated>0</truncated>
		<difficult>0</difficult>
		<bndbox>
			<xmin>1150</xmin>
			<ymin>1405</ymin>
			<xmax>1187</xmax>
			<ymax>1477</ymax>
		</bndbox>
	</object>
	<object>
		<name>sp18</name>
		<pose>Unspecified</pose>
		<truncated>0</truncated>
		<difficult>0</difficult>
		<bndbox>
			<xmin>1182</xmin>
			<ymin>1399</ymin>
			<xmax>1230</xmax>
			<ymax>1484</ymax>
		</bndbox>
	</object>
	<object>
		<name>sp18</name>
		<pose>Unspecified</pose>
		<truncated>0</truncated>
		<difficult>0</difficult>
		<bndbox>
			<xmin>1259</xmin>
			<ymin>1275</ymin>
			<xmax>1351</xmax>
			<ymax>1357</ymax>
		</bndbox>
	</object>
	<object>
		<name>sp18</name>
		<pose>Unspecified</pose>
		<truncated>0</truncated>
		<difficult>0</difficult>
		<bndbox>
			<xmin>1381</xmin>
			<ymin>1177</ymin>
			<xmax>1475</xmax>
			<ymax>1276</ymax>
		</bndbox>
	</object>
	<object>
		<name>sp18</name>
		<pose>Unspecified</pose>
		<truncated>0</truncated>
		<difficult>0</difficult>
		<bndbox>
			<xmin>1140</xmin>
			<ymin>1461</ymin>
			<xmax>1217</xmax>
			<ymax>1533</ymax>
		</bndbox>
	</object>
	<object>
		<name>sp18</name>
		<pose>Unspecified</pose>
		<truncated>0</truncated>
		<difficult>0</difficult>
		<bndbox>
			<xmin>1096</xmin>
			<ymin>1515</ymin>
			<xmax>1171</xmax>
			<ymax>1588</ymax>
		</bndbox>
	</object>
	<object>
		<name>sp18</name>
		<pose>Unspecified</pose>
		<truncated>0</truncated>
		<difficult>0</difficult>
		<bndbox>
			<xmin>1158</xmin>
			<ymin>1515</ymin>
			<xmax>1222</xmax>
			<ymax>1580</ymax>
		</bndbox>
	</object>
	<object>
		<name>sp18</name>
		<pose>Unspecified</pose>
		<truncated>0</truncated>
		<difficult>0</difficult>
		<bndbox>
			<xmin>1234</xmin>
			<ymin>1518</ymin>
			<xmax>1306</xmax>
			<ymax>1593</ymax>
		</bndbox>
	</object>
	<object>
		<name>sp18</name>
		<pose>Unspecified</pose>
		<truncated>0</truncated>
		<difficult>0</difficult>
		<bndbox>
			<xmin>422</xmin>
			<ymin>1559</ymin>
			<xmax>531</xmax>
			<ymax>1650</ymax>
		</bndbox>
	</object>
	<object>
		<name>sp18</name>
		<pose>Unspecified</pose>
		<truncated>0</truncated>
		<difficult>0</difficult>
		<bndbox>
			<xmin>549</xmin>
			<ymin>1603</ymin>
			<xmax>689</xmax>
			<ymax>1725</ymax>
		</bndbox>
	</object>
	<object>
		<name>sp18</name>
		<pose>Unspecified</pose>
		<truncated>0</truncated>
		<difficult>0</difficult>
		<bndbox>
			<xmin>411</xmin>
			<ymin>1671</ymin>
			<xmax>517</xmax>
			<ymax>1774</ymax>
		</bndbox>
	</object>
	<object>
		<name>sp18</name>
		<pose>Unspecified</pose>
		<truncated>0</truncated>
		<difficult>0</difficult>
		<bndbox>
			<xmin>96</xmin>
			<ymin>1632</ymin>
			<xmax>162</xmax>
			<ymax>1710</ymax>
		</bndbox>
	</object>
	<object>
		<name>sp18</name>
		<pose>Unspecified</pose>
		<truncated>0</truncated>
		<difficult>0</difficult>
		<bndbox>
			<xmin>218</xmin>
			<ymin>1825</ymin>
			<xmax>310</xmax>
			<ymax>1911</ymax>
		</bndbox>
	</object>
	<object>
		<name>sp18</name>
		<pose>Unspecified</pose>
		<truncated>0</truncated>
		<difficult>0</difficult>
		<bndbox>
			<xmin>204</xmin>
			<ymin>1925</ymin>
			<xmax>250</xmax>
			<ymax>1990</ymax>
		</bndbox>
	</object>
	<object>
		<name>sp18</name>
		<pose>Unspecified</pose>
		<truncated>0</truncated>
		<difficult>0</difficult>
		<bndbox>
			<xmin>315</xmin>
			<ymin>2004</ymin>
			<xmax>402</xmax>
			<ymax>2064</ymax>
		</bndbox>
	</object>
	<object>
		<name>sp18</name>
		<pose>Unspecified</pose>
		<truncated>0</truncated>
		<difficult>0</difficult>
		<bndbox>
			<xmin>292</xmin>
			<ymin>2041</ymin>
			<xmax>391</xmax>
			<ymax>2108</ymax>
		</bndbox>
	</object>
	<object>
		<name>sp18</name>
		<pose>Unspecified</pose>
		<truncated>0</truncated>
		<difficult>0</difficult>
		<bndbox>
			<xmin>976</xmin>
			<ymin>1622</ymin>
			<xmax>1083</xmax>
			<ymax>1708</ymax>
		</bndbox>
	</object>
	<object>
		<name>sp18</name>
		<pose>Unspecified</pose>
		<truncated>0</truncated>
		<difficult>0</difficult>
		<bndbox>
			<xmin>1120</xmin>
			<ymin>1566</ymin>
			<xmax>1192</xmax>
			<ymax>1640</ymax>
		</bndbox>
	</object>
	<object>
		<name>sp18</name>
		<pose>Unspecified</pose>
		<truncated>0</truncated>
		<difficult>0</difficult>
		<bndbox>
			<xmin>1195</xmin>
			<ymin>1643</ymin>
			<xmax>1282</xmax>
			<ymax>1720</ymax>
		</bndbox>
	</object>
	<object>
		<name>sp18</name>
		<pose>Unspecified</pose>
		<truncated>0</truncated>
		<difficult>0</difficult>
		<bndbox>
			<xmin>1174</xmin>
			<ymin>1689</ymin>
			<xmax>1256</xmax>
			<ymax>1768</ymax>
		</bndbox>
	</object>
	<object>
		<name>sp18</name>
		<pose>Unspecified</pose>
		<truncated>0</truncated>
		<difficult>0</difficult>
		<bndbox>
			<xmin>1147</xmin>
			<ymin>1805</ymin>
			<xmax>1228</xmax>
			<ymax>1889</ymax>
		</bndbox>
	</object>
	<object>
		<name>sp18</name>
		<pose>Unspecified</pose>
		<truncated>0</truncated>
		<difficult>0</difficult>
		<bndbox>
			<xmin>1197</xmin>
			<ymin>1923</ymin>
			<xmax>1289</xmax>
			<ymax>2020</ymax>
		</bndbox>
	</object>
	<object>
		<name>sp18</name>
		<pose>Unspecified</pose>
		<truncated>0</truncated>
		<difficult>0</difficult>
		<bndbox>
			<xmin>1040</xmin>
			<ymin>1914</ymin>
			<xmax>1141</xmax>
			<ymax>2000</ymax>
		</bndbox>
	</object>
	<object>
		<name>sp18</name>
		<pose>Unspecified</pose>
		<truncated>0</truncated>
		<difficult>0</difficult>
		<bndbox>
			<xmin>1326</xmin>
			<ymin>1609</ymin>
			<xmax>1427</xmax>
			<ymax>1688</ymax>
		</bndbox>
	</object>
	<object>
		<name>sp18</name>
		<pose>Unspecified</pose>
		<truncated>0</truncated>
		<difficult>0</difficult>
		<bndbox>
			<xmin>1297</xmin>
			<ymin>1656</ymin>
			<xmax>1381</xmax>
			<ymax>1740</ymax>
		</bndbox>
	</object>
	<object>
		<name>sp18</name>
		<pose>Unspecified</pose>
		<truncated>0</truncated>
		<difficult>0</difficult>
		<bndbox>
			<xmin>1587</xmin>
			<ymin>1670</ymin>
			<xmax>1687</xmax>
			<ymax>1776</ymax>
		</bndbox>
	</object>
	<object>
		<name>sp18</name>
		<pose>Unspecified</pose>
		<truncated>0</truncated>
		<difficult>0</difficult>
		<bndbox>
			<xmin>1567</xmin>
			<ymin>2026</ymin>
			<xmax>1660</xmax>
			<ymax>2138</ymax>
		</bndbox>
	</object>
	<object>
		<name>sp18</name>
		<pose>Unspecified</pose>
		<truncated>0</truncated>
		<difficult>0</difficult>
		<bndbox>
			<xmin>1276</xmin>
			<ymin>2135</ymin>
			<xmax>1388</xmax>
			<ymax>2235</ymax>
		</bndbox>
	</object>
	<object>
		<name>sp18</name>
		<pose>Unspecified</pose>
		<truncated>0</truncated>
		<difficult>0</difficult>
		<bndbox>
			<xmin>1059</xmin>
			<ymin>2129</ymin>
			<xmax>1176</xmax>
			<ymax>2233</ymax>
		</bndbox>
	</object>
	<object>
		<name>sp18</name>
		<pose>Unspecified</pose>
		<truncated>0</truncated>
		<difficult>0</difficult>
		<bndbox>
			<xmin>1027</xmin>
			<ymin>2039</ymin>
			<xmax>1134</xmax>
			<ymax>2129</ymax>
		</bndbox>
	</object>
	<object>
		<name>sp18</name>
		<pose>Unspecified</pose>
		<truncated>0</truncated>
		<difficult>0</difficult>
		<bndbox>
			<xmin>691</xmin>
			<ymin>2034</ymin>
			<xmax>789</xmax>
			<ymax>2120</ymax>
		</bndbox>
	</object>
	<object>
		<name>sp18</name>
		<pose>Unspecified</pose>
		<truncated>0</truncated>
		<difficult>0</difficult>
		<bndbox>
			<xmin>460</xmin>
			<ymin>2215</ymin>
			<xmax>560</xmax>
			<ymax>2305</ymax>
		</bndbox>
	</object>
	<object>
		<name>sp18</name>
		<pose>Unspecified</pose>
		<truncated>0</truncated>
		<difficult>0</difficult>
		<bndbox>
			<xmin>746</xmin>
			<ymin>2302</ymin>
			<xmax>844</xmax>
			<ymax>2402</ymax>
		</bndbox>
	</object>
	<object>
		<name>sp18</name>
		<pose>Unspecified</pose>
		<truncated>0</truncated>
		<difficult>0</difficult>
		<bndbox>
			<xmin>763</xmin>
			<ymin>2413</ymin>
			<xmax>838</xmax>
			<ymax>2496</ymax>
		</bndbox>
	</object>
	<object>
		<name>sp18</name>
		<pose>Unspecified</pose>
		<truncated>0</truncated>
		<difficult>0</difficult>
		<bndbox>
			<xmin>685</xmin>
			<ymin>2404</ymin>
			<xmax>763</xmax>
			<ymax>2486</ymax>
		</bndbox>
	</object>
	<object>
		<name>sp18</name>
		<pose>Unspecified</pose>
		<truncated>0</truncated>
		<difficult>0</difficult>
		<bndbox>
			<xmin>1163</xmin>
			<ymin>2466</ymin>
			<xmax>1245</xmax>
			<ymax>2564</ymax>
		</bndbox>
	</object>
	<object>
		<name>sp18</name>
		<pose>Unspecified</pose>
		<truncated>0</truncated>
		<difficult>0</difficult>
		<bndbox>
			<xmin>1214</xmin>
			<ymin>2487</ymin>
			<xmax>1291</xmax>
			<ymax>2554</ymax>
		</bndbox>
	</object>
	<object>
		<name>sp18</name>
		<pose>Unspecified</pose>
		<truncated>0</truncated>
		<difficult>0</difficult>
		<bndbox>
			<xmin>1434</xmin>
			<ymin>2500</ymin>
			<xmax>1512</xmax>
			<ymax>2592</ymax>
		</bndbox>
	</object>
	<object>
		<name>sp18</name>
		<pose>Unspecified</pose>
		<truncated>0</truncated>
		<difficult>0</difficult>
		<bndbox>
			<xmin>1666</xmin>
			<ymin>2391</ymin>
			<xmax>1747</xmax>
			<ymax>2470</ymax>
		</bndbox>
	</object>
	<object>
		<name>sp18</name>
		<pose>Unspecified</pose>
		<truncated>0</truncated>
		<difficult>0</difficult>
		<bndbox>
			<xmin>1826</xmin>
			<ymin>2352</ymin>
			<xmax>1892</xmax>
			<ymax>2440</ymax>
		</bndbox>
	</object>
	<object>
		<name>sp18</name>
		<pose>Unspecified</pose>
		<truncated>0</truncated>
		<difficult>0</difficult>
		<bndbox>
			<xmin>1892</xmin>
			<ymin>2350</ymin>
			<xmax>1971</xmax>
			<ymax>2433</ymax>
		</bndbox>
	</object>
	<object>
		<name>sp18</name>
		<pose>Unspecified</pose>
		<truncated>0</truncated>
		<difficult>0</difficult>
		<bndbox>
			<xmin>2012</xmin>
			<ymin>1965</ymin>
			<xmax>2107</xmax>
			<ymax>2047</ymax>
		</bndbox>
	</object>
	<object>
		<name>sp18</name>
		<pose>Unspecified</pose>
		<truncated>0</truncated>
		<difficult>0</difficult>
		<bndbox>
			<xmin>2126</xmin>
			<ymin>2028</ymin>
			<xmax>2179</xmax>
			<ymax>2087</ymax>
		</bndbox>
	</object>
	<object>
		<name>sp18</name>
		<pose>Unspecified</pose>
		<truncated>0</truncated>
		<difficult>0</difficult>
		<bndbox>
			<xmin>2202</xmin>
			<ymin>2030</ymin>
			<xmax>2295</xmax>
			<ymax>2118</ymax>
		</bndbox>
	</object>
	<object>
		<name>sp18</name>
		<pose>Unspecified</pose>
		<truncated>0</truncated>
		<difficult>0</difficult>
		<bndbox>
			<xmin>2154</xmin>
			<ymin>2068</ymin>
			<xmax>2201</xmax>
			<ymax>2112</ymax>
		</bndbox>
	</object>
	<object>
		<name>sp18</name>
		<pose>Unspecified</pose>
		<truncated>0</truncated>
		<difficult>0</difficult>
		<bndbox>
			<xmin>2161</xmin>
			<ymin>2092</ymin>
			<xmax>2215</xmax>
			<ymax>2145</ymax>
		</bndbox>
	</object>
	<object>
		<name>sp18</name>
		<pose>Unspecified</pose>
		<truncated>0</truncated>
		<difficult>0</difficult>
		<bndbox>
			<xmin>2134</xmin>
			<ymin>2114</ymin>
			<xmax>2202</xmax>
			<ymax>2168</ymax>
		</bndbox>
	</object>
	<object>
		<name>sp18</name>
		<pose>Unspecified</pose>
		<truncated>0</truncated>
		<difficult>0</difficult>
		<bndbox>
			<xmin>2064</xmin>
			<ymin>2141</ymin>
			<xmax>2133</xmax>
			<ymax>2212</ymax>
		</bndbox>
	</object>
	<object>
		<name>sp18</name>
		<pose>Unspecified</pose>
		<truncated>0</truncated>
		<difficult>0</difficult>
		<bndbox>
			<xmin>1968</xmin>
			<ymin>2181</ymin>
			<xmax>2062</xmax>
			<ymax>2255</ymax>
		</bndbox>
	</object>
	<object>
		<name>sp18</name>
		<pose>Unspecified</pose>
		<truncated>0</truncated>
		<difficult>0</difficult>
		<bndbox>
			<xmin>2017</xmin>
			<ymin>2217</ymin>
			<xmax>2075</xmax>
			<ymax>2269</ymax>
		</bndbox>
	</object>
	<object>
		<name>sp18</name>
		<pose>Unspecified</pose>
		<truncated>0</truncated>
		<difficult>0</difficult>
		<bndbox>
			<xmin>1971</xmin>
			<ymin>2270</ymin>
			<xmax>2019</xmax>
			<ymax>2337</ymax>
		</bndbox>
	</object>
	<object>
		<name>sp18</name>
		<pose>Unspecified</pose>
		<truncated>0</truncated>
		<difficult>0</difficult>
		<bndbox>
			<xmin>1991</xmin>
			<ymin>2250</ymin>
			<xmax>2060</xmax>
			<ymax>2311</ymax>
		</bndbox>
	</object>
	<object>
		<name>sp18</name>
		<pose>Unspecified</pose>
		<truncated>0</truncated>
		<difficult>0</difficult>
		<bndbox>
			<xmin>2182</xmin>
			<ymin>1871</ymin>
			<xmax>2235</xmax>
			<ymax>1938</ymax>
		</bndbox>
	</object>
	<object>
		<name>sp18</name>
		<pose>Unspecified</pose>
		<truncated>0</truncated>
		<difficult>0</difficult>
		<bndbox>
			<xmin>2224</xmin>
			<ymin>1877</ymin>
			<xmax>2273</xmax>
			<ymax>1936</ymax>
		</bndbox>
	</object>
	<object>
		<name>sp18</name>
		<pose>Unspecified</pose>
		<truncated>0</truncated>
		<difficult>0</difficult>
		<bndbox>
			<xmin>2251</xmin>
			<ymin>1745</ymin>
			<xmax>2323</xmax>
			<ymax>1818</ymax>
		</bndbox>
	</object>
	<object>
		<name>sp18</name>
		<pose>Unspecified</pose>
		<truncated>0</truncated>
		<difficult>0</difficult>
		<bndbox>
			<xmin>2146</xmin>
			<ymin>1676</ymin>
			<xmax>2228</xmax>
			<ymax>1752</ymax>
		</bndbox>
	</object>
	<object>
		<name>sp18</name>
		<pose>Unspecified</pose>
		<truncated>0</truncated>
		<difficult>0</difficult>
		<bndbox>
			<xmin>1893</xmin>
			<ymin>1633</ymin>
			<xmax>1987</xmax>
			<ymax>1724</ymax>
		</bndbox>
	</object>
	<object>
		<name>sp18</name>
		<pose>Unspecified</pose>
		<truncated>0</truncated>
		<difficult>0</difficult>
		<bndbox>
			<xmin>1953</xmin>
			<ymin>1505</ymin>
			<xmax>2013</xmax>
			<ymax>1579</ymax>
		</bndbox>
	</object>
	<object>
		<name>sp18</name>
		<pose>Unspecified</pose>
		<truncated>0</truncated>
		<difficult>0</difficult>
		<bndbox>
			<xmin>2001</xmin>
			<ymin>1570</ymin>
			<xmax>2055</xmax>
			<ymax>1641</ymax>
		</bndbox>
	</object>
	<object>
		<name>sp18</name>
		<pose>Unspecified</pose>
		<truncated>0</truncated>
		<difficult>0</difficult>
		<bndbox>
			<xmin>2033</xmin>
			<ymin>1563</ymin>
			<xmax>2071</xmax>
			<ymax>1605</ymax>
		</bndbox>
	</object>
	<object>
		<name>sp18</name>
		<pose>Unspecified</pose>
		<truncated>0</truncated>
		<difficult>0</difficult>
		<bndbox>
			<xmin>2041</xmin>
			<ymin>1596</ymin>
			<xmax>2079</xmax>
			<ymax>1633</ymax>
		</bndbox>
	</object>
	<object>
		<name>sp18</name>
		<pose>Unspecified</pose>
		<truncated>0</truncated>
		<difficult>0</difficult>
		<bndbox>
			<xmin>2062</xmin>
			<ymin>1582</ymin>
			<xmax>2093</xmax>
			<ymax>1616</ymax>
		</bndbox>
	</object>
	<object>
		<name>sp18</name>
		<pose>Unspecified</pose>
		<truncated>0</truncated>
		<difficult>0</difficult>
		<bndbox>
			<xmin>2056</xmin>
			<ymin>1610</ymin>
			<xmax>2114</xmax>
			<ymax>1667</ymax>
		</bndbox>
	</object>
	<object>
		<name>sp18</name>
		<pose>Unspecified</pose>
		<truncated>0</truncated>
		<difficult>0</difficult>
		<bndbox>
			<xmin>2085</xmin>
			<ymin>1567</ymin>
			<xmax>2127</xmax>
			<ymax>1630</ymax>
		</bndbox>
	</object>
	<object>
		<name>sp18</name>
		<pose>Unspecified</pose>
		<truncated>0</truncated>
		<difficult>0</difficult>
		<bndbox>
			<xmin>2116</xmin>
			<ymin>1590</ymin>
			<xmax>2166</xmax>
			<ymax>1651</ymax>
		</bndbox>
	</object>
	<object>
		<name>sp18</name>
		<pose>Unspecified</pose>
		<truncated>0</truncated>
		<difficult>0</difficult>
		<bndbox>
			<xmin>2196</xmin>
			<ymin>1576</ymin>
			<xmax>2249</xmax>
			<ymax>1628</ymax>
		</bndbox>
	</object>
	<object>
		<name>sp18</name>
		<pose>Unspecified</pose>
		<truncated>0</truncated>
		<difficult>0</difficult>
		<bndbox>
			<xmin>2197</xmin>
			<ymin>1539</ymin>
			<xmax>2253</xmax>
			<ymax>1590</ymax>
		</bndbox>
	</object>
	<object>
		<name>sp18</name>
		<pose>Unspecified</pose>
		<truncated>0</truncated>
		<difficult>0</difficult>
		<bndbox>
			<xmin>2264</xmin>
			<ymin>1565</ymin>
			<xmax>2308</xmax>
			<ymax>1609</ymax>
		</bndbox>
	</object>
	<object>
		<name>sp18</name>
		<pose>Unspecified</pose>
		<truncated>0</truncated>
		<difficult>0</difficult>
		<bndbox>
			<xmin>2249</xmin>
			<ymin>1595</ymin>
			<xmax>2291</xmax>
			<ymax>1649</ymax>
		</bndbox>
	</object>
	<object>
		<name>sp18</name>
		<pose>Unspecified</pose>
		<truncated>0</truncated>
		<difficult>0</difficult>
		<bndbox>
			<xmin>2237</xmin>
			<ymin>1498</ymin>
			<xmax>2298</xmax>
			<ymax>1559</ymax>
		</bndbox>
	</object>
	<object>
		<name>sp18</name>
		<pose>Unspecified</pose>
		<truncated>0</truncated>
		<difficult>0</difficult>
		<bndbox>
			<xmin>2206</xmin>
			<ymin>1479</ymin>
			<xmax>2270</xmax>
			<ymax>1532</ymax>
		</bndbox>
	</object>
	<object>
		<name>sp18</name>
		<pose>Unspecified</pose>
		<truncated>0</truncated>
		<difficult>0</difficult>
		<bndbox>
			<xmin>2208</xmin>
			<ymin>1444</ymin>
			<xmax>2250</xmax>
			<ymax>1493</ymax>
		</bndbox>
	</object>
	<object>
		<name>sp18</name>
		<pose>Unspecified</pose>
		<truncated>0</truncated>
		<difficult>0</difficult>
		<bndbox>
			<xmin>2174</xmin>
			<ymin>1432</ymin>
			<xmax>2214</xmax>
			<ymax>1485</ymax>
		</bndbox>
	</object>
	<object>
		<name>sp18</name>
		<pose>Unspecified</pose>
		<truncated>0</truncated>
		<difficult>0</difficult>
		<bndbox>
			<xmin>2149</xmin>
			<ymin>1471</ymin>
			<xmax>2203</xmax>
			<ymax>1520</ymax>
		</bndbox>
	</object>
	<object>
		<name>sp18</name>
		<pose>Unspecified</pose>
		<truncated>0</truncated>
		<difficult>0</difficult>
		<bndbox>
			<xmin>2153</xmin>
			<ymin>1505</ymin>
			<xmax>2204</xmax>
			<ymax>1556</ymax>
		</bndbox>
	</object>
	<object>
		<name>sp18</name>
		<pose>Unspecified</pose>
		<truncated>0</truncated>
		<difficult>0</difficult>
		<bndbox>
			<xmin>2112</xmin>
			<ymin>1511</ymin>
			<xmax>2167</xmax>
			<ymax>1576</ymax>
		</bndbox>
	</object>
	<object>
		<name>sp18</name>
		<pose>Unspecified</pose>
		<truncated>0</truncated>
		<difficult>0</difficult>
		<bndbox>
			<xmin>2073</xmin>
			<ymin>1485</ymin>
			<xmax>2129</xmax>
			<ymax>1548</ymax>
		</bndbox>
	</object>
	<object>
		<name>sp18</name>
		<pose>Unspecified</pose>
		<truncated>0</truncated>
		<difficult>0</difficult>
		<bndbox>
			<xmin>2102</xmin>
			<ymin>1435</ymin>
			<xmax>2143</xmax>
			<ymax>1493</ymax>
		</bndbox>
	</object>
	<object>
		<name>sp18</name>
		<pose>Unspecified</pose>
		<truncated>0</truncated>
		<difficult>0</difficult>
		<bndbox>
			<xmin>2130</xmin>
			<ymin>1439</ymin>
			<xmax>2167</xmax>
			<ymax>1488</ymax>
		</bndbox>
	</object>
	<object>
		<name>sp18</name>
		<pose>Unspecified</pose>
		<truncated>0</truncated>
		<difficult>0</difficult>
		<bndbox>
			<xmin>2143</xmin>
			<ymin>1399</ymin>
			<xmax>2192</xmax>
			<ymax>1465</ymax>
		</bndbox>
	</object>
	<object>
		<name>sp18</name>
		<pose>Unspecified</pose>
		<truncated>0</truncated>
		<difficult>0</difficult>
		<bndbox>
			<xmin>2180</xmin>
			<ymin>1351</ymin>
			<xmax>2233</xmax>
			<ymax>1414</ymax>
		</bndbox>
	</object>
	<object>
		<name>sp18</name>
		<pose>Unspecified</pose>
		<truncated>0</truncated>
		<difficult>0</difficult>
		<bndbox>
			<xmin>2229</xmin>
			<ymin>1393</ymin>
			<xmax>2287</xmax>
			<ymax>1455</ymax>
		</bndbox>
	</object>
	<object>
		<name>sp18</name>
		<pose>Unspecified</pose>
		<truncated>0</truncated>
		<difficult>0</difficult>
		<bndbox>
			<xmin>2432</xmin>
			<ymin>1317</ymin>
			<xmax>2498</xmax>
			<ymax>1391</ymax>
		</bndbox>
	</object>
	<object>
		<name>sp18</name>
		<pose>Unspecified</pose>
		<truncated>0</truncated>
		<difficult>0</difficult>
		<bndbox>
			<xmin>2282</xmin>
			<ymin>1169</ymin>
			<xmax>2362</xmax>
			<ymax>1256</ymax>
		</bndbox>
	</object>
	<object>
		<name>sp18</name>
		<pose>Unspecified</pose>
		<truncated>0</truncated>
		<difficult>0</difficult>
		<bndbox>
			<xmin>2263</xmin>
			<ymin>1216</ymin>
			<xmax>2339</xmax>
			<ymax>1286</ymax>
		</bndbox>
	</object>
	<object>
		<name>sp18</name>
		<pose>Unspecified</pose>
		<truncated>0</truncated>
		<difficult>0</difficult>
		<bndbox>
			<xmin>2238</xmin>
			<ymin>1239</ymin>
			<xmax>2298</xmax>
			<ymax>1310</ymax>
		</bndbox>
	</object>
	<object>
		<name>sp18</name>
		<pose>Unspecified</pose>
		<truncated>0</truncated>
		<difficult>0</difficult>
		<bndbox>
			<xmin>2107</xmin>
			<ymin>1286</ymin>
			<xmax>2179</xmax>
			<ymax>1363</ymax>
		</bndbox>
	</object>
	<object>
		<name>sp18</name>
		<pose>Unspecified</pose>
		<truncated>0</truncated>
		<difficult>0</difficult>
		<bndbox>
			<xmin>2102</xmin>
			<ymin>1371</ymin>
			<xmax>2150</xmax>
			<ymax>1427</ymax>
		</bndbox>
	</object>
	<object>
		<name>sp18</name>
		<pose>Unspecified</pose>
		<truncated>0</truncated>
		<difficult>0</difficult>
		<bndbox>
			<xmin>2018</xmin>
			<ymin>1346</ymin>
			<xmax>2088</xmax>
			<ymax>1418</ymax>
		</bndbox>
	</object>
	<object>
		<name>sp18</name>
		<pose>Unspecified</pose>
		<truncated>0</truncated>
		<difficult>0</difficult>
		<bndbox>
			<xmin>1927</xmin>
			<ymin>1358</ymin>
			<xmax>1993</xmax>
			<ymax>1420</ymax>
		</bndbox>
	</object>
	<object>
		<name>sp18</name>
		<pose>Unspecified</pose>
		<truncated>0</truncated>
		<difficult>0</difficult>
		<bndbox>
			<xmin>1904</xmin>
			<ymin>1440</ymin>
			<xmax>1952</xmax>
			<ymax>1502</ymax>
		</bndbox>
	</object>
	<object>
		<name>sp18</name>
		<pose>Unspecified</pose>
		<truncated>0</truncated>
		<difficult>0</difficult>
		<bndbox>
			<xmin>1859</xmin>
			<ymin>1384</ymin>
			<xmax>1932</xmax>
			<ymax>1452</ymax>
		</bndbox>
	</object>
	<object>
		<name>sp18</name>
		<pose>Unspecified</pose>
		<truncated>0</truncated>
		<difficult>0</difficult>
		<bndbox>
			<xmin>1851</xmin>
			<ymin>1329</ymin>
			<xmax>1918</xmax>
			<ymax>1394</ymax>
		</bndbox>
	</object>
	<object>
		<name>sp18</name>
		<pose>Unspecified</pose>
		<truncated>0</truncated>
		<difficult>0</difficult>
		<bndbox>
			<xmin>1801</xmin>
			<ymin>1414</ymin>
			<xmax>1871</xmax>
			<ymax>1502</ymax>
		</bndbox>
	</object>
	<object>
		<name>sp18</name>
		<pose>Unspecified</pose>
		<truncated>0</truncated>
		<difficult>0</difficult>
		<bndbox>
			<xmin>1698</xmin>
			<ymin>1394</ymin>
			<xmax>1776</xmax>
			<ymax>1466</ymax>
		</bndbox>
	</object>
	<object>
		<name>sp18</name>
		<pose>Unspecified</pose>
		<truncated>0</truncated>
		<difficult>0</difficult>
		<bndbox>
			<xmin>1743</xmin>
			<ymin>1441</ymin>
			<xmax>1804</xmax>
			<ymax>1515</ymax>
		</bndbox>
	</object>
	<object>
		<name>sp18</name>
		<pose>Unspecified</pose>
		<truncated>0</truncated>
		<difficult>0</difficult>
		<bndbox>
			<xmin>1680</xmin>
			<ymin>1457</ymin>
			<xmax>1763</xmax>
			<ymax>1546</ymax>
		</bndbox>
	</object>
	<object>
		<name>sp18</name>
		<pose>Unspecified</pose>
		<truncated>0</truncated>
		<difficult>0</difficult>
		<bndbox>
			<xmin>1656</xmin>
			<ymin>1315</ymin>
			<xmax>1747</xmax>
			<ymax>1396</ymax>
		</bndbox>
	</object>
	<object>
		<name>sp18</name>
		<pose>Unspecified</pose>
		<truncated>0</truncated>
		<difficult>0</difficult>
		<bndbox>
			<xmin>1641</xmin>
			<ymin>1229</ymin>
			<xmax>1743</xmax>
			<ymax>1326</ymax>
		</bndbox>
	</object>
	<object>
		<name>sp18</name>
		<pose>Unspecified</pose>
		<truncated>0</truncated>
		<difficult>0</difficult>
		<bndbox>
			<xmin>1859</xmin>
			<ymin>1184</ymin>
			<xmax>1934</xmax>
			<ymax>1270</ymax>
		</bndbox>
	</object>
	<object>
		<name>sp18</name>
		<pose>Unspecified</pose>
		<truncated>0</truncated>
		<difficult>0</difficult>
		<bndbox>
			<xmin>1914</xmin>
			<ymin>1228</ymin>
			<xmax>1964</xmax>
			<ymax>1283</ymax>
		</bndbox>
	</object>
	<object>
		<name>sp18</name>
		<pose>Unspecified</pose>
		<truncated>0</truncated>
		<difficult>0</difficult>
		<bndbox>
			<xmin>1927</xmin>
			<ymin>1266</ymin>
			<xmax>1981</xmax>
			<ymax>1325</ymax>
		</bndbox>
	</object>
	<object>
		<name>sp18</name>
		<pose>Unspecified</pose>
		<truncated>0</truncated>
		<difficult>0</difficult>
		<bndbox>
			<xmin>1981</xmin>
			<ymin>1258</ymin>
			<xmax>2039</xmax>
			<ymax>1316</ymax>
		</bndbox>
	</object>
	<object>
		<name>sp18</name>
		<pose>Unspecified</pose>
		<truncated>0</truncated>
		<difficult>0</difficult>
		<bndbox>
			<xmin>1953</xmin>
			<ymin>1285</ymin>
			<xmax>2012</xmax>
			<ymax>1347</ymax>
		</bndbox>
	</object>
	<object>
		<name>sp18</name>
		<pose>Unspecified</pose>
		<truncated>0</truncated>
		<difficult>0</difficult>
		<bndbox>
			<xmin>2062</xmin>
			<ymin>1229</ymin>
			<xmax>2127</xmax>
			<ymax>1309</ymax>
		</bndbox>
	</object>
	<object>
		<name>sp18</name>
		<pose>Unspecified</pose>
		<truncated>0</truncated>
		<difficult>0</difficult>
		<bndbox>
			<xmin>2022</xmin>
			<ymin>1195</ymin>
			<xmax>2087</xmax>
			<ymax>1264</ymax>
		</bndbox>
	</object>
	<object>
		<name>sp18</name>
		<pose>Unspecified</pose>
		<truncated>0</truncated>
		<difficult>0</difficult>
		<bndbox>
			<xmin>2039</xmin>
			<ymin>1097</ymin>
			<xmax>2118</xmax>
			<ymax>1171</ymax>
		</bndbox>
	</object>
	<object>
		<name>sp18</name>
		<pose>Unspecified</pose>
		<truncated>0</truncated>
		<difficult>0</difficult>
		<bndbox>
			<xmin>2174</xmin>
			<ymin>1138</ymin>
			<xmax>2249</xmax>
			<ymax>1221</ymax>
		</bndbox>
	</object>
	<object>
		<name>sp18</name>
		<pose>Unspecified</pose>
		<truncated>0</truncated>
		<difficult>0</difficult>
		<bndbox>
			<xmin>1845</xmin>
			<ymin>1087</ymin>
			<xmax>1931</xmax>
			<ymax>1175</ymax>
		</bndbox>
	</object>
	<object>
		<name>sp18</name>
		<pose>Unspecified</pose>
		<truncated>0</truncated>
		<difficult>0</difficult>
		<bndbox>
			<xmin>1893</xmin>
			<ymin>1053</ymin>
			<xmax>1981</xmax>
			<ymax>1160</ymax>
		</bndbox>
	</object>
	<object>
		<name>sp18</name>
		<pose>Unspecified</pose>
		<truncated>0</truncated>
		<difficult>0</difficult>
		<bndbox>
			<xmin>1862</xmin>
			<ymin>952</ymin>
			<xmax>1959</xmax>
			<ymax>1033</ymax>
		</bndbox>
	</object>
	<object>
		<name>sp18</name>
		<pose>Unspecified</pose>
		<truncated>0</truncated>
		<difficult>0</difficult>
		<bndbox>
			<xmin>1844</xmin>
			<ymin>900</ymin>
			<xmax>1937</xmax>
			<ymax>976</ymax>
		</bndbox>
	</object>
	<object>
		<name>sp18</name>
		<pose>Unspecified</pose>
		<truncated>0</truncated>
		<difficult>0</difficult>
		<bndbox>
			<xmin>1999</xmin>
			<ymin>865</ymin>
			<xmax>2071</xmax>
			<ymax>962</ymax>
		</bndbox>
	</object>
	<object>
		<name>sp18</name>
		<pose>Unspecified</pose>
		<truncated>0</truncated>
		<difficult>0</difficult>
		<bndbox>
			<xmin>2056</xmin>
			<ymin>875</ymin>
			<xmax>2106</xmax>
			<ymax>952</ymax>
		</bndbox>
	</object>
	<object>
		<name>sp18</name>
		<pose>Unspecified</pose>
		<truncated>0</truncated>
		<difficult>0</difficult>
		<bndbox>
			<xmin>2066</xmin>
			<ymin>919</ymin>
			<xmax>2126</xmax>
			<ymax>992</ymax>
		</bndbox>
	</object>
	<object>
		<name>sp18</name>
		<pose>Unspecified</pose>
		<truncated>0</truncated>
		<difficult>0</difficult>
		<bndbox>
			<xmin>2108</xmin>
			<ymin>913</ymin>
			<xmax>2183</xmax>
			<ymax>992</ymax>
		</bndbox>
	</object>
	<object>
		<name>sp18</name>
		<pose>Unspecified</pose>
		<truncated>0</truncated>
		<difficult>0</difficult>
		<bndbox>
			<xmin>2211</xmin>
			<ymin>1015</ymin>
			<xmax>2292</xmax>
			<ymax>1091</ymax>
		</bndbox>
	</object>
	<object>
		<name>sp18</name>
		<pose>Unspecified</pose>
		<truncated>0</truncated>
		<difficult>0</difficult>
		<bndbox>
			<xmin>2111</xmin>
			<ymin>975</ymin>
			<xmax>2183</xmax>
			<ymax>1053</ymax>
		</bndbox>
	</object>
	<object>
		<name>sp18</name>
		<pose>Unspecified</pose>
		<truncated>0</truncated>
		<difficult>0</difficult>
		<bndbox>
			<xmin>2055</xmin>
			<ymin>964</ymin>
			<xmax>2126</xmax>
			<ymax>1047</ymax>
		</bndbox>
	</object>
	<object>
		<name>sp18</name>
		<pose>Unspecified</pose>
		<truncated>0</truncated>
		<difficult>0</difficult>
		<bndbox>
			<xmin>1988</xmin>
			<ymin>959</ymin>
			<xmax>2067</xmax>
			<ymax>1046</ymax>
		</bndbox>
	</object>
</annotation>