<annotation>
	<folder>my-project-name</folder>
	<filename>sp18_img06.jpg</filename>
	<path>/my-project-name/sp18_img06.jpg</path>
	<source>
		<database>Unspecified</database>
	</source>
	<size>
		<width>2745</width>
		<height>2757</height>
		<depth>3</depth>
	</size>
	<object>
		<name>sp18</name>
		<pose>Unspecified</pose>
		<truncated>0</truncated>
		<difficult>0</difficult>
		<bndbox>
			<xmin>1154</xmin>
			<ymin>468</ymin>
			<xmax>1261</xmax>
			<ymax>608</ymax>
		</bndbox>
	</object>
	<object>
		<name>sp18</name>
		<pose>Unspecified</pose>
		<truncated>0</truncated>
		<difficult>0</difficult>
		<bndbox>
			<xmin>1305</xmin>
			<ymin>468</ymin>
			<xmax>1419</xmax>
			<ymax>601</ymax>
		</bndbox>
	</object>
	<object>
		<name>sp18</name>
		<pose>Unspecified</pose>
		<truncated>0</truncated>
		<difficult>0</difficult>
		<bndbox>
			<xmin>1384</xmin>
			<ymin>731</ymin>
			<xmax>1472</xmax>
			<ymax>819</ymax>
		</bndbox>
	</object>
	<object>
		<name>sp18</name>
		<pose>Unspecified</pose>
		<truncated>0</truncated>
		<difficult>0</difficult>
		<bndbox>
			<xmin>1477</xmin>
			<ymin>698</ymin>
			<xmax>1538</xmax>
			<ymax>786</ymax>
		</bndbox>
	</object>
	<object>
		<name>sp18</name>
		<pose>Unspecified</pose>
		<truncated>0</truncated>
		<difficult>0</difficult>
		<bndbox>
			<xmin>1556</xmin>
			<ymin>501</ymin>
			<xmax>1643</xmax>
			<ymax>582</ymax>
		</bndbox>
	</object>
	<object>
		<name>sp18</name>
		<pose>Unspecified</pose>
		<truncated>0</truncated>
		<difficult>0</difficult>
		<bndbox>
			<xmin>1846</xmin>
			<ymin>501</ymin>
			<xmax>1953</xmax>
			<ymax>582</ymax>
		</bndbox>
	</object>
	<object>
		<name>sp18</name>
		<pose>Unspecified</pose>
		<truncated>0</truncated>
		<difficult>0</difficult>
		<bndbox>
			<xmin>2346</xmin>
			<ymin>909</ymin>
			<xmax>2407</xmax>
			<ymax>1010</ymax>
		</bndbox>
	</object>
	<object>
		<name>sp18</name>
		<pose>Unspecified</pose>
		<truncated>0</truncated>
		<difficult>0</difficult>
		<bndbox>
			<xmin>1345</xmin>
			<ymin>1054</ymin>
			<xmax>1452</xmax>
			<ymax>1142</ymax>
		</bndbox>
	</object>
	<object>
		<name>sp18</name>
		<pose>Unspecified</pose>
		<truncated>0</truncated>
		<difficult>0</difficult>
		<bndbox>
			<xmin>818</xmin>
			<ymin>935</ymin>
			<xmax>932</xmax>
			<ymax>990</ymax>
		</bndbox>
	</object>
	<object>
		<name>sp18</name>
		<pose>Unspecified</pose>
		<truncated>0</truncated>
		<difficult>0</difficult>
		<bndbox>
			<xmin>679</xmin>
			<ymin>1120</ymin>
			<xmax>774</xmax>
			<ymax>1234</ymax>
		</bndbox>
	</object>
	<object>
		<name>sp18</name>
		<pose>Unspecified</pose>
		<truncated>0</truncated>
		<difficult>0</difficult>
		<bndbox>
			<xmin>712</xmin>
			<ymin>1199</ymin>
			<xmax>833</xmax>
			<ymax>1280</ymax>
		</bndbox>
	</object>
	<object>
		<name>sp18</name>
		<pose>Unspecified</pose>
		<truncated>0</truncated>
		<difficult>0</difficult>
		<bndbox>
			<xmin>1239</xmin>
			<ymin>1397</ymin>
			<xmax>1340</xmax>
			<ymax>1491</ymax>
		</bndbox>
	</object>
	<object>
		<name>sp18</name>
		<pose>Unspecified</pose>
		<truncated>0</truncated>
		<difficult>0</difficult>
		<bndbox>
			<xmin>1444</xmin>
			<ymin>1673</ymin>
			<xmax>1551</xmax>
			<ymax>1814</ymax>
		</bndbox>
	</object>
	<object>
		<name>sp18</name>
		<pose>Unspecified</pose>
		<truncated>0</truncated>
		<difficult>0</difficult>
		<bndbox>
			<xmin>1358</xmin>
			<ymin>1871</ymin>
			<xmax>1452</xmax>
			<ymax>1945</ymax>
		</bndbox>
	</object>
	<object>
		<name>sp18</name>
		<pose>Unspecified</pose>
		<truncated>0</truncated>
		<difficult>0</difficult>
		<bndbox>
			<xmin>1641</xmin>
			<ymin>1963</ymin>
			<xmax>1762</xmax>
			<ymax>2031</ymax>
		</bndbox>
	</object>
	<object>
		<name>sp18</name>
		<pose>Unspecified</pose>
		<truncated>0</truncated>
		<difficult>0</difficult>
		<bndbox>
			<xmin>1602</xmin>
			<ymin>2003</ymin>
			<xmax>1676</xmax>
			<ymax>2090</ymax>
		</bndbox>
	</object>
	<object>
		<name>sp18</name>
		<pose>Unspecified</pose>
		<truncated>0</truncated>
		<difficult>0</difficult>
		<bndbox>
			<xmin>1424</xmin>
			<ymin>2115</ymin>
			<xmax>1505</xmax>
			<ymax>2196</ymax>
		</bndbox>
	</object>
	<object>
		<name>sp18</name>
		<pose>Unspecified</pose>
		<truncated>0</truncated>
		<difficult>0</difficult>
		<bndbox>
			<xmin>1714</xmin>
			<ymin>2233</ymin>
			<xmax>1834</xmax>
			<ymax>2314</ymax>
		</bndbox>
	</object>
	<object>
		<name>sp18</name>
		<pose>Unspecified</pose>
		<truncated>0</truncated>
		<difficult>0</difficult>
		<bndbox>
			<xmin>1589</xmin>
			<ymin>2470</ymin>
			<xmax>1689</xmax>
			<ymax>2591</ymax>
		</bndbox>
	</object>
	<object>
		<name>sp18</name>
		<pose>Unspecified</pose>
		<truncated>0</truncated>
		<difficult>0</difficult>
		<bndbox>
			<xmin>1404</xmin>
			<ymin>2530</ymin>
			<xmax>1518</xmax>
			<ymax>2604</ymax>
		</bndbox>
	</object>
	<object>
		<name>sp18</name>
		<pose>Unspecified</pose>
		<truncated>0</truncated>
		<difficult>0</difficult>
		<bndbox>
			<xmin>1318</xmin>
			<ymin>2398</ymin>
			<xmax>1439</xmax>
			<ymax>2472</ymax>
		</bndbox>
	</object>
	<object>
		<name>sp18</name>
		<pose>Unspecified</pose>
		<truncated>0</truncated>
		<difficult>0</difficult>
		<bndbox>
			<xmin>1094</xmin>
			<ymin>2312</ymin>
			<xmax>1202</xmax>
			<ymax>2393</ymax>
		</bndbox>
	</object>
	<object>
		<name>sp18</name>
		<pose>Unspecified</pose>
		<truncated>0</truncated>
		<difficult>0</difficult>
		<bndbox>
			<xmin>976</xmin>
			<ymin>2464</ymin>
			<xmax>1116</xmax>
			<ymax>2578</ymax>
		</bndbox>
	</object>
	<object>
		<name>sp18</name>
		<pose>Unspecified</pose>
		<truncated>0</truncated>
		<difficult>0</difficult>
		<bndbox>
			<xmin>923</xmin>
			<ymin>2227</ymin>
			<xmax>971</xmax>
			<ymax>2341</ymax>
		</bndbox>
	</object>
	<object>
		<name>sp18</name>
		<pose>Unspecified</pose>
		<truncated>0</truncated>
		<difficult>0</difficult>
		<bndbox>
			<xmin>719</xmin>
			<ymin>2273</ymin>
			<xmax>807</xmax>
			<ymax>2341</ymax>
		</bndbox>
	</object>
</annotation>