<annotation>
	<folder>my-project-name</folder>
	<filename>sp18_img01.jpg</filename>
	<path>/my-project-name/sp18_img01.jpg</path>
	<source>
		<database>Unspecified</database>
	</source>
	<size>
		<width>2745</width>
		<height>2736</height>
		<depth>3</depth>
	</size>
	<object>
		<name>sp18</name>
		<pose>Unspecified</pose>
		<truncated>0</truncated>
		<difficult>0</difficult>
		<bndbox>
			<xmin>1717</xmin>
			<ymin>176</ymin>
			<xmax>1804</xmax>
			<ymax>277</ymax>
		</bndbox>
	</object>
	<object>
		<name>sp18</name>
		<pose>Unspecified</pose>
		<truncated>0</truncated>
		<difficult>0</difficult>
		<bndbox>
			<xmin>1038</xmin>
			<ymin>255</ymin>
			<xmax>1132</xmax>
			<ymax>369</ymax>
		</bndbox>
	</object>
	<object>
		<name>sp18</name>
		<pose>Unspecified</pose>
		<truncated>0</truncated>
		<difficult>0</difficult>
		<bndbox>
			<xmin>847</xmin>
			<ymin>281</ymin>
			<xmax>948</xmax>
			<ymax>389</ymax>
		</bndbox>
	</object>
	<object>
		<name>sp18</name>
		<pose>Unspecified</pose>
		<truncated>0</truncated>
		<difficult>0</difficult>
		<bndbox>
			<xmin>847</xmin>
			<ymin>459</ymin>
			<xmax>935</xmax>
			<ymax>534</ymax>
		</bndbox>
	</object>
	<object>
		<name>sp18</name>
		<pose>Unspecified</pose>
		<truncated>0</truncated>
		<difficult>0</difficult>
		<bndbox>
			<xmin>762</xmin>
			<ymin>1190</ymin>
			<xmax>862</xmax>
			<ymax>1324</ymax>
		</bndbox>
	</object>
	<object>
		<name>sp18</name>
		<pose>Unspecified</pose>
		<truncated>0</truncated>
		<difficult>0</difficult>
		<bndbox>
			<xmin>801</xmin>
			<ymin>1645</ymin>
			<xmax>889</xmax>
			<ymax>1746</ymax>
		</bndbox>
	</object>
	<object>
		<name>sp18</name>
		<pose>Unspecified</pose>
		<truncated>0</truncated>
		<difficult>0</difficult>
		<bndbox>
			<xmin>663</xmin>
			<ymin>1625</ymin>
			<xmax>829</xmax>
			<ymax>1746</ymax>
		</bndbox>
	</object>
	<object>
		<name>sp18</name>
		<pose>Unspecified</pose>
		<truncated>0</truncated>
		<difficult>0</difficult>
		<bndbox>
			<xmin>972</xmin>
			<ymin>1276</ymin>
			<xmax>1139</xmax>
			<ymax>1436</ymax>
		</bndbox>
	</object>
	<object>
		<name>sp18</name>
		<pose>Unspecified</pose>
		<truncated>0</truncated>
		<difficult>0</difficult>
		<bndbox>
			<xmin>1150</xmin>
			<ymin>1144</ymin>
			<xmax>1277</xmax>
			<ymax>1238</ymax>
		</bndbox>
	</object>
	<object>
		<name>sp18</name>
		<pose>Unspecified</pose>
		<truncated>0</truncated>
		<difficult>0</difficult>
		<bndbox>
			<xmin>1374</xmin>
			<ymin>1105</ymin>
			<xmax>1501</xmax>
			<ymax>1192</ymax>
		</bndbox>
	</object>
	<object>
		<name>sp18</name>
		<pose>Unspecified</pose>
		<truncated>0</truncated>
		<difficult>0</difficult>
		<bndbox>
			<xmin>1210</xmin>
			<ymin>1309</ymin>
			<xmax>1310</xmax>
			<ymax>1377</ymax>
		</bndbox>
	</object>
	<object>
		<name>sp18</name>
		<pose>Unspecified</pose>
		<truncated>0</truncated>
		<difficult>0</difficult>
		<bndbox>
			<xmin>1183</xmin>
			<ymin>1355</ymin>
			<xmax>1304</xmax>
			<ymax>1449</ymax>
		</bndbox>
	</object>
	<object>
		<name>sp18</name>
		<pose>Unspecified</pose>
		<truncated>0</truncated>
		<difficult>0</difficult>
		<bndbox>
			<xmin>1559</xmin>
			<ymin>1526</ymin>
			<xmax>1646</xmax>
			<ymax>1621</ymax>
		</bndbox>
	</object>
	<object>
		<name>sp18</name>
		<pose>Unspecified</pose>
		<truncated>0</truncated>
		<difficult>0</difficult>
		<bndbox>
			<xmin>1513</xmin>
			<ymin>1665</ymin>
			<xmax>1607</xmax>
			<ymax>1752</ymax>
		</bndbox>
	</object>
	<object>
		<name>sp18</name>
		<pose>Unspecified</pose>
		<truncated>0</truncated>
		<difficult>0</difficult>
		<bndbox>
			<xmin>2033</xmin>
			<ymin>2198</ymin>
			<xmax>2167</xmax>
			<ymax>2266</ymax>
		</bndbox>
	</object>
</annotation>