<annotation>
	<folder>my-project-name</folder>
	<filename>sp18_img03.jpg</filename>
	<path>/my-project-name/sp18_img03.jpg</path>
	<source>
		<database>Unspecified</database>
	</source>
	<size>
		<width>2902</width>
		<height>2915</height>
		<depth>3</depth>
	</size>
	<object>
		<name>sp18</name>
		<pose>Unspecified</pose>
		<truncated>0</truncated>
		<difficult>0</difficult>
		<bndbox>
			<xmin>1658</xmin>
			<ymin>150</ymin>
			<xmax>1750</xmax>
			<ymax>239</ymax>
		</bndbox>
	</object>
	<object>
		<name>sp18</name>
		<pose>Unspecified</pose>
		<truncated>0</truncated>
		<difficult>0</difficult>
		<bndbox>
			<xmin>970</xmin>
			<ymin>370</ymin>
			<xmax>1039</xmax>
			<ymax>436</ymax>
		</bndbox>
	</object>
	<object>
		<name>sp18</name>
		<pose>Unspecified</pose>
		<truncated>0</truncated>
		<difficult>0</difficult>
		<bndbox>
			<xmin>785</xmin>
			<ymin>397</ymin>
			<xmax>852</xmax>
			<ymax>483</ymax>
		</bndbox>
	</object>
	<object>
		<name>sp18</name>
		<pose>Unspecified</pose>
		<truncated>0</truncated>
		<difficult>0</difficult>
		<bndbox>
			<xmin>811</xmin>
			<ymin>550</ymin>
			<xmax>876</xmax>
			<ymax>630</ymax>
		</bndbox>
	</object>
	<object>
		<name>sp18</name>
		<pose>Unspecified</pose>
		<truncated>0</truncated>
		<difficult>0</difficult>
		<bndbox>
			<xmin>1475</xmin>
			<ymin>1178</ymin>
			<xmax>1558</xmax>
			<ymax>1266</ymax>
		</bndbox>
	</object>
	<object>
		<name>sp18</name>
		<pose>Unspecified</pose>
		<truncated>0</truncated>
		<difficult>0</difficult>
		<bndbox>
			<xmin>1181</xmin>
			<ymin>1270</ymin>
			<xmax>1290</xmax>
			<ymax>1337</ymax>
		</bndbox>
	</object>
	<object>
		<name>sp18</name>
		<pose>Unspecified</pose>
		<truncated>0</truncated>
		<difficult>0</difficult>
		<bndbox>
			<xmin>815</xmin>
			<ymin>1352</ymin>
			<xmax>895</xmax>
			<ymax>1439</ymax>
		</bndbox>
	</object>
	<object>
		<name>sp18</name>
		<pose>Unspecified</pose>
		<truncated>0</truncated>
		<difficult>0</difficult>
		<bndbox>
			<xmin>1092</xmin>
			<ymin>1429</ymin>
			<xmax>1174</xmax>
			<ymax>1513</ymax>
		</bndbox>
	</object>
	<object>
		<name>sp18</name>
		<pose>Unspecified</pose>
		<truncated>0</truncated>
		<difficult>0</difficult>
		<bndbox>
			<xmin>1298</xmin>
			<ymin>1399</ymin>
			<xmax>1380</xmax>
			<ymax>1462</ymax>
		</bndbox>
	</object>
	<object>
		<name>sp18</name>
		<pose>Unspecified</pose>
		<truncated>0</truncated>
		<difficult>0</difficult>
		<bndbox>
			<xmin>1287</xmin>
			<ymin>1463</ymin>
			<xmax>1365</xmax>
			<ymax>1537</ymax>
		</bndbox>
	</object>
	<object>
		<name>sp18</name>
		<pose>Unspecified</pose>
		<truncated>0</truncated>
		<difficult>0</difficult>
		<bndbox>
			<xmin>809</xmin>
			<ymin>1821</ymin>
			<xmax>897</xmax>
			<ymax>1902</ymax>
		</bndbox>
	</object>
	<object>
		<name>sp18</name>
		<pose>Unspecified</pose>
		<truncated>0</truncated>
		<difficult>0</difficult>
		<bndbox>
			<xmin>913</xmin>
			<ymin>1816</ymin>
			<xmax>982</xmax>
			<ymax>1907</ymax>
		</bndbox>
	</object>
	<object>
		<name>sp18</name>
		<pose>Unspecified</pose>
		<truncated>0</truncated>
		<difficult>0</difficult>
		<bndbox>
			<xmin>1636</xmin>
			<ymin>1733</ymin>
			<xmax>1718</xmax>
			<ymax>1817</ymax>
		</bndbox>
	</object>
	<object>
		<name>sp18</name>
		<pose>Unspecified</pose>
		<truncated>0</truncated>
		<difficult>0</difficult>
		<bndbox>
			<xmin>1662</xmin>
			<ymin>1616</ymin>
			<xmax>1744</xmax>
			<ymax>1687</ymax>
		</bndbox>
	</object>
	<object>
		<name>sp18</name>
		<pose>Unspecified</pose>
		<truncated>0</truncated>
		<difficult>0</difficult>
		<bndbox>
			<xmin>2258</xmin>
			<ymin>2216</ymin>
			<xmax>2342</xmax>
			<ymax>2294</ymax>
		</bndbox>
	</object>
	<object>
		<name>sp18</name>
		<pose>Unspecified</pose>
		<truncated>0</truncated>
		<difficult>0</difficult>
		<bndbox>
			<xmin>2287</xmin>
			<ymin>2386</ymin>
			<xmax>2361</xmax>
			<ymax>2458</ymax>
		</bndbox>
	</object>
	<object>
		<name>sp18</name>
		<pose>Unspecified</pose>
		<truncated>0</truncated>
		<difficult>0</difficult>
		<bndbox>
			<xmin>1683</xmin>
			<ymin>2657</ymin>
			<xmax>1758</xmax>
			<ymax>2722</ymax>
		</bndbox>
	</object>
	<object>
		<name>sp18</name>
		<pose>Unspecified</pose>
		<truncated>0</truncated>
		<difficult>0</difficult>
		<bndbox>
			<xmin>1945</xmin>
			<ymin>2563</ymin>
			<xmax>2037</xmax>
			<ymax>2643</ymax>
		</bndbox>
	</object>
</annotation>