<annotation>
	<folder>my-project-name</folder>
	<filename>sp19_img10.jpg</filename>
	<path>/my-project-name/sp19_img10.jpg</path>
	<source>
		<database>Unspecified</database>
	</source>
	<size>
		<width>2178</width>
		<height>2191</height>
		<depth>3</depth>
	</size>
	<object>
		<name>sp19</name>
		<pose>Unspecified</pose>
		<truncated>0</truncated>
		<difficult>0</difficult>
		<bndbox>
			<xmin>752</xmin>
			<ymin>1826</ymin>
			<xmax>836</xmax>
			<ymax>1907</ymax>
		</bndbox>
	</object>
	<object>
		<name>sp19</name>
		<pose>Unspecified</pose>
		<truncated>0</truncated>
		<difficult>0</difficult>
		<bndbox>
			<xmin>840</xmin>
			<ymin>1685</ymin>
			<xmax>914</xmax>
			<ymax>1756</ymax>
		</bndbox>
	</object>
	<object>
		<name>sp19</name>
		<pose>Unspecified</pose>
		<truncated>0</truncated>
		<difficult>0</difficult>
		<bndbox>
			<xmin>845</xmin>
			<ymin>1833</ymin>
			<xmax>914</xmax>
			<ymax>1907</ymax>
		</bndbox>
	</object>
	<object>
		<name>sp19</name>
		<pose>Unspecified</pose>
		<truncated>0</truncated>
		<difficult>0</difficult>
		<bndbox>
			<xmin>922</xmin>
			<ymin>1839</ymin>
			<xmax>1051</xmax>
			<ymax>1935</ymax>
		</bndbox>
	</object>
	<object>
		<name>sp19</name>
		<pose>Unspecified</pose>
		<truncated>0</truncated>
		<difficult>0</difficult>
		<bndbox>
			<xmin>952</xmin>
			<ymin>1640</ymin>
			<xmax>1027</xmax>
			<ymax>1714</ymax>
		</bndbox>
	</object>
	<object>
		<name>sp19</name>
		<pose>Unspecified</pose>
		<truncated>0</truncated>
		<difficult>0</difficult>
		<bndbox>
			<xmin>1032</xmin>
			<ymin>1703</ymin>
			<xmax>1097</xmax>
			<ymax>1770</ymax>
		</bndbox>
	</object>
	<object>
		<name>sp19</name>
		<pose>Unspecified</pose>
		<truncated>0</truncated>
		<difficult>0</difficult>
		<bndbox>
			<xmin>1110</xmin>
			<ymin>1669</ymin>
			<xmax>1156</xmax>
			<ymax>1718</ymax>
		</bndbox>
	</object>
	<object>
		<name>sp19</name>
		<pose>Unspecified</pose>
		<truncated>0</truncated>
		<difficult>0</difficult>
		<bndbox>
			<xmin>1101</xmin>
			<ymin>1730</ymin>
			<xmax>1164</xmax>
			<ymax>1794</ymax>
		</bndbox>
	</object>
	<object>
		<name>sp19</name>
		<pose>Unspecified</pose>
		<truncated>0</truncated>
		<difficult>0</difficult>
		<bndbox>
			<xmin>1147</xmin>
			<ymin>1831</ymin>
			<xmax>1216</xmax>
			<ymax>1897</ymax>
		</bndbox>
	</object>
	<object>
		<name>sp19</name>
		<pose>Unspecified</pose>
		<truncated>0</truncated>
		<difficult>0</difficult>
		<bndbox>
			<xmin>1191</xmin>
			<ymin>1790</ymin>
			<xmax>1250</xmax>
			<ymax>1854</ymax>
		</bndbox>
	</object>
	<object>
		<name>sp19</name>
		<pose>Unspecified</pose>
		<truncated>0</truncated>
		<difficult>0</difficult>
		<bndbox>
			<xmin>1226</xmin>
			<ymin>1848</ymin>
			<xmax>1298</xmax>
			<ymax>1919</ymax>
		</bndbox>
	</object>
	<object>
		<name>sp19</name>
		<pose>Unspecified</pose>
		<truncated>0</truncated>
		<difficult>0</difficult>
		<bndbox>
			<xmin>1194</xmin>
			<ymin>1915</ymin>
			<xmax>1324</xmax>
			<ymax>2031</ymax>
		</bndbox>
	</object>
	<object>
		<name>sp19</name>
		<pose>Unspecified</pose>
		<truncated>0</truncated>
		<difficult>0</difficult>
		<bndbox>
			<xmin>1322</xmin>
			<ymin>1911</ymin>
			<xmax>1415</xmax>
			<ymax>1990</ymax>
		</bndbox>
	</object>
	<object>
		<name>sp19</name>
		<pose>Unspecified</pose>
		<truncated>0</truncated>
		<difficult>0</difficult>
		<bndbox>
			<xmin>1368</xmin>
			<ymin>1714</ymin>
			<xmax>1434</xmax>
			<ymax>1784</ymax>
		</bndbox>
	</object>
	<object>
		<name>sp19</name>
		<pose>Unspecified</pose>
		<truncated>0</truncated>
		<difficult>0</difficult>
		<bndbox>
			<xmin>1504</xmin>
			<ymin>1745</ymin>
			<xmax>1572</xmax>
			<ymax>1796</ymax>
		</bndbox>
	</object>
	<object>
		<name>sp19</name>
		<pose>Unspecified</pose>
		<truncated>0</truncated>
		<difficult>0</difficult>
		<bndbox>
			<xmin>1682</xmin>
			<ymin>1737</ymin>
			<xmax>1756</xmax>
			<ymax>1815</ymax>
		</bndbox>
	</object>
	<object>
		<name>sp19</name>
		<pose>Unspecified</pose>
		<truncated>0</truncated>
		<difficult>0</difficult>
		<bndbox>
			<xmin>1537</xmin>
			<ymin>1975</ymin>
			<xmax>1645</xmax>
			<ymax>2071</ymax>
		</bndbox>
	</object>
	<object>
		<name>sp19</name>
		<pose>Unspecified</pose>
		<truncated>0</truncated>
		<difficult>0</difficult>
		<bndbox>
			<xmin>1431</xmin>
			<ymin>1862</ymin>
			<xmax>1492</xmax>
			<ymax>1936</ymax>
		</bndbox>
	</object>
	<object>
		<name>sp19</name>
		<pose>Unspecified</pose>
		<truncated>0</truncated>
		<difficult>0</difficult>
		<bndbox>
			<xmin>1425</xmin>
			<ymin>1544</ymin>
			<xmax>1497</xmax>
			<ymax>1616</ymax>
		</bndbox>
	</object>
	<object>
		<name>sp19</name>
		<pose>Unspecified</pose>
		<truncated>0</truncated>
		<difficult>0</difficult>
		<bndbox>
			<xmin>1434</xmin>
			<ymin>1664</ymin>
			<xmax>1523</xmax>
			<ymax>1777</ymax>
		</bndbox>
	</object>
	<object>
		<name>sp19</name>
		<pose>Unspecified</pose>
		<truncated>0</truncated>
		<difficult>0</difficult>
		<bndbox>
			<xmin>1585</xmin>
			<ymin>1601</ymin>
			<xmax>1650</xmax>
			<ymax>1669</ymax>
		</bndbox>
	</object>
	<object>
		<name>sp19</name>
		<pose>Unspecified</pose>
		<truncated>0</truncated>
		<difficult>0</difficult>
		<bndbox>
			<xmin>1559</xmin>
			<ymin>1474</ymin>
			<xmax>1618</xmax>
			<ymax>1544</ymax>
		</bndbox>
	</object>
	<object>
		<name>sp19</name>
		<pose>Unspecified</pose>
		<truncated>0</truncated>
		<difficult>0</difficult>
		<bndbox>
			<xmin>1599</xmin>
			<ymin>1529</ymin>
			<xmax>1674</xmax>
			<ymax>1603</ymax>
		</bndbox>
	</object>
	<object>
		<name>sp19</name>
		<pose>Unspecified</pose>
		<truncated>0</truncated>
		<difficult>0</difficult>
		<bndbox>
			<xmin>1692</xmin>
			<ymin>1545</ymin>
			<xmax>1756</xmax>
			<ymax>1612</ymax>
		</bndbox>
	</object>
	<object>
		<name>sp19</name>
		<pose>Unspecified</pose>
		<truncated>0</truncated>
		<difficult>0</difficult>
		<bndbox>
			<xmin>1840</xmin>
			<ymin>1646</ymin>
			<xmax>1921</xmax>
			<ymax>1718</ymax>
		</bndbox>
	</object>
	<object>
		<name>sp19</name>
		<pose>Unspecified</pose>
		<truncated>0</truncated>
		<difficult>0</difficult>
		<bndbox>
			<xmin>1498</xmin>
			<ymin>1239</ymin>
			<xmax>1571</xmax>
			<ymax>1306</ymax>
		</bndbox>
	</object>
	<object>
		<name>sp19</name>
		<pose>Unspecified</pose>
		<truncated>0</truncated>
		<difficult>0</difficult>
		<bndbox>
			<xmin>1414</xmin>
			<ymin>1271</ymin>
			<xmax>1480</xmax>
			<ymax>1339</ymax>
		</bndbox>
	</object>
	<object>
		<name>sp19</name>
		<pose>Unspecified</pose>
		<truncated>0</truncated>
		<difficult>0</difficult>
		<bndbox>
			<xmin>1436</xmin>
			<ymin>1324</ymin>
			<xmax>1553</xmax>
			<ymax>1404</ymax>
		</bndbox>
	</object>
	<object>
		<name>sp19</name>
		<pose>Unspecified</pose>
		<truncated>0</truncated>
		<difficult>0</difficult>
		<bndbox>
			<xmin>1482</xmin>
			<ymin>1393</ymin>
			<xmax>1565</xmax>
			<ymax>1461</ymax>
		</bndbox>
	</object>
	<object>
		<name>sp19</name>
		<pose>Unspecified</pose>
		<truncated>0</truncated>
		<difficult>0</difficult>
		<bndbox>
			<xmin>1580</xmin>
			<ymin>1408</ymin>
			<xmax>1635</xmax>
			<ymax>1464</ymax>
		</bndbox>
	</object>
	<object>
		<name>sp19</name>
		<pose>Unspecified</pose>
		<truncated>0</truncated>
		<difficult>0</difficult>
		<bndbox>
			<xmin>1698</xmin>
			<ymin>1302</ymin>
			<xmax>1773</xmax>
			<ymax>1373</ymax>
		</bndbox>
	</object>
	<object>
		<name>sp19</name>
		<pose>Unspecified</pose>
		<truncated>0</truncated>
		<difficult>0</difficult>
		<bndbox>
			<xmin>1617</xmin>
			<ymin>1431</ymin>
			<xmax>1697</xmax>
			<ymax>1536</ymax>
		</bndbox>
	</object>
	<object>
		<name>sp19</name>
		<pose>Unspecified</pose>
		<truncated>0</truncated>
		<difficult>0</difficult>
		<bndbox>
			<xmin>1914</xmin>
			<ymin>1647</ymin>
			<xmax>2003</xmax>
			<ymax>1728</ymax>
		</bndbox>
	</object>
	<object>
		<name>sp19</name>
		<pose>Unspecified</pose>
		<truncated>0</truncated>
		<difficult>0</difficult>
		<bndbox>
			<xmin>1977</xmin>
			<ymin>1612</ymin>
			<xmax>2051</xmax>
			<ymax>1664</ymax>
		</bndbox>
	</object>
	<object>
		<name>sp19</name>
		<pose>Unspecified</pose>
		<truncated>0</truncated>
		<difficult>0</difficult>
		<bndbox>
			<xmin>1976</xmin>
			<ymin>1554</ymin>
			<xmax>2063</xmax>
			<ymax>1623</ymax>
		</bndbox>
	</object>
	<object>
		<name>sp19</name>
		<pose>Unspecified</pose>
		<truncated>0</truncated>
		<difficult>0</difficult>
		<bndbox>
			<xmin>2041</xmin>
			<ymin>1466</ymin>
			<xmax>2114</xmax>
			<ymax>1534</ymax>
		</bndbox>
	</object>
	<object>
		<name>sp19</name>
		<pose>Unspecified</pose>
		<truncated>0</truncated>
		<difficult>0</difficult>
		<bndbox>
			<xmin>2040</xmin>
			<ymin>1355</ymin>
			<xmax>2139</xmax>
			<ymax>1424</ymax>
		</bndbox>
	</object>
	<object>
		<name>sp19</name>
		<pose>Unspecified</pose>
		<truncated>0</truncated>
		<difficult>0</difficult>
		<bndbox>
			<xmin>1470</xmin>
			<ymin>1034</ymin>
			<xmax>1553</xmax>
			<ymax>1114</ymax>
		</bndbox>
	</object>
	<object>
		<name>sp19</name>
		<pose>Unspecified</pose>
		<truncated>0</truncated>
		<difficult>0</difficult>
		<bndbox>
			<xmin>2040</xmin>
			<ymin>996</ymin>
			<xmax>2111</xmax>
			<ymax>1066</ymax>
		</bndbox>
	</object>
	<object>
		<name>sp19</name>
		<pose>Unspecified</pose>
		<truncated>0</truncated>
		<difficult>0</difficult>
		<bndbox>
			<xmin>1940</xmin>
			<ymin>1080</ymin>
			<xmax>2013</xmax>
			<ymax>1148</ymax>
		</bndbox>
	</object>
	<object>
		<name>sp19</name>
		<pose>Unspecified</pose>
		<truncated>0</truncated>
		<difficult>0</difficult>
		<bndbox>
			<xmin>1953</xmin>
			<ymin>1142</ymin>
			<xmax>2060</xmax>
			<ymax>1219</ymax>
		</bndbox>
	</object>
	<object>
		<name>sp19</name>
		<pose>Unspecified</pose>
		<truncated>0</truncated>
		<difficult>0</difficult>
		<bndbox>
			<xmin>1995</xmin>
			<ymin>1207</ymin>
			<xmax>2078</xmax>
			<ymax>1276</ymax>
		</bndbox>
	</object>
	<object>
		<name>sp19</name>
		<pose>Unspecified</pose>
		<truncated>0</truncated>
		<difficult>0</difficult>
		<bndbox>
			<xmin>1339</xmin>
			<ymin>864</ymin>
			<xmax>1413</xmax>
			<ymax>934</ymax>
		</bndbox>
	</object>
	<object>
		<name>sp19</name>
		<pose>Unspecified</pose>
		<truncated>0</truncated>
		<difficult>0</difficult>
		<bndbox>
			<xmin>1380</xmin>
			<ymin>768</ymin>
			<xmax>1460</xmax>
			<ymax>845</ymax>
		</bndbox>
	</object>
	<object>
		<name>sp19</name>
		<pose>Unspecified</pose>
		<truncated>0</truncated>
		<difficult>0</difficult>
		<bndbox>
			<xmin>1587</xmin>
			<ymin>624</ymin>
			<xmax>1664</xmax>
			<ymax>704</ymax>
		</bndbox>
	</object>
	<object>
		<name>sp19</name>
		<pose>Unspecified</pose>
		<truncated>0</truncated>
		<difficult>0</difficult>
		<bndbox>
			<xmin>1707</xmin>
			<ymin>815</ymin>
			<xmax>1781</xmax>
			<ymax>898</ymax>
		</bndbox>
	</object>
	<object>
		<name>sp19</name>
		<pose>Unspecified</pose>
		<truncated>0</truncated>
		<difficult>0</difficult>
		<bndbox>
			<xmin>1781</xmin>
			<ymin>598</ymin>
			<xmax>1859</xmax>
			<ymax>672</ymax>
		</bndbox>
	</object>
	<object>
		<name>sp19</name>
		<pose>Unspecified</pose>
		<truncated>0</truncated>
		<difficult>0</difficult>
		<bndbox>
			<xmin>1891</xmin>
			<ymin>654</ymin>
			<xmax>1969</xmax>
			<ymax>724</ymax>
		</bndbox>
	</object>
	<object>
		<name>sp19</name>
		<pose>Unspecified</pose>
		<truncated>0</truncated>
		<difficult>0</difficult>
		<bndbox>
			<xmin>1980</xmin>
			<ymin>726</ymin>
			<xmax>2066</xmax>
			<ymax>808</ymax>
		</bndbox>
	</object>
	<object>
		<name>sp19</name>
		<pose>Unspecified</pose>
		<truncated>0</truncated>
		<difficult>0</difficult>
		<bndbox>
			<xmin>1945</xmin>
			<ymin>834</ymin>
			<xmax>2014</xmax>
			<ymax>929</ymax>
		</bndbox>
	</object>
	<object>
		<name>sp19</name>
		<pose>Unspecified</pose>
		<truncated>0</truncated>
		<difficult>0</difficult>
		<bndbox>
			<xmin>1565</xmin>
			<ymin>273</ymin>
			<xmax>1651</xmax>
			<ymax>349</ymax>
		</bndbox>
	</object>
	<object>
		<name>sp19</name>
		<pose>Unspecified</pose>
		<truncated>0</truncated>
		<difficult>0</difficult>
		<bndbox>
			<xmin>1721</xmin>
			<ymin>270</ymin>
			<xmax>1799</xmax>
			<ymax>354</ymax>
		</bndbox>
	</object>
	<object>
		<name>sp19</name>
		<pose>Unspecified</pose>
		<truncated>0</truncated>
		<difficult>0</difficult>
		<bndbox>
			<xmin>1795</xmin>
			<ymin>305</ymin>
			<xmax>1855</xmax>
			<ymax>374</ymax>
		</bndbox>
	</object>
	<object>
		<name>sp19</name>
		<pose>Unspecified</pose>
		<truncated>0</truncated>
		<difficult>0</difficult>
		<bndbox>
			<xmin>1853</xmin>
			<ymin>344</ymin>
			<xmax>1908</xmax>
			<ymax>389</ymax>
		</bndbox>
	</object>
	<object>
		<name>sp19</name>
		<pose>Unspecified</pose>
		<truncated>0</truncated>
		<difficult>0</difficult>
		<bndbox>
			<xmin>1769</xmin>
			<ymin>445</ymin>
			<xmax>1836</xmax>
			<ymax>515</ymax>
		</bndbox>
	</object>
	<object>
		<name>sp19</name>
		<pose>Unspecified</pose>
		<truncated>0</truncated>
		<difficult>0</difficult>
		<bndbox>
			<xmin>1855</xmin>
			<ymin>465</ymin>
			<xmax>1929</xmax>
			<ymax>535</ymax>
		</bndbox>
	</object>
	<object>
		<name>sp19</name>
		<pose>Unspecified</pose>
		<truncated>0</truncated>
		<difficult>0</difficult>
		<bndbox>
			<xmin>1902</xmin>
			<ymin>547</ymin>
			<xmax>1973</xmax>
			<ymax>615</ymax>
		</bndbox>
	</object>
	<object>
		<name>sp19</name>
		<pose>Unspecified</pose>
		<truncated>0</truncated>
		<difficult>0</difficult>
		<bndbox>
			<xmin>1969</xmin>
			<ymin>525</ymin>
			<xmax>2043</xmax>
			<ymax>588</ymax>
		</bndbox>
	</object>
	<object>
		<name>sp19</name>
		<pose>Unspecified</pose>
		<truncated>0</truncated>
		<difficult>0</difficult>
		<bndbox>
			<xmin>722</xmin>
			<ymin>409</ymin>
			<xmax>804</xmax>
			<ymax>484</ymax>
		</bndbox>
	</object>
	<object>
		<name>sp19</name>
		<pose>Unspecified</pose>
		<truncated>0</truncated>
		<difficult>0</difficult>
		<bndbox>
			<xmin>796</xmin>
			<ymin>475</ymin>
			<xmax>869</xmax>
			<ymax>544</ymax>
		</bndbox>
	</object>
	<object>
		<name>sp19</name>
		<pose>Unspecified</pose>
		<truncated>0</truncated>
		<difficult>0</difficult>
		<bndbox>
			<xmin>793</xmin>
			<ymin>589</ymin>
			<xmax>858</xmax>
			<ymax>656</ymax>
		</bndbox>
	</object>
	<object>
		<name>sp19</name>
		<pose>Unspecified</pose>
		<truncated>0</truncated>
		<difficult>0</difficult>
		<bndbox>
			<xmin>699</xmin>
			<ymin>656</ymin>
			<xmax>771</xmax>
			<ymax>733</ymax>
		</bndbox>
	</object>
	<object>
		<name>sp19</name>
		<pose>Unspecified</pose>
		<truncated>0</truncated>
		<difficult>0</difficult>
		<bndbox>
			<xmin>866</xmin>
			<ymin>604</ymin>
			<xmax>975</xmax>
			<ymax>675</ymax>
		</bndbox>
	</object>
	<object>
		<name>sp19</name>
		<pose>Unspecified</pose>
		<truncated>0</truncated>
		<difficult>0</difficult>
		<bndbox>
			<xmin>968</xmin>
			<ymin>618</ymin>
			<xmax>1031</xmax>
			<ymax>690</ymax>
		</bndbox>
	</object>
	<object>
		<name>sp19</name>
		<pose>Unspecified</pose>
		<truncated>0</truncated>
		<difficult>0</difficult>
		<bndbox>
			<xmin>1043</xmin>
			<ymin>690</ymin>
			<xmax>1119</xmax>
			<ymax>763</ymax>
		</bndbox>
	</object>
	<object>
		<name>sp19</name>
		<pose>Unspecified</pose>
		<truncated>0</truncated>
		<difficult>0</difficult>
		<bndbox>
			<xmin>1019</xmin>
			<ymin>389</ymin>
			<xmax>1098</xmax>
			<ymax>465</ymax>
		</bndbox>
	</object>
	<object>
		<name>sp19</name>
		<pose>Unspecified</pose>
		<truncated>0</truncated>
		<difficult>0</difficult>
		<bndbox>
			<xmin>1107</xmin>
			<ymin>442</ymin>
			<xmax>1178</xmax>
			<ymax>518</ymax>
		</bndbox>
	</object>
	<object>
		<name>sp19</name>
		<pose>Unspecified</pose>
		<truncated>0</truncated>
		<difficult>0</difficult>
		<bndbox>
			<xmin>1168</xmin>
			<ymin>517</ymin>
			<xmax>1241</xmax>
			<ymax>573</ymax>
		</bndbox>
	</object>
	<object>
		<name>sp19</name>
		<pose>Unspecified</pose>
		<truncated>0</truncated>
		<difficult>0</difficult>
		<bndbox>
			<xmin>1159</xmin>
			<ymin>574</ymin>
			<xmax>1221</xmax>
			<ymax>676</ymax>
		</bndbox>
	</object>
	<object>
		<name>sp19</name>
		<pose>Unspecified</pose>
		<truncated>0</truncated>
		<difficult>0</difficult>
		<bndbox>
			<xmin>1245</xmin>
			<ymin>553</ymin>
			<xmax>1319</xmax>
			<ymax>626</ymax>
		</bndbox>
	</object>
	<object>
		<name>sp19</name>
		<pose>Unspecified</pose>
		<truncated>0</truncated>
		<difficult>0</difficult>
		<bndbox>
			<xmin>912</xmin>
			<ymin>8</ymin>
			<xmax>998</xmax>
			<ymax>66</ymax>
		</bndbox>
	</object>
	<object>
		<name>sp19</name>
		<pose>Unspecified</pose>
		<truncated>0</truncated>
		<difficult>0</difficult>
		<bndbox>
			<xmin>1122</xmin>
			<ymin>33</ymin>
			<xmax>1186</xmax>
			<ymax>119</ymax>
		</bndbox>
	</object>
	<object>
		<name>sp19</name>
		<pose>Unspecified</pose>
		<truncated>0</truncated>
		<difficult>0</difficult>
		<bndbox>
			<xmin>1201</xmin>
			<ymin>15</ymin>
			<xmax>1277</xmax>
			<ymax>119</ymax>
		</bndbox>
	</object>
	<object>
		<name>sp19</name>
		<pose>Unspecified</pose>
		<truncated>0</truncated>
		<difficult>0</difficult>
		<bndbox>
			<xmin>1046</xmin>
			<ymin>135</ymin>
			<xmax>1118</xmax>
			<ymax>202</ymax>
		</bndbox>
	</object>
	<object>
		<name>sp19</name>
		<pose>Unspecified</pose>
		<truncated>0</truncated>
		<difficult>0</difficult>
		<bndbox>
			<xmin>1091</xmin>
			<ymin>194</ymin>
			<xmax>1169</xmax>
			<ymax>291</ymax>
		</bndbox>
	</object>
	<object>
		<name>sp19</name>
		<pose>Unspecified</pose>
		<truncated>0</truncated>
		<difficult>0</difficult>
		<bndbox>
			<xmin>1497</xmin>
			<ymin>99</ymin>
			<xmax>1571</xmax>
			<ymax>214</ymax>
		</bndbox>
	</object>
	<object>
		<name>sp19</name>
		<pose>Unspecified</pose>
		<truncated>0</truncated>
		<difficult>0</difficult>
		<bndbox>
			<xmin>1585</xmin>
			<ymin>144</ymin>
			<xmax>1674</xmax>
			<ymax>269</ymax>
		</bndbox>
	</object>
	<object>
		<name>sp19</name>
		<pose>Unspecified</pose>
		<truncated>0</truncated>
		<difficult>0</difficult>
		<bndbox>
			<xmin>243</xmin>
			<ymin>1079</ymin>
			<xmax>316</xmax>
			<ymax>1153</ymax>
		</bndbox>
	</object>
	<object>
		<name>sp19</name>
		<pose>Unspecified</pose>
		<truncated>0</truncated>
		<difficult>0</difficult>
		<bndbox>
			<xmin>318</xmin>
			<ymin>1143</ymin>
			<xmax>392</xmax>
			<ymax>1211</ymax>
		</bndbox>
	</object>
	<object>
		<name>sp19</name>
		<pose>Unspecified</pose>
		<truncated>0</truncated>
		<difficult>0</difficult>
		<bndbox>
			<xmin>450</xmin>
			<ymin>982</ymin>
			<xmax>532</xmax>
			<ymax>1087</ymax>
		</bndbox>
	</object>
	<object>
		<name>sp19</name>
		<pose>Unspecified</pose>
		<truncated>0</truncated>
		<difficult>0</difficult>
		<bndbox>
			<xmin>485</xmin>
			<ymin>1170</ymin>
			<xmax>560</xmax>
			<ymax>1240</ymax>
		</bndbox>
	</object>
	<object>
		<name>sp19</name>
		<pose>Unspecified</pose>
		<truncated>0</truncated>
		<difficult>0</difficult>
		<bndbox>
			<xmin>398</xmin>
			<ymin>1262</ymin>
			<xmax>486</xmax>
			<ymax>1381</ymax>
		</bndbox>
	</object>
	<object>
		<name>sp19</name>
		<pose>Unspecified</pose>
		<truncated>0</truncated>
		<difficult>0</difficult>
		<bndbox>
			<xmin>583</xmin>
			<ymin>1064</ymin>
			<xmax>662</xmax>
			<ymax>1153</ymax>
		</bndbox>
	</object>
	<object>
		<name>sp19</name>
		<pose>Unspecified</pose>
		<truncated>0</truncated>
		<difficult>0</difficult>
		<bndbox>
			<xmin>664</xmin>
			<ymin>973</ymin>
			<xmax>739</xmax>
			<ymax>1048</ymax>
		</bndbox>
	</object>
	<object>
		<name>sp19</name>
		<pose>Unspecified</pose>
		<truncated>0</truncated>
		<difficult>0</difficult>
		<bndbox>
			<xmin>598</xmin>
			<ymin>1209</ymin>
			<xmax>681</xmax>
			<ymax>1283</ymax>
		</bndbox>
	</object>
	<object>
		<name>sp19</name>
		<pose>Unspecified</pose>
		<truncated>0</truncated>
		<difficult>0</difficult>
		<bndbox>
			<xmin>649</xmin>
			<ymin>1344</ymin>
			<xmax>724</xmax>
			<ymax>1416</ymax>
		</bndbox>
	</object>
	<object>
		<name>sp19</name>
		<pose>Unspecified</pose>
		<truncated>0</truncated>
		<difficult>0</difficult>
		<bndbox>
			<xmin>779</xmin>
			<ymin>1146</ymin>
			<xmax>856</xmax>
			<ymax>1218</ymax>
		</bndbox>
	</object>
	<object>
		<name>sp19</name>
		<pose>Unspecified</pose>
		<truncated>0</truncated>
		<difficult>0</difficult>
		<bndbox>
			<xmin>865</xmin>
			<ymin>1034</ymin>
			<xmax>943</xmax>
			<ymax>1104</ymax>
		</bndbox>
	</object>
	<object>
		<name>sp19</name>
		<pose>Unspecified</pose>
		<truncated>0</truncated>
		<difficult>0</difficult>
		<bndbox>
			<xmin>867</xmin>
			<ymin>1115</ymin>
			<xmax>947</xmax>
			<ymax>1214</ymax>
		</bndbox>
	</object>
	<object>
		<name>sp19</name>
		<pose>Unspecified</pose>
		<truncated>0</truncated>
		<difficult>0</difficult>
		<bndbox>
			<xmin>1034</xmin>
			<ymin>1216</ymin>
			<xmax>1109</xmax>
			<ymax>1299</ymax>
		</bndbox>
	</object>
	<object>
		<name>sp19</name>
		<pose>Unspecified</pose>
		<truncated>0</truncated>
		<difficult>0</difficult>
		<bndbox>
			<xmin>91</xmin>
			<ymin>1533</ymin>
			<xmax>163</xmax>
			<ymax>1610</ymax>
		</bndbox>
	</object>
	<object>
		<name>sp19</name>
		<pose>Unspecified</pose>
		<truncated>0</truncated>
		<difficult>0</difficult>
		<bndbox>
			<xmin>303</xmin>
			<ymin>1584</ymin>
			<xmax>387</xmax>
			<ymax>1661</ymax>
		</bndbox>
	</object>
	<object>
		<name>sp19</name>
		<pose>Unspecified</pose>
		<truncated>0</truncated>
		<difficult>0</difficult>
		<bndbox>
			<xmin>235</xmin>
			<ymin>1764</ymin>
			<xmax>306</xmax>
			<ymax>1837</ymax>
		</bndbox>
	</object>
	<object>
		<name>sp19</name>
		<pose>Unspecified</pose>
		<truncated>0</truncated>
		<difficult>0</difficult>
		<bndbox>
			<xmin>1</xmin>
			<ymin>1203</ymin>
			<xmax>85</xmax>
			<ymax>1293</ymax>
		</bndbox>
	</object>
	<object>
		<name>sp19</name>
		<pose>Unspecified</pose>
		<truncated>0</truncated>
		<difficult>0</difficult>
		<bndbox>
			<xmin>44</xmin>
			<ymin>1376</ymin>
			<xmax>110</xmax>
			<ymax>1455</ymax>
		</bndbox>
	</object>
	<object>
		<name>sp19</name>
		<pose>Unspecified</pose>
		<truncated>0</truncated>
		<difficult>0</difficult>
		<bndbox>
			<xmin>-7</xmin>
			<ymin>979</ymin>
			<xmax>68</xmax>
			<ymax>1068</ymax>
		</bndbox>
	</object>
	<object>
		<name>sp19</name>
		<pose>Unspecified</pose>
		<truncated>0</truncated>
		<difficult>0</difficult>
		<bndbox>
			<xmin>452</xmin>
			<ymin>775</ymin>
			<xmax>535</xmax>
			<ymax>860</ymax>
		</bndbox>
	</object>
	<object>
		<name>sp19</name>
		<pose>Unspecified</pose>
		<truncated>0</truncated>
		<difficult>0</difficult>
		<bndbox>
			<xmin>22</xmin>
			<ymin>767</ymin>
			<xmax>81</xmax>
			<ymax>839</ymax>
		</bndbox>
	</object>
	<object>
		<name>sp19</name>
		<pose>Unspecified</pose>
		<truncated>0</truncated>
		<difficult>0</difficult>
		<bndbox>
			<xmin>7</xmin>
			<ymin>851</ymin>
			<xmax>79</xmax>
			<ymax>955</ymax>
		</bndbox>
	</object>
	<object>
		<name>sp19</name>
		<pose>Unspecified</pose>
		<truncated>0</truncated>
		<difficult>0</difficult>
		<bndbox>
			<xmin>79</xmin>
			<ymin>641</ymin>
			<xmax>146</xmax>
			<ymax>709</ymax>
		</bndbox>
	</object>
	<object>
		<name>sp19</name>
		<pose>Unspecified</pose>
		<truncated>0</truncated>
		<difficult>0</difficult>
		<bndbox>
			<xmin>117</xmin>
			<ymin>546</ymin>
			<xmax>184</xmax>
			<ymax>617</ymax>
		</bndbox>
	</object>
	<object>
		<name>sp19</name>
		<pose>Unspecified</pose>
		<truncated>0</truncated>
		<difficult>0</difficult>
		<bndbox>
			<xmin>223</xmin>
			<ymin>395</ymin>
			<xmax>311</xmax>
			<ymax>469</ymax>
		</bndbox>
	</object>
	<object>
		<name>sp19</name>
		<pose>Unspecified</pose>
		<truncated>0</truncated>
		<difficult>0</difficult>
		<bndbox>
			<xmin>396</xmin>
			<ymin>222</ymin>
			<xmax>474</xmax>
			<ymax>285</ymax>
		</bndbox>
	</object>
	<object>
		<name>sp19</name>
		<pose>Unspecified</pose>
		<truncated>0</truncated>
		<difficult>0</difficult>
		<bndbox>
			<xmin>662</xmin>
			<ymin>68</ymin>
			<xmax>756</xmax>
			<ymax>152</ymax>
		</bndbox>
	</object>
	<object>
		<name>sp19</name>
		<pose>Unspecified</pose>
		<truncated>0</truncated>
		<difficult>0</difficult>
		<bndbox>
			<xmin>1183</xmin>
			<ymin>826</ymin>
			<xmax>1256</xmax>
			<ymax>896</ymax>
		</bndbox>
	</object>
	<object>
		<name>sp19</name>
		<pose>Unspecified</pose>
		<truncated>0</truncated>
		<difficult>0</difficult>
		<bndbox>
			<xmin>1001</xmin>
			<ymin>2132</ymin>
			<xmax>1080</xmax>
			<ymax>2194</ymax>
		</bndbox>
	</object>
	<object>
		<name>sp19</name>
		<pose>Unspecified</pose>
		<truncated>0</truncated>
		<difficult>0</difficult>
		<bndbox>
			<xmin>1366</xmin>
			<ymin>2095</ymin>
			<xmax>1445</xmax>
			<ymax>2146</ymax>
		</bndbox>
	</object>
	<object>
		<name>sp19</name>
		<pose>Unspecified</pose>
		<truncated>0</truncated>
		<difficult>0</difficult>
		<bndbox>
			<xmin>2088</xmin>
			<ymin>787</ymin>
			<xmax>2168</xmax>
			<ymax>893</ymax>
		</bndbox>
	</object>
	<object>
		<name>sp19</name>
		<pose>Unspecified</pose>
		<truncated>0</truncated>
		<difficult>0</difficult>
		<bndbox>
			<xmin>1583</xmin>
			<ymin>1794</ymin>
			<xmax>1651</xmax>
			<ymax>1868</ymax>
		</bndbox>
	</object>
	<object>
		<name>sp19</name>
		<pose>Unspecified</pose>
		<truncated>0</truncated>
		<difficult>0</difficult>
		<bndbox>
			<xmin>1528</xmin>
			<ymin>1812</ymin>
			<xmax>1602</xmax>
			<ymax>1915</ymax>
		</bndbox>
	</object>
	<object>
		<name>sp19</name>
		<pose>Unspecified</pose>
		<truncated>0</truncated>
		<difficult>0</difficult>
		<bndbox>
			<xmin>85</xmin>
			<ymin>850</ymin>
			<xmax>162</xmax>
			<ymax>947</ymax>
		</bndbox>
	</object>
</annotation>