<annotation>
	<folder>my-project-name</folder>
	<filename>sp19_img23.jpg</filename>
	<path>/my-project-name/sp19_img23.jpg</path>
	<source>
		<database>Unspecified</database>
	</source>
	<size>
		<width>2200</width>
		<height>2196</height>
		<depth>3</depth>
	</size>
	<object>
		<name>sp19</name>
		<pose>Unspecified</pose>
		<truncated>0</truncated>
		<difficult>0</difficult>
		<bndbox>
			<xmin>1361</xmin>
			<ymin>637</ymin>
			<xmax>1482</xmax>
			<ymax>743</ymax>
		</bndbox>
	</object>
	<object>
		<name>sp19</name>
		<pose>Unspecified</pose>
		<truncated>0</truncated>
		<difficult>0</difficult>
		<bndbox>
			<xmin>1613</xmin>
			<ymin>829</ymin>
			<xmax>1709</xmax>
			<ymax>947</ymax>
		</bndbox>
	</object>
	<object>
		<name>sp19</name>
		<pose>Unspecified</pose>
		<truncated>0</truncated>
		<difficult>0</difficult>
		<bndbox>
			<xmin>1709</xmin>
			<ymin>876</ymin>
			<xmax>1818</xmax>
			<ymax>969</ymax>
		</bndbox>
	</object>
	<object>
		<name>sp19</name>
		<pose>Unspecified</pose>
		<truncated>0</truncated>
		<difficult>0</difficult>
		<bndbox>
			<xmin>1727</xmin>
			<ymin>730</ymin>
			<xmax>1839</xmax>
			<ymax>833</ymax>
		</bndbox>
	</object>
	<object>
		<name>sp19</name>
		<pose>Unspecified</pose>
		<truncated>0</truncated>
		<difficult>0</difficult>
		<bndbox>
			<xmin>1920</xmin>
			<ymin>811</ymin>
			<xmax>2001</xmax>
			<ymax>889</ymax>
		</bndbox>
	</object>
	<object>
		<name>sp19</name>
		<pose>Unspecified</pose>
		<truncated>0</truncated>
		<difficult>0</difficult>
		<bndbox>
			<xmin>1991</xmin>
			<ymin>752</ymin>
			<xmax>2090</xmax>
			<ymax>855</ymax>
		</bndbox>
	</object>
	<object>
		<name>sp19</name>
		<pose>Unspecified</pose>
		<truncated>0</truncated>
		<difficult>0</difficult>
		<bndbox>
			<xmin>1858</xmin>
			<ymin>640</ymin>
			<xmax>2023</xmax>
			<ymax>752</ymax>
		</bndbox>
	</object>
	<object>
		<name>sp19</name>
		<pose>Unspecified</pose>
		<truncated>0</truncated>
		<difficult>0</difficult>
		<bndbox>
			<xmin>1892</xmin>
			<ymin>1006</ymin>
			<xmax>1988</xmax>
			<ymax>1112</ymax>
		</bndbox>
	</object>
	<object>
		<name>sp19</name>
		<pose>Unspecified</pose>
		<truncated>0</truncated>
		<difficult>0</difficult>
		<bndbox>
			<xmin>1758</xmin>
			<ymin>1056</ymin>
			<xmax>1854</xmax>
			<ymax>1162</ymax>
		</bndbox>
	</object>
	<object>
		<name>sp19</name>
		<pose>Unspecified</pose>
		<truncated>0</truncated>
		<difficult>0</difficult>
		<bndbox>
			<xmin>1849</xmin>
			<ymin>1273</ymin>
			<xmax>1970</xmax>
			<ymax>1382</ymax>
		</bndbox>
	</object>
	<object>
		<name>sp19</name>
		<pose>Unspecified</pose>
		<truncated>0</truncated>
		<difficult>0</difficult>
		<bndbox>
			<xmin>2001</xmin>
			<ymin>1292</ymin>
			<xmax>2110</xmax>
			<ymax>1410</ymax>
		</bndbox>
	</object>
	<object>
		<name>sp19</name>
		<pose>Unspecified</pose>
		<truncated>0</truncated>
		<difficult>0</difficult>
		<bndbox>
			<xmin>1970</xmin>
			<ymin>1522</ymin>
			<xmax>2048</xmax>
			<ymax>1606</ymax>
		</bndbox>
	</object>
	<object>
		<name>sp19</name>
		<pose>Unspecified</pose>
		<truncated>0</truncated>
		<difficult>0</difficult>
		<bndbox>
			<xmin>1867</xmin>
			<ymin>1485</ymin>
			<xmax>1929</xmax>
			<ymax>1578</ymax>
		</bndbox>
	</object>
	<object>
		<name>sp19</name>
		<pose>Unspecified</pose>
		<truncated>0</truncated>
		<difficult>0</difficult>
		<bndbox>
			<xmin>1783</xmin>
			<ymin>1475</ymin>
			<xmax>1858</xmax>
			<ymax>1534</ymax>
		</bndbox>
	</object>
	<object>
		<name>sp19</name>
		<pose>Unspecified</pose>
		<truncated>0</truncated>
		<difficult>0</difficult>
		<bndbox>
			<xmin>1749</xmin>
			<ymin>1531</ymin>
			<xmax>1839</xmax>
			<ymax>1612</ymax>
		</bndbox>
	</object>
	<object>
		<name>sp19</name>
		<pose>Unspecified</pose>
		<truncated>0</truncated>
		<difficult>0</difficult>
		<bndbox>
			<xmin>1550</xmin>
			<ymin>1308</ymin>
			<xmax>1659</xmax>
			<ymax>1392</ymax>
		</bndbox>
	</object>
	<object>
		<name>sp19</name>
		<pose>Unspecified</pose>
		<truncated>0</truncated>
		<difficult>0</difficult>
		<bndbox>
			<xmin>1488</xmin>
			<ymin>1376</ymin>
			<xmax>1572</xmax>
			<ymax>1469</ymax>
		</bndbox>
	</object>
	<object>
		<name>sp19</name>
		<pose>Unspecified</pose>
		<truncated>0</truncated>
		<difficult>0</difficult>
		<bndbox>
			<xmin>1442</xmin>
			<ymin>1423</ymin>
			<xmax>1501</xmax>
			<ymax>1494</ymax>
		</bndbox>
	</object>
	<object>
		<name>sp19</name>
		<pose>Unspecified</pose>
		<truncated>0</truncated>
		<difficult>0</difficult>
		<bndbox>
			<xmin>1494</xmin>
			<ymin>1491</ymin>
			<xmax>1578</xmax>
			<ymax>1625</ymax>
		</bndbox>
	</object>
	<object>
		<name>sp19</name>
		<pose>Unspecified</pose>
		<truncated>0</truncated>
		<difficult>0</difficult>
		<bndbox>
			<xmin>1230</xmin>
			<ymin>1395</ymin>
			<xmax>1367</xmax>
			<ymax>1479</ymax>
		</bndbox>
	</object>
	<object>
		<name>sp19</name>
		<pose>Unspecified</pose>
		<truncated>0</truncated>
		<difficult>0</difficult>
		<bndbox>
			<xmin>1361</xmin>
			<ymin>1618</ymin>
			<xmax>1457</xmax>
			<ymax>1686</ymax>
		</bndbox>
	</object>
	<object>
		<name>sp19</name>
		<pose>Unspecified</pose>
		<truncated>0</truncated>
		<difficult>0</difficult>
		<bndbox>
			<xmin>1414</xmin>
			<ymin>1708</ymin>
			<xmax>1495</xmax>
			<ymax>1792</ymax>
		</bndbox>
	</object>
	<object>
		<name>sp19</name>
		<pose>Unspecified</pose>
		<truncated>0</truncated>
		<difficult>0</difficult>
		<bndbox>
			<xmin>1128</xmin>
			<ymin>1659</ymin>
			<xmax>1231</xmax>
			<ymax>1730</ymax>
		</bndbox>
	</object>
	<object>
		<name>sp19</name>
		<pose>Unspecified</pose>
		<truncated>0</truncated>
		<difficult>0</difficult>
		<bndbox>
			<xmin>1212</xmin>
			<ymin>1786</ymin>
			<xmax>1283</xmax>
			<ymax>1876</ymax>
		</bndbox>
	</object>
	<object>
		<name>sp19</name>
		<pose>Unspecified</pose>
		<truncated>0</truncated>
		<difficult>0</difficult>
		<bndbox>
			<xmin>1103</xmin>
			<ymin>1907</ymin>
			<xmax>1190</xmax>
			<ymax>1988</ymax>
		</bndbox>
	</object>
	<object>
		<name>sp19</name>
		<pose>Unspecified</pose>
		<truncated>0</truncated>
		<difficult>0</difficult>
		<bndbox>
			<xmin>954</xmin>
			<ymin>1867</ymin>
			<xmax>1066</xmax>
			<ymax>1963</ymax>
		</bndbox>
	</object>
	<object>
		<name>sp19</name>
		<pose>Unspecified</pose>
		<truncated>0</truncated>
		<difficult>0</difficult>
		<bndbox>
			<xmin>864</xmin>
			<ymin>1764</ymin>
			<xmax>960</xmax>
			<ymax>1863</ymax>
		</bndbox>
	</object>
	<object>
		<name>sp19</name>
		<pose>Unspecified</pose>
		<truncated>0</truncated>
		<difficult>0</difficult>
		<bndbox>
			<xmin>842</xmin>
			<ymin>1646</ymin>
			<xmax>929</xmax>
			<ymax>1745</ymax>
		</bndbox>
	</object>
	<object>
		<name>sp19</name>
		<pose>Unspecified</pose>
		<truncated>0</truncated>
		<difficult>0</difficult>
		<bndbox>
			<xmin>752</xmin>
			<ymin>1621</ymin>
			<xmax>851</xmax>
			<ymax>1727</ymax>
		</bndbox>
	</object>
	<object>
		<name>sp19</name>
		<pose>Unspecified</pose>
		<truncated>0</truncated>
		<difficult>0</difficult>
		<bndbox>
			<xmin>647</xmin>
			<ymin>1612</ymin>
			<xmax>740</xmax>
			<ymax>1715</ymax>
		</bndbox>
	</object>
	<object>
		<name>sp19</name>
		<pose>Unspecified</pose>
		<truncated>0</truncated>
		<difficult>0</difficult>
		<bndbox>
			<xmin>696</xmin>
			<ymin>1711</ymin>
			<xmax>783</xmax>
			<ymax>1801</ymax>
		</bndbox>
	</object>
	<object>
		<name>sp19</name>
		<pose>Unspecified</pose>
		<truncated>0</truncated>
		<difficult>0</difficult>
		<bndbox>
			<xmin>516</xmin>
			<ymin>1519</ymin>
			<xmax>665</xmax>
			<ymax>1622</ymax>
		</bndbox>
	</object>
	<object>
		<name>sp19</name>
		<pose>Unspecified</pose>
		<truncated>0</truncated>
		<difficult>0</difficult>
		<bndbox>
			<xmin>609</xmin>
			<ymin>1364</ymin>
			<xmax>712</xmax>
			<ymax>1479</ymax>
		</bndbox>
	</object>
	<object>
		<name>sp19</name>
		<pose>Unspecified</pose>
		<truncated>0</truncated>
		<difficult>0</difficult>
		<bndbox>
			<xmin>501</xmin>
			<ymin>1388</ymin>
			<xmax>582</xmax>
			<ymax>1484</ymax>
		</bndbox>
	</object>
	<object>
		<name>sp19</name>
		<pose>Unspecified</pose>
		<truncated>0</truncated>
		<difficult>0</difficult>
		<bndbox>
			<xmin>277</xmin>
			<ymin>1429</ymin>
			<xmax>348</xmax>
			<ymax>1507</ymax>
		</bndbox>
	</object>
	<object>
		<name>sp19</name>
		<pose>Unspecified</pose>
		<truncated>0</truncated>
		<difficult>0</difficult>
		<bndbox>
			<xmin>373</xmin>
			<ymin>1401</ymin>
			<xmax>485</xmax>
			<ymax>1559</ymax>
		</bndbox>
	</object>
	<object>
		<name>sp19</name>
		<pose>Unspecified</pose>
		<truncated>0</truncated>
		<difficult>0</difficult>
		<bndbox>
			<xmin>237</xmin>
			<ymin>1541</ymin>
			<xmax>358</xmax>
			<ymax>1653</ymax>
		</bndbox>
	</object>
	<object>
		<name>sp19</name>
		<pose>Unspecified</pose>
		<truncated>0</truncated>
		<difficult>0</difficult>
		<bndbox>
			<xmin>765</xmin>
			<ymin>1466</ymin>
			<xmax>855</xmax>
			<ymax>1556</ymax>
		</bndbox>
	</object>
	<object>
		<name>sp19</name>
		<pose>Unspecified</pose>
		<truncated>0</truncated>
		<difficult>0</difficult>
		<bndbox>
			<xmin>883</xmin>
			<ymin>1392</ymin>
			<xmax>964</xmax>
			<ymax>1495</ymax>
		</bndbox>
	</object>
	<object>
		<name>sp19</name>
		<pose>Unspecified</pose>
		<truncated>0</truncated>
		<difficult>0</difficult>
		<bndbox>
			<xmin>811</xmin>
			<ymin>1323</ymin>
			<xmax>898</xmax>
			<ymax>1444</ymax>
		</bndbox>
	</object>
	<object>
		<name>sp19</name>
		<pose>Unspecified</pose>
		<truncated>0</truncated>
		<difficult>0</difficult>
		<bndbox>
			<xmin>740</xmin>
			<ymin>1982</ymin>
			<xmax>827</xmax>
			<ymax>2122</ymax>
		</bndbox>
	</object>
	<object>
		<name>sp19</name>
		<pose>Unspecified</pose>
		<truncated>0</truncated>
		<difficult>0</difficult>
		<bndbox>
			<xmin>1827</xmin>
			<ymin>1631</ymin>
			<xmax>1905</xmax>
			<ymax>1718</ymax>
		</bndbox>
	</object>
	<object>
		<name>sp19</name>
		<pose>Unspecified</pose>
		<truncated>0</truncated>
		<difficult>0</difficult>
		<bndbox>
			<xmin>1762</xmin>
			<ymin>1643</ymin>
			<xmax>1827</xmax>
			<ymax>1708</ymax>
		</bndbox>
	</object>
	<object>
		<name>sp19</name>
		<pose>Unspecified</pose>
		<truncated>0</truncated>
		<difficult>0</difficult>
		<bndbox>
			<xmin>1737</xmin>
			<ymin>1708</ymin>
			<xmax>1815</xmax>
			<ymax>1779</ymax>
		</bndbox>
	</object>
	<object>
		<name>sp19</name>
		<pose>Unspecified</pose>
		<truncated>0</truncated>
		<difficult>0</difficult>
		<bndbox>
			<xmin>1687</xmin>
			<ymin>1792</ymin>
			<xmax>1758</xmax>
			<ymax>1885</ymax>
		</bndbox>
	</object>
	<object>
		<name>sp19</name>
		<pose>Unspecified</pose>
		<truncated>0</truncated>
		<difficult>0</difficult>
		<bndbox>
			<xmin>1547</xmin>
			<ymin>1743</ymin>
			<xmax>1681</xmax>
			<ymax>1877</ymax>
		</bndbox>
	</object>
	<object>
		<name>sp19</name>
		<pose>Unspecified</pose>
		<truncated>0</truncated>
		<difficult>0</difficult>
		<bndbox>
			<xmin>1591</xmin>
			<ymin>1923</ymin>
			<xmax>1675</xmax>
			<ymax>2022</ymax>
		</bndbox>
	</object>
	<object>
		<name>sp19</name>
		<pose>Unspecified</pose>
		<truncated>0</truncated>
		<difficult>0</difficult>
		<bndbox>
			<xmin>1510</xmin>
			<ymin>1876</ymin>
			<xmax>1572</xmax>
			<ymax>1954</ymax>
		</bndbox>
	</object>
	<object>
		<name>sp19</name>
		<pose>Unspecified</pose>
		<truncated>0</truncated>
		<difficult>0</difficult>
		<bndbox>
			<xmin>1389</xmin>
			<ymin>1904</ymin>
			<xmax>1457</xmax>
			<ymax>1972</ymax>
		</bndbox>
	</object>
	<object>
		<name>sp19</name>
		<pose>Unspecified</pose>
		<truncated>0</truncated>
		<difficult>0</difficult>
		<bndbox>
			<xmin>1345</xmin>
			<ymin>1817</ymin>
			<xmax>1488</xmax>
			<ymax>1913</ymax>
		</bndbox>
	</object>
	<object>
		<name>sp19</name>
		<pose>Unspecified</pose>
		<truncated>0</truncated>
		<difficult>0</difficult>
		<bndbox>
			<xmin>1184</xmin>
			<ymin>2034</ymin>
			<xmax>1268</xmax>
			<ymax>2121</ymax>
		</bndbox>
	</object>
	<object>
		<name>sp19</name>
		<pose>Unspecified</pose>
		<truncated>0</truncated>
		<difficult>0</difficult>
		<bndbox>
			<xmin>1140</xmin>
			<ymin>2103</ymin>
			<xmax>1218</xmax>
			<ymax>2171</ymax>
		</bndbox>
	</object>
	<object>
		<name>sp19</name>
		<pose>Unspecified</pose>
		<truncated>0</truncated>
		<difficult>0</difficult>
		<bndbox>
			<xmin>1060</xmin>
			<ymin>2118</ymin>
			<xmax>1128</xmax>
			<ymax>2186</ymax>
		</bndbox>
	</object>
	<object>
		<name>sp19</name>
		<pose>Unspecified</pose>
		<truncated>0</truncated>
		<difficult>0</difficult>
		<bndbox>
			<xmin>926</xmin>
			<ymin>2056</ymin>
			<xmax>997</xmax>
			<ymax>2174</ymax>
		</bndbox>
	</object>
	<object>
		<name>sp19</name>
		<pose>Unspecified</pose>
		<truncated>0</truncated>
		<difficult>0</difficult>
		<bndbox>
			<xmin>855</xmin>
			<ymin>2069</ymin>
			<xmax>920</xmax>
			<ymax>2175</ymax>
		</bndbox>
	</object>
	<object>
		<name>sp19</name>
		<pose>Unspecified</pose>
		<truncated>0</truncated>
		<difficult>0</difficult>
		<bndbox>
			<xmin>1265</xmin>
			<ymin>1969</ymin>
			<xmax>1361</xmax>
			<ymax>2093</ymax>
		</bndbox>
	</object>
	<object>
		<name>sp19</name>
		<pose>Unspecified</pose>
		<truncated>0</truncated>
		<difficult>0</difficult>
		<bndbox>
			<xmin>1355</xmin>
			<ymin>2050</ymin>
			<xmax>1454</xmax>
			<ymax>2153</ymax>
		</bndbox>
	</object>
	<object>
		<name>sp19</name>
		<pose>Unspecified</pose>
		<truncated>0</truncated>
		<difficult>0</difficult>
		<bndbox>
			<xmin>1488</xmin>
			<ymin>2022</ymin>
			<xmax>1566</xmax>
			<ymax>2121</ymax>
		</bndbox>
	</object>
	<object>
		<name>sp19</name>
		<pose>Unspecified</pose>
		<truncated>0</truncated>
		<difficult>0</difficult>
		<bndbox>
			<xmin>811</xmin>
			<ymin>1103</ymin>
			<xmax>904</xmax>
			<ymax>1190</ymax>
		</bndbox>
	</object>
	<object>
		<name>sp19</name>
		<pose>Unspecified</pose>
		<truncated>0</truncated>
		<difficult>0</difficult>
		<bndbox>
			<xmin>594</xmin>
			<ymin>1065</ymin>
			<xmax>697</xmax>
			<ymax>1161</ymax>
		</bndbox>
	</object>
	<object>
		<name>sp19</name>
		<pose>Unspecified</pose>
		<truncated>0</truncated>
		<difficult>0</difficult>
		<bndbox>
			<xmin>643</xmin>
			<ymin>972</ymin>
			<xmax>724</xmax>
			<ymax>1056</ymax>
		</bndbox>
	</object>
	<object>
		<name>sp19</name>
		<pose>Unspecified</pose>
		<truncated>0</truncated>
		<difficult>0</difficult>
		<bndbox>
			<xmin>311</xmin>
			<ymin>1162</ymin>
			<xmax>417</xmax>
			<ymax>1255</ymax>
		</bndbox>
	</object>
	<object>
		<name>sp19</name>
		<pose>Unspecified</pose>
		<truncated>0</truncated>
		<difficult>0</difficult>
		<bndbox>
			<xmin>100</xmin>
			<ymin>1165</ymin>
			<xmax>218</xmax>
			<ymax>1252</ymax>
		</bndbox>
	</object>
	<object>
		<name>sp19</name>
		<pose>Unspecified</pose>
		<truncated>0</truncated>
		<difficult>0</difficult>
		<bndbox>
			<xmin>84</xmin>
			<ymin>1072</ymin>
			<xmax>193</xmax>
			<ymax>1162</ymax>
		</bndbox>
	</object>
	<object>
		<name>sp19</name>
		<pose>Unspecified</pose>
		<truncated>0</truncated>
		<difficult>0</difficult>
		<bndbox>
			<xmin>81</xmin>
			<ymin>857</ymin>
			<xmax>171</xmax>
			<ymax>944</ymax>
		</bndbox>
	</object>
	<object>
		<name>sp19</name>
		<pose>Unspecified</pose>
		<truncated>0</truncated>
		<difficult>0</difficult>
		<bndbox>
			<xmin>69</xmin>
			<ymin>705</ymin>
			<xmax>162</xmax>
			<ymax>817</ymax>
		</bndbox>
	</object>
	<object>
		<name>sp19</name>
		<pose>Unspecified</pose>
		<truncated>0</truncated>
		<difficult>0</difficult>
		<bndbox>
			<xmin>156</xmin>
			<ymin>742</ymin>
			<xmax>290</xmax>
			<ymax>848</ymax>
		</bndbox>
	</object>
	<object>
		<name>sp19</name>
		<pose>Unspecified</pose>
		<truncated>0</truncated>
		<difficult>0</difficult>
		<bndbox>
			<xmin>224</xmin>
			<ymin>662</ymin>
			<xmax>311</xmax>
			<ymax>749</ymax>
		</bndbox>
	</object>
	<object>
		<name>sp19</name>
		<pose>Unspecified</pose>
		<truncated>0</truncated>
		<difficult>0</difficult>
		<bndbox>
			<xmin>205</xmin>
			<ymin>848</ymin>
			<xmax>289</xmax>
			<ymax>935</ymax>
		</bndbox>
	</object>
	<object>
		<name>sp19</name>
		<pose>Unspecified</pose>
		<truncated>0</truncated>
		<difficult>0</difficult>
		<bndbox>
			<xmin>404</xmin>
			<ymin>851</ymin>
			<xmax>482</xmax>
			<ymax>938</ymax>
		</bndbox>
	</object>
	<object>
		<name>sp19</name>
		<pose>Unspecified</pose>
		<truncated>0</truncated>
		<difficult>0</difficult>
		<bndbox>
			<xmin>302</xmin>
			<ymin>814</ymin>
			<xmax>405</xmax>
			<ymax>913</ymax>
		</bndbox>
	</object>
	<object>
		<name>sp19</name>
		<pose>Unspecified</pose>
		<truncated>0</truncated>
		<difficult>0</difficult>
		<bndbox>
			<xmin>296</xmin>
			<ymin>947</ymin>
			<xmax>377</xmax>
			<ymax>1018</ymax>
		</bndbox>
	</object>
	<object>
		<name>sp19</name>
		<pose>Unspecified</pose>
		<truncated>0</truncated>
		<difficult>0</difficult>
		<bndbox>
			<xmin>339</xmin>
			<ymin>1000</ymin>
			<xmax>417</xmax>
			<ymax>1081</ymax>
		</bndbox>
	</object>
	<object>
		<name>sp19</name>
		<pose>Unspecified</pose>
		<truncated>0</truncated>
		<difficult>0</difficult>
		<bndbox>
			<xmin>255</xmin>
			<ymin>1009</ymin>
			<xmax>320</xmax>
			<ymax>1068</ymax>
		</bndbox>
	</object>
	<object>
		<name>sp19</name>
		<pose>Unspecified</pose>
		<truncated>0</truncated>
		<difficult>0</difficult>
		<bndbox>
			<xmin>264</xmin>
			<ymin>1072</ymin>
			<xmax>329</xmax>
			<ymax>1165</ymax>
		</bndbox>
	</object>
	<object>
		<name>sp19</name>
		<pose>Unspecified</pose>
		<truncated>0</truncated>
		<difficult>0</difficult>
		<bndbox>
			<xmin>326</xmin>
			<ymin>1091</ymin>
			<xmax>398</xmax>
			<ymax>1145</ymax>
		</bndbox>
	</object>
	<object>
		<name>sp19</name>
		<pose>Unspecified</pose>
		<truncated>0</truncated>
		<difficult>0</difficult>
		<bndbox>
			<xmin>798</xmin>
			<ymin>949</ymin>
			<xmax>880</xmax>
			<ymax>1062</ymax>
		</bndbox>
	</object>
	<object>
		<name>sp19</name>
		<pose>Unspecified</pose>
		<truncated>0</truncated>
		<difficult>0</difficult>
		<bndbox>
			<xmin>872</xmin>
			<ymin>868</ymin>
			<xmax>948</xmax>
			<ymax>948</ymax>
		</bndbox>
	</object>
	<object>
		<name>sp19</name>
		<pose>Unspecified</pose>
		<truncated>0</truncated>
		<difficult>0</difficult>
		<bndbox>
			<xmin>963</xmin>
			<ymin>796</ymin>
			<xmax>1027</xmax>
			<ymax>874</ymax>
		</bndbox>
	</object>
	<object>
		<name>sp19</name>
		<pose>Unspecified</pose>
		<truncated>0</truncated>
		<difficult>0</difficult>
		<bndbox>
			<xmin>979</xmin>
			<ymin>928</ymin>
			<xmax>1012</xmax>
			<ymax>965</ymax>
		</bndbox>
	</object>
	<object>
		<name>sp19</name>
		<pose>Unspecified</pose>
		<truncated>0</truncated>
		<difficult>0</difficult>
		<bndbox>
			<xmin>1010</xmin>
			<ymin>922</ymin>
			<xmax>1121</xmax>
			<ymax>1025</ymax>
		</bndbox>
	</object>
	<object>
		<name>sp19</name>
		<pose>Unspecified</pose>
		<truncated>0</truncated>
		<difficult>0</difficult>
		<bndbox>
			<xmin>1113</xmin>
			<ymin>843</ymin>
			<xmax>1206</xmax>
			<ymax>925</ymax>
		</bndbox>
	</object>
	<object>
		<name>sp19</name>
		<pose>Unspecified</pose>
		<truncated>0</truncated>
		<difficult>0</difficult>
		<bndbox>
			<xmin>1122</xmin>
			<ymin>736</ymin>
			<xmax>1202</xmax>
			<ymax>823</ymax>
		</bndbox>
	</object>
	<object>
		<name>sp19</name>
		<pose>Unspecified</pose>
		<truncated>0</truncated>
		<difficult>0</difficult>
		<bndbox>
			<xmin>1064</xmin>
			<ymin>639</ymin>
			<xmax>1142</xmax>
			<ymax>717</ymax>
		</bndbox>
	</object>
	<object>
		<name>sp19</name>
		<pose>Unspecified</pose>
		<truncated>0</truncated>
		<difficult>0</difficult>
		<bndbox>
			<xmin>1074</xmin>
			<ymin>462</ymin>
			<xmax>1177</xmax>
			<ymax>598</ymax>
		</bndbox>
	</object>
	<object>
		<name>sp19</name>
		<pose>Unspecified</pose>
		<truncated>0</truncated>
		<difficult>0</difficult>
		<bndbox>
			<xmin>971</xmin>
			<ymin>553</ymin>
			<xmax>1039</xmax>
			<ymax>621</ymax>
		</bndbox>
	</object>
	<object>
		<name>sp19</name>
		<pose>Unspecified</pose>
		<truncated>0</truncated>
		<difficult>0</difficult>
		<bndbox>
			<xmin>940</xmin>
			<ymin>619</ymin>
			<xmax>1033</xmax>
			<ymax>702</ymax>
		</bndbox>
	</object>
	<object>
		<name>sp19</name>
		<pose>Unspecified</pose>
		<truncated>0</truncated>
		<difficult>0</difficult>
		<bndbox>
			<xmin>781</xmin>
			<ymin>648</ymin>
			<xmax>857</xmax>
			<ymax>733</ymax>
		</bndbox>
	</object>
	<object>
		<name>sp19</name>
		<pose>Unspecified</pose>
		<truncated>0</truncated>
		<difficult>0</difficult>
		<bndbox>
			<xmin>810</xmin>
			<ymin>759</ymin>
			<xmax>892</xmax>
			<ymax>835</ymax>
		</bndbox>
	</object>
	<object>
		<name>sp19</name>
		<pose>Unspecified</pose>
		<truncated>0</truncated>
		<difficult>0</difficult>
		<bndbox>
			<xmin>773</xmin>
			<ymin>843</ymin>
			<xmax>855</xmax>
			<ymax>930</ymax>
		</bndbox>
	</object>
	<object>
		<name>sp19</name>
		<pose>Unspecified</pose>
		<truncated>0</truncated>
		<difficult>0</difficult>
		<bndbox>
			<xmin>670</xmin>
			<ymin>796</ymin>
			<xmax>753</xmax>
			<ymax>874</ymax>
		</bndbox>
	</object>
	<object>
		<name>sp19</name>
		<pose>Unspecified</pose>
		<truncated>0</truncated>
		<difficult>0</difficult>
		<bndbox>
			<xmin>643</xmin>
			<ymin>726</ymin>
			<xmax>736</xmax>
			<ymax>792</ymax>
		</bndbox>
	</object>
	<object>
		<name>sp19</name>
		<pose>Unspecified</pose>
		<truncated>0</truncated>
		<difficult>0</difficult>
		<bndbox>
			<xmin>635</xmin>
			<ymin>600</ymin>
			<xmax>734</xmax>
			<ymax>699</ymax>
		</bndbox>
	</object>
	<object>
		<name>sp19</name>
		<pose>Unspecified</pose>
		<truncated>0</truncated>
		<difficult>0</difficult>
		<bndbox>
			<xmin>381</xmin>
			<ymin>561</ymin>
			<xmax>499</xmax>
			<ymax>658</ymax>
		</bndbox>
	</object>
	<object>
		<name>sp19</name>
		<pose>Unspecified</pose>
		<truncated>0</truncated>
		<difficult>0</difficult>
		<bndbox>
			<xmin>449</xmin>
			<ymin>528</ymin>
			<xmax>507</xmax>
			<ymax>598</ymax>
		</bndbox>
	</object>
	<object>
		<name>sp19</name>
		<pose>Unspecified</pose>
		<truncated>0</truncated>
		<difficult>0</difficult>
		<bndbox>
			<xmin>495</xmin>
			<ymin>497</ymin>
			<xmax>573</xmax>
			<ymax>567</ymax>
		</bndbox>
	</object>
	<object>
		<name>sp19</name>
		<pose>Unspecified</pose>
		<truncated>0</truncated>
		<difficult>0</difficult>
		<bndbox>
			<xmin>385</xmin>
			<ymin>419</ymin>
			<xmax>478</xmax>
			<ymax>491</ymax>
		</bndbox>
	</object>
	<object>
		<name>sp19</name>
		<pose>Unspecified</pose>
		<truncated>0</truncated>
		<difficult>0</difficult>
		<bndbox>
			<xmin>561</xmin>
			<ymin>489</ymin>
			<xmax>625</xmax>
			<ymax>541</ymax>
		</bndbox>
	</object>
	<object>
		<name>sp19</name>
		<pose>Unspecified</pose>
		<truncated>0</truncated>
		<difficult>0</difficult>
		<bndbox>
			<xmin>608</xmin>
			<ymin>425</ymin>
			<xmax>658</xmax>
			<ymax>485</ymax>
		</bndbox>
	</object>
	<object>
		<name>sp19</name>
		<pose>Unspecified</pose>
		<truncated>0</truncated>
		<difficult>0</difficult>
		<bndbox>
			<xmin>542</xmin>
			<ymin>419</ymin>
			<xmax>602</xmax>
			<ymax>473</ymax>
		</bndbox>
	</object>
	<object>
		<name>sp19</name>
		<pose>Unspecified</pose>
		<truncated>0</truncated>
		<difficult>0</difficult>
		<bndbox>
			<xmin>759</xmin>
			<ymin>452</ymin>
			<xmax>854</xmax>
			<ymax>555</ymax>
		</bndbox>
	</object>
	<object>
		<name>sp19</name>
		<pose>Unspecified</pose>
		<truncated>0</truncated>
		<difficult>0</difficult>
		<bndbox>
			<xmin>866</xmin>
			<ymin>441</ymin>
			<xmax>944</xmax>
			<ymax>499</ymax>
		</bndbox>
	</object>
	<object>
		<name>sp19</name>
		<pose>Unspecified</pose>
		<truncated>0</truncated>
		<difficult>0</difficult>
		<bndbox>
			<xmin>837</xmin>
			<ymin>363</ymin>
			<xmax>903</xmax>
			<ymax>437</ymax>
		</bndbox>
	</object>
	<object>
		<name>sp19</name>
		<pose>Unspecified</pose>
		<truncated>0</truncated>
		<difficult>0</difficult>
		<bndbox>
			<xmin>633</xmin>
			<ymin>254</ymin>
			<xmax>716</xmax>
			<ymax>345</ymax>
		</bndbox>
	</object>
	<object>
		<name>sp19</name>
		<pose>Unspecified</pose>
		<truncated>0</truncated>
		<difficult>0</difficult>
		<bndbox>
			<xmin>705</xmin>
			<ymin>328</ymin>
			<xmax>787</xmax>
			<ymax>388</ymax>
		</bndbox>
	</object>
	<object>
		<name>sp19</name>
		<pose>Unspecified</pose>
		<truncated>0</truncated>
		<difficult>0</difficult>
		<bndbox>
			<xmin>721</xmin>
			<ymin>392</ymin>
			<xmax>797</xmax>
			<ymax>452</ymax>
		</bndbox>
	</object>
	<object>
		<name>sp19</name>
		<pose>Unspecified</pose>
		<truncated>0</truncated>
		<difficult>0</difficult>
		<bndbox>
			<xmin>676</xmin>
			<ymin>443</ymin>
			<xmax>746</xmax>
			<ymax>505</ymax>
		</bndbox>
	</object>
	<object>
		<name>sp19</name>
		<pose>Unspecified</pose>
		<truncated>0</truncated>
		<difficult>0</difficult>
		<bndbox>
			<xmin>1687</xmin>
			<ymin>518</ymin>
			<xmax>1774</xmax>
			<ymax>623</ymax>
		</bndbox>
	</object>
	<object>
		<name>sp19</name>
		<pose>Unspecified</pose>
		<truncated>0</truncated>
		<difficult>0</difficult>
		<bndbox>
			<xmin>1808</xmin>
			<ymin>520</ymin>
			<xmax>1893</xmax>
			<ymax>609</ymax>
		</bndbox>
	</object>
	<object>
		<name>sp19</name>
		<pose>Unspecified</pose>
		<truncated>0</truncated>
		<difficult>0</difficult>
		<bndbox>
			<xmin>1755</xmin>
			<ymin>379</ymin>
			<xmax>1870</xmax>
			<ymax>482</ymax>
		</bndbox>
	</object>
	<object>
		<name>sp19</name>
		<pose>Unspecified</pose>
		<truncated>0</truncated>
		<difficult>0</difficult>
		<bndbox>
			<xmin>1600</xmin>
			<ymin>433</ymin>
			<xmax>1699</xmax>
			<ymax>544</ymax>
		</bndbox>
	</object>
	<object>
		<name>sp19</name>
		<pose>Unspecified</pose>
		<truncated>0</truncated>
		<difficult>0</difficult>
		<bndbox>
			<xmin>1641</xmin>
			<ymin>264</ymin>
			<xmax>1748</xmax>
			<ymax>367</ymax>
		</bndbox>
	</object>
	<object>
		<name>sp19</name>
		<pose>Unspecified</pose>
		<truncated>0</truncated>
		<difficult>0</difficult>
		<bndbox>
			<xmin>1569</xmin>
			<ymin>245</ymin>
			<xmax>1641</xmax>
			<ymax>334</ymax>
		</bndbox>
	</object>
	<object>
		<name>sp19</name>
		<pose>Unspecified</pose>
		<truncated>0</truncated>
		<difficult>0</difficult>
		<bndbox>
			<xmin>1481</xmin>
			<ymin>248</ymin>
			<xmax>1570</xmax>
			<ymax>349</ymax>
		</bndbox>
	</object>
	<object>
		<name>sp19</name>
		<pose>Unspecified</pose>
		<truncated>0</truncated>
		<difficult>0</difficult>
		<bndbox>
			<xmin>1491</xmin>
			<ymin>369</ymin>
			<xmax>1567</xmax>
			<ymax>447</ymax>
		</bndbox>
	</object>
	<object>
		<name>sp19</name>
		<pose>Unspecified</pose>
		<truncated>0</truncated>
		<difficult>0</difficult>
		<bndbox>
			<xmin>1371</xmin>
			<ymin>280</ymin>
			<xmax>1466</xmax>
			<ymax>387</ymax>
		</bndbox>
	</object>
	<object>
		<name>sp19</name>
		<pose>Unspecified</pose>
		<truncated>0</truncated>
		<difficult>0</difficult>
		<bndbox>
			<xmin>1210</xmin>
			<ymin>384</ymin>
			<xmax>1292</xmax>
			<ymax>475</ymax>
		</bndbox>
	</object>
	<object>
		<name>sp19</name>
		<pose>Unspecified</pose>
		<truncated>0</truncated>
		<difficult>0</difficult>
		<bndbox>
			<xmin>1264</xmin>
			<ymin>270</ymin>
			<xmax>1359</xmax>
			<ymax>423</ymax>
		</bndbox>
	</object>
	<object>
		<name>sp19</name>
		<pose>Unspecified</pose>
		<truncated>0</truncated>
		<difficult>0</difficult>
		<bndbox>
			<xmin>1357</xmin>
			<ymin>45</ymin>
			<xmax>1450</xmax>
			<ymax>194</ymax>
		</bndbox>
	</object>
	<object>
		<name>sp19</name>
		<pose>Unspecified</pose>
		<truncated>0</truncated>
		<difficult>0</difficult>
		<bndbox>
			<xmin>1163</xmin>
			<ymin>194</ymin>
			<xmax>1252</xmax>
			<ymax>295</ymax>
		</bndbox>
	</object>
	<object>
		<name>sp19</name>
		<pose>Unspecified</pose>
		<truncated>0</truncated>
		<difficult>0</difficult>
		<bndbox>
			<xmin>1091</xmin>
			<ymin>192</ymin>
			<xmax>1165</xmax>
			<ymax>299</ymax>
		</bndbox>
	</object>
	<object>
		<name>sp19</name>
		<pose>Unspecified</pose>
		<truncated>0</truncated>
		<difficult>0</difficult>
		<bndbox>
			<xmin>944</xmin>
			<ymin>262</ymin>
			<xmax>1035</xmax>
			<ymax>357</ymax>
		</bndbox>
	</object>
	<object>
		<name>sp19</name>
		<pose>Unspecified</pose>
		<truncated>0</truncated>
		<difficult>0</difficult>
		<bndbox>
			<xmin>891</xmin>
			<ymin>245</ymin>
			<xmax>955</xmax>
			<ymax>319</ymax>
		</bndbox>
	</object>
	<object>
		<name>sp19</name>
		<pose>Unspecified</pose>
		<truncated>0</truncated>
		<difficult>0</difficult>
		<bndbox>
			<xmin>802</xmin>
			<ymin>241</ymin>
			<xmax>880</xmax>
			<ymax>321</ymax>
		</bndbox>
	</object>
	<object>
		<name>sp19</name>
		<pose>Unspecified</pose>
		<truncated>0</truncated>
		<difficult>0</difficult>
		<bndbox>
			<xmin>814</xmin>
			<ymin>173</ymin>
			<xmax>882</xmax>
			<ymax>245</ymax>
		</bndbox>
	</object>
	<object>
		<name>sp19</name>
		<pose>Unspecified</pose>
		<truncated>0</truncated>
		<difficult>0</difficult>
		<bndbox>
			<xmin>781</xmin>
			<ymin>58</ymin>
			<xmax>864</xmax>
			<ymax>161</ymax>
		</bndbox>
	</object>
	<object>
		<name>sp19</name>
		<pose>Unspecified</pose>
		<truncated>0</truncated>
		<difficult>0</difficult>
		<bndbox>
			<xmin>905</xmin>
			<ymin>19</ymin>
			<xmax>983</xmax>
			<ymax>143</ymax>
		</bndbox>
	</object>
	<object>
		<name>sp19</name>
		<pose>Unspecified</pose>
		<truncated>0</truncated>
		<difficult>0</difficult>
		<bndbox>
			<xmin>992</xmin>
			<ymin>31</ymin>
			<xmax>1070</xmax>
			<ymax>155</ymax>
		</bndbox>
	</object>
	<object>
		<name>sp19</name>
		<pose>Unspecified</pose>
		<truncated>0</truncated>
		<difficult>0</difficult>
		<bndbox>
			<xmin>394</xmin>
			<ymin>311</ymin>
			<xmax>472</xmax>
			<ymax>410</ymax>
		</bndbox>
	</object>
	<object>
		<name>sp19</name>
		<pose>Unspecified</pose>
		<truncated>0</truncated>
		<difficult>0</difficult>
		<bndbox>
			<xmin>484</xmin>
			<ymin>272</ymin>
			<xmax>562</xmax>
			<ymax>369</ymax>
		</bndbox>
	</object>
	<object>
		<name>sp19</name>
		<pose>Unspecified</pose>
		<truncated>0</truncated>
		<difficult>0</difficult>
		<bndbox>
			<xmin>579</xmin>
			<ymin>307</ymin>
			<xmax>633</xmax>
			<ymax>369</ymax>
		</bndbox>
	</object>
	<object>
		<name>sp19</name>
		<pose>Unspecified</pose>
		<truncated>0</truncated>
		<difficult>0</difficult>
		<bndbox>
			<xmin>495</xmin>
			<ymin>369</ymin>
			<xmax>545</xmax>
			<ymax>421</ymax>
		</bndbox>
	</object>
	<object>
		<name>sp19</name>
		<pose>Unspecified</pose>
		<truncated>0</truncated>
		<difficult>0</difficult>
		<bndbox>
			<xmin>571</xmin>
			<ymin>374</ymin>
			<xmax>627</xmax>
			<ymax>425</ymax>
		</bndbox>
	</object>
</annotation>