<annotation>
	<folder>my-project-name</folder>
	<filename>sp19_img09.jpg</filename>
	<path>/my-project-name/sp19_img09.jpg</path>
	<source>
		<database>Unspecified</database>
	</source>
	<size>
		<width>2183</width>
		<height>2183</height>
		<depth>3</depth>
	</size>
	<object>
		<name>sp19</name>
		<pose>Unspecified</pose>
		<truncated>0</truncated>
		<difficult>0</difficult>
		<bndbox>
			<xmin>206</xmin>
			<ymin>375</ymin>
			<xmax>287</xmax>
			<ymax>440</ymax>
		</bndbox>
	</object>
	<object>
		<name>sp19</name>
		<pose>Unspecified</pose>
		<truncated>0</truncated>
		<difficult>0</difficult>
		<bndbox>
			<xmin>328</xmin>
			<ymin>421</ymin>
			<xmax>422</xmax>
			<ymax>499</ymax>
		</bndbox>
	</object>
	<object>
		<name>sp19</name>
		<pose>Unspecified</pose>
		<truncated>0</truncated>
		<difficult>0</difficult>
		<bndbox>
			<xmin>385</xmin>
			<ymin>481</ymin>
			<xmax>473</xmax>
			<ymax>565</ymax>
		</bndbox>
	</object>
	<object>
		<name>sp19</name>
		<pose>Unspecified</pose>
		<truncated>0</truncated>
		<difficult>0</difficult>
		<bndbox>
			<xmin>158</xmin>
			<ymin>680</ymin>
			<xmax>262</xmax>
			<ymax>779</ymax>
		</bndbox>
	</object>
	<object>
		<name>sp19</name>
		<pose>Unspecified</pose>
		<truncated>0</truncated>
		<difficult>0</difficult>
		<bndbox>
			<xmin>646</xmin>
			<ymin>558</ymin>
			<xmax>779</xmax>
			<ymax>718</ymax>
		</bndbox>
	</object>
	<object>
		<name>sp19</name>
		<pose>Unspecified</pose>
		<truncated>0</truncated>
		<difficult>0</difficult>
		<bndbox>
			<xmin>781</xmin>
			<ymin>569</ymin>
			<xmax>867</xmax>
			<ymax>659</ymax>
		</bndbox>
	</object>
	<object>
		<name>sp19</name>
		<pose>Unspecified</pose>
		<truncated>0</truncated>
		<difficult>0</difficult>
		<bndbox>
			<xmin>991</xmin>
			<ymin>569</ymin>
			<xmax>1087</xmax>
			<ymax>662</ymax>
		</bndbox>
	</object>
	<object>
		<name>sp19</name>
		<pose>Unspecified</pose>
		<truncated>0</truncated>
		<difficult>0</difficult>
		<bndbox>
			<xmin>1109</xmin>
			<ymin>380</ymin>
			<xmax>1212</xmax>
			<ymax>470</ymax>
		</bndbox>
	</object>
	<object>
		<name>sp19</name>
		<pose>Unspecified</pose>
		<truncated>0</truncated>
		<difficult>0</difficult>
		<bndbox>
			<xmin>1105</xmin>
			<ymin>660</ymin>
			<xmax>1194</xmax>
			<ymax>745</ymax>
		</bndbox>
	</object>
	<object>
		<name>sp19</name>
		<pose>Unspecified</pose>
		<truncated>0</truncated>
		<difficult>0</difficult>
		<bndbox>
			<xmin>449</xmin>
			<ymin>166</ymin>
			<xmax>561</xmax>
			<ymax>243</ymax>
		</bndbox>
	</object>
	<object>
		<name>sp19</name>
		<pose>Unspecified</pose>
		<truncated>0</truncated>
		<difficult>0</difficult>
		<bndbox>
			<xmin>592</xmin>
			<ymin>150</ymin>
			<xmax>669</xmax>
			<ymax>223</ymax>
		</bndbox>
	</object>
	<object>
		<name>sp19</name>
		<pose>Unspecified</pose>
		<truncated>0</truncated>
		<difficult>0</difficult>
		<bndbox>
			<xmin>1042</xmin>
			<ymin>3</ymin>
			<xmax>1162</xmax>
			<ymax>97</ymax>
		</bndbox>
	</object>
	<object>
		<name>sp19</name>
		<pose>Unspecified</pose>
		<truncated>0</truncated>
		<difficult>0</difficult>
		<bndbox>
			<xmin>1262</xmin>
			<ymin>28</ymin>
			<xmax>1416</xmax>
			<ymax>195</ymax>
		</bndbox>
	</object>
	<object>
		<name>sp19</name>
		<pose>Unspecified</pose>
		<truncated>0</truncated>
		<difficult>0</difficult>
		<bndbox>
			<xmin>1228</xmin>
			<ymin>308</ymin>
			<xmax>1310</xmax>
			<ymax>383</ymax>
		</bndbox>
	</object>
	<object>
		<name>sp19</name>
		<pose>Unspecified</pose>
		<truncated>0</truncated>
		<difficult>0</difficult>
		<bndbox>
			<xmin>1335</xmin>
			<ymin>290</ymin>
			<xmax>1414</xmax>
			<ymax>373</ymax>
		</bndbox>
	</object>
	<object>
		<name>sp19</name>
		<pose>Unspecified</pose>
		<truncated>0</truncated>
		<difficult>0</difficult>
		<bndbox>
			<xmin>1301</xmin>
			<ymin>416</ymin>
			<xmax>1397</xmax>
			<ymax>498</ymax>
		</bndbox>
	</object>
	<object>
		<name>sp19</name>
		<pose>Unspecified</pose>
		<truncated>0</truncated>
		<difficult>0</difficult>
		<bndbox>
			<xmin>1235</xmin>
			<ymin>457</ymin>
			<xmax>1316</xmax>
			<ymax>537</ymax>
		</bndbox>
	</object>
	<object>
		<name>sp19</name>
		<pose>Unspecified</pose>
		<truncated>0</truncated>
		<difficult>0</difficult>
		<bndbox>
			<xmin>1422</xmin>
			<ymin>445</ymin>
			<xmax>1520</xmax>
			<ymax>526</ymax>
		</bndbox>
	</object>
	<object>
		<name>sp19</name>
		<pose>Unspecified</pose>
		<truncated>0</truncated>
		<difficult>0</difficult>
		<bndbox>
			<xmin>1552</xmin>
			<ymin>163</ymin>
			<xmax>1673</xmax>
			<ymax>287</ymax>
		</bndbox>
	</object>
	<object>
		<name>sp19</name>
		<pose>Unspecified</pose>
		<truncated>0</truncated>
		<difficult>0</difficult>
		<bndbox>
			<xmin>1632</xmin>
			<ymin>213</ymin>
			<xmax>1733</xmax>
			<ymax>340</ymax>
		</bndbox>
	</object>
	<object>
		<name>sp19</name>
		<pose>Unspecified</pose>
		<truncated>0</truncated>
		<difficult>0</difficult>
		<bndbox>
			<xmin>1827</xmin>
			<ymin>438</ymin>
			<xmax>1887</xmax>
			<ymax>502</ymax>
		</bndbox>
	</object>
	<object>
		<name>sp19</name>
		<pose>Unspecified</pose>
		<truncated>0</truncated>
		<difficult>0</difficult>
		<bndbox>
			<xmin>1527</xmin>
			<ymin>540</ymin>
			<xmax>1612</xmax>
			<ymax>615</ymax>
		</bndbox>
	</object>
	<object>
		<name>sp19</name>
		<pose>Unspecified</pose>
		<truncated>0</truncated>
		<difficult>0</difficult>
		<bndbox>
			<xmin>1455</xmin>
			<ymin>532</ymin>
			<xmax>1527</xmax>
			<ymax>601</ymax>
		</bndbox>
	</object>
	<object>
		<name>sp19</name>
		<pose>Unspecified</pose>
		<truncated>0</truncated>
		<difficult>0</difficult>
		<bndbox>
			<xmin>1477</xmin>
			<ymin>608</ymin>
			<xmax>1545</xmax>
			<ymax>668</ymax>
		</bndbox>
	</object>
	<object>
		<name>sp19</name>
		<pose>Unspecified</pose>
		<truncated>0</truncated>
		<difficult>0</difficult>
		<bndbox>
			<xmin>1544</xmin>
			<ymin>620</ymin>
			<xmax>1612</xmax>
			<ymax>689</ymax>
		</bndbox>
	</object>
	<object>
		<name>sp19</name>
		<pose>Unspecified</pose>
		<truncated>0</truncated>
		<difficult>0</difficult>
		<bndbox>
			<xmin>1359</xmin>
			<ymin>644</ymin>
			<xmax>1442</xmax>
			<ymax>711</ymax>
		</bndbox>
	</object>
	<object>
		<name>sp19</name>
		<pose>Unspecified</pose>
		<truncated>0</truncated>
		<difficult>0</difficult>
		<bndbox>
			<xmin>1243</xmin>
			<ymin>694</ymin>
			<xmax>1316</xmax>
			<ymax>751</ymax>
		</bndbox>
	</object>
	<object>
		<name>sp19</name>
		<pose>Unspecified</pose>
		<truncated>0</truncated>
		<difficult>0</difficult>
		<bndbox>
			<xmin>1285</xmin>
			<ymin>746</ymin>
			<xmax>1354</xmax>
			<ymax>808</ymax>
		</bndbox>
	</object>
	<object>
		<name>sp19</name>
		<pose>Unspecified</pose>
		<truncated>0</truncated>
		<difficult>0</difficult>
		<bndbox>
			<xmin>1455</xmin>
			<ymin>675</ymin>
			<xmax>1517</xmax>
			<ymax>737</ymax>
		</bndbox>
	</object>
	<object>
		<name>sp19</name>
		<pose>Unspecified</pose>
		<truncated>0</truncated>
		<difficult>0</difficult>
		<bndbox>
			<xmin>1250</xmin>
			<ymin>820</ymin>
			<xmax>1333</xmax>
			<ymax>895</ymax>
		</bndbox>
	</object>
	<object>
		<name>sp19</name>
		<pose>Unspecified</pose>
		<truncated>0</truncated>
		<difficult>0</difficult>
		<bndbox>
			<xmin>1341</xmin>
			<ymin>820</ymin>
			<xmax>1411</xmax>
			<ymax>889</ymax>
		</bndbox>
	</object>
	<object>
		<name>sp19</name>
		<pose>Unspecified</pose>
		<truncated>0</truncated>
		<difficult>0</difficult>
		<bndbox>
			<xmin>1405</xmin>
			<ymin>789</ymin>
			<xmax>1458</xmax>
			<ymax>838</ymax>
		</bndbox>
	</object>
	<object>
		<name>sp19</name>
		<pose>Unspecified</pose>
		<truncated>0</truncated>
		<difficult>0</difficult>
		<bndbox>
			<xmin>1450</xmin>
			<ymin>730</ymin>
			<xmax>1536</xmax>
			<ymax>831</ymax>
		</bndbox>
	</object>
	<object>
		<name>sp19</name>
		<pose>Unspecified</pose>
		<truncated>0</truncated>
		<difficult>0</difficult>
		<bndbox>
			<xmin>1547</xmin>
			<ymin>737</ymin>
			<xmax>1672</xmax>
			<ymax>904</ymax>
		</bndbox>
	</object>
	<object>
		<name>sp19</name>
		<pose>Unspecified</pose>
		<truncated>0</truncated>
		<difficult>0</difficult>
		<bndbox>
			<xmin>1885</xmin>
			<ymin>462</ymin>
			<xmax>1980</xmax>
			<ymax>551</ymax>
		</bndbox>
	</object>
	<object>
		<name>sp19</name>
		<pose>Unspecified</pose>
		<truncated>0</truncated>
		<difficult>0</difficult>
		<bndbox>
			<xmin>1947</xmin>
			<ymin>568</ymin>
			<xmax>2061</xmax>
			<ymax>682</ymax>
		</bndbox>
	</object>
	<object>
		<name>sp19</name>
		<pose>Unspecified</pose>
		<truncated>0</truncated>
		<difficult>0</difficult>
		<bndbox>
			<xmin>2046</xmin>
			<ymin>790</ymin>
			<xmax>2139</xmax>
			<ymax>905</ymax>
		</bndbox>
	</object>
	<object>
		<name>sp19</name>
		<pose>Unspecified</pose>
		<truncated>0</truncated>
		<difficult>0</difficult>
		<bndbox>
			<xmin>1696</xmin>
			<ymin>929</ymin>
			<xmax>1783</xmax>
			<ymax>1009</ymax>
		</bndbox>
	</object>
	<object>
		<name>sp19</name>
		<pose>Unspecified</pose>
		<truncated>0</truncated>
		<difficult>0</difficult>
		<bndbox>
			<xmin>1676</xmin>
			<ymin>1002</ymin>
			<xmax>1817</xmax>
			<ymax>1111</ymax>
		</bndbox>
	</object>
	<object>
		<name>sp19</name>
		<pose>Unspecified</pose>
		<truncated>0</truncated>
		<difficult>0</difficult>
		<bndbox>
			<xmin>1803</xmin>
			<ymin>1062</ymin>
			<xmax>1887</xmax>
			<ymax>1146</ymax>
		</bndbox>
	</object>
	<object>
		<name>sp19</name>
		<pose>Unspecified</pose>
		<truncated>0</truncated>
		<difficult>0</difficult>
		<bndbox>
			<xmin>2079</xmin>
			<ymin>1030</ymin>
			<xmax>2167</xmax>
			<ymax>1100</ymax>
		</bndbox>
	</object>
	<object>
		<name>sp19</name>
		<pose>Unspecified</pose>
		<truncated>0</truncated>
		<difficult>0</difficult>
		<bndbox>
			<xmin>1660</xmin>
			<ymin>1147</ymin>
			<xmax>1750</xmax>
			<ymax>1226</ymax>
		</bndbox>
	</object>
	<object>
		<name>sp19</name>
		<pose>Unspecified</pose>
		<truncated>0</truncated>
		<difficult>0</difficult>
		<bndbox>
			<xmin>2122</xmin>
			<ymin>1139</ymin>
			<xmax>2170</xmax>
			<ymax>1201</ymax>
		</bndbox>
	</object>
	<object>
		<name>sp19</name>
		<pose>Unspecified</pose>
		<truncated>0</truncated>
		<difficult>0</difficult>
		<bndbox>
			<xmin>2038</xmin>
			<ymin>1269</ymin>
			<xmax>2135</xmax>
			<ymax>1339</ymax>
		</bndbox>
	</object>
	<object>
		<name>sp19</name>
		<pose>Unspecified</pose>
		<truncated>0</truncated>
		<difficult>0</difficult>
		<bndbox>
			<xmin>1985</xmin>
			<ymin>1331</ymin>
			<xmax>2064</xmax>
			<ymax>1405</ymax>
		</bndbox>
	</object>
	<object>
		<name>sp19</name>
		<pose>Unspecified</pose>
		<truncated>0</truncated>
		<difficult>0</difficult>
		<bndbox>
			<xmin>2078</xmin>
			<ymin>1339</ymin>
			<xmax>2139</xmax>
			<ymax>1401</ymax>
		</bndbox>
	</object>
	<object>
		<name>sp19</name>
		<pose>Unspecified</pose>
		<truncated>0</truncated>
		<difficult>0</difficult>
		<bndbox>
			<xmin>1966</xmin>
			<ymin>1411</ymin>
			<xmax>2080</xmax>
			<ymax>1504</ymax>
		</bndbox>
	</object>
	<object>
		<name>sp19</name>
		<pose>Unspecified</pose>
		<truncated>0</truncated>
		<difficult>0</difficult>
		<bndbox>
			<xmin>1409</xmin>
			<ymin>1222</ymin>
			<xmax>1511</xmax>
			<ymax>1307</ymax>
		</bndbox>
	</object>
	<object>
		<name>sp19</name>
		<pose>Unspecified</pose>
		<truncated>0</truncated>
		<difficult>0</difficult>
		<bndbox>
			<xmin>1239</xmin>
			<ymin>1281</ymin>
			<xmax>1334</xmax>
			<ymax>1370</ymax>
		</bndbox>
	</object>
	<object>
		<name>sp19</name>
		<pose>Unspecified</pose>
		<truncated>0</truncated>
		<difficult>0</difficult>
		<bndbox>
			<xmin>936</xmin>
			<ymin>1140</ymin>
			<xmax>1022</xmax>
			<ymax>1217</ymax>
		</bndbox>
	</object>
	<object>
		<name>sp19</name>
		<pose>Unspecified</pose>
		<truncated>0</truncated>
		<difficult>0</difficult>
		<bndbox>
			<xmin>913</xmin>
			<ymin>1201</ymin>
			<xmax>1025</xmax>
			<ymax>1379</ymax>
		</bndbox>
	</object>
	<object>
		<name>sp19</name>
		<pose>Unspecified</pose>
		<truncated>0</truncated>
		<difficult>0</difficult>
		<bndbox>
			<xmin>1009</xmin>
			<ymin>1204</ymin>
			<xmax>1100</xmax>
			<ymax>1284</ymax>
		</bndbox>
	</object>
	<object>
		<name>sp19</name>
		<pose>Unspecified</pose>
		<truncated>0</truncated>
		<difficult>0</difficult>
		<bndbox>
			<xmin>1570</xmin>
			<ymin>1379</ymin>
			<xmax>1659</xmax>
			<ymax>1462</ymax>
		</bndbox>
	</object>
	<object>
		<name>sp19</name>
		<pose>Unspecified</pose>
		<truncated>0</truncated>
		<difficult>0</difficult>
		<bndbox>
			<xmin>1588</xmin>
			<ymin>1456</ymin>
			<xmax>1672</xmax>
			<ymax>1553</ymax>
		</bndbox>
	</object>
	<object>
		<name>sp19</name>
		<pose>Unspecified</pose>
		<truncated>0</truncated>
		<difficult>0</difficult>
		<bndbox>
			<xmin>1520</xmin>
			<ymin>1522</ymin>
			<xmax>1602</xmax>
			<ymax>1600</ymax>
		</bndbox>
	</object>
	<object>
		<name>sp19</name>
		<pose>Unspecified</pose>
		<truncated>0</truncated>
		<difficult>0</difficult>
		<bndbox>
			<xmin>1917</xmin>
			<ymin>1509</ymin>
			<xmax>2048</xmax>
			<ymax>1609</ymax>
		</bndbox>
	</object>
	<object>
		<name>sp19</name>
		<pose>Unspecified</pose>
		<truncated>0</truncated>
		<difficult>0</difficult>
		<bndbox>
			<xmin>746</xmin>
			<ymin>1363</ymin>
			<xmax>828</xmax>
			<ymax>1443</ymax>
		</bndbox>
	</object>
	<object>
		<name>sp19</name>
		<pose>Unspecified</pose>
		<truncated>0</truncated>
		<difficult>0</difficult>
		<bndbox>
			<xmin>853</xmin>
			<ymin>1500</ymin>
			<xmax>965</xmax>
			<ymax>1599</ymax>
		</bndbox>
	</object>
	<object>
		<name>sp19</name>
		<pose>Unspecified</pose>
		<truncated>0</truncated>
		<difficult>0</difficult>
		<bndbox>
			<xmin>1008</xmin>
			<ymin>1541</ymin>
			<xmax>1083</xmax>
			<ymax>1603</ymax>
		</bndbox>
	</object>
	<object>
		<name>sp19</name>
		<pose>Unspecified</pose>
		<truncated>0</truncated>
		<difficult>0</difficult>
		<bndbox>
			<xmin>843</xmin>
			<ymin>1647</ymin>
			<xmax>995</xmax>
			<ymax>1731</ymax>
		</bndbox>
	</object>
	<object>
		<name>sp19</name>
		<pose>Unspecified</pose>
		<truncated>0</truncated>
		<difficult>0</difficult>
		<bndbox>
			<xmin>1169</xmin>
			<ymin>1644</ymin>
			<xmax>1252</xmax>
			<ymax>1717</ymax>
		</bndbox>
	</object>
	<object>
		<name>sp19</name>
		<pose>Unspecified</pose>
		<truncated>0</truncated>
		<difficult>0</difficult>
		<bndbox>
			<xmin>1208</xmin>
			<ymin>1595</ymin>
			<xmax>1275</xmax>
			<ymax>1663</ymax>
		</bndbox>
	</object>
	<object>
		<name>sp19</name>
		<pose>Unspecified</pose>
		<truncated>0</truncated>
		<difficult>0</difficult>
		<bndbox>
			<xmin>1289</xmin>
			<ymin>1612</ymin>
			<xmax>1364</xmax>
			<ymax>1685</ymax>
		</bndbox>
	</object>
	<object>
		<name>sp19</name>
		<pose>Unspecified</pose>
		<truncated>0</truncated>
		<difficult>0</difficult>
		<bndbox>
			<xmin>1355</xmin>
			<ymin>1583</ymin>
			<xmax>1445</xmax>
			<ymax>1687</ymax>
		</bndbox>
	</object>
	<object>
		<name>sp19</name>
		<pose>Unspecified</pose>
		<truncated>0</truncated>
		<difficult>0</difficult>
		<bndbox>
			<xmin>1466</xmin>
			<ymin>1649</ymin>
			<xmax>1554</xmax>
			<ymax>1728</ymax>
		</bndbox>
	</object>
	<object>
		<name>sp19</name>
		<pose>Unspecified</pose>
		<truncated>0</truncated>
		<difficult>0</difficult>
		<bndbox>
			<xmin>1712</xmin>
			<ymin>1643</ymin>
			<xmax>1798</xmax>
			<ymax>1734</ymax>
		</bndbox>
	</object>
	<object>
		<name>sp19</name>
		<pose>Unspecified</pose>
		<truncated>0</truncated>
		<difficult>0</difficult>
		<bndbox>
			<xmin>1820</xmin>
			<ymin>1681</ymin>
			<xmax>1942</xmax>
			<ymax>1805</ymax>
		</bndbox>
	</object>
	<object>
		<name>sp19</name>
		<pose>Unspecified</pose>
		<truncated>0</truncated>
		<difficult>0</difficult>
		<bndbox>
			<xmin>1208</xmin>
			<ymin>1755</ymin>
			<xmax>1298</xmax>
			<ymax>1836</ymax>
		</bndbox>
	</object>
	<object>
		<name>sp19</name>
		<pose>Unspecified</pose>
		<truncated>0</truncated>
		<difficult>0</difficult>
		<bndbox>
			<xmin>1112</xmin>
			<ymin>1806</ymin>
			<xmax>1186</xmax>
			<ymax>1875</ymax>
		</bndbox>
	</object>
	<object>
		<name>sp19</name>
		<pose>Unspecified</pose>
		<truncated>0</truncated>
		<difficult>0</difficult>
		<bndbox>
			<xmin>1133</xmin>
			<ymin>1863</ymin>
			<xmax>1202</xmax>
			<ymax>1930</ymax>
		</bndbox>
	</object>
	<object>
		<name>sp19</name>
		<pose>Unspecified</pose>
		<truncated>0</truncated>
		<difficult>0</difficult>
		<bndbox>
			<xmin>1087</xmin>
			<ymin>1907</ymin>
			<xmax>1162</xmax>
			<ymax>1979</ymax>
		</bndbox>
	</object>
	<object>
		<name>sp19</name>
		<pose>Unspecified</pose>
		<truncated>0</truncated>
		<difficult>0</difficult>
		<bndbox>
			<xmin>1019</xmin>
			<ymin>1862</ymin>
			<xmax>1084</xmax>
			<ymax>1920</ymax>
		</bndbox>
	</object>
	<object>
		<name>sp19</name>
		<pose>Unspecified</pose>
		<truncated>0</truncated>
		<difficult>0</difficult>
		<bndbox>
			<xmin>920</xmin>
			<ymin>1898</ymin>
			<xmax>997</xmax>
			<ymax>1968</ymax>
		</bndbox>
	</object>
	<object>
		<name>sp19</name>
		<pose>Unspecified</pose>
		<truncated>0</truncated>
		<difficult>0</difficult>
		<bndbox>
			<xmin>797</xmin>
			<ymin>1857</ymin>
			<xmax>872</xmax>
			<ymax>1934</ymax>
		</bndbox>
	</object>
	<object>
		<name>sp19</name>
		<pose>Unspecified</pose>
		<truncated>0</truncated>
		<difficult>0</difficult>
		<bndbox>
			<xmin>593</xmin>
			<ymin>1763</ymin>
			<xmax>676</xmax>
			<ymax>1846</ymax>
		</bndbox>
	</object>
	<object>
		<name>sp19</name>
		<pose>Unspecified</pose>
		<truncated>0</truncated>
		<difficult>0</difficult>
		<bndbox>
			<xmin>594</xmin>
			<ymin>1959</ymin>
			<xmax>674</xmax>
			<ymax>2030</ymax>
		</bndbox>
	</object>
	<object>
		<name>sp19</name>
		<pose>Unspecified</pose>
		<truncated>0</truncated>
		<difficult>0</difficult>
		<bndbox>
			<xmin>650</xmin>
			<ymin>1900</ymin>
			<xmax>725</xmax>
			<ymax>1977</ymax>
		</bndbox>
	</object>
	<object>
		<name>sp19</name>
		<pose>Unspecified</pose>
		<truncated>0</truncated>
		<difficult>0</difficult>
		<bndbox>
			<xmin>726</xmin>
			<ymin>1944</ymin>
			<xmax>836</xmax>
			<ymax>2005</ymax>
		</bndbox>
	</object>
	<object>
		<name>sp19</name>
		<pose>Unspecified</pose>
		<truncated>0</truncated>
		<difficult>0</difficult>
		<bndbox>
			<xmin>853</xmin>
			<ymin>1985</ymin>
			<xmax>921</xmax>
			<ymax>2053</ymax>
		</bndbox>
	</object>
	<object>
		<name>sp19</name>
		<pose>Unspecified</pose>
		<truncated>0</truncated>
		<difficult>0</difficult>
		<bndbox>
			<xmin>911</xmin>
			<ymin>1984</ymin>
			<xmax>1001</xmax>
			<ymax>2065</ymax>
		</bndbox>
	</object>
	<object>
		<name>sp19</name>
		<pose>Unspecified</pose>
		<truncated>0</truncated>
		<difficult>0</difficult>
		<bndbox>
			<xmin>991</xmin>
			<ymin>1992</ymin>
			<xmax>1064</xmax>
			<ymax>2084</ymax>
		</bndbox>
	</object>
	<object>
		<name>sp19</name>
		<pose>Unspecified</pose>
		<truncated>0</truncated>
		<difficult>0</difficult>
		<bndbox>
			<xmin>1169</xmin>
			<ymin>1965</ymin>
			<xmax>1223</xmax>
			<ymax>2018</ymax>
		</bndbox>
	</object>
	<object>
		<name>sp19</name>
		<pose>Unspecified</pose>
		<truncated>0</truncated>
		<difficult>0</difficult>
		<bndbox>
			<xmin>1163</xmin>
			<ymin>2027</ymin>
			<xmax>1230</xmax>
			<ymax>2092</ymax>
		</bndbox>
	</object>
	<object>
		<name>sp19</name>
		<pose>Unspecified</pose>
		<truncated>0</truncated>
		<difficult>0</difficult>
		<bndbox>
			<xmin>1226</xmin>
			<ymin>1966</ymin>
			<xmax>1287</xmax>
			<ymax>2027</ymax>
		</bndbox>
	</object>
	<object>
		<name>sp19</name>
		<pose>Unspecified</pose>
		<truncated>0</truncated>
		<difficult>0</difficult>
		<bndbox>
			<xmin>1278</xmin>
			<ymin>1965</ymin>
			<xmax>1351</xmax>
			<ymax>2042</ymax>
		</bndbox>
	</object>
	<object>
		<name>sp19</name>
		<pose>Unspecified</pose>
		<truncated>0</truncated>
		<difficult>0</difficult>
		<bndbox>
			<xmin>1264</xmin>
			<ymin>2062</ymin>
			<xmax>1334</xmax>
			<ymax>2146</ymax>
		</bndbox>
	</object>
	<object>
		<name>sp19</name>
		<pose>Unspecified</pose>
		<truncated>0</truncated>
		<difficult>0</difficult>
		<bndbox>
			<xmin>1103</xmin>
			<ymin>2117</ymin>
			<xmax>1168</xmax>
			<ymax>2174</ymax>
		</bndbox>
	</object>
	<object>
		<name>sp19</name>
		<pose>Unspecified</pose>
		<truncated>0</truncated>
		<difficult>0</difficult>
		<bndbox>
			<xmin>1165</xmin>
			<ymin>2138</ymin>
			<xmax>1212</xmax>
			<ymax>2173</ymax>
		</bndbox>
	</object>
	<object>
		<name>sp19</name>
		<pose>Unspecified</pose>
		<truncated>0</truncated>
		<difficult>0</difficult>
		<bndbox>
			<xmin>1392</xmin>
			<ymin>2005</ymin>
			<xmax>1469</xmax>
			<ymax>2100</ymax>
		</bndbox>
	</object>
	<object>
		<name>sp19</name>
		<pose>Unspecified</pose>
		<truncated>0</truncated>
		<difficult>0</difficult>
		<bndbox>
			<xmin>1525</xmin>
			<ymin>1930</ymin>
			<xmax>1619</xmax>
			<ymax>2020</ymax>
		</bndbox>
	</object>
	<object>
		<name>sp19</name>
		<pose>Unspecified</pose>
		<truncated>0</truncated>
		<difficult>0</difficult>
		<bndbox>
			<xmin>1510</xmin>
			<ymin>2003</ymin>
			<xmax>1581</xmax>
			<ymax>2069</ymax>
		</bndbox>
	</object>
	<object>
		<name>sp19</name>
		<pose>Unspecified</pose>
		<truncated>0</truncated>
		<difficult>0</difficult>
		<bndbox>
			<xmin>430</xmin>
			<ymin>1890</ymin>
			<xmax>512</xmax>
			<ymax>2006</ymax>
		</bndbox>
	</object>
	<object>
		<name>sp19</name>
		<pose>Unspecified</pose>
		<truncated>0</truncated>
		<difficult>0</difficult>
		<bndbox>
			<xmin>648</xmin>
			<ymin>2004</ymin>
			<xmax>737</xmax>
			<ymax>2109</ymax>
		</bndbox>
	</object>
	<object>
		<name>sp19</name>
		<pose>Unspecified</pose>
		<truncated>0</truncated>
		<difficult>0</difficult>
		<bndbox>
			<xmin>53</xmin>
			<ymin>1424</ymin>
			<xmax>150</xmax>
			<ymax>1515</ymax>
		</bndbox>
	</object>
	<object>
		<name>sp19</name>
		<pose>Unspecified</pose>
		<truncated>0</truncated>
		<difficult>0</difficult>
		<bndbox>
			<xmin>162</xmin>
			<ymin>1508</ymin>
			<xmax>249</xmax>
			<ymax>1577</ymax>
		</bndbox>
	</object>
	<object>
		<name>sp19</name>
		<pose>Unspecified</pose>
		<truncated>0</truncated>
		<difficult>0</difficult>
		<bndbox>
			<xmin>133</xmin>
			<ymin>1604</ymin>
			<xmax>229</xmax>
			<ymax>1675</ymax>
		</bndbox>
	</object>
	<object>
		<name>sp19</name>
		<pose>Unspecified</pose>
		<truncated>0</truncated>
		<difficult>0</difficult>
		<bndbox>
			<xmin>193</xmin>
			<ymin>1666</ymin>
			<xmax>249</xmax>
			<ymax>1725</ymax>
		</bndbox>
	</object>
	<object>
		<name>sp19</name>
		<pose>Unspecified</pose>
		<truncated>0</truncated>
		<difficult>0</difficult>
		<bndbox>
			<xmin>250</xmin>
			<ymin>1528</ymin>
			<xmax>326</xmax>
			<ymax>1604</ymax>
		</bndbox>
	</object>
	<object>
		<name>sp19</name>
		<pose>Unspecified</pose>
		<truncated>0</truncated>
		<difficult>0</difficult>
		<bndbox>
			<xmin>320</xmin>
			<ymin>1536</ymin>
			<xmax>408</xmax>
			<ymax>1633</ymax>
		</bndbox>
	</object>
	<object>
		<name>sp19</name>
		<pose>Unspecified</pose>
		<truncated>0</truncated>
		<difficult>0</difficult>
		<bndbox>
			<xmin>377</xmin>
			<ymin>1472</ymin>
			<xmax>454</xmax>
			<ymax>1556</ymax>
		</bndbox>
	</object>
	<object>
		<name>sp19</name>
		<pose>Unspecified</pose>
		<truncated>0</truncated>
		<difficult>0</difficult>
		<bndbox>
			<xmin>358</xmin>
			<ymin>1641</ymin>
			<xmax>457</xmax>
			<ymax>1725</ymax>
		</bndbox>
	</object>
	<object>
		<name>sp19</name>
		<pose>Unspecified</pose>
		<truncated>0</truncated>
		<difficult>0</difficult>
		<bndbox>
			<xmin>116</xmin>
			<ymin>1294</ymin>
			<xmax>200</xmax>
			<ymax>1367</ymax>
		</bndbox>
	</object>
	<object>
		<name>sp19</name>
		<pose>Unspecified</pose>
		<truncated>0</truncated>
		<difficult>0</difficult>
		<bndbox>
			<xmin>-17</xmin>
			<ymin>1157</ymin>
			<xmax>67</xmax>
			<ymax>1236</ymax>
		</bndbox>
	</object>
	<object>
		<name>sp19</name>
		<pose>Unspecified</pose>
		<truncated>0</truncated>
		<difficult>0</difficult>
		<bndbox>
			<xmin>-10</xmin>
			<ymin>1001</ymin>
			<xmax>152</xmax>
			<ymax>1112</ymax>
		</bndbox>
	</object>
	<object>
		<name>sp19</name>
		<pose>Unspecified</pose>
		<truncated>0</truncated>
		<difficult>0</difficult>
		<bndbox>
			<xmin>311</xmin>
			<ymin>1224</ymin>
			<xmax>405</xmax>
			<ymax>1312</ymax>
		</bndbox>
	</object>
	<object>
		<name>sp19</name>
		<pose>Unspecified</pose>
		<truncated>0</truncated>
		<difficult>0</difficult>
		<bndbox>
			<xmin>41</xmin>
			<ymin>1217</ymin>
			<xmax>193</xmax>
			<ymax>1321</ymax>
		</bndbox>
	</object>
	<object>
		<name>sp19</name>
		<pose>Unspecified</pose>
		<truncated>0</truncated>
		<difficult>0</difficult>
		<bndbox>
			<xmin>674</xmin>
			<ymin>1236</ymin>
			<xmax>774</xmax>
			<ymax>1327</ymax>
		</bndbox>
	</object>
	<object>
		<name>sp19</name>
		<pose>Unspecified</pose>
		<truncated>0</truncated>
		<difficult>0</difficult>
		<bndbox>
			<xmin>-6</xmin>
			<ymin>885</ymin>
			<xmax>71</xmax>
			<ymax>967</ymax>
		</bndbox>
	</object>
	<object>
		<name>sp19</name>
		<pose>Unspecified</pose>
		<truncated>0</truncated>
		<difficult>0</difficult>
		<bndbox>
			<xmin>867</xmin>
			<ymin>3</ymin>
			<xmax>1001</xmax>
			<ymax>120</ymax>
		</bndbox>
	</object>
	<object>
		<name>sp19</name>
		<pose>Unspecified</pose>
		<truncated>0</truncated>
		<difficult>0</difficult>
		<bndbox>
			<xmin>674</xmin>
			<ymin>65</ymin>
			<xmax>796</xmax>
			<ymax>176</ymax>
		</bndbox>
	</object>
</annotation>