<annotation>
	<folder>my-project-name</folder>
	<filename>sp19_img01.jpg</filename>
	<path>/my-project-name/sp19_img01.jpg</path>
	<source>
		<database>Unspecified</database>
	</source>
	<size>
		<width>2378</width>
		<height>2390</height>
		<depth>3</depth>
	</size>
	<object>
		<name>sp19</name>
		<pose>Unspecified</pose>
		<truncated>0</truncated>
		<difficult>0</difficult>
		<bndbox>
			<xmin>1253</xmin>
			<ymin>108</ymin>
			<xmax>1371</xmax>
			<ymax>233</ymax>
		</bndbox>
	</object>
	<object>
		<name>sp19</name>
		<pose>Unspecified</pose>
		<truncated>0</truncated>
		<difficult>0</difficult>
		<bndbox>
			<xmin>1699</xmin>
			<ymin>98</ymin>
			<xmax>1811</xmax>
			<ymax>216</ymax>
		</bndbox>
	</object>
	<object>
		<name>sp19</name>
		<pose>Unspecified</pose>
		<truncated>0</truncated>
		<difficult>0</difficult>
		<bndbox>
			<xmin>804</xmin>
			<ymin>206</ymin>
			<xmax>960</xmax>
			<ymax>372</ymax>
		</bndbox>
	</object>
	<object>
		<name>sp19</name>
		<pose>Unspecified</pose>
		<truncated>0</truncated>
		<difficult>0</difficult>
		<bndbox>
			<xmin>631</xmin>
			<ymin>169</ymin>
			<xmax>743</xmax>
			<ymax>274</ymax>
		</bndbox>
	</object>
	<object>
		<name>sp19</name>
		<pose>Unspecified</pose>
		<truncated>0</truncated>
		<difficult>0</difficult>
		<bndbox>
			<xmin>648</xmin>
			<ymin>297</ymin>
			<xmax>756</xmax>
			<ymax>415</ymax>
		</bndbox>
	</object>
	<object>
		<name>sp19</name>
		<pose>Unspecified</pose>
		<truncated>0</truncated>
		<difficult>0</difficult>
		<bndbox>
			<xmin>280</xmin>
			<ymin>500</ymin>
			<xmax>395</xmax>
			<ymax>618</ymax>
		</bndbox>
	</object>
	<object>
		<name>sp19</name>
		<pose>Unspecified</pose>
		<truncated>0</truncated>
		<difficult>0</difficult>
		<bndbox>
			<xmin>614</xmin>
			<ymin>534</ymin>
			<xmax>715</xmax>
			<ymax>635</ymax>
		</bndbox>
	</object>
	<object>
		<name>sp19</name>
		<pose>Unspecified</pose>
		<truncated>0</truncated>
		<difficult>0</difficult>
		<bndbox>
			<xmin>560</xmin>
			<ymin>605</ymin>
			<xmax>624</xmax>
			<ymax>662</ymax>
		</bndbox>
	</object>
	<object>
		<name>sp19</name>
		<pose>Unspecified</pose>
		<truncated>0</truncated>
		<difficult>0</difficult>
		<bndbox>
			<xmin>510</xmin>
			<ymin>673</ymin>
			<xmax>682</xmax>
			<ymax>869</ymax>
		</bndbox>
	</object>
	<object>
		<name>sp19</name>
		<pose>Unspecified</pose>
		<truncated>0</truncated>
		<difficult>0</difficult>
		<bndbox>
			<xmin>439</xmin>
			<ymin>750</ymin>
			<xmax>513</xmax>
			<ymax>835</ymax>
		</bndbox>
	</object>
	<object>
		<name>sp19</name>
		<pose>Unspecified</pose>
		<truncated>0</truncated>
		<difficult>0</difficult>
		<bndbox>
			<xmin>371</xmin>
			<ymin>849</ymin>
			<xmax>479</xmax>
			<ymax>940</ymax>
		</bndbox>
	</object>
	<object>
		<name>sp19</name>
		<pose>Unspecified</pose>
		<truncated>0</truncated>
		<difficult>0</difficult>
		<bndbox>
			<xmin>482</xmin>
			<ymin>896</ymin>
			<xmax>563</xmax>
			<ymax>977</ymax>
		</bndbox>
	</object>
	<object>
		<name>sp19</name>
		<pose>Unspecified</pose>
		<truncated>0</truncated>
		<difficult>0</difficult>
		<bndbox>
			<xmin>547</xmin>
			<ymin>943</ymin>
			<xmax>632</xmax>
			<ymax>1041</ymax>
		</bndbox>
	</object>
	<object>
		<name>sp19</name>
		<pose>Unspecified</pose>
		<truncated>0</truncated>
		<difficult>0</difficult>
		<bndbox>
			<xmin>455</xmin>
			<ymin>1018</ymin>
			<xmax>563</xmax>
			<ymax>1096</ymax>
		</bndbox>
	</object>
	<object>
		<name>sp19</name>
		<pose>Unspecified</pose>
		<truncated>0</truncated>
		<difficult>0</difficult>
		<bndbox>
			<xmin>439</xmin>
			<ymin>1116</ymin>
			<xmax>571</xmax>
			<ymax>1231</ymax>
		</bndbox>
	</object>
	<object>
		<name>sp19</name>
		<pose>Unspecified</pose>
		<truncated>0</truncated>
		<difficult>0</difficult>
		<bndbox>
			<xmin>645</xmin>
			<ymin>1112</ymin>
			<xmax>773</xmax>
			<ymax>1230</ymax>
		</bndbox>
	</object>
	<object>
		<name>sp19</name>
		<pose>Unspecified</pose>
		<truncated>0</truncated>
		<difficult>0</difficult>
		<bndbox>
			<xmin>587</xmin>
			<ymin>1264</ymin>
			<xmax>675</xmax>
			<ymax>1355</ymax>
		</bndbox>
	</object>
	<object>
		<name>sp19</name>
		<pose>Unspecified</pose>
		<truncated>0</truncated>
		<difficult>0</difficult>
		<bndbox>
			<xmin>418</xmin>
			<ymin>1298</ymin>
			<xmax>506</xmax>
			<ymax>1413</ymax>
		</bndbox>
	</object>
	<object>
		<name>sp19</name>
		<pose>Unspecified</pose>
		<truncated>0</truncated>
		<difficult>0</difficult>
		<bndbox>
			<xmin>313</xmin>
			<ymin>1210</ymin>
			<xmax>401</xmax>
			<ymax>1301</ymax>
		</bndbox>
	</object>
	<object>
		<name>sp19</name>
		<pose>Unspecified</pose>
		<truncated>0</truncated>
		<difficult>0</difficult>
		<bndbox>
			<xmin>215</xmin>
			<ymin>1082</ymin>
			<xmax>327</xmax>
			<ymax>1200</ymax>
		</bndbox>
	</object>
	<object>
		<name>sp19</name>
		<pose>Unspecified</pose>
		<truncated>0</truncated>
		<difficult>0</difficult>
		<bndbox>
			<xmin>144</xmin>
			<ymin>1190</ymin>
			<xmax>249</xmax>
			<ymax>1281</ymax>
		</bndbox>
	</object>
	<object>
		<name>sp19</name>
		<pose>Unspecified</pose>
		<truncated>0</truncated>
		<difficult>0</difficult>
		<bndbox>
			<xmin>188</xmin>
			<ymin>1295</ymin>
			<xmax>303</xmax>
			<ymax>1396</ymax>
		</bndbox>
	</object>
	<object>
		<name>sp19</name>
		<pose>Unspecified</pose>
		<truncated>0</truncated>
		<difficult>0</difficult>
		<bndbox>
			<xmin>212</xmin>
			<ymin>1389</ymin>
			<xmax>337</xmax>
			<ymax>1514</ymax>
		</bndbox>
	</object>
	<object>
		<name>sp19</name>
		<pose>Unspecified</pose>
		<truncated>0</truncated>
		<difficult>0</difficult>
		<bndbox>
			<xmin>334</xmin>
			<ymin>1393</ymin>
			<xmax>435</xmax>
			<ymax>1491</ymax>
		</bndbox>
	</object>
	<object>
		<name>sp19</name>
		<pose>Unspecified</pose>
		<truncated>0</truncated>
		<difficult>0</difficult>
		<bndbox>
			<xmin>340</xmin>
			<ymin>1491</ymin>
			<xmax>472</xmax>
			<ymax>1616</ymax>
		</bndbox>
	</object>
	<object>
		<name>sp19</name>
		<pose>Unspecified</pose>
		<truncated>0</truncated>
		<difficult>0</difficult>
		<bndbox>
			<xmin>226</xmin>
			<ymin>1521</ymin>
			<xmax>327</xmax>
			<ymax>1626</ymax>
		</bndbox>
	</object>
	<object>
		<name>sp19</name>
		<pose>Unspecified</pose>
		<truncated>0</truncated>
		<difficult>0</difficult>
		<bndbox>
			<xmin>1037</xmin>
			<ymin>1146</ymin>
			<xmax>1152</xmax>
			<ymax>1288</ymax>
		</bndbox>
	</object>
	<object>
		<name>sp19</name>
		<pose>Unspecified</pose>
		<truncated>0</truncated>
		<difficult>0</difficult>
		<bndbox>
			<xmin>1192</xmin>
			<ymin>1166</ymin>
			<xmax>1290</xmax>
			<ymax>1291</ymax>
		</bndbox>
	</object>
	<object>
		<name>sp19</name>
		<pose>Unspecified</pose>
		<truncated>0</truncated>
		<difficult>0</difficult>
		<bndbox>
			<xmin>1355</xmin>
			<ymin>1001</ymin>
			<xmax>1470</xmax>
			<ymax>1221</ymax>
		</bndbox>
	</object>
	<object>
		<name>sp19</name>
		<pose>Unspecified</pose>
		<truncated>0</truncated>
		<difficult>0</difficult>
		<bndbox>
			<xmin>1456</xmin>
			<ymin>723</ymin>
			<xmax>1564</xmax>
			<ymax>845</ymax>
		</bndbox>
	</object>
	<object>
		<name>sp19</name>
		<pose>Unspecified</pose>
		<truncated>0</truncated>
		<difficult>0</difficult>
		<bndbox>
			<xmin>1328</xmin>
			<ymin>761</ymin>
			<xmax>1436</xmax>
			<ymax>873</ymax>
		</bndbox>
	</object>
	<object>
		<name>sp19</name>
		<pose>Unspecified</pose>
		<truncated>0</truncated>
		<difficult>0</difficult>
		<bndbox>
			<xmin>1027</xmin>
			<ymin>781</ymin>
			<xmax>1118</xmax>
			<ymax>869</ymax>
		</bndbox>
	</object>
	<object>
		<name>sp19</name>
		<pose>Unspecified</pose>
		<truncated>0</truncated>
		<difficult>0</difficult>
		<bndbox>
			<xmin>1128</xmin>
			<ymin>774</ymin>
			<xmax>1263</xmax>
			<ymax>913</ymax>
		</bndbox>
	</object>
	<object>
		<name>sp19</name>
		<pose>Unspecified</pose>
		<truncated>0</truncated>
		<difficult>0</difficult>
		<bndbox>
			<xmin>1074</xmin>
			<ymin>882</ymin>
			<xmax>1172</xmax>
			<ymax>1061</ymax>
		</bndbox>
	</object>
	<object>
		<name>sp19</name>
		<pose>Unspecified</pose>
		<truncated>0</truncated>
		<difficult>0</difficult>
		<bndbox>
			<xmin>966</xmin>
			<ymin>598</ymin>
			<xmax>1051</xmax>
			<ymax>723</ymax>
		</bndbox>
	</object>
	<object>
		<name>sp19</name>
		<pose>Unspecified</pose>
		<truncated>0</truncated>
		<difficult>0</difficult>
		<bndbox>
			<xmin>746</xmin>
			<ymin>399</ymin>
			<xmax>956</xmax>
			<ymax>605</ymax>
		</bndbox>
	</object>
	<object>
		<name>sp19</name>
		<pose>Unspecified</pose>
		<truncated>0</truncated>
		<difficult>0</difficult>
		<bndbox>
			<xmin>1111</xmin>
			<ymin>537</ymin>
			<xmax>1263</xmax>
			<ymax>649</ymax>
		</bndbox>
	</object>
	<object>
		<name>sp19</name>
		<pose>Unspecified</pose>
		<truncated>0</truncated>
		<difficult>0</difficult>
		<bndbox>
			<xmin>1098</xmin>
			<ymin>649</ymin>
			<xmax>1172</xmax>
			<ymax>737</ymax>
		</bndbox>
	</object>
	<object>
		<name>sp19</name>
		<pose>Unspecified</pose>
		<truncated>0</truncated>
		<difficult>0</difficult>
		<bndbox>
			<xmin>1260</xmin>
			<ymin>426</ymin>
			<xmax>1361</xmax>
			<ymax>561</ymax>
		</bndbox>
	</object>
	<object>
		<name>sp19</name>
		<pose>Unspecified</pose>
		<truncated>0</truncated>
		<difficult>0</difficult>
		<bndbox>
			<xmin>1402</xmin>
			<ymin>368</ymin>
			<xmax>1510</xmax>
			<ymax>490</ymax>
		</bndbox>
	</object>
	<object>
		<name>sp19</name>
		<pose>Unspecified</pose>
		<truncated>0</truncated>
		<difficult>0</difficult>
		<bndbox>
			<xmin>1456</xmin>
			<ymin>504</ymin>
			<xmax>1578</xmax>
			<ymax>626</ymax>
		</bndbox>
	</object>
	<object>
		<name>sp19</name>
		<pose>Unspecified</pose>
		<truncated>0</truncated>
		<difficult>0</difficult>
		<bndbox>
			<xmin>1659</xmin>
			<ymin>456</ymin>
			<xmax>1760</xmax>
			<ymax>574</ymax>
		</bndbox>
	</object>
	<object>
		<name>sp19</name>
		<pose>Unspecified</pose>
		<truncated>0</truncated>
		<difficult>0</difficult>
		<bndbox>
			<xmin>1845</xmin>
			<ymin>416</ymin>
			<xmax>1977</xmax>
			<ymax>548</ymax>
		</bndbox>
	</object>
	<object>
		<name>sp19</name>
		<pose>Unspecified</pose>
		<truncated>0</truncated>
		<difficult>0</difficult>
		<bndbox>
			<xmin>1699</xmin>
			<ymin>267</ymin>
			<xmax>1882</xmax>
			<ymax>412</ymax>
		</bndbox>
	</object>
	<object>
		<name>sp19</name>
		<pose>Unspecified</pose>
		<truncated>0</truncated>
		<difficult>0</difficult>
		<bndbox>
			<xmin>969</xmin>
			<ymin>1626</ymin>
			<xmax>1067</xmax>
			<ymax>1744</ymax>
		</bndbox>
	</object>
	<object>
		<name>sp19</name>
		<pose>Unspecified</pose>
		<truncated>0</truncated>
		<difficult>0</difficult>
		<bndbox>
			<xmin>834</xmin>
			<ymin>1650</ymin>
			<xmax>925</xmax>
			<ymax>1748</ymax>
		</bndbox>
	</object>
	<object>
		<name>sp19</name>
		<pose>Unspecified</pose>
		<truncated>0</truncated>
		<difficult>0</difficult>
		<bndbox>
			<xmin>702</xmin>
			<ymin>1636</ymin>
			<xmax>807</xmax>
			<ymax>1744</ymax>
		</bndbox>
	</object>
	<object>
		<name>sp19</name>
		<pose>Unspecified</pose>
		<truncated>0</truncated>
		<difficult>0</difficult>
		<bndbox>
			<xmin>537</xmin>
			<ymin>1683</ymin>
			<xmax>618</xmax>
			<ymax>1757</ymax>
		</bndbox>
	</object>
	<object>
		<name>sp19</name>
		<pose>Unspecified</pose>
		<truncated>0</truncated>
		<difficult>0</difficult>
		<bndbox>
			<xmin>621</xmin>
			<ymin>1711</ymin>
			<xmax>726</xmax>
			<ymax>1833</ymax>
		</bndbox>
	</object>
	<object>
		<name>sp19</name>
		<pose>Unspecified</pose>
		<truncated>0</truncated>
		<difficult>0</difficult>
		<bndbox>
			<xmin>378</xmin>
			<ymin>1677</ymin>
			<xmax>459</xmax>
			<ymax>1778</ymax>
		</bndbox>
	</object>
	<object>
		<name>sp19</name>
		<pose>Unspecified</pose>
		<truncated>0</truncated>
		<difficult>0</difficult>
		<bndbox>
			<xmin>432</xmin>
			<ymin>1758</ymin>
			<xmax>537</xmax>
			<ymax>1886</ymax>
		</bndbox>
	</object>
	<object>
		<name>sp19</name>
		<pose>Unspecified</pose>
		<truncated>0</truncated>
		<difficult>0</difficult>
		<bndbox>
			<xmin>584</xmin>
			<ymin>1836</ymin>
			<xmax>692</xmax>
			<ymax>1931</ymax>
		</bndbox>
	</object>
	<object>
		<name>sp19</name>
		<pose>Unspecified</pose>
		<truncated>0</truncated>
		<difficult>0</difficult>
		<bndbox>
			<xmin>543</xmin>
			<ymin>1937</ymin>
			<xmax>763</xmax>
			<ymax>2042</ymax>
		</bndbox>
	</object>
	<object>
		<name>sp19</name>
		<pose>Unspecified</pose>
		<truncated>0</truncated>
		<difficult>0</difficult>
		<bndbox>
			<xmin>966</xmin>
			<ymin>1971</ymin>
			<xmax>1078</xmax>
			<ymax>2079</ymax>
		</bndbox>
	</object>
	<object>
		<name>sp19</name>
		<pose>Unspecified</pose>
		<truncated>0</truncated>
		<difficult>0</difficult>
		<bndbox>
			<xmin>1125</xmin>
			<ymin>1991</ymin>
			<xmax>1291</xmax>
			<ymax>2130</ymax>
		</bndbox>
	</object>
	<object>
		<name>sp19</name>
		<pose>Unspecified</pose>
		<truncated>0</truncated>
		<difficult>0</difficult>
		<bndbox>
			<xmin>1115</xmin>
			<ymin>2157</ymin>
			<xmax>1213</xmax>
			<ymax>2265</ymax>
		</bndbox>
	</object>
	<object>
		<name>sp19</name>
		<pose>Unspecified</pose>
		<truncated>0</truncated>
		<difficult>0</difficult>
		<bndbox>
			<xmin>969</xmin>
			<ymin>2143</ymin>
			<xmax>1091</xmax>
			<ymax>2265</ymax>
		</bndbox>
	</object>
	<object>
		<name>sp19</name>
		<pose>Unspecified</pose>
		<truncated>0</truncated>
		<difficult>0</difficult>
		<bndbox>
			<xmin>746</xmin>
			<ymin>2062</ymin>
			<xmax>874</xmax>
			<ymax>2201</ymax>
		</bndbox>
	</object>
	<object>
		<name>sp19</name>
		<pose>Unspecified</pose>
		<truncated>0</truncated>
		<difficult>0</difficult>
		<bndbox>
			<xmin>1432</xmin>
			<ymin>1839</ymin>
			<xmax>1527</xmax>
			<ymax>1954</ymax>
		</bndbox>
	</object>
	<object>
		<name>sp19</name>
		<pose>Unspecified</pose>
		<truncated>0</truncated>
		<difficult>0</difficult>
		<bndbox>
			<xmin>1419</xmin>
			<ymin>2015</ymin>
			<xmax>1504</xmax>
			<ymax>2110</ymax>
		</bndbox>
	</object>
	<object>
		<name>sp19</name>
		<pose>Unspecified</pose>
		<truncated>0</truncated>
		<difficult>0</difficult>
		<bndbox>
			<xmin>1547</xmin>
			<ymin>1913</ymin>
			<xmax>1675</xmax>
			<ymax>2058</ymax>
		</bndbox>
	</object>
	<object>
		<name>sp19</name>
		<pose>Unspecified</pose>
		<truncated>0</truncated>
		<difficult>0</difficult>
		<bndbox>
			<xmin>1635</xmin>
			<ymin>1562</ymin>
			<xmax>1723</xmax>
			<ymax>1680</ymax>
		</bndbox>
	</object>
	<object>
		<name>sp19</name>
		<pose>Unspecified</pose>
		<truncated>0</truncated>
		<difficult>0</difficult>
		<bndbox>
			<xmin>1747</xmin>
			<ymin>1775</ymin>
			<xmax>1869</xmax>
			<ymax>1897</ymax>
		</bndbox>
	</object>
	<object>
		<name>sp19</name>
		<pose>Unspecified</pose>
		<truncated>0</truncated>
		<difficult>0</difficult>
		<bndbox>
			<xmin>1706</xmin>
			<ymin>1896</ymin>
			<xmax>1858</xmax>
			<ymax>1981</ymax>
		</bndbox>
	</object>
	<object>
		<name>sp19</name>
		<pose>Unspecified</pose>
		<truncated>0</truncated>
		<difficult>0</difficult>
		<bndbox>
			<xmin>1740</xmin>
			<ymin>2022</ymin>
			<xmax>1831</xmax>
			<ymax>2120</ymax>
		</bndbox>
	</object>
	<object>
		<name>sp19</name>
		<pose>Unspecified</pose>
		<truncated>0</truncated>
		<difficult>0</difficult>
		<bndbox>
			<xmin>1612</xmin>
			<ymin>2103</ymin>
			<xmax>1713</xmax>
			<ymax>2201</ymax>
		</bndbox>
	</object>
	<object>
		<name>sp19</name>
		<pose>Unspecified</pose>
		<truncated>0</truncated>
		<difficult>0</difficult>
		<bndbox>
			<xmin>1439</xmin>
			<ymin>2157</ymin>
			<xmax>1578</xmax>
			<ymax>2326</ymax>
		</bndbox>
	</object>
	<object>
		<name>sp19</name>
		<pose>Unspecified</pose>
		<truncated>0</truncated>
		<difficult>0</difficult>
		<bndbox>
			<xmin>1290</xmin>
			<ymin>2207</ymin>
			<xmax>1412</xmax>
			<ymax>2342</ymax>
		</bndbox>
	</object>
	<object>
		<name>sp19</name>
		<pose>Unspecified</pose>
		<truncated>0</truncated>
		<difficult>0</difficult>
		<bndbox>
			<xmin>1747</xmin>
			<ymin>1116</ymin>
			<xmax>1848</xmax>
			<ymax>1248</ymax>
		</bndbox>
	</object>
	<object>
		<name>sp19</name>
		<pose>Unspecified</pose>
		<truncated>0</truncated>
		<difficult>0</difficult>
		<bndbox>
			<xmin>1730</xmin>
			<ymin>757</ymin>
			<xmax>1825</xmax>
			<ymax>896</ymax>
		</bndbox>
	</object>
	<object>
		<name>sp19</name>
		<pose>Unspecified</pose>
		<truncated>0</truncated>
		<difficult>0</difficult>
		<bndbox>
			<xmin>1956</xmin>
			<ymin>629</ymin>
			<xmax>2061</xmax>
			<ymax>774</ymax>
		</bndbox>
	</object>
	<object>
		<name>sp19</name>
		<pose>Unspecified</pose>
		<truncated>0</truncated>
		<difficult>0</difficult>
		<bndbox>
			<xmin>2071</xmin>
			<ymin>781</ymin>
			<xmax>2189</xmax>
			<ymax>879</ymax>
		</bndbox>
	</object>
	<object>
		<name>sp19</name>
		<pose>Unspecified</pose>
		<truncated>0</truncated>
		<difficult>0</difficult>
		<bndbox>
			<xmin>2088</xmin>
			<ymin>882</ymin>
			<xmax>2220</xmax>
			<ymax>1038</ymax>
		</bndbox>
	</object>
	<object>
		<name>sp19</name>
		<pose>Unspecified</pose>
		<truncated>0</truncated>
		<difficult>0</difficult>
		<bndbox>
			<xmin>2017</xmin>
			<ymin>1038</ymin>
			<xmax>2122</xmax>
			<ymax>1177</ymax>
		</bndbox>
	</object>
	<object>
		<name>sp19</name>
		<pose>Unspecified</pose>
		<truncated>0</truncated>
		<difficult>0</difficult>
		<bndbox>
			<xmin>2278</xmin>
			<ymin>1190</ymin>
			<xmax>2325</xmax>
			<ymax>1285</ymax>
		</bndbox>
	</object>
	<object>
		<name>sp19</name>
		<pose>Unspecified</pose>
		<truncated>0</truncated>
		<difficult>0</difficult>
		<bndbox>
			<xmin>2112</xmin>
			<ymin>1207</ymin>
			<xmax>2186</xmax>
			<ymax>1298</ymax>
		</bndbox>
	</object>
	<object>
		<name>sp19</name>
		<pose>Unspecified</pose>
		<truncated>0</truncated>
		<difficult>0</difficult>
		<bndbox>
			<xmin>2122</xmin>
			<ymin>1312</ymin>
			<xmax>2217</xmax>
			<ymax>1386</ymax>
		</bndbox>
	</object>
	<object>
		<name>sp19</name>
		<pose>Unspecified</pose>
		<truncated>0</truncated>
		<difficult>0</difficult>
		<bndbox>
			<xmin>2132</xmin>
			<ymin>1376</ymin>
			<xmax>2294</xmax>
			<ymax>1467</ymax>
		</bndbox>
	</object>
	<object>
		<name>sp19</name>
		<pose>Unspecified</pose>
		<truncated>0</truncated>
		<difficult>0</difficult>
		<bndbox>
			<xmin>1983</xmin>
			<ymin>1477</ymin>
			<xmax>2155</xmax>
			<ymax>1660</ymax>
		</bndbox>
	</object>
	<object>
		<name>sp19</name>
		<pose>Unspecified</pose>
		<truncated>0</truncated>
		<difficult>0</difficult>
		<bndbox>
			<xmin>1923</xmin>
			<ymin>1234</ymin>
			<xmax>2038</xmax>
			<ymax>1356</ymax>
		</bndbox>
	</object>
	<object>
		<name>sp19</name>
		<pose>Unspecified</pose>
		<truncated>0</truncated>
		<difficult>0</difficult>
		<bndbox>
			<xmin>1811</xmin>
			<ymin>1001</ymin>
			<xmax>1909</xmax>
			<ymax>1092</ymax>
		</bndbox>
	</object>
	<object>
		<name>sp19</name>
		<pose>Unspecified</pose>
		<truncated>0</truncated>
		<difficult>0</difficult>
		<bndbox>
			<xmin>1818</xmin>
			<ymin>899</ymin>
			<xmax>1896</xmax>
			<ymax>1000</ymax>
		</bndbox>
	</object>
	<object>
		<name>sp19</name>
		<pose>Unspecified</pose>
		<truncated>0</truncated>
		<difficult>0</difficult>
		<bndbox>
			<xmin>1858</xmin>
			<ymin>734</ymin>
			<xmax>2000</xmax>
			<ymax>856</ymax>
		</bndbox>
	</object>
	<object>
		<name>sp19</name>
		<pose>Unspecified</pose>
		<truncated>0</truncated>
		<difficult>0</difficult>
		<bndbox>
			<xmin>1885</xmin>
			<ymin>849</ymin>
			<xmax>1983</xmax>
			<ymax>954</ymax>
		</bndbox>
	</object>
	<object>
		<name>sp19</name>
		<pose>Unspecified</pose>
		<truncated>0</truncated>
		<difficult>0</difficult>
		<bndbox>
			<xmin>1967</xmin>
			<ymin>862</ymin>
			<xmax>2048</xmax>
			<ymax>943</ymax>
		</bndbox>
	</object>
	<object>
		<name>sp19</name>
		<pose>Unspecified</pose>
		<truncated>0</truncated>
		<difficult>0</difficult>
		<bndbox>
			<xmin>1939</xmin>
			<ymin>957</ymin>
			<xmax>2037</xmax>
			<ymax>1055</ymax>
		</bndbox>
	</object>
	<object>
		<name>sp19</name>
		<pose>Unspecified</pose>
		<truncated>0</truncated>
		<difficult>0</difficult>
		<bndbox>
			<xmin>1923</xmin>
			<ymin>1754</ymin>
			<xmax>2008</xmax>
			<ymax>1839</ymax>
		</bndbox>
	</object>
	<object>
		<name>sp19</name>
		<pose>Unspecified</pose>
		<truncated>0</truncated>
		<difficult>0</difficult>
		<bndbox>
			<xmin>1906</xmin>
			<ymin>1863</ymin>
			<xmax>2007</xmax>
			<ymax>1968</ymax>
		</bndbox>
	</object>
	<object>
		<name>sp19</name>
		<pose>Unspecified</pose>
		<truncated>0</truncated>
		<difficult>0</difficult>
		<bndbox>
			<xmin>1838</xmin>
			<ymin>1974</ymin>
			<xmax>1987</xmax>
			<ymax>2082</ymax>
		</bndbox>
	</object>
	<object>
		<name>sp19</name>
		<pose>Unspecified</pose>
		<truncated>0</truncated>
		<difficult>0</difficult>
		<bndbox>
			<xmin>2051</xmin>
			<ymin>1768</ymin>
			<xmax>2126</xmax>
			<ymax>1883</ymax>
		</bndbox>
	</object>
	<object>
		<name>sp19</name>
		<pose>Unspecified</pose>
		<truncated>0</truncated>
		<difficult>0</difficult>
		<bndbox>
			<xmin>2014</xmin>
			<ymin>1861</ymin>
			<xmax>2098</xmax>
			<ymax>1967</ymax>
		</bndbox>
	</object>
	<object>
		<name>sp19</name>
		<pose>Unspecified</pose>
		<truncated>0</truncated>
		<difficult>0</difficult>
		<bndbox>
			<xmin>2278</xmin>
			<ymin>1089</ymin>
			<xmax>2359</xmax>
			<ymax>1182</ymax>
		</bndbox>
	</object>
	<object>
		<name>sp19</name>
		<pose>Unspecified</pose>
		<truncated>0</truncated>
		<difficult>0</difficult>
		<bndbox>
			<xmin>2266</xmin>
			<ymin>890</ymin>
			<xmax>2325</xmax>
			<ymax>962</ymax>
		</bndbox>
	</object>
	<object>
		<name>sp19</name>
		<pose>Unspecified</pose>
		<truncated>0</truncated>
		<difficult>0</difficult>
		<bndbox>
			<xmin>2288</xmin>
			<ymin>766</ymin>
			<xmax>2341</xmax>
			<ymax>831</ymax>
		</bndbox>
	</object>
	<object>
		<name>sp19</name>
		<pose>Unspecified</pose>
		<truncated>0</truncated>
		<difficult>0</difficult>
		<bndbox>
			<xmin>937</xmin>
			<ymin>0</ymin>
			<xmax>1099</xmax>
			<ymax>78</ymax>
		</bndbox>
	</object>
</annotation>