<annotation>
	<folder>my-project-name</folder>
	<filename>sp19_img20.jpg</filename>
	<path>/my-project-name/sp19_img20.jpg</path>
	<source>
		<database>Unspecified</database>
	</source>
	<size>
		<width>2209</width>
		<height>2205</height>
		<depth>3</depth>
	</size>
	<object>
		<name>sp19</name>
		<pose>Unspecified</pose>
		<truncated>0</truncated>
		<difficult>0</difficult>
		<bndbox>
			<xmin>1897</xmin>
			<ymin>383</ymin>
			<xmax>1953</xmax>
			<ymax>442</ymax>
		</bndbox>
	</object>
	<object>
		<name>sp19</name>
		<pose>Unspecified</pose>
		<truncated>0</truncated>
		<difficult>0</difficult>
		<bndbox>
			<xmin>1061</xmin>
			<ymin>1929</ymin>
			<xmax>1142</xmax>
			<ymax>1994</ymax>
		</bndbox>
	</object>
	<object>
		<name>sp19</name>
		<pose>Unspecified</pose>
		<truncated>0</truncated>
		<difficult>0</difficult>
		<bndbox>
			<xmin>962</xmin>
			<ymin>2067</ymin>
			<xmax>1029</xmax>
			<ymax>2127</ymax>
		</bndbox>
	</object>
	<object>
		<name>sp19</name>
		<pose>Unspecified</pose>
		<truncated>0</truncated>
		<difficult>0</difficult>
		<bndbox>
			<xmin>731</xmin>
			<ymin>2066</ymin>
			<xmax>822</xmax>
			<ymax>2137</ymax>
		</bndbox>
	</object>
	<object>
		<name>sp19</name>
		<pose>Unspecified</pose>
		<truncated>0</truncated>
		<difficult>0</difficult>
		<bndbox>
			<xmin>871</xmin>
			<ymin>2066</ymin>
			<xmax>986</xmax>
			<ymax>2171</ymax>
		</bndbox>
	</object>
	<object>
		<name>sp19</name>
		<pose>Unspecified</pose>
		<truncated>0</truncated>
		<difficult>0</difficult>
		<bndbox>
			<xmin>1005</xmin>
			<ymin>2126</ymin>
			<xmax>1050</xmax>
			<ymax>2177</ymax>
		</bndbox>
	</object>
	<object>
		<name>sp19</name>
		<pose>Unspecified</pose>
		<truncated>0</truncated>
		<difficult>0</difficult>
		<bndbox>
			<xmin>1061</xmin>
			<ymin>2097</ymin>
			<xmax>1160</xmax>
			<ymax>2186</ymax>
		</bndbox>
	</object>
	<object>
		<name>sp19</name>
		<pose>Unspecified</pose>
		<truncated>0</truncated>
		<difficult>0</difficult>
		<bndbox>
			<xmin>1169</xmin>
			<ymin>2117</ymin>
			<xmax>1226</xmax>
			<ymax>2177</ymax>
		</bndbox>
	</object>
	<object>
		<name>sp19</name>
		<pose>Unspecified</pose>
		<truncated>0</truncated>
		<difficult>0</difficult>
		<bndbox>
			<xmin>1183</xmin>
			<ymin>2054</ymin>
			<xmax>1219</xmax>
			<ymax>2099</ymax>
		</bndbox>
	</object>
	<object>
		<name>sp19</name>
		<pose>Unspecified</pose>
		<truncated>0</truncated>
		<difficult>0</difficult>
		<bndbox>
			<xmin>1215</xmin>
			<ymin>2040</ymin>
			<xmax>1301</xmax>
			<ymax>2134</ymax>
		</bndbox>
	</object>
	<object>
		<name>sp19</name>
		<pose>Unspecified</pose>
		<truncated>0</truncated>
		<difficult>0</difficult>
		<bndbox>
			<xmin>1332</xmin>
			<ymin>2020</ymin>
			<xmax>1406</xmax>
			<ymax>2101</ymax>
		</bndbox>
	</object>
	<object>
		<name>sp19</name>
		<pose>Unspecified</pose>
		<truncated>0</truncated>
		<difficult>0</difficult>
		<bndbox>
			<xmin>1119</xmin>
			<ymin>1808</ymin>
			<xmax>1203</xmax>
			<ymax>1879</ymax>
		</bndbox>
	</object>
	<object>
		<name>sp19</name>
		<pose>Unspecified</pose>
		<truncated>0</truncated>
		<difficult>0</difficult>
		<bndbox>
			<xmin>1422</xmin>
			<ymin>2066</ymin>
			<xmax>1517</xmax>
			<ymax>2128</ymax>
		</bndbox>
	</object>
	<object>
		<name>sp19</name>
		<pose>Unspecified</pose>
		<truncated>0</truncated>
		<difficult>0</difficult>
		<bndbox>
			<xmin>1058</xmin>
			<ymin>1605</ymin>
			<xmax>1157</xmax>
			<ymax>1698</ymax>
		</bndbox>
	</object>
	<object>
		<name>sp19</name>
		<pose>Unspecified</pose>
		<truncated>0</truncated>
		<difficult>0</difficult>
		<bndbox>
			<xmin>1297</xmin>
			<ymin>1700</ymin>
			<xmax>1378</xmax>
			<ymax>1765</ymax>
		</bndbox>
	</object>
	<object>
		<name>sp19</name>
		<pose>Unspecified</pose>
		<truncated>0</truncated>
		<difficult>0</difficult>
		<bndbox>
			<xmin>1390</xmin>
			<ymin>1743</ymin>
			<xmax>1458</xmax>
			<ymax>1815</ymax>
		</bndbox>
	</object>
	<object>
		<name>sp19</name>
		<pose>Unspecified</pose>
		<truncated>0</truncated>
		<difficult>0</difficult>
		<bndbox>
			<xmin>1689</xmin>
			<ymin>1628</ymin>
			<xmax>1768</xmax>
			<ymax>1703</ymax>
		</bndbox>
	</object>
	<object>
		<name>sp19</name>
		<pose>Unspecified</pose>
		<truncated>0</truncated>
		<difficult>0</difficult>
		<bndbox>
			<xmin>1757</xmin>
			<ymin>1768</ymin>
			<xmax>1854</xmax>
			<ymax>1852</ymax>
		</bndbox>
	</object>
	<object>
		<name>sp19</name>
		<pose>Unspecified</pose>
		<truncated>0</truncated>
		<difficult>0</difficult>
		<bndbox>
			<xmin>1596</xmin>
			<ymin>1929</ymin>
			<xmax>1689</xmax>
			<ymax>2024</ymax>
		</bndbox>
	</object>
	<object>
		<name>sp19</name>
		<pose>Unspecified</pose>
		<truncated>0</truncated>
		<difficult>0</difficult>
		<bndbox>
			<xmin>1702</xmin>
			<ymin>1901</ymin>
			<xmax>1783</xmax>
			<ymax>1974</ymax>
		</bndbox>
	</object>
	<object>
		<name>sp19</name>
		<pose>Unspecified</pose>
		<truncated>0</truncated>
		<difficult>0</difficult>
		<bndbox>
			<xmin>1759</xmin>
			<ymin>1845</ymin>
			<xmax>1838</xmax>
			<ymax>1921</ymax>
		</bndbox>
	</object>
	<object>
		<name>sp19</name>
		<pose>Unspecified</pose>
		<truncated>0</truncated>
		<difficult>0</difficult>
		<bndbox>
			<xmin>1869</xmin>
			<ymin>1747</ymin>
			<xmax>1946</xmax>
			<ymax>1817</ymax>
		</bndbox>
	</object>
	<object>
		<name>sp19</name>
		<pose>Unspecified</pose>
		<truncated>0</truncated>
		<difficult>0</difficult>
		<bndbox>
			<xmin>729</xmin>
			<ymin>1283</ymin>
			<xmax>796</xmax>
			<ymax>1343</ymax>
		</bndbox>
	</object>
	<object>
		<name>sp19</name>
		<pose>Unspecified</pose>
		<truncated>0</truncated>
		<difficult>0</difficult>
		<bndbox>
			<xmin>713</xmin>
			<ymin>1346</ymin>
			<xmax>789</xmax>
			<ymax>1410</ymax>
		</bndbox>
	</object>
	<object>
		<name>sp19</name>
		<pose>Unspecified</pose>
		<truncated>0</truncated>
		<difficult>0</difficult>
		<bndbox>
			<xmin>682</xmin>
			<ymin>1428</ymin>
			<xmax>753</xmax>
			<ymax>1491</ymax>
		</bndbox>
	</object>
	<object>
		<name>sp19</name>
		<pose>Unspecified</pose>
		<truncated>0</truncated>
		<difficult>0</difficult>
		<bndbox>
			<xmin>662</xmin>
			<ymin>1492</ymin>
			<xmax>753</xmax>
			<ymax>1563</ymax>
		</bndbox>
	</object>
	<object>
		<name>sp19</name>
		<pose>Unspecified</pose>
		<truncated>0</truncated>
		<difficult>0</difficult>
		<bndbox>
			<xmin>616</xmin>
			<ymin>1416</ymin>
			<xmax>689</xmax>
			<ymax>1480</ymax>
		</bndbox>
	</object>
	<object>
		<name>sp19</name>
		<pose>Unspecified</pose>
		<truncated>0</truncated>
		<difficult>0</difficult>
		<bndbox>
			<xmin>797</xmin>
			<ymin>1559</ymin>
			<xmax>872</xmax>
			<ymax>1635</ymax>
		</bndbox>
	</object>
	<object>
		<name>sp19</name>
		<pose>Unspecified</pose>
		<truncated>0</truncated>
		<difficult>0</difficult>
		<bndbox>
			<xmin>842</xmin>
			<ymin>1478</ymin>
			<xmax>917</xmax>
			<ymax>1553</ymax>
		</bndbox>
	</object>
	<object>
		<name>sp19</name>
		<pose>Unspecified</pose>
		<truncated>0</truncated>
		<difficult>0</difficult>
		<bndbox>
			<xmin>951</xmin>
			<ymin>1483</ymin>
			<xmax>1018</xmax>
			<ymax>1547</ymax>
		</bndbox>
	</object>
	<object>
		<name>sp19</name>
		<pose>Unspecified</pose>
		<truncated>0</truncated>
		<difficult>0</difficult>
		<bndbox>
			<xmin>987</xmin>
			<ymin>1544</ymin>
			<xmax>1065</xmax>
			<ymax>1612</ymax>
		</bndbox>
	</object>
	<object>
		<name>sp19</name>
		<pose>Unspecified</pose>
		<truncated>0</truncated>
		<difficult>0</difficult>
		<bndbox>
			<xmin>952</xmin>
			<ymin>1340</ymin>
			<xmax>1017</xmax>
			<ymax>1416</ymax>
		</bndbox>
	</object>
	<object>
		<name>sp19</name>
		<pose>Unspecified</pose>
		<truncated>0</truncated>
		<difficult>0</difficult>
		<bndbox>
			<xmin>1070</xmin>
			<ymin>1316</ymin>
			<xmax>1147</xmax>
			<ymax>1392</ymax>
		</bndbox>
	</object>
	<object>
		<name>sp19</name>
		<pose>Unspecified</pose>
		<truncated>0</truncated>
		<difficult>0</difficult>
		<bndbox>
			<xmin>1148</xmin>
			<ymin>1554</ymin>
			<xmax>1242</xmax>
			<ymax>1636</ymax>
		</bndbox>
	</object>
	<object>
		<name>sp19</name>
		<pose>Unspecified</pose>
		<truncated>0</truncated>
		<difficult>0</difficult>
		<bndbox>
			<xmin>1280</xmin>
			<ymin>1492</ymin>
			<xmax>1354</xmax>
			<ymax>1561</ymax>
		</bndbox>
	</object>
	<object>
		<name>sp19</name>
		<pose>Unspecified</pose>
		<truncated>0</truncated>
		<difficult>0</difficult>
		<bndbox>
			<xmin>1400</xmin>
			<ymin>1396</ymin>
			<xmax>1471</xmax>
			<ymax>1457</ymax>
		</bndbox>
	</object>
	<object>
		<name>sp19</name>
		<pose>Unspecified</pose>
		<truncated>0</truncated>
		<difficult>0</difficult>
		<bndbox>
			<xmin>1401</xmin>
			<ymin>1506</ymin>
			<xmax>1480</xmax>
			<ymax>1587</ymax>
		</bndbox>
	</object>
	<object>
		<name>sp19</name>
		<pose>Unspecified</pose>
		<truncated>0</truncated>
		<difficult>0</difficult>
		<bndbox>
			<xmin>1482</xmin>
			<ymin>1387</ymin>
			<xmax>1547</xmax>
			<ymax>1464</ymax>
		</bndbox>
	</object>
	<object>
		<name>sp19</name>
		<pose>Unspecified</pose>
		<truncated>0</truncated>
		<difficult>0</difficult>
		<bndbox>
			<xmin>1488</xmin>
			<ymin>1308</ymin>
			<xmax>1556</xmax>
			<ymax>1371</ymax>
		</bndbox>
	</object>
	<object>
		<name>sp19</name>
		<pose>Unspecified</pose>
		<truncated>0</truncated>
		<difficult>0</difficult>
		<bndbox>
			<xmin>1566</xmin>
			<ymin>1270</ymin>
			<xmax>1655</xmax>
			<ymax>1367</ymax>
		</bndbox>
	</object>
	<object>
		<name>sp19</name>
		<pose>Unspecified</pose>
		<truncated>0</truncated>
		<difficult>0</difficult>
		<bndbox>
			<xmin>1656</xmin>
			<ymin>1319</ymin>
			<xmax>1735</xmax>
			<ymax>1413</ymax>
		</bndbox>
	</object>
	<object>
		<name>sp19</name>
		<pose>Unspecified</pose>
		<truncated>0</truncated>
		<difficult>0</difficult>
		<bndbox>
			<xmin>1888</xmin>
			<ymin>1331</ymin>
			<xmax>1965</xmax>
			<ymax>1415</ymax>
		</bndbox>
	</object>
	<object>
		<name>sp19</name>
		<pose>Unspecified</pose>
		<truncated>0</truncated>
		<difficult>0</difficult>
		<bndbox>
			<xmin>1970</xmin>
			<ymin>1563</ymin>
			<xmax>2071</xmax>
			<ymax>1647</ymax>
		</bndbox>
	</object>
	<object>
		<name>sp19</name>
		<pose>Unspecified</pose>
		<truncated>0</truncated>
		<difficult>0</difficult>
		<bndbox>
			<xmin>1919</xmin>
			<ymin>1635</ymin>
			<xmax>2018</xmax>
			<ymax>1722</ymax>
		</bndbox>
	</object>
	<object>
		<name>sp19</name>
		<pose>Unspecified</pose>
		<truncated>0</truncated>
		<difficult>0</difficult>
		<bndbox>
			<xmin>2062</xmin>
			<ymin>1335</ymin>
			<xmax>2155</xmax>
			<ymax>1434</ymax>
		</bndbox>
	</object>
	<object>
		<name>sp19</name>
		<pose>Unspecified</pose>
		<truncated>0</truncated>
		<difficult>0</difficult>
		<bndbox>
			<xmin>2090</xmin>
			<ymin>1282</ymin>
			<xmax>2182</xmax>
			<ymax>1346</ymax>
		</bndbox>
	</object>
	<object>
		<name>sp19</name>
		<pose>Unspecified</pose>
		<truncated>0</truncated>
		<difficult>0</difficult>
		<bndbox>
			<xmin>1451</xmin>
			<ymin>1004</ymin>
			<xmax>1523</xmax>
			<ymax>1069</ymax>
		</bndbox>
	</object>
	<object>
		<name>sp19</name>
		<pose>Unspecified</pose>
		<truncated>0</truncated>
		<difficult>0</difficult>
		<bndbox>
			<xmin>1416</xmin>
			<ymin>1076</ymin>
			<xmax>1493</xmax>
			<ymax>1160</ymax>
		</bndbox>
	</object>
	<object>
		<name>sp19</name>
		<pose>Unspecified</pose>
		<truncated>0</truncated>
		<difficult>0</difficult>
		<bndbox>
			<xmin>1644</xmin>
			<ymin>1228</ymin>
			<xmax>1717</xmax>
			<ymax>1293</ymax>
		</bndbox>
	</object>
	<object>
		<name>sp19</name>
		<pose>Unspecified</pose>
		<truncated>0</truncated>
		<difficult>0</difficult>
		<bndbox>
			<xmin>1938</xmin>
			<ymin>1209</ymin>
			<xmax>2009</xmax>
			<ymax>1282</ymax>
		</bndbox>
	</object>
	<object>
		<name>sp19</name>
		<pose>Unspecified</pose>
		<truncated>0</truncated>
		<difficult>0</difficult>
		<bndbox>
			<xmin>1953</xmin>
			<ymin>1103</ymin>
			<xmax>2033</xmax>
			<ymax>1176</ymax>
		</bndbox>
	</object>
	<object>
		<name>sp19</name>
		<pose>Unspecified</pose>
		<truncated>0</truncated>
		<difficult>0</difficult>
		<bndbox>
			<xmin>2035</xmin>
			<ymin>1114</ymin>
			<xmax>2116</xmax>
			<ymax>1177</ymax>
		</bndbox>
	</object>
	<object>
		<name>sp19</name>
		<pose>Unspecified</pose>
		<truncated>0</truncated>
		<difficult>0</difficult>
		<bndbox>
			<xmin>2055</xmin>
			<ymin>1186</ymin>
			<xmax>2122</xmax>
			<ymax>1247</ymax>
		</bndbox>
	</object>
	<object>
		<name>sp19</name>
		<pose>Unspecified</pose>
		<truncated>0</truncated>
		<difficult>0</difficult>
		<bndbox>
			<xmin>2113</xmin>
			<ymin>1169</ymin>
			<xmax>2185</xmax>
			<ymax>1225</ymax>
		</bndbox>
	</object>
	<object>
		<name>sp19</name>
		<pose>Unspecified</pose>
		<truncated>0</truncated>
		<difficult>0</difficult>
		<bndbox>
			<xmin>2033</xmin>
			<ymin>1041</ymin>
			<xmax>2127</xmax>
			<ymax>1118</ymax>
		</bndbox>
	</object>
	<object>
		<name>sp19</name>
		<pose>Unspecified</pose>
		<truncated>0</truncated>
		<difficult>0</difficult>
		<bndbox>
			<xmin>2041</xmin>
			<ymin>939</ymin>
			<xmax>2128</xmax>
			<ymax>1026</ymax>
		</bndbox>
	</object>
	<object>
		<name>sp19</name>
		<pose>Unspecified</pose>
		<truncated>0</truncated>
		<difficult>0</difficult>
		<bndbox>
			<xmin>2140</xmin>
			<ymin>961</ymin>
			<xmax>2206</xmax>
			<ymax>1012</ymax>
		</bndbox>
	</object>
	<object>
		<name>sp19</name>
		<pose>Unspecified</pose>
		<truncated>0</truncated>
		<difficult>0</difficult>
		<bndbox>
			<xmin>1798</xmin>
			<ymin>912</ymin>
			<xmax>1884</xmax>
			<ymax>992</ymax>
		</bndbox>
	</object>
	<object>
		<name>sp19</name>
		<pose>Unspecified</pose>
		<truncated>0</truncated>
		<difficult>0</difficult>
		<bndbox>
			<xmin>623</xmin>
			<ymin>972</ymin>
			<xmax>708</xmax>
			<ymax>1042</ymax>
		</bndbox>
	</object>
	<object>
		<name>sp19</name>
		<pose>Unspecified</pose>
		<truncated>0</truncated>
		<difficult>0</difficult>
		<bndbox>
			<xmin>719</xmin>
			<ymin>950</ymin>
			<xmax>789</xmax>
			<ymax>1005</ymax>
		</bndbox>
	</object>
	<object>
		<name>sp19</name>
		<pose>Unspecified</pose>
		<truncated>0</truncated>
		<difficult>0</difficult>
		<bndbox>
			<xmin>823</xmin>
			<ymin>931</ymin>
			<xmax>886</xmax>
			<ymax>989</ymax>
		</bndbox>
	</object>
	<object>
		<name>sp19</name>
		<pose>Unspecified</pose>
		<truncated>0</truncated>
		<difficult>0</difficult>
		<bndbox>
			<xmin>857</xmin>
			<ymin>1037</ymin>
			<xmax>921</xmax>
			<ymax>1096</ymax>
		</bndbox>
	</object>
	<object>
		<name>sp19</name>
		<pose>Unspecified</pose>
		<truncated>0</truncated>
		<difficult>0</difficult>
		<bndbox>
			<xmin>799</xmin>
			<ymin>1103</ymin>
			<xmax>865</xmax>
			<ymax>1167</ymax>
		</bndbox>
	</object>
	<object>
		<name>sp19</name>
		<pose>Unspecified</pose>
		<truncated>0</truncated>
		<difficult>0</difficult>
		<bndbox>
			<xmin>726</xmin>
			<ymin>1171</ymin>
			<xmax>790</xmax>
			<ymax>1233</ymax>
		</bndbox>
	</object>
	<object>
		<name>sp19</name>
		<pose>Unspecified</pose>
		<truncated>0</truncated>
		<difficult>0</difficult>
		<bndbox>
			<xmin>932</xmin>
			<ymin>1072</ymin>
			<xmax>997</xmax>
			<ymax>1137</ymax>
		</bndbox>
	</object>
	<object>
		<name>sp19</name>
		<pose>Unspecified</pose>
		<truncated>0</truncated>
		<difficult>0</difficult>
		<bndbox>
			<xmin>998</xmin>
			<ymin>1093</ymin>
			<xmax>1062</xmax>
			<ymax>1151</ymax>
		</bndbox>
	</object>
	<object>
		<name>sp19</name>
		<pose>Unspecified</pose>
		<truncated>0</truncated>
		<difficult>0</difficult>
		<bndbox>
			<xmin>905</xmin>
			<ymin>1153</ymin>
			<xmax>1005</xmax>
			<ymax>1247</ymax>
		</bndbox>
	</object>
	<object>
		<name>sp19</name>
		<pose>Unspecified</pose>
		<truncated>0</truncated>
		<difficult>0</difficult>
		<bndbox>
			<xmin>1036</xmin>
			<ymin>1235</ymin>
			<xmax>1118</xmax>
			<ymax>1303</ymax>
		</bndbox>
	</object>
	<object>
		<name>sp19</name>
		<pose>Unspecified</pose>
		<truncated>0</truncated>
		<difficult>0</difficult>
		<bndbox>
			<xmin>1259</xmin>
			<ymin>1224</ymin>
			<xmax>1342</xmax>
			<ymax>1302</ymax>
		</bndbox>
	</object>
	<object>
		<name>sp19</name>
		<pose>Unspecified</pose>
		<truncated>0</truncated>
		<difficult>0</difficult>
		<bndbox>
			<xmin>1328</xmin>
			<ymin>994</ymin>
			<xmax>1409</xmax>
			<ymax>1073</ymax>
		</bndbox>
	</object>
	<object>
		<name>sp19</name>
		<pose>Unspecified</pose>
		<truncated>0</truncated>
		<difficult>0</difficult>
		<bndbox>
			<xmin>129</xmin>
			<ymin>1548</ymin>
			<xmax>255</xmax>
			<ymax>1639</ymax>
		</bndbox>
	</object>
	<object>
		<name>sp19</name>
		<pose>Unspecified</pose>
		<truncated>0</truncated>
		<difficult>0</difficult>
		<bndbox>
			<xmin>414</xmin>
			<ymin>1512</ymin>
			<xmax>495</xmax>
			<ymax>1590</ymax>
		</bndbox>
	</object>
	<object>
		<name>sp19</name>
		<pose>Unspecified</pose>
		<truncated>0</truncated>
		<difficult>0</difficult>
		<bndbox>
			<xmin>364</xmin>
			<ymin>1628</ymin>
			<xmax>461</xmax>
			<ymax>1739</ymax>
		</bndbox>
	</object>
	<object>
		<name>sp19</name>
		<pose>Unspecified</pose>
		<truncated>0</truncated>
		<difficult>0</difficult>
		<bndbox>
			<xmin>217</xmin>
			<ymin>1702</ymin>
			<xmax>320</xmax>
			<ymax>1777</ymax>
		</bndbox>
	</object>
	<object>
		<name>sp19</name>
		<pose>Unspecified</pose>
		<truncated>0</truncated>
		<difficult>0</difficult>
		<bndbox>
			<xmin>305</xmin>
			<ymin>1763</ymin>
			<xmax>399</xmax>
			<ymax>1842</ymax>
		</bndbox>
	</object>
	<object>
		<name>sp19</name>
		<pose>Unspecified</pose>
		<truncated>0</truncated>
		<difficult>0</difficult>
		<bndbox>
			<xmin>358</xmin>
			<ymin>1855</ymin>
			<xmax>453</xmax>
			<ymax>1916</ymax>
		</bndbox>
	</object>
	<object>
		<name>sp19</name>
		<pose>Unspecified</pose>
		<truncated>0</truncated>
		<difficult>0</difficult>
		<bndbox>
			<xmin>514</xmin>
			<ymin>1842</ymin>
			<xmax>598</xmax>
			<ymax>1921</ymax>
		</bndbox>
	</object>
	<object>
		<name>sp19</name>
		<pose>Unspecified</pose>
		<truncated>0</truncated>
		<difficult>0</difficult>
		<bndbox>
			<xmin>15</xmin>
			<ymin>1267</ymin>
			<xmax>122</xmax>
			<ymax>1350</ymax>
		</bndbox>
	</object>
	<object>
		<name>sp19</name>
		<pose>Unspecified</pose>
		<truncated>0</truncated>
		<difficult>0</difficult>
		<bndbox>
			<xmin>81</xmin>
			<ymin>1367</ymin>
			<xmax>194</xmax>
			<ymax>1445</ymax>
		</bndbox>
	</object>
	<object>
		<name>sp19</name>
		<pose>Unspecified</pose>
		<truncated>0</truncated>
		<difficult>0</difficult>
		<bndbox>
			<xmin>195</xmin>
			<ymin>1130</ymin>
			<xmax>278</xmax>
			<ymax>1209</ymax>
		</bndbox>
	</object>
	<object>
		<name>sp19</name>
		<pose>Unspecified</pose>
		<truncated>0</truncated>
		<difficult>0</difficult>
		<bndbox>
			<xmin>518</xmin>
			<ymin>1228</ymin>
			<xmax>653</xmax>
			<ymax>1306</ymax>
		</bndbox>
	</object>
	<object>
		<name>sp19</name>
		<pose>Unspecified</pose>
		<truncated>0</truncated>
		<difficult>0</difficult>
		<bndbox>
			<xmin>38</xmin>
			<ymin>837</ymin>
			<xmax>116</xmax>
			<ymax>907</ymax>
		</bndbox>
	</object>
	<object>
		<name>sp19</name>
		<pose>Unspecified</pose>
		<truncated>0</truncated>
		<difficult>0</difficult>
		<bndbox>
			<xmin>138</xmin>
			<ymin>827</ymin>
			<xmax>223</xmax>
			<ymax>928</ymax>
		</bndbox>
	</object>
	<object>
		<name>sp19</name>
		<pose>Unspecified</pose>
		<truncated>0</truncated>
		<difficult>0</difficult>
		<bndbox>
			<xmin>93</xmin>
			<ymin>996</ymin>
			<xmax>205</xmax>
			<ymax>1087</ymax>
		</bndbox>
	</object>
	<object>
		<name>sp19</name>
		<pose>Unspecified</pose>
		<truncated>0</truncated>
		<difficult>0</difficult>
		<bndbox>
			<xmin>31</xmin>
			<ymin>1072</ymin>
			<xmax>129</xmax>
			<ymax>1137</ymax>
		</bndbox>
	</object>
	<object>
		<name>sp19</name>
		<pose>Unspecified</pose>
		<truncated>0</truncated>
		<difficult>0</difficult>
		<bndbox>
			<xmin>109</xmin>
			<ymin>707</ymin>
			<xmax>209</xmax>
			<ymax>790</ymax>
		</bndbox>
	</object>
	<object>
		<name>sp19</name>
		<pose>Unspecified</pose>
		<truncated>0</truncated>
		<difficult>0</difficult>
		<bndbox>
			<xmin>221</xmin>
			<ymin>702</ymin>
			<xmax>298</xmax>
			<ymax>772</ymax>
		</bndbox>
	</object>
	<object>
		<name>sp19</name>
		<pose>Unspecified</pose>
		<truncated>0</truncated>
		<difficult>0</difficult>
		<bndbox>
			<xmin>285</xmin>
			<ymin>594</ymin>
			<xmax>375</xmax>
			<ymax>678</ymax>
		</bndbox>
	</object>
	<object>
		<name>sp19</name>
		<pose>Unspecified</pose>
		<truncated>0</truncated>
		<difficult>0</difficult>
		<bndbox>
			<xmin>665</xmin>
			<ymin>550</ymin>
			<xmax>753</xmax>
			<ymax>636</ymax>
		</bndbox>
	</object>
	<object>
		<name>sp19</name>
		<pose>Unspecified</pose>
		<truncated>0</truncated>
		<difficult>0</difficult>
		<bndbox>
			<xmin>538</xmin>
			<ymin>694</ymin>
			<xmax>622</xmax>
			<ymax>765</ymax>
		</bndbox>
	</object>
	<object>
		<name>sp19</name>
		<pose>Unspecified</pose>
		<truncated>0</truncated>
		<difficult>0</difficult>
		<bndbox>
			<xmin>624</xmin>
			<ymin>760</ymin>
			<xmax>696</xmax>
			<ymax>833</ymax>
		</bndbox>
	</object>
	<object>
		<name>sp19</name>
		<pose>Unspecified</pose>
		<truncated>0</truncated>
		<difficult>0</difficult>
		<bndbox>
			<xmin>764</xmin>
			<ymin>868</ymin>
			<xmax>828</xmax>
			<ymax>932</ymax>
		</bndbox>
	</object>
	<object>
		<name>sp19</name>
		<pose>Unspecified</pose>
		<truncated>0</truncated>
		<difficult>0</difficult>
		<bndbox>
			<xmin>819</xmin>
			<ymin>783</ymin>
			<xmax>930</xmax>
			<ymax>897</ymax>
		</bndbox>
	</object>
	<object>
		<name>sp19</name>
		<pose>Unspecified</pose>
		<truncated>0</truncated>
		<difficult>0</difficult>
		<bndbox>
			<xmin>375</xmin>
			<ymin>616</ymin>
			<xmax>409</xmax>
			<ymax>650</ymax>
		</bndbox>
	</object>
	<object>
		<name>sp19</name>
		<pose>Unspecified</pose>
		<truncated>0</truncated>
		<difficult>0</difficult>
		<bndbox>
			<xmin>1025</xmin>
			<ymin>703</ymin>
			<xmax>1114</xmax>
			<ymax>778</ymax>
		</bndbox>
	</object>
	<object>
		<name>sp19</name>
		<pose>Unspecified</pose>
		<truncated>0</truncated>
		<difficult>0</difficult>
		<bndbox>
			<xmin>1240</xmin>
			<ymin>660</ymin>
			<xmax>1323</xmax>
			<ymax>729</ymax>
		</bndbox>
	</object>
	<object>
		<name>sp19</name>
		<pose>Unspecified</pose>
		<truncated>0</truncated>
		<difficult>0</difficult>
		<bndbox>
			<xmin>1001</xmin>
			<ymin>893</ymin>
			<xmax>1070</xmax>
			<ymax>969</ymax>
		</bndbox>
	</object>
	<object>
		<name>sp19</name>
		<pose>Unspecified</pose>
		<truncated>0</truncated>
		<difficult>0</difficult>
		<bndbox>
			<xmin>1317</xmin>
			<ymin>839</ymin>
			<xmax>1390</xmax>
			<ymax>912</ymax>
		</bndbox>
	</object>
	<object>
		<name>sp19</name>
		<pose>Unspecified</pose>
		<truncated>0</truncated>
		<difficult>0</difficult>
		<bndbox>
			<xmin>1397</xmin>
			<ymin>702</ymin>
			<xmax>1471</xmax>
			<ymax>772</ymax>
		</bndbox>
	</object>
	<object>
		<name>sp19</name>
		<pose>Unspecified</pose>
		<truncated>0</truncated>
		<difficult>0</difficult>
		<bndbox>
			<xmin>1427</xmin>
			<ymin>781</ymin>
			<xmax>1513</xmax>
			<ymax>855</ymax>
		</bndbox>
	</object>
	<object>
		<name>sp19</name>
		<pose>Unspecified</pose>
		<truncated>0</truncated>
		<difficult>0</difficult>
		<bndbox>
			<xmin>1547</xmin>
			<ymin>703</ymin>
			<xmax>1629</xmax>
			<ymax>776</ymax>
		</bndbox>
	</object>
	<object>
		<name>sp19</name>
		<pose>Unspecified</pose>
		<truncated>0</truncated>
		<difficult>0</difficult>
		<bndbox>
			<xmin>1537</xmin>
			<ymin>342</ymin>
			<xmax>1617</xmax>
			<ymax>416</ymax>
		</bndbox>
	</object>
	<object>
		<name>sp19</name>
		<pose>Unspecified</pose>
		<truncated>0</truncated>
		<difficult>0</difficult>
		<bndbox>
			<xmin>1611</xmin>
			<ymin>333</ymin>
			<xmax>1691</xmax>
			<ymax>408</ymax>
		</bndbox>
	</object>
	<object>
		<name>sp19</name>
		<pose>Unspecified</pose>
		<truncated>0</truncated>
		<difficult>0</difficult>
		<bndbox>
			<xmin>1709</xmin>
			<ymin>350</ymin>
			<xmax>1783</xmax>
			<ymax>415</ymax>
		</bndbox>
	</object>
	<object>
		<name>sp19</name>
		<pose>Unspecified</pose>
		<truncated>0</truncated>
		<difficult>0</difficult>
		<bndbox>
			<xmin>1794</xmin>
			<ymin>287</ymin>
			<xmax>1858</xmax>
			<ymax>350</ymax>
		</bndbox>
	</object>
	<object>
		<name>sp19</name>
		<pose>Unspecified</pose>
		<truncated>0</truncated>
		<difficult>0</difficult>
		<bndbox>
			<xmin>1876</xmin>
			<ymin>348</ymin>
			<xmax>1923</xmax>
			<ymax>391</ymax>
		</bndbox>
	</object>
	<object>
		<name>sp19</name>
		<pose>Unspecified</pose>
		<truncated>0</truncated>
		<difficult>0</difficult>
		<bndbox>
			<xmin>1667</xmin>
			<ymin>429</ymin>
			<xmax>1759</xmax>
			<ymax>500</ymax>
		</bndbox>
	</object>
	<object>
		<name>sp19</name>
		<pose>Unspecified</pose>
		<truncated>0</truncated>
		<difficult>0</difficult>
		<bndbox>
			<xmin>1705</xmin>
			<ymin>508</ymin>
			<xmax>1774</xmax>
			<ymax>573</ymax>
		</bndbox>
	</object>
	<object>
		<name>sp19</name>
		<pose>Unspecified</pose>
		<truncated>0</truncated>
		<difficult>0</difficult>
		<bndbox>
			<xmin>1776</xmin>
			<ymin>490</ymin>
			<xmax>1859</xmax>
			<ymax>600</ymax>
		</bndbox>
	</object>
	<object>
		<name>sp19</name>
		<pose>Unspecified</pose>
		<truncated>0</truncated>
		<difficult>0</difficult>
		<bndbox>
			<xmin>1876</xmin>
			<ymin>603</ymin>
			<xmax>1972</xmax>
			<ymax>686</ymax>
		</bndbox>
	</object>
	<object>
		<name>sp19</name>
		<pose>Unspecified</pose>
		<truncated>0</truncated>
		<difficult>0</difficult>
		<bndbox>
			<xmin>2022</xmin>
			<ymin>551</ymin>
			<xmax>2079</xmax>
			<ymax>616</ymax>
		</bndbox>
	</object>
	<object>
		<name>sp19</name>
		<pose>Unspecified</pose>
		<truncated>0</truncated>
		<difficult>0</difficult>
		<bndbox>
			<xmin>1245</xmin>
			<ymin>16</ymin>
			<xmax>1315</xmax>
			<ymax>121</ymax>
		</bndbox>
	</object>
	<object>
		<name>sp19</name>
		<pose>Unspecified</pose>
		<truncated>0</truncated>
		<difficult>0</difficult>
		<bndbox>
			<xmin>1365</xmin>
			<ymin>85</ymin>
			<xmax>1449</xmax>
			<ymax>170</ymax>
		</bndbox>
	</object>
	<object>
		<name>sp19</name>
		<pose>Unspecified</pose>
		<truncated>0</truncated>
		<difficult>0</difficult>
		<bndbox>
			<xmin>1461</xmin>
			<ymin>94</ymin>
			<xmax>1530</xmax>
			<ymax>170</ymax>
		</bndbox>
	</object>
	<object>
		<name>sp19</name>
		<pose>Unspecified</pose>
		<truncated>0</truncated>
		<difficult>0</difficult>
		<bndbox>
			<xmin>1431</xmin>
			<ymin>248</ymin>
			<xmax>1524</xmax>
			<ymax>335</ymax>
		</bndbox>
	</object>
	<object>
		<name>sp19</name>
		<pose>Unspecified</pose>
		<truncated>0</truncated>
		<difficult>0</difficult>
		<bndbox>
			<xmin>1720</xmin>
			<ymin>237</ymin>
			<xmax>1787</xmax>
			<ymax>323</ymax>
		</bndbox>
	</object>
	<object>
		<name>sp19</name>
		<pose>Unspecified</pose>
		<truncated>0</truncated>
		<difficult>0</difficult>
		<bndbox>
			<xmin>1096</xmin>
			<ymin>181</ymin>
			<xmax>1180</xmax>
			<ymax>266</ymax>
		</bndbox>
	</object>
	<object>
		<name>sp19</name>
		<pose>Unspecified</pose>
		<truncated>0</truncated>
		<difficult>0</difficult>
		<bndbox>
			<xmin>1056</xmin>
			<ymin>0</ymin>
			<xmax>1133</xmax>
			<ymax>113</ymax>
		</bndbox>
	</object>
	<object>
		<name>sp19</name>
		<pose>Unspecified</pose>
		<truncated>0</truncated>
		<difficult>0</difficult>
		<bndbox>
			<xmin>972</xmin>
			<ymin>80</ymin>
			<xmax>1047</xmax>
			<ymax>150</ymax>
		</bndbox>
	</object>
	<object>
		<name>sp19</name>
		<pose>Unspecified</pose>
		<truncated>0</truncated>
		<difficult>0</difficult>
		<bndbox>
			<xmin>897</xmin>
			<ymin>80</ymin>
			<xmax>979</xmax>
			<ymax>166</ymax>
		</bndbox>
	</object>
	<object>
		<name>sp19</name>
		<pose>Unspecified</pose>
		<truncated>0</truncated>
		<difficult>0</difficult>
		<bndbox>
			<xmin>770</xmin>
			<ymin>130</ymin>
			<xmax>843</xmax>
			<ymax>208</ymax>
		</bndbox>
	</object>
	<object>
		<name>sp19</name>
		<pose>Unspecified</pose>
		<truncated>0</truncated>
		<difficult>0</difficult>
		<bndbox>
			<xmin>689</xmin>
			<ymin>240</ymin>
			<xmax>815</xmax>
			<ymax>330</ymax>
		</bndbox>
	</object>
	<object>
		<name>sp19</name>
		<pose>Unspecified</pose>
		<truncated>0</truncated>
		<difficult>0</difficult>
		<bndbox>
			<xmin>708</xmin>
			<ymin>330</ymin>
			<xmax>794</xmax>
			<ymax>403</ymax>
		</bndbox>
	</object>
	<object>
		<name>sp19</name>
		<pose>Unspecified</pose>
		<truncated>0</truncated>
		<difficult>0</difficult>
		<bndbox>
			<xmin>864</xmin>
			<ymin>412</ymin>
			<xmax>962</xmax>
			<ymax>500</ymax>
		</bndbox>
	</object>
	<object>
		<name>sp19</name>
		<pose>Unspecified</pose>
		<truncated>0</truncated>
		<difficult>0</difficult>
		<bndbox>
			<xmin>323</xmin>
			<ymin>302</ymin>
			<xmax>440</xmax>
			<ymax>426</ymax>
		</bndbox>
	</object>
</annotation>