<annotation>
	<folder>my-project-name</folder>
	<filename>sp20_img04.jpg</filename>
	<path>/my-project-name/sp20_img04.jpg</path>
	<source>
		<database>Unspecified</database>
	</source>
	<size>
		<width>2752</width>
		<height>2764</height>
		<depth>3</depth>
	</size>
	<object>
		<name>sp20</name>
		<pose>Unspecified</pose>
		<truncated>0</truncated>
		<difficult>0</difficult>
		<bndbox>
			<xmin>1305</xmin>
			<ymin>117</ymin>
			<xmax>1430</xmax>
			<ymax>241</ymax>
		</bndbox>
	</object>
	<object>
		<name>sp20</name>
		<pose>Unspecified</pose>
		<truncated>0</truncated>
		<difficult>0</difficult>
		<bndbox>
			<xmin>1660</xmin>
			<ymin>147</ymin>
			<xmax>1789</xmax>
			<ymax>256</ymax>
		</bndbox>
	</object>
	<object>
		<name>sp20</name>
		<pose>Unspecified</pose>
		<truncated>0</truncated>
		<difficult>0</difficult>
		<bndbox>
			<xmin>1867</xmin>
			<ymin>227</ymin>
			<xmax>1994</xmax>
			<ymax>358</ymax>
		</bndbox>
	</object>
	<object>
		<name>sp20</name>
		<pose>Unspecified</pose>
		<truncated>0</truncated>
		<difficult>0</difficult>
		<bndbox>
			<xmin>1282</xmin>
			<ymin>405</ymin>
			<xmax>1397</xmax>
			<ymax>515</ymax>
		</bndbox>
	</object>
	<object>
		<name>sp20</name>
		<pose>Unspecified</pose>
		<truncated>0</truncated>
		<difficult>0</difficult>
		<bndbox>
			<xmin>1144</xmin>
			<ymin>452</ymin>
			<xmax>1275</xmax>
			<ymax>541</ymax>
		</bndbox>
	</object>
	<object>
		<name>sp20</name>
		<pose>Unspecified</pose>
		<truncated>0</truncated>
		<difficult>0</difficult>
		<bndbox>
			<xmin>873</xmin>
			<ymin>309</ymin>
			<xmax>1011</xmax>
			<ymax>418</ymax>
		</bndbox>
	</object>
	<object>
		<name>sp20</name>
		<pose>Unspecified</pose>
		<truncated>0</truncated>
		<difficult>0</difficult>
		<bndbox>
			<xmin>807</xmin>
			<ymin>441</ymin>
			<xmax>928</xmax>
			<ymax>551</ymax>
		</bndbox>
	</object>
	<object>
		<name>sp20</name>
		<pose>Unspecified</pose>
		<truncated>0</truncated>
		<difficult>0</difficult>
		<bndbox>
			<xmin>1291</xmin>
			<ymin>566</ymin>
			<xmax>1408</xmax>
			<ymax>679</ymax>
		</bndbox>
	</object>
	<object>
		<name>sp20</name>
		<pose>Unspecified</pose>
		<truncated>0</truncated>
		<difficult>0</difficult>
		<bndbox>
			<xmin>1072</xmin>
			<ymin>893</ymin>
			<xmax>1188</xmax>
			<ymax>1014</ymax>
		</bndbox>
	</object>
	<object>
		<name>sp20</name>
		<pose>Unspecified</pose>
		<truncated>0</truncated>
		<difficult>0</difficult>
		<bndbox>
			<xmin>1559</xmin>
			<ymin>576</ymin>
			<xmax>1657</xmax>
			<ymax>677</ymax>
		</bndbox>
	</object>
	<object>
		<name>sp20</name>
		<pose>Unspecified</pose>
		<truncated>0</truncated>
		<difficult>0</difficult>
		<bndbox>
			<xmin>1659</xmin>
			<ymin>543</ymin>
			<xmax>1759</xmax>
			<ymax>651</ymax>
		</bndbox>
	</object>
	<object>
		<name>sp20</name>
		<pose>Unspecified</pose>
		<truncated>0</truncated>
		<difficult>0</difficult>
		<bndbox>
			<xmin>1653</xmin>
			<ymin>659</ymin>
			<xmax>1734</xmax>
			<ymax>734</ymax>
		</bndbox>
	</object>
	<object>
		<name>sp20</name>
		<pose>Unspecified</pose>
		<truncated>0</truncated>
		<difficult>0</difficult>
		<bndbox>
			<xmin>1748</xmin>
			<ymin>648</ymin>
			<xmax>1833</xmax>
			<ymax>746</ymax>
		</bndbox>
	</object>
	<object>
		<name>sp20</name>
		<pose>Unspecified</pose>
		<truncated>0</truncated>
		<difficult>0</difficult>
		<bndbox>
			<xmin>1665</xmin>
			<ymin>737</ymin>
			<xmax>1757</xmax>
			<ymax>828</ymax>
		</bndbox>
	</object>
	<object>
		<name>sp20</name>
		<pose>Unspecified</pose>
		<truncated>0</truncated>
		<difficult>0</difficult>
		<bndbox>
			<xmin>1707</xmin>
			<ymin>680</ymin>
			<xmax>1767</xmax>
			<ymax>759</ymax>
		</bndbox>
	</object>
	<object>
		<name>sp20</name>
		<pose>Unspecified</pose>
		<truncated>0</truncated>
		<difficult>0</difficult>
		<bndbox>
			<xmin>1808</xmin>
			<ymin>754</ymin>
			<xmax>1909</xmax>
			<ymax>851</ymax>
		</bndbox>
	</object>
	<object>
		<name>sp20</name>
		<pose>Unspecified</pose>
		<truncated>0</truncated>
		<difficult>0</difficult>
		<bndbox>
			<xmin>1784</xmin>
			<ymin>909</ymin>
			<xmax>1895</xmax>
			<ymax>1019</ymax>
		</bndbox>
	</object>
	<object>
		<name>sp20</name>
		<pose>Unspecified</pose>
		<truncated>0</truncated>
		<difficult>0</difficult>
		<bndbox>
			<xmin>1529</xmin>
			<ymin>917</ymin>
			<xmax>1651</xmax>
			<ymax>1026</ymax>
		</bndbox>
	</object>
	<object>
		<name>sp20</name>
		<pose>Unspecified</pose>
		<truncated>0</truncated>
		<difficult>0</difficult>
		<bndbox>
			<xmin>976</xmin>
			<ymin>148</ymin>
			<xmax>1070</xmax>
			<ymax>222</ymax>
		</bndbox>
	</object>
	<object>
		<name>sp20</name>
		<pose>Unspecified</pose>
		<truncated>0</truncated>
		<difficult>0</difficult>
		<bndbox>
			<xmin>1056</xmin>
			<ymin>123</ymin>
			<xmax>1155</xmax>
			<ymax>220</ymax>
		</bndbox>
	</object>
	<object>
		<name>sp20</name>
		<pose>Unspecified</pose>
		<truncated>0</truncated>
		<difficult>0</difficult>
		<bndbox>
			<xmin>619</xmin>
			<ymin>515</ymin>
			<xmax>735</xmax>
			<ymax>608</ymax>
		</bndbox>
	</object>
	<object>
		<name>sp20</name>
		<pose>Unspecified</pose>
		<truncated>0</truncated>
		<difficult>0</difficult>
		<bndbox>
			<xmin>666</xmin>
			<ymin>405</ymin>
			<xmax>742</xmax>
			<ymax>493</ymax>
		</bndbox>
	</object>
	<object>
		<name>sp20</name>
		<pose>Unspecified</pose>
		<truncated>0</truncated>
		<difficult>0</difficult>
		<bndbox>
			<xmin>677</xmin>
			<ymin>263</ymin>
			<xmax>760</xmax>
			<ymax>316</ymax>
		</bndbox>
	</object>
	<object>
		<name>sp20</name>
		<pose>Unspecified</pose>
		<truncated>0</truncated>
		<difficult>0</difficult>
		<bndbox>
			<xmin>803</xmin>
			<ymin>197</ymin>
			<xmax>875</xmax>
			<ymax>248</ymax>
		</bndbox>
	</object>
	<object>
		<name>sp20</name>
		<pose>Unspecified</pose>
		<truncated>0</truncated>
		<difficult>0</difficult>
		<bndbox>
			<xmin>853</xmin>
			<ymin>175</ymin>
			<xmax>953</xmax>
			<ymax>256</ymax>
		</bndbox>
	</object>
	<object>
		<name>sp20</name>
		<pose>Unspecified</pose>
		<truncated>0</truncated>
		<difficult>0</difficult>
		<bndbox>
			<xmin>594</xmin>
			<ymin>399</ymin>
			<xmax>693</xmax>
			<ymax>505</ymax>
		</bndbox>
	</object>
	<object>
		<name>sp20</name>
		<pose>Unspecified</pose>
		<truncated>0</truncated>
		<difficult>0</difficult>
		<bndbox>
			<xmin>461</xmin>
			<ymin>659</ymin>
			<xmax>543</xmax>
			<ymax>756</ymax>
		</bndbox>
	</object>
	<object>
		<name>sp20</name>
		<pose>Unspecified</pose>
		<truncated>0</truncated>
		<difficult>0</difficult>
		<bndbox>
			<xmin>526</xmin>
			<ymin>677</ymin>
			<xmax>618</xmax>
			<ymax>760</ymax>
		</bndbox>
	</object>
	<object>
		<name>sp20</name>
		<pose>Unspecified</pose>
		<truncated>0</truncated>
		<difficult>0</difficult>
		<bndbox>
			<xmin>621</xmin>
			<ymin>699</ymin>
			<xmax>698</xmax>
			<ymax>787</ymax>
		</bndbox>
	</object>
	<object>
		<name>sp20</name>
		<pose>Unspecified</pose>
		<truncated>0</truncated>
		<difficult>0</difficult>
		<bndbox>
			<xmin>682</xmin>
			<ymin>731</ymin>
			<xmax>757</xmax>
			<ymax>818</ymax>
		</bndbox>
	</object>
	<object>
		<name>sp20</name>
		<pose>Unspecified</pose>
		<truncated>0</truncated>
		<difficult>0</difficult>
		<bndbox>
			<xmin>621</xmin>
			<ymin>784</ymin>
			<xmax>702</xmax>
			<ymax>837</ymax>
		</bndbox>
	</object>
	<object>
		<name>sp20</name>
		<pose>Unspecified</pose>
		<truncated>0</truncated>
		<difficult>0</difficult>
		<bndbox>
			<xmin>792</xmin>
			<ymin>850</ymin>
			<xmax>892</xmax>
			<ymax>948</ymax>
		</bndbox>
	</object>
	<object>
		<name>sp20</name>
		<pose>Unspecified</pose>
		<truncated>0</truncated>
		<difficult>0</difficult>
		<bndbox>
			<xmin>684</xmin>
			<ymin>820</ymin>
			<xmax>779</xmax>
			<ymax>903</ymax>
		</bndbox>
	</object>
	<object>
		<name>sp20</name>
		<pose>Unspecified</pose>
		<truncated>0</truncated>
		<difficult>0</difficult>
		<bndbox>
			<xmin>621</xmin>
			<ymin>823</ymin>
			<xmax>709</xmax>
			<ymax>870</ymax>
		</bndbox>
	</object>
	<object>
		<name>sp20</name>
		<pose>Unspecified</pose>
		<truncated>0</truncated>
		<difficult>0</difficult>
		<bndbox>
			<xmin>637</xmin>
			<ymin>857</ymin>
			<xmax>701</xmax>
			<ymax>922</ymax>
		</bndbox>
	</object>
	<object>
		<name>sp20</name>
		<pose>Unspecified</pose>
		<truncated>0</truncated>
		<difficult>0</difficult>
		<bndbox>
			<xmin>679</xmin>
			<ymin>911</ymin>
			<xmax>778</xmax>
			<ymax>972</ymax>
		</bndbox>
	</object>
	<object>
		<name>sp20</name>
		<pose>Unspecified</pose>
		<truncated>0</truncated>
		<difficult>0</difficult>
		<bndbox>
			<xmin>682</xmin>
			<ymin>953</ymin>
			<xmax>781</xmax>
			<ymax>1015</ymax>
		</bndbox>
	</object>
	<object>
		<name>sp20</name>
		<pose>Unspecified</pose>
		<truncated>0</truncated>
		<difficult>0</difficult>
		<bndbox>
			<xmin>502</xmin>
			<ymin>792</ymin>
			<xmax>530</xmax>
			<ymax>821</ymax>
		</bndbox>
	</object>
	<object>
		<name>sp20</name>
		<pose>Unspecified</pose>
		<truncated>0</truncated>
		<difficult>0</difficult>
		<bndbox>
			<xmin>524</xmin>
			<ymin>785</ymin>
			<xmax>604</xmax>
			<ymax>864</ymax>
		</bndbox>
	</object>
	<object>
		<name>sp20</name>
		<pose>Unspecified</pose>
		<truncated>0</truncated>
		<difficult>0</difficult>
		<bndbox>
			<xmin>422</xmin>
			<ymin>754</ymin>
			<xmax>508</xmax>
			<ymax>825</ymax>
		</bndbox>
	</object>
	<object>
		<name>sp20</name>
		<pose>Unspecified</pose>
		<truncated>0</truncated>
		<difficult>0</difficult>
		<bndbox>
			<xmin>416</xmin>
			<ymin>815</ymin>
			<xmax>505</xmax>
			<ymax>879</ymax>
		</bndbox>
	</object>
	<object>
		<name>sp20</name>
		<pose>Unspecified</pose>
		<truncated>0</truncated>
		<difficult>0</difficult>
		<bndbox>
			<xmin>547</xmin>
			<ymin>854</ymin>
			<xmax>605</xmax>
			<ymax>936</ymax>
		</bndbox>
	</object>
	<object>
		<name>sp20</name>
		<pose>Unspecified</pose>
		<truncated>0</truncated>
		<difficult>0</difficult>
		<bndbox>
			<xmin>480</xmin>
			<ymin>868</ymin>
			<xmax>563</xmax>
			<ymax>950</ymax>
		</bndbox>
	</object>
	<object>
		<name>sp20</name>
		<pose>Unspecified</pose>
		<truncated>0</truncated>
		<difficult>0</difficult>
		<bndbox>
			<xmin>594</xmin>
			<ymin>906</ymin>
			<xmax>673</xmax>
			<ymax>967</ymax>
		</bndbox>
	</object>
	<object>
		<name>sp20</name>
		<pose>Unspecified</pose>
		<truncated>0</truncated>
		<difficult>0</difficult>
		<bndbox>
			<xmin>605</xmin>
			<ymin>951</ymin>
			<xmax>674</xmax>
			<ymax>1026</ymax>
		</bndbox>
	</object>
	<object>
		<name>sp20</name>
		<pose>Unspecified</pose>
		<truncated>0</truncated>
		<difficult>0</difficult>
		<bndbox>
			<xmin>571</xmin>
			<ymin>943</ymin>
			<xmax>623</xmax>
			<ymax>1005</ymax>
		</bndbox>
	</object>
	<object>
		<name>sp20</name>
		<pose>Unspecified</pose>
		<truncated>0</truncated>
		<difficult>0</difficult>
		<bndbox>
			<xmin>513</xmin>
			<ymin>947</ymin>
			<xmax>587</xmax>
			<ymax>1005</ymax>
		</bndbox>
	</object>
	<object>
		<name>sp20</name>
		<pose>Unspecified</pose>
		<truncated>0</truncated>
		<difficult>0</difficult>
		<bndbox>
			<xmin>438</xmin>
			<ymin>928</ymin>
			<xmax>521</xmax>
			<ymax>998</ymax>
		</bndbox>
	</object>
	<object>
		<name>sp20</name>
		<pose>Unspecified</pose>
		<truncated>0</truncated>
		<difficult>0</difficult>
		<bndbox>
			<xmin>391</xmin>
			<ymin>912</ymin>
			<xmax>475</xmax>
			<ymax>978</ymax>
		</bndbox>
	</object>
	<object>
		<name>sp20</name>
		<pose>Unspecified</pose>
		<truncated>0</truncated>
		<difficult>0</difficult>
		<bndbox>
			<xmin>2071</xmin>
			<ymin>596</ymin>
			<xmax>2171</xmax>
			<ymax>706</ymax>
		</bndbox>
	</object>
	<object>
		<name>sp20</name>
		<pose>Unspecified</pose>
		<truncated>0</truncated>
		<difficult>0</difficult>
		<bndbox>
			<xmin>2119</xmin>
			<ymin>416</ymin>
			<xmax>2222</xmax>
			<ymax>500</ymax>
		</bndbox>
	</object>
	<object>
		<name>sp20</name>
		<pose>Unspecified</pose>
		<truncated>0</truncated>
		<difficult>0</difficult>
		<bndbox>
			<xmin>2139</xmin>
			<ymin>480</ymin>
			<xmax>2224</xmax>
			<ymax>543</ymax>
		</bndbox>
	</object>
	<object>
		<name>sp20</name>
		<pose>Unspecified</pose>
		<truncated>0</truncated>
		<difficult>0</difficult>
		<bndbox>
			<xmin>2200</xmin>
			<ymin>439</ymin>
			<xmax>2271</xmax>
			<ymax>502</ymax>
		</bndbox>
	</object>
	<object>
		<name>sp20</name>
		<pose>Unspecified</pose>
		<truncated>0</truncated>
		<difficult>0</difficult>
		<bndbox>
			<xmin>2191</xmin>
			<ymin>543</ymin>
			<xmax>2274</xmax>
			<ymax>626</ymax>
		</bndbox>
	</object>
	<object>
		<name>sp20</name>
		<pose>Unspecified</pose>
		<truncated>0</truncated>
		<difficult>0</difficult>
		<bndbox>
			<xmin>2247</xmin>
			<ymin>493</ymin>
			<xmax>2321</xmax>
			<ymax>538</ymax>
		</bndbox>
	</object>
	<object>
		<name>sp20</name>
		<pose>Unspecified</pose>
		<truncated>0</truncated>
		<difficult>0</difficult>
		<bndbox>
			<xmin>2241</xmin>
			<ymin>598</ymin>
			<xmax>2334</xmax>
			<ymax>665</ymax>
		</bndbox>
	</object>
	<object>
		<name>sp20</name>
		<pose>Unspecified</pose>
		<truncated>0</truncated>
		<difficult>0</difficult>
		<bndbox>
			<xmin>2274</xmin>
			<ymin>651</ymin>
			<xmax>2359</xmax>
			<ymax>731</ymax>
		</bndbox>
	</object>
	<object>
		<name>sp20</name>
		<pose>Unspecified</pose>
		<truncated>0</truncated>
		<difficult>0</difficult>
		<bndbox>
			<xmin>2315</xmin>
			<ymin>707</ymin>
			<xmax>2418</xmax>
			<ymax>799</ymax>
		</bndbox>
	</object>
	<object>
		<name>sp20</name>
		<pose>Unspecified</pose>
		<truncated>0</truncated>
		<difficult>0</difficult>
		<bndbox>
			<xmin>2412</xmin>
			<ymin>782</ymin>
			<xmax>2510</xmax>
			<ymax>865</ymax>
		</bndbox>
	</object>
	<object>
		<name>sp20</name>
		<pose>Unspecified</pose>
		<truncated>0</truncated>
		<difficult>0</difficult>
		<bndbox>
			<xmin>2401</xmin>
			<ymin>850</ymin>
			<xmax>2507</xmax>
			<ymax>940</ymax>
		</bndbox>
	</object>
	<object>
		<name>sp20</name>
		<pose>Unspecified</pose>
		<truncated>0</truncated>
		<difficult>0</difficult>
		<bndbox>
			<xmin>1925</xmin>
			<ymin>1064</ymin>
			<xmax>2045</xmax>
			<ymax>1177</ymax>
		</bndbox>
	</object>
	<object>
		<name>sp20</name>
		<pose>Unspecified</pose>
		<truncated>0</truncated>
		<difficult>0</difficult>
		<bndbox>
			<xmin>2180</xmin>
			<ymin>1078</ymin>
			<xmax>2280</xmax>
			<ymax>1169</ymax>
		</bndbox>
	</object>
	<object>
		<name>sp20</name>
		<pose>Unspecified</pose>
		<truncated>0</truncated>
		<difficult>0</difficult>
		<bndbox>
			<xmin>2269</xmin>
			<ymin>1102</ymin>
			<xmax>2368</xmax>
			<ymax>1203</ymax>
		</bndbox>
	</object>
	<object>
		<name>sp20</name>
		<pose>Unspecified</pose>
		<truncated>0</truncated>
		<difficult>0</difficult>
		<bndbox>
			<xmin>2197</xmin>
			<ymin>1152</ymin>
			<xmax>2294</xmax>
			<ymax>1250</ymax>
		</bndbox>
	</object>
	<object>
		<name>sp20</name>
		<pose>Unspecified</pose>
		<truncated>0</truncated>
		<difficult>0</difficult>
		<bndbox>
			<xmin>2066</xmin>
			<ymin>1178</ymin>
			<xmax>2179</xmax>
			<ymax>1275</ymax>
		</bndbox>
	</object>
	<object>
		<name>sp20</name>
		<pose>Unspecified</pose>
		<truncated>0</truncated>
		<difficult>0</difficult>
		<bndbox>
			<xmin>2024</xmin>
			<ymin>1257</ymin>
			<xmax>2143</xmax>
			<ymax>1354</ymax>
		</bndbox>
	</object>
	<object>
		<name>sp20</name>
		<pose>Unspecified</pose>
		<truncated>0</truncated>
		<difficult>0</difficult>
		<bndbox>
			<xmin>2240</xmin>
			<ymin>527</ymin>
			<xmax>2304</xmax>
			<ymax>587</ymax>
		</bndbox>
	</object>
	<object>
		<name>sp20</name>
		<pose>Unspecified</pose>
		<truncated>0</truncated>
		<difficult>0</difficult>
		<bndbox>
			<xmin>2290</xmin>
			<ymin>546</ymin>
			<xmax>2348</xmax>
			<ymax>596</ymax>
		</bndbox>
	</object>
	<object>
		<name>sp20</name>
		<pose>Unspecified</pose>
		<truncated>0</truncated>
		<difficult>0</difficult>
		<bndbox>
			<xmin>2257</xmin>
			<ymin>577</ymin>
			<xmax>2335</xmax>
			<ymax>632</ymax>
		</bndbox>
	</object>
	<object>
		<name>sp20</name>
		<pose>Unspecified</pose>
		<truncated>0</truncated>
		<difficult>0</difficult>
		<bndbox>
			<xmin>2324</xmin>
			<ymin>558</ymin>
			<xmax>2390</xmax>
			<ymax>630</ymax>
		</bndbox>
	</object>
	<object>
		<name>sp20</name>
		<pose>Unspecified</pose>
		<truncated>0</truncated>
		<difficult>0</difficult>
		<bndbox>
			<xmin>2446</xmin>
			<ymin>912</ymin>
			<xmax>2512</xmax>
			<ymax>986</ymax>
		</bndbox>
	</object>
	<object>
		<name>sp20</name>
		<pose>Unspecified</pose>
		<truncated>0</truncated>
		<difficult>0</difficult>
		<bndbox>
			<xmin>2499</xmin>
			<ymin>867</ymin>
			<xmax>2557</xmax>
			<ymax>918</ymax>
		</bndbox>
	</object>
	<object>
		<name>sp20</name>
		<pose>Unspecified</pose>
		<truncated>0</truncated>
		<difficult>0</difficult>
		<bndbox>
			<xmin>2531</xmin>
			<ymin>915</ymin>
			<xmax>2570</xmax>
			<ymax>948</ymax>
		</bndbox>
	</object>
	<object>
		<name>sp20</name>
		<pose>Unspecified</pose>
		<truncated>0</truncated>
		<difficult>0</difficult>
		<bndbox>
			<xmin>2498</xmin>
			<ymin>934</ymin>
			<xmax>2571</xmax>
			<ymax>994</ymax>
		</bndbox>
	</object>
	<object>
		<name>sp20</name>
		<pose>Unspecified</pose>
		<truncated>0</truncated>
		<difficult>0</difficult>
		<bndbox>
			<xmin>2492</xmin>
			<ymin>978</ymin>
			<xmax>2590</xmax>
			<ymax>1050</ymax>
		</bndbox>
	</object>
	<object>
		<name>sp20</name>
		<pose>Unspecified</pose>
		<truncated>0</truncated>
		<difficult>0</difficult>
		<bndbox>
			<xmin>2482</xmin>
			<ymin>1034</ymin>
			<xmax>2582</xmax>
			<ymax>1114</ymax>
		</bndbox>
	</object>
	<object>
		<name>sp20</name>
		<pose>Unspecified</pose>
		<truncated>0</truncated>
		<difficult>0</difficult>
		<bndbox>
			<xmin>2546</xmin>
			<ymin>1047</ymin>
			<xmax>2620</xmax>
			<ymax>1136</ymax>
		</bndbox>
	</object>
	<object>
		<name>sp20</name>
		<pose>Unspecified</pose>
		<truncated>0</truncated>
		<difficult>0</difficult>
		<bndbox>
			<xmin>2570</xmin>
			<ymin>1109</ymin>
			<xmax>2636</xmax>
			<ymax>1174</ymax>
		</bndbox>
	</object>
	<object>
		<name>sp20</name>
		<pose>Unspecified</pose>
		<truncated>0</truncated>
		<difficult>0</difficult>
		<bndbox>
			<xmin>2540</xmin>
			<ymin>1178</ymin>
			<xmax>2639</xmax>
			<ymax>1263</ymax>
		</bndbox>
	</object>
	<object>
		<name>sp20</name>
		<pose>Unspecified</pose>
		<truncated>0</truncated>
		<difficult>0</difficult>
		<bndbox>
			<xmin>2597</xmin>
			<ymin>1258</ymin>
			<xmax>2662</xmax>
			<ymax>1319</ymax>
		</bndbox>
	</object>
	<object>
		<name>sp20</name>
		<pose>Unspecified</pose>
		<truncated>0</truncated>
		<difficult>0</difficult>
		<bndbox>
			<xmin>1410</xmin>
			<ymin>1000</ymin>
			<xmax>1526</xmax>
			<ymax>1097</ymax>
		</bndbox>
	</object>
	<object>
		<name>sp20</name>
		<pose>Unspecified</pose>
		<truncated>0</truncated>
		<difficult>0</difficult>
		<bndbox>
			<xmin>2509</xmin>
			<ymin>1261</ymin>
			<xmax>2614</xmax>
			<ymax>1361</ymax>
		</bndbox>
	</object>
	<object>
		<name>sp20</name>
		<pose>Unspecified</pose>
		<truncated>0</truncated>
		<difficult>0</difficult>
		<bndbox>
			<xmin>2571</xmin>
			<ymin>1324</ymin>
			<xmax>2658</xmax>
			<ymax>1393</ymax>
		</bndbox>
	</object>
	<object>
		<name>sp20</name>
		<pose>Unspecified</pose>
		<truncated>0</truncated>
		<difficult>0</difficult>
		<bndbox>
			<xmin>2507</xmin>
			<ymin>1377</ymin>
			<xmax>2622</xmax>
			<ymax>1479</ymax>
		</bndbox>
	</object>
	<object>
		<name>sp20</name>
		<pose>Unspecified</pose>
		<truncated>0</truncated>
		<difficult>0</difficult>
		<bndbox>
			<xmin>2562</xmin>
			<ymin>1488</ymin>
			<xmax>2658</xmax>
			<ymax>1579</ymax>
		</bndbox>
	</object>
	<object>
		<name>sp20</name>
		<pose>Unspecified</pose>
		<truncated>0</truncated>
		<difficult>0</difficult>
		<bndbox>
			<xmin>2514</xmin>
			<ymin>1540</ymin>
			<xmax>2615</xmax>
			<ymax>1642</ymax>
		</bndbox>
	</object>
	<object>
		<name>sp20</name>
		<pose>Unspecified</pose>
		<truncated>0</truncated>
		<difficult>0</difficult>
		<bndbox>
			<xmin>2487</xmin>
			<ymin>1746</ymin>
			<xmax>2581</xmax>
			<ymax>1850</ymax>
		</bndbox>
	</object>
	<object>
		<name>sp20</name>
		<pose>Unspecified</pose>
		<truncated>0</truncated>
		<difficult>0</difficult>
		<bndbox>
			<xmin>2127</xmin>
			<ymin>1324</ymin>
			<xmax>2211</xmax>
			<ymax>1407</ymax>
		</bndbox>
	</object>
	<object>
		<name>sp20</name>
		<pose>Unspecified</pose>
		<truncated>0</truncated>
		<difficult>0</difficult>
		<bndbox>
			<xmin>2100</xmin>
			<ymin>1397</ymin>
			<xmax>2193</xmax>
			<ymax>1487</ymax>
		</bndbox>
	</object>
	<object>
		<name>sp20</name>
		<pose>Unspecified</pose>
		<truncated>0</truncated>
		<difficult>0</difficult>
		<bndbox>
			<xmin>2177</xmin>
			<ymin>1358</ymin>
			<xmax>2252</xmax>
			<ymax>1452</ymax>
		</bndbox>
	</object>
	<object>
		<name>sp20</name>
		<pose>Unspecified</pose>
		<truncated>0</truncated>
		<difficult>0</difficult>
		<bndbox>
			<xmin>2233</xmin>
			<ymin>1352</ymin>
			<xmax>2324</xmax>
			<ymax>1440</ymax>
		</bndbox>
	</object>
	<object>
		<name>sp20</name>
		<pose>Unspecified</pose>
		<truncated>0</truncated>
		<difficult>0</difficult>
		<bndbox>
			<xmin>2210</xmin>
			<ymin>1418</ymin>
			<xmax>2334</xmax>
			<ymax>1509</ymax>
		</bndbox>
	</object>
	<object>
		<name>sp20</name>
		<pose>Unspecified</pose>
		<truncated>0</truncated>
		<difficult>0</difficult>
		<bndbox>
			<xmin>2268</xmin>
			<ymin>1524</ymin>
			<xmax>2371</xmax>
			<ymax>1628</ymax>
		</bndbox>
	</object>
	<object>
		<name>sp20</name>
		<pose>Unspecified</pose>
		<truncated>0</truncated>
		<difficult>0</difficult>
		<bndbox>
			<xmin>2219</xmin>
			<ymin>1559</ymin>
			<xmax>2283</xmax>
			<ymax>1634</ymax>
		</bndbox>
	</object>
	<object>
		<name>sp20</name>
		<pose>Unspecified</pose>
		<truncated>0</truncated>
		<difficult>0</difficult>
		<bndbox>
			<xmin>2194</xmin>
			<ymin>1523</ymin>
			<xmax>2266</xmax>
			<ymax>1599</ymax>
		</bndbox>
	</object>
	<object>
		<name>sp20</name>
		<pose>Unspecified</pose>
		<truncated>0</truncated>
		<difficult>0</difficult>
		<bndbox>
			<xmin>2157</xmin>
			<ymin>1516</ymin>
			<xmax>2215</xmax>
			<ymax>1581</ymax>
		</bndbox>
	</object>
	<object>
		<name>sp20</name>
		<pose>Unspecified</pose>
		<truncated>0</truncated>
		<difficult>0</difficult>
		<bndbox>
			<xmin>2099</xmin>
			<ymin>1521</ymin>
			<xmax>2177</xmax>
			<ymax>1599</ymax>
		</bndbox>
	</object>
	<object>
		<name>sp20</name>
		<pose>Unspecified</pose>
		<truncated>0</truncated>
		<difficult>0</difficult>
		<bndbox>
			<xmin>2147</xmin>
			<ymin>1570</ymin>
			<xmax>2227</xmax>
			<ymax>1653</ymax>
		</bndbox>
	</object>
	<object>
		<name>sp20</name>
		<pose>Unspecified</pose>
		<truncated>0</truncated>
		<difficult>0</difficult>
		<bndbox>
			<xmin>2102</xmin>
			<ymin>1581</ymin>
			<xmax>2174</xmax>
			<ymax>1653</ymax>
		</bndbox>
	</object>
	<object>
		<name>sp20</name>
		<pose>Unspecified</pose>
		<truncated>0</truncated>
		<difficult>0</difficult>
		<bndbox>
			<xmin>2031</xmin>
			<ymin>1523</ymin>
			<xmax>2107</xmax>
			<ymax>1590</ymax>
		</bndbox>
	</object>
	<object>
		<name>sp20</name>
		<pose>Unspecified</pose>
		<truncated>0</truncated>
		<difficult>0</difficult>
		<bndbox>
			<xmin>2012</xmin>
			<ymin>2109</ymin>
			<xmax>2112</xmax>
			<ymax>2229</ymax>
		</bndbox>
	</object>
	<object>
		<name>sp20</name>
		<pose>Unspecified</pose>
		<truncated>0</truncated>
		<difficult>0</difficult>
		<bndbox>
			<xmin>1982</xmin>
			<ymin>2002</ymin>
			<xmax>2101</xmax>
			<ymax>2108</ymax>
		</bndbox>
	</object>
	<object>
		<name>sp20</name>
		<pose>Unspecified</pose>
		<truncated>0</truncated>
		<difficult>0</difficult>
		<bndbox>
			<xmin>2111</xmin>
			<ymin>1727</ymin>
			<xmax>2215</xmax>
			<ymax>1830</ymax>
		</bndbox>
	</object>
	<object>
		<name>sp20</name>
		<pose>Unspecified</pose>
		<truncated>0</truncated>
		<difficult>0</difficult>
		<bndbox>
			<xmin>2081</xmin>
			<ymin>1664</ymin>
			<xmax>2171</xmax>
			<ymax>1754</ymax>
		</bndbox>
	</object>
	<object>
		<name>sp20</name>
		<pose>Unspecified</pose>
		<truncated>0</truncated>
		<difficult>0</difficult>
		<bndbox>
			<xmin>1991</xmin>
			<ymin>1547</ymin>
			<xmax>2084</xmax>
			<ymax>1624</ymax>
		</bndbox>
	</object>
	<object>
		<name>sp20</name>
		<pose>Unspecified</pose>
		<truncated>0</truncated>
		<difficult>0</difficult>
		<bndbox>
			<xmin>2022</xmin>
			<ymin>1602</ymin>
			<xmax>2107</xmax>
			<ymax>1669</ymax>
		</bndbox>
	</object>
	<object>
		<name>sp20</name>
		<pose>Unspecified</pose>
		<truncated>0</truncated>
		<difficult>0</difficult>
		<bndbox>
			<xmin>2005</xmin>
			<ymin>1654</ymin>
			<xmax>2067</xmax>
			<ymax>1726</ymax>
		</bndbox>
	</object>
	<object>
		<name>sp20</name>
		<pose>Unspecified</pose>
		<truncated>0</truncated>
		<difficult>0</difficult>
		<bndbox>
			<xmin>2027</xmin>
			<ymin>1680</ymin>
			<xmax>2087</xmax>
			<ymax>1736</ymax>
		</bndbox>
	</object>
	<object>
		<name>sp20</name>
		<pose>Unspecified</pose>
		<truncated>0</truncated>
		<difficult>0</difficult>
		<bndbox>
			<xmin>1939</xmin>
			<ymin>1651</ymin>
			<xmax>2026</xmax>
			<ymax>1726</ymax>
		</bndbox>
	</object>
	<object>
		<name>sp20</name>
		<pose>Unspecified</pose>
		<truncated>0</truncated>
		<difficult>0</difficult>
		<bndbox>
			<xmin>1975</xmin>
			<ymin>1735</ymin>
			<xmax>2061</xmax>
			<ymax>1813</ymax>
		</bndbox>
	</object>
	<object>
		<name>sp20</name>
		<pose>Unspecified</pose>
		<truncated>0</truncated>
		<difficult>0</difficult>
		<bndbox>
			<xmin>1931</xmin>
			<ymin>1769</ymin>
			<xmax>2030</xmax>
			<ymax>1851</ymax>
		</bndbox>
	</object>
	<object>
		<name>sp20</name>
		<pose>Unspecified</pose>
		<truncated>0</truncated>
		<difficult>0</difficult>
		<bndbox>
			<xmin>1842</xmin>
			<ymin>1791</ymin>
			<xmax>1939</xmax>
			<ymax>1876</ymax>
		</bndbox>
	</object>
	<object>
		<name>sp20</name>
		<pose>Unspecified</pose>
		<truncated>0</truncated>
		<difficult>0</difficult>
		<bndbox>
			<xmin>1790</xmin>
			<ymin>1878</ymin>
			<xmax>1890</xmax>
			<ymax>1950</ymax>
		</bndbox>
	</object>
	<object>
		<name>sp20</name>
		<pose>Unspecified</pose>
		<truncated>0</truncated>
		<difficult>0</difficult>
		<bndbox>
			<xmin>1947</xmin>
			<ymin>1861</ymin>
			<xmax>2025</xmax>
			<ymax>1947</ymax>
		</bndbox>
	</object>
	<object>
		<name>sp20</name>
		<pose>Unspecified</pose>
		<truncated>0</truncated>
		<difficult>0</difficult>
		<bndbox>
			<xmin>1964</xmin>
			<ymin>1912</ymin>
			<xmax>2051</xmax>
			<ymax>1989</ymax>
		</bndbox>
	</object>
	<object>
		<name>sp20</name>
		<pose>Unspecified</pose>
		<truncated>0</truncated>
		<difficult>0</difficult>
		<bndbox>
			<xmin>1884</xmin>
			<ymin>1876</ymin>
			<xmax>1970</xmax>
			<ymax>1962</ymax>
		</bndbox>
	</object>
	<object>
		<name>sp20</name>
		<pose>Unspecified</pose>
		<truncated>0</truncated>
		<difficult>0</difficult>
		<bndbox>
			<xmin>1742</xmin>
			<ymin>1980</ymin>
			<xmax>1846</xmax>
			<ymax>2079</ymax>
		</bndbox>
	</object>
	<object>
		<name>sp20</name>
		<pose>Unspecified</pose>
		<truncated>0</truncated>
		<difficult>0</difficult>
		<bndbox>
			<xmin>1800</xmin>
			<ymin>1932</ymin>
			<xmax>1877</xmax>
			<ymax>1990</ymax>
		</bndbox>
	</object>
	<object>
		<name>sp20</name>
		<pose>Unspecified</pose>
		<truncated>0</truncated>
		<difficult>0</difficult>
		<bndbox>
			<xmin>1830</xmin>
			<ymin>1638</ymin>
			<xmax>1915</xmax>
			<ymax>1722</ymax>
		</bndbox>
	</object>
	<object>
		<name>sp20</name>
		<pose>Unspecified</pose>
		<truncated>0</truncated>
		<difficult>0</difficult>
		<bndbox>
			<xmin>1868</xmin>
			<ymin>1521</ymin>
			<xmax>1965</xmax>
			<ymax>1616</ymax>
		</bndbox>
	</object>
	<object>
		<name>sp20</name>
		<pose>Unspecified</pose>
		<truncated>0</truncated>
		<difficult>0</difficult>
		<bndbox>
			<xmin>1742</xmin>
			<ymin>1621</ymin>
			<xmax>1842</xmax>
			<ymax>1720</ymax>
		</bndbox>
	</object>
	<object>
		<name>sp20</name>
		<pose>Unspecified</pose>
		<truncated>0</truncated>
		<difficult>0</difficult>
		<bndbox>
			<xmin>1640</xmin>
			<ymin>1658</ymin>
			<xmax>1747</xmax>
			<ymax>1758</ymax>
		</bndbox>
	</object>
	<object>
		<name>sp20</name>
		<pose>Unspecified</pose>
		<truncated>0</truncated>
		<difficult>0</difficult>
		<bndbox>
			<xmin>1483</xmin>
			<ymin>1630</ymin>
			<xmax>1605</xmax>
			<ymax>1740</ymax>
		</bndbox>
	</object>
	<object>
		<name>sp20</name>
		<pose>Unspecified</pose>
		<truncated>0</truncated>
		<difficult>0</difficult>
		<bndbox>
			<xmin>1759</xmin>
			<ymin>2119</ymin>
			<xmax>1879</xmax>
			<ymax>2204</ymax>
		</bndbox>
	</object>
	<object>
		<name>sp20</name>
		<pose>Unspecified</pose>
		<truncated>0</truncated>
		<difficult>0</difficult>
		<bndbox>
			<xmin>1770</xmin>
			<ymin>2187</ymin>
			<xmax>1879</xmax>
			<ymax>2267</ymax>
		</bndbox>
	</object>
	<object>
		<name>sp20</name>
		<pose>Unspecified</pose>
		<truncated>0</truncated>
		<difficult>0</difficult>
		<bndbox>
			<xmin>1421</xmin>
			<ymin>2146</ymin>
			<xmax>1542</xmax>
			<ymax>2253</ymax>
		</bndbox>
	</object>
	<object>
		<name>sp20</name>
		<pose>Unspecified</pose>
		<truncated>0</truncated>
		<difficult>0</difficult>
		<bndbox>
			<xmin>1314</xmin>
			<ymin>1975</ymin>
			<xmax>1427</xmax>
			<ymax>2078</ymax>
		</bndbox>
	</object>
	<object>
		<name>sp20</name>
		<pose>Unspecified</pose>
		<truncated>0</truncated>
		<difficult>0</difficult>
		<bndbox>
			<xmin>1197</xmin>
			<ymin>2095</ymin>
			<xmax>1307</xmax>
			<ymax>2202</ymax>
		</bndbox>
	</object>
	<object>
		<name>sp20</name>
		<pose>Unspecified</pose>
		<truncated>0</truncated>
		<difficult>0</difficult>
		<bndbox>
			<xmin>1086</xmin>
			<ymin>2052</ymin>
			<xmax>1193</xmax>
			<ymax>2151</ymax>
		</bndbox>
	</object>
	<object>
		<name>sp20</name>
		<pose>Unspecified</pose>
		<truncated>0</truncated>
		<difficult>0</difficult>
		<bndbox>
			<xmin>1052</xmin>
			<ymin>1904</ymin>
			<xmax>1157</xmax>
			<ymax>2009</ymax>
		</bndbox>
	</object>
	<object>
		<name>sp20</name>
		<pose>Unspecified</pose>
		<truncated>0</truncated>
		<difficult>0</difficult>
		<bndbox>
			<xmin>1117</xmin>
			<ymin>1941</ymin>
			<xmax>1208</xmax>
			<ymax>2041</ymax>
		</bndbox>
	</object>
	<object>
		<name>sp20</name>
		<pose>Unspecified</pose>
		<truncated>0</truncated>
		<difficult>0</difficult>
		<bndbox>
			<xmin>960</xmin>
			<ymin>2022</ymin>
			<xmax>1070</xmax>
			<ymax>2123</ymax>
		</bndbox>
	</object>
	<object>
		<name>sp20</name>
		<pose>Unspecified</pose>
		<truncated>0</truncated>
		<difficult>0</difficult>
		<bndbox>
			<xmin>923</xmin>
			<ymin>2212</ymin>
			<xmax>1024</xmax>
			<ymax>2288</ymax>
		</bndbox>
	</object>
	<object>
		<name>sp20</name>
		<pose>Unspecified</pose>
		<truncated>0</truncated>
		<difficult>0</difficult>
		<bndbox>
			<xmin>973</xmin>
			<ymin>2240</ymin>
			<xmax>1063</xmax>
			<ymax>2320</ymax>
		</bndbox>
	</object>
	<object>
		<name>sp20</name>
		<pose>Unspecified</pose>
		<truncated>0</truncated>
		<difficult>0</difficult>
		<bndbox>
			<xmin>916</xmin>
			<ymin>2092</ymin>
			<xmax>1011</xmax>
			<ymax>2187</ymax>
		</bndbox>
	</object>
	<object>
		<name>sp20</name>
		<pose>Unspecified</pose>
		<truncated>0</truncated>
		<difficult>0</difficult>
		<bndbox>
			<xmin>1144</xmin>
			<ymin>1617</ymin>
			<xmax>1268</xmax>
			<ymax>1731</ymax>
		</bndbox>
	</object>
	<object>
		<name>sp20</name>
		<pose>Unspecified</pose>
		<truncated>0</truncated>
		<difficult>0</difficult>
		<bndbox>
			<xmin>1005</xmin>
			<ymin>1517</ymin>
			<xmax>1122</xmax>
			<ymax>1619</ymax>
		</bndbox>
	</object>
	<object>
		<name>sp20</name>
		<pose>Unspecified</pose>
		<truncated>0</truncated>
		<difficult>0</difficult>
		<bndbox>
			<xmin>1489</xmin>
			<ymin>1339</ymin>
			<xmax>1607</xmax>
			<ymax>1449</ymax>
		</bndbox>
	</object>
	<object>
		<name>sp20</name>
		<pose>Unspecified</pose>
		<truncated>0</truncated>
		<difficult>0</difficult>
		<bndbox>
			<xmin>1485</xmin>
			<ymin>1448</ymin>
			<xmax>1594</xmax>
			<ymax>1569</ymax>
		</bndbox>
	</object>
	<object>
		<name>sp20</name>
		<pose>Unspecified</pose>
		<truncated>0</truncated>
		<difficult>0</difficult>
		<bndbox>
			<xmin>1288</xmin>
			<ymin>1479</ymin>
			<xmax>1405</xmax>
			<ymax>1603</ymax>
		</bndbox>
	</object>
	<object>
		<name>sp20</name>
		<pose>Unspecified</pose>
		<truncated>0</truncated>
		<difficult>0</difficult>
		<bndbox>
			<xmin>1176</xmin>
			<ymin>1256</ymin>
			<xmax>1300</xmax>
			<ymax>1372</ymax>
		</bndbox>
	</object>
	<object>
		<name>sp20</name>
		<pose>Unspecified</pose>
		<truncated>0</truncated>
		<difficult>0</difficult>
		<bndbox>
			<xmin>1140</xmin>
			<ymin>1202</ymin>
			<xmax>1251</xmax>
			<ymax>1291</ymax>
		</bndbox>
	</object>
	<object>
		<name>sp20</name>
		<pose>Unspecified</pose>
		<truncated>0</truncated>
		<difficult>0</difficult>
		<bndbox>
			<xmin>1156</xmin>
			<ymin>1132</ymin>
			<xmax>1272</xmax>
			<ymax>1218</ymax>
		</bndbox>
	</object>
	<object>
		<name>sp20</name>
		<pose>Unspecified</pose>
		<truncated>0</truncated>
		<difficult>0</difficult>
		<bndbox>
			<xmin>816</xmin>
			<ymin>1054</ymin>
			<xmax>907</xmax>
			<ymax>1129</ymax>
		</bndbox>
	</object>
	<object>
		<name>sp20</name>
		<pose>Unspecified</pose>
		<truncated>0</truncated>
		<difficult>0</difficult>
		<bndbox>
			<xmin>856</xmin>
			<ymin>1077</ymin>
			<xmax>953</xmax>
			<ymax>1149</ymax>
		</bndbox>
	</object>
	<object>
		<name>sp20</name>
		<pose>Unspecified</pose>
		<truncated>0</truncated>
		<difficult>0</difficult>
		<bndbox>
			<xmin>883</xmin>
			<ymin>1106</ymin>
			<xmax>976</xmax>
			<ymax>1171</ymax>
		</bndbox>
	</object>
	<object>
		<name>sp20</name>
		<pose>Unspecified</pose>
		<truncated>0</truncated>
		<difficult>0</difficult>
		<bndbox>
			<xmin>850</xmin>
			<ymin>1165</ymin>
			<xmax>921</xmax>
			<ymax>1227</ymax>
		</bndbox>
	</object>
	<object>
		<name>sp20</name>
		<pose>Unspecified</pose>
		<truncated>0</truncated>
		<difficult>0</difficult>
		<bndbox>
			<xmin>912</xmin>
			<ymin>1150</ymin>
			<xmax>975</xmax>
			<ymax>1222</ymax>
		</bndbox>
	</object>
	<object>
		<name>sp20</name>
		<pose>Unspecified</pose>
		<truncated>0</truncated>
		<difficult>0</difficult>
		<bndbox>
			<xmin>857</xmin>
			<ymin>1296</ymin>
			<xmax>933</xmax>
			<ymax>1375</ymax>
		</bndbox>
	</object>
	<object>
		<name>sp20</name>
		<pose>Unspecified</pose>
		<truncated>0</truncated>
		<difficult>0</difficult>
		<bndbox>
			<xmin>920</xmin>
			<ymin>1308</ymin>
			<xmax>1000</xmax>
			<ymax>1381</ymax>
		</bndbox>
	</object>
	<object>
		<name>sp20</name>
		<pose>Unspecified</pose>
		<truncated>0</truncated>
		<difficult>0</difficult>
		<bndbox>
			<xmin>972</xmin>
			<ymin>1333</ymin>
			<xmax>1046</xmax>
			<ymax>1426</ymax>
		</bndbox>
	</object>
	<object>
		<name>sp20</name>
		<pose>Unspecified</pose>
		<truncated>0</truncated>
		<difficult>0</difficult>
		<bndbox>
			<xmin>910</xmin>
			<ymin>1371</ymin>
			<xmax>989</xmax>
			<ymax>1435</ymax>
		</bndbox>
	</object>
	<object>
		<name>sp20</name>
		<pose>Unspecified</pose>
		<truncated>0</truncated>
		<difficult>0</difficult>
		<bndbox>
			<xmin>898</xmin>
			<ymin>1427</ymin>
			<xmax>1001</xmax>
			<ymax>1509</ymax>
		</bndbox>
	</object>
	<object>
		<name>sp20</name>
		<pose>Unspecified</pose>
		<truncated>0</truncated>
		<difficult>0</difficult>
		<bndbox>
			<xmin>701</xmin>
			<ymin>1461</ymin>
			<xmax>812</xmax>
			<ymax>1566</ymax>
		</bndbox>
	</object>
	<object>
		<name>sp20</name>
		<pose>Unspecified</pose>
		<truncated>0</truncated>
		<difficult>0</difficult>
		<bndbox>
			<xmin>746</xmin>
			<ymin>1382</ymin>
			<xmax>842</xmax>
			<ymax>1459</ymax>
		</bndbox>
	</object>
	<object>
		<name>sp20</name>
		<pose>Unspecified</pose>
		<truncated>0</truncated>
		<difficult>0</difficult>
		<bndbox>
			<xmin>844</xmin>
			<ymin>1338</ymin>
			<xmax>926</xmax>
			<ymax>1405</ymax>
		</bndbox>
	</object>
	<object>
		<name>sp20</name>
		<pose>Unspecified</pose>
		<truncated>0</truncated>
		<difficult>0</difficult>
		<bndbox>
			<xmin>825</xmin>
			<ymin>1380</ymin>
			<xmax>921</xmax>
			<ymax>1440</ymax>
		</bndbox>
	</object>
	<object>
		<name>sp20</name>
		<pose>Unspecified</pose>
		<truncated>0</truncated>
		<difficult>0</difficult>
		<bndbox>
			<xmin>823</xmin>
			<ymin>1422</ymin>
			<xmax>890</xmax>
			<ymax>1502</ymax>
		</bndbox>
	</object>
	<object>
		<name>sp20</name>
		<pose>Unspecified</pose>
		<truncated>0</truncated>
		<difficult>0</difficult>
		<bndbox>
			<xmin>780</xmin>
			<ymin>1449</ymin>
			<xmax>857</xmax>
			<ymax>1529</ymax>
		</bndbox>
	</object>
	<object>
		<name>sp20</name>
		<pose>Unspecified</pose>
		<truncated>0</truncated>
		<difficult>0</difficult>
		<bndbox>
			<xmin>782</xmin>
			<ymin>1281</ymin>
			<xmax>843</xmax>
			<ymax>1359</ymax>
		</bndbox>
	</object>
	<object>
		<name>sp20</name>
		<pose>Unspecified</pose>
		<truncated>0</truncated>
		<difficult>0</difficult>
		<bndbox>
			<xmin>733</xmin>
			<ymin>1282</ymin>
			<xmax>804</xmax>
			<ymax>1367</ymax>
		</bndbox>
	</object>
	<object>
		<name>sp20</name>
		<pose>Unspecified</pose>
		<truncated>0</truncated>
		<difficult>0</difficult>
		<bndbox>
			<xmin>680</xmin>
			<ymin>1306</ymin>
			<xmax>771</xmax>
			<ymax>1377</ymax>
		</bndbox>
	</object>
	<object>
		<name>sp20</name>
		<pose>Unspecified</pose>
		<truncated>0</truncated>
		<difficult>0</difficult>
		<bndbox>
			<xmin>757</xmin>
			<ymin>1183</ymin>
			<xmax>831</xmax>
			<ymax>1265</ymax>
		</bndbox>
	</object>
	<object>
		<name>sp20</name>
		<pose>Unspecified</pose>
		<truncated>0</truncated>
		<difficult>0</difficult>
		<bndbox>
			<xmin>654</xmin>
			<ymin>1065</ymin>
			<xmax>713</xmax>
			<ymax>1124</ymax>
		</bndbox>
	</object>
	<object>
		<name>sp20</name>
		<pose>Unspecified</pose>
		<truncated>0</truncated>
		<difficult>0</difficult>
		<bndbox>
			<xmin>663</xmin>
			<ymin>1131</ymin>
			<xmax>739</xmax>
			<ymax>1184</ymax>
		</bndbox>
	</object>
	<object>
		<name>sp20</name>
		<pose>Unspecified</pose>
		<truncated>0</truncated>
		<difficult>0</difficult>
		<bndbox>
			<xmin>619</xmin>
			<ymin>1163</ymin>
			<xmax>700</xmax>
			<ymax>1238</ymax>
		</bndbox>
	</object>
	<object>
		<name>sp20</name>
		<pose>Unspecified</pose>
		<truncated>0</truncated>
		<difficult>0</difficult>
		<bndbox>
			<xmin>686</xmin>
			<ymin>1161</ymin>
			<xmax>765</xmax>
			<ymax>1234</ymax>
		</bndbox>
	</object>
	<object>
		<name>sp20</name>
		<pose>Unspecified</pose>
		<truncated>0</truncated>
		<difficult>0</difficult>
		<bndbox>
			<xmin>576</xmin>
			<ymin>1214</ymin>
			<xmax>667</xmax>
			<ymax>1309</ymax>
		</bndbox>
	</object>
	<object>
		<name>sp20</name>
		<pose>Unspecified</pose>
		<truncated>0</truncated>
		<difficult>0</difficult>
		<bndbox>
			<xmin>419</xmin>
			<ymin>1218</ymin>
			<xmax>519</xmax>
			<ymax>1300</ymax>
		</bndbox>
	</object>
	<object>
		<name>sp20</name>
		<pose>Unspecified</pose>
		<truncated>0</truncated>
		<difficult>0</difficult>
		<bndbox>
			<xmin>307</xmin>
			<ymin>1163</ymin>
			<xmax>416</xmax>
			<ymax>1261</ymax>
		</bndbox>
	</object>
	<object>
		<name>sp20</name>
		<pose>Unspecified</pose>
		<truncated>0</truncated>
		<difficult>0</difficult>
		<bndbox>
			<xmin>339</xmin>
			<ymin>1242</ymin>
			<xmax>431</xmax>
			<ymax>1325</ymax>
		</bndbox>
	</object>
	<object>
		<name>sp20</name>
		<pose>Unspecified</pose>
		<truncated>0</truncated>
		<difficult>0</difficult>
		<bndbox>
			<xmin>414</xmin>
			<ymin>1291</ymin>
			<xmax>492</xmax>
			<ymax>1360</ymax>
		</bndbox>
	</object>
	<object>
		<name>sp20</name>
		<pose>Unspecified</pose>
		<truncated>0</truncated>
		<difficult>0</difficult>
		<bndbox>
			<xmin>372</xmin>
			<ymin>1398</ymin>
			<xmax>459</xmax>
			<ymax>1496</ymax>
		</bndbox>
	</object>
	<object>
		<name>sp20</name>
		<pose>Unspecified</pose>
		<truncated>0</truncated>
		<difficult>0</difficult>
		<bndbox>
			<xmin>287</xmin>
			<ymin>1399</ymin>
			<xmax>385</xmax>
			<ymax>1500</ymax>
		</bndbox>
	</object>
	<object>
		<name>sp20</name>
		<pose>Unspecified</pose>
		<truncated>0</truncated>
		<difficult>0</difficult>
		<bndbox>
			<xmin>376</xmin>
			<ymin>1720</ymin>
			<xmax>476</xmax>
			<ymax>1816</ymax>
		</bndbox>
	</object>
	<object>
		<name>sp20</name>
		<pose>Unspecified</pose>
		<truncated>0</truncated>
		<difficult>0</difficult>
		<bndbox>
			<xmin>603</xmin>
			<ymin>1696</ymin>
			<xmax>724</xmax>
			<ymax>1812</ymax>
		</bndbox>
	</object>
	<object>
		<name>sp20</name>
		<pose>Unspecified</pose>
		<truncated>0</truncated>
		<difficult>0</difficult>
		<bndbox>
			<xmin>529</xmin>
			<ymin>1019</ymin>
			<xmax>624</xmax>
			<ymax>1103</ymax>
		</bndbox>
	</object>
	<object>
		<name>sp20</name>
		<pose>Unspecified</pose>
		<truncated>0</truncated>
		<difficult>0</difficult>
		<bndbox>
			<xmin>287</xmin>
			<ymin>635</ymin>
			<xmax>376</xmax>
			<ymax>716</ymax>
		</bndbox>
	</object>
	<object>
		<name>sp20</name>
		<pose>Unspecified</pose>
		<truncated>0</truncated>
		<difficult>0</difficult>
		<bndbox>
			<xmin>294</xmin>
			<ymin>763</ymin>
			<xmax>397</xmax>
			<ymax>867</ymax>
		</bndbox>
	</object>
	<object>
		<name>sp20</name>
		<pose>Unspecified</pose>
		<truncated>0</truncated>
		<difficult>0</difficult>
		<bndbox>
			<xmin>362</xmin>
			<ymin>828</ymin>
			<xmax>423</xmax>
			<ymax>878</ymax>
		</bndbox>
	</object>
	<object>
		<name>sp20</name>
		<pose>Unspecified</pose>
		<truncated>0</truncated>
		<difficult>0</difficult>
		<bndbox>
			<xmin>333</xmin>
			<ymin>930</ymin>
			<xmax>424</xmax>
			<ymax>1029</ymax>
		</bndbox>
	</object>
	<object>
		<name>sp20</name>
		<pose>Unspecified</pose>
		<truncated>0</truncated>
		<difficult>0</difficult>
		<bndbox>
			<xmin>218</xmin>
			<ymin>991</ymin>
			<xmax>326</xmax>
			<ymax>1085</ymax>
		</bndbox>
	</object>
	<object>
		<name>sp20</name>
		<pose>Unspecified</pose>
		<truncated>0</truncated>
		<difficult>0</difficult>
		<bndbox>
			<xmin>426</xmin>
			<ymin>995</ymin>
			<xmax>533</xmax>
			<ymax>1076</ymax>
		</bndbox>
	</object>
	<object>
		<name>sp20</name>
		<pose>Unspecified</pose>
		<truncated>0</truncated>
		<difficult>0</difficult>
		<bndbox>
			<xmin>362</xmin>
			<ymin>1046</ymin>
			<xmax>456</xmax>
			<ymax>1137</ymax>
		</bndbox>
	</object>
	<object>
		<name>sp20</name>
		<pose>Unspecified</pose>
		<truncated>0</truncated>
		<difficult>0</difficult>
		<bndbox>
			<xmin>302</xmin>
			<ymin>1017</ymin>
			<xmax>389</xmax>
			<ymax>1115</ymax>
		</bndbox>
	</object>
	<object>
		<name>sp20</name>
		<pose>Unspecified</pose>
		<truncated>0</truncated>
		<difficult>0</difficult>
		<bndbox>
			<xmin>153</xmin>
			<ymin>1584</ymin>
			<xmax>278</xmax>
			<ymax>1696</ymax>
		</bndbox>
	</object>
	<object>
		<name>sp20</name>
		<pose>Unspecified</pose>
		<truncated>0</truncated>
		<difficult>0</difficult>
		<bndbox>
			<xmin>461</xmin>
			<ymin>1823</ymin>
			<xmax>599</xmax>
			<ymax>1947</ymax>
		</bndbox>
	</object>
	<object>
		<name>sp20</name>
		<pose>Unspecified</pose>
		<truncated>0</truncated>
		<difficult>0</difficult>
		<bndbox>
			<xmin>580</xmin>
			<ymin>1991</ymin>
			<xmax>702</xmax>
			<ymax>2121</ymax>
		</bndbox>
	</object>
	<object>
		<name>sp20</name>
		<pose>Unspecified</pose>
		<truncated>0</truncated>
		<difficult>0</difficult>
		<bndbox>
			<xmin>773</xmin>
			<ymin>2063</ymin>
			<xmax>893</xmax>
			<ymax>2177</ymax>
		</bndbox>
	</object>
	<object>
		<name>sp20</name>
		<pose>Unspecified</pose>
		<truncated>0</truncated>
		<difficult>0</difficult>
		<bndbox>
			<xmin>676</xmin>
			<ymin>2133</ymin>
			<xmax>815</xmax>
			<ymax>2268</ymax>
		</bndbox>
	</object>
	<object>
		<name>sp20</name>
		<pose>Unspecified</pose>
		<truncated>0</truncated>
		<difficult>0</difficult>
		<bndbox>
			<xmin>804</xmin>
			<ymin>2199</ymin>
			<xmax>915</xmax>
			<ymax>2291</ymax>
		</bndbox>
	</object>
	<object>
		<name>sp20</name>
		<pose>Unspecified</pose>
		<truncated>0</truncated>
		<difficult>0</difficult>
		<bndbox>
			<xmin>815</xmin>
			<ymin>2258</ymin>
			<xmax>911</xmax>
			<ymax>2327</ymax>
		</bndbox>
	</object>
	<object>
		<name>sp20</name>
		<pose>Unspecified</pose>
		<truncated>0</truncated>
		<difficult>0</difficult>
		<bndbox>
			<xmin>1206</xmin>
			<ymin>2318</ymin>
			<xmax>1324</xmax>
			<ymax>2446</ymax>
		</bndbox>
	</object>
	<object>
		<name>sp20</name>
		<pose>Unspecified</pose>
		<truncated>0</truncated>
		<difficult>0</difficult>
		<bndbox>
			<xmin>1133</xmin>
			<ymin>2332</ymin>
			<xmax>1230</xmax>
			<ymax>2431</ymax>
		</bndbox>
	</object>
	<object>
		<name>sp20</name>
		<pose>Unspecified</pose>
		<truncated>0</truncated>
		<difficult>0</difficult>
		<bndbox>
			<xmin>1105</xmin>
			<ymin>2385</ymin>
			<xmax>1224</xmax>
			<ymax>2478</ymax>
		</bndbox>
	</object>
</annotation>