<annotation>
	<folder>my-project-name</folder>
	<filename>sp20_img02.jpg</filename>
	<path>/my-project-name/sp20_img02.jpg</path>
	<source>
		<database>Unspecified</database>
	</source>
	<size>
		<width>2888</width>
		<height>2886</height>
		<depth>3</depth>
	</size>
	<object>
		<name>sp20</name>
		<pose>Unspecified</pose>
		<truncated>0</truncated>
		<difficult>0</difficult>
		<bndbox>
			<xmin>1028</xmin>
			<ymin>2211</ymin>
			<xmax>1134</xmax>
			<ymax>2317</ymax>
		</bndbox>
	</object>
	<object>
		<name>sp20</name>
		<pose>Unspecified</pose>
		<truncated>0</truncated>
		<difficult>0</difficult>
		<bndbox>
			<xmin>782</xmin>
			<ymin>2181</ymin>
			<xmax>922</xmax>
			<ymax>2315</ymax>
		</bndbox>
	</object>
	<object>
		<name>sp20</name>
		<pose>Unspecified</pose>
		<truncated>0</truncated>
		<difficult>0</difficult>
		<bndbox>
			<xmin>1095</xmin>
			<ymin>2263</ymin>
			<xmax>1212</xmax>
			<ymax>2378</ymax>
		</bndbox>
	</object>
	<object>
		<name>sp20</name>
		<pose>Unspecified</pose>
		<truncated>0</truncated>
		<difficult>0</difficult>
		<bndbox>
			<xmin>887</xmin>
			<ymin>2089</ymin>
			<xmax>1014</xmax>
			<ymax>2196</ymax>
		</bndbox>
	</object>
	<object>
		<name>sp20</name>
		<pose>Unspecified</pose>
		<truncated>0</truncated>
		<difficult>0</difficult>
		<bndbox>
			<xmin>883</xmin>
			<ymin>2163</ymin>
			<xmax>1008</xmax>
			<ymax>2249</ymax>
		</bndbox>
	</object>
	<object>
		<name>sp20</name>
		<pose>Unspecified</pose>
		<truncated>0</truncated>
		<difficult>0</difficult>
		<bndbox>
			<xmin>953</xmin>
			<ymin>2004</ymin>
			<xmax>1051</xmax>
			<ymax>2091</ymax>
		</bndbox>
	</object>
	<object>
		<name>sp20</name>
		<pose>Unspecified</pose>
		<truncated>0</truncated>
		<difficult>0</difficult>
		<bndbox>
			<xmin>982</xmin>
			<ymin>1926</ymin>
			<xmax>1116</xmax>
			<ymax>2023</ymax>
		</bndbox>
	</object>
	<object>
		<name>sp20</name>
		<pose>Unspecified</pose>
		<truncated>0</truncated>
		<difficult>0</difficult>
		<bndbox>
			<xmin>828</xmin>
			<ymin>1878</ymin>
			<xmax>948</xmax>
			<ymax>2005</ymax>
		</bndbox>
	</object>
	<object>
		<name>sp20</name>
		<pose>Unspecified</pose>
		<truncated>0</truncated>
		<difficult>0</difficult>
		<bndbox>
			<xmin>1243</xmin>
			<ymin>2003</ymin>
			<xmax>1383</xmax>
			<ymax>2157</ymax>
		</bndbox>
	</object>
	<object>
		<name>sp20</name>
		<pose>Unspecified</pose>
		<truncated>0</truncated>
		<difficult>0</difficult>
		<bndbox>
			<xmin>979</xmin>
			<ymin>1582</ymin>
			<xmax>1120</xmax>
			<ymax>1709</ymax>
		</bndbox>
	</object>
	<object>
		<name>sp20</name>
		<pose>Unspecified</pose>
		<truncated>0</truncated>
		<difficult>0</difficult>
		<bndbox>
			<xmin>518</xmin>
			<ymin>1852</ymin>
			<xmax>639</xmax>
			<ymax>1986</ymax>
		</bndbox>
	</object>
	<object>
		<name>sp20</name>
		<pose>Unspecified</pose>
		<truncated>0</truncated>
		<difficult>0</difficult>
		<bndbox>
			<xmin>426</xmin>
			<ymin>1878</ymin>
			<xmax>579</xmax>
			<ymax>1992</ymax>
		</bndbox>
	</object>
	<object>
		<name>sp20</name>
		<pose>Unspecified</pose>
		<truncated>0</truncated>
		<difficult>0</difficult>
		<bndbox>
			<xmin>373</xmin>
			<ymin>1944</ymin>
			<xmax>513</xmax>
			<ymax>2038</ymax>
		</bndbox>
	</object>
	<object>
		<name>sp20</name>
		<pose>Unspecified</pose>
		<truncated>0</truncated>
		<difficult>0</difficult>
		<bndbox>
			<xmin>446</xmin>
			<ymin>1957</ymin>
			<xmax>586</xmax>
			<ymax>2084</ymax>
		</bndbox>
	</object>
	<object>
		<name>sp20</name>
		<pose>Unspecified</pose>
		<truncated>0</truncated>
		<difficult>0</difficult>
		<bndbox>
			<xmin>320</xmin>
			<ymin>2010</ymin>
			<xmax>461</xmax>
			<ymax>2170</ymax>
		</bndbox>
	</object>
	<object>
		<name>sp20</name>
		<pose>Unspecified</pose>
		<truncated>0</truncated>
		<difficult>0</difficult>
		<bndbox>
			<xmin>393</xmin>
			<ymin>1661</ymin>
			<xmax>540</xmax>
			<ymax>1808</ymax>
		</bndbox>
	</object>
	<object>
		<name>sp20</name>
		<pose>Unspecified</pose>
		<truncated>0</truncated>
		<difficult>0</difficult>
		<bndbox>
			<xmin>274</xmin>
			<ymin>1602</ymin>
			<xmax>441</xmax>
			<ymax>1742</ymax>
		</bndbox>
	</object>
	<object>
		<name>sp20</name>
		<pose>Unspecified</pose>
		<truncated>0</truncated>
		<difficult>0</difficult>
		<bndbox>
			<xmin>281</xmin>
			<ymin>1378</ymin>
			<xmax>434</xmax>
			<ymax>1557</ymax>
		</bndbox>
	</object>
	<object>
		<name>sp20</name>
		<pose>Unspecified</pose>
		<truncated>0</truncated>
		<difficult>0</difficult>
		<bndbox>
			<xmin>604</xmin>
			<ymin>1707</ymin>
			<xmax>764</xmax>
			<ymax>1834</ymax>
		</bndbox>
	</object>
	<object>
		<name>sp20</name>
		<pose>Unspecified</pose>
		<truncated>0</truncated>
		<difficult>0</difficult>
		<bndbox>
			<xmin>1658</xmin>
			<ymin>1667</ymin>
			<xmax>1825</xmax>
			<ymax>1814</ymax>
		</bndbox>
	</object>
	<object>
		<name>sp20</name>
		<pose>Unspecified</pose>
		<truncated>0</truncated>
		<difficult>0</difficult>
		<bndbox>
			<xmin>129</xmin>
			<ymin>976</ymin>
			<xmax>250</xmax>
			<ymax>1155</ymax>
		</bndbox>
	</object>
	<object>
		<name>sp20</name>
		<pose>Unspecified</pose>
		<truncated>0</truncated>
		<difficult>0</difficult>
		<bndbox>
			<xmin>235</xmin>
			<ymin>811</ymin>
			<xmax>382</xmax>
			<ymax>918</ymax>
		</bndbox>
	</object>
	<object>
		<name>sp20</name>
		<pose>Unspecified</pose>
		<truncated>0</truncated>
		<difficult>0</difficult>
		<bndbox>
			<xmin>281</xmin>
			<ymin>706</ymin>
			<xmax>421</xmax>
			<ymax>819</ymax>
		</bndbox>
	</object>
	<object>
		<name>sp20</name>
		<pose>Unspecified</pose>
		<truncated>0</truncated>
		<difficult>0</difficult>
		<bndbox>
			<xmin>386</xmin>
			<ymin>541</ymin>
			<xmax>513</xmax>
			<ymax>668</ymax>
		</bndbox>
	</object>
	<object>
		<name>sp20</name>
		<pose>Unspecified</pose>
		<truncated>0</truncated>
		<difficult>0</difficult>
		<bndbox>
			<xmin>538</xmin>
			<ymin>455</ymin>
			<xmax>672</xmax>
			<ymax>628</ymax>
		</bndbox>
	</object>
	<object>
		<name>sp20</name>
		<pose>Unspecified</pose>
		<truncated>0</truncated>
		<difficult>0</difficult>
		<bndbox>
			<xmin>762</xmin>
			<ymin>297</ymin>
			<xmax>922</xmax>
			<ymax>437</ymax>
		</bndbox>
	</object>
	<object>
		<name>sp20</name>
		<pose>Unspecified</pose>
		<truncated>0</truncated>
		<difficult>0</difficult>
		<bndbox>
			<xmin>960</xmin>
			<ymin>152</ymin>
			<xmax>1113</xmax>
			<ymax>286</ymax>
		</bndbox>
	</object>
	<object>
		<name>sp20</name>
		<pose>Unspecified</pose>
		<truncated>0</truncated>
		<difficult>0</difficult>
		<bndbox>
			<xmin>1124</xmin>
			<ymin>73</ymin>
			<xmax>1284</xmax>
			<ymax>194</ymax>
		</bndbox>
	</object>
	<object>
		<name>sp20</name>
		<pose>Unspecified</pose>
		<truncated>0</truncated>
		<difficult>0</difficult>
		<bndbox>
			<xmin>1368</xmin>
			<ymin>146</ymin>
			<xmax>1587</xmax>
			<ymax>279</ymax>
		</bndbox>
	</object>
	<object>
		<name>sp20</name>
		<pose>Unspecified</pose>
		<truncated>0</truncated>
		<difficult>0</difficult>
		<bndbox>
			<xmin>2040</xmin>
			<ymin>271</ymin>
			<xmax>2193</xmax>
			<ymax>398</ymax>
		</bndbox>
	</object>
	<object>
		<name>sp20</name>
		<pose>Unspecified</pose>
		<truncated>0</truncated>
		<difficult>0</difficult>
		<bndbox>
			<xmin>1836</xmin>
			<ymin>574</ymin>
			<xmax>1976</xmax>
			<ymax>714</ymax>
		</bndbox>
	</object>
	<object>
		<name>sp20</name>
		<pose>Unspecified</pose>
		<truncated>0</truncated>
		<difficult>0</difficult>
		<bndbox>
			<xmin>1809</xmin>
			<ymin>752</ymin>
			<xmax>1956</xmax>
			<ymax>892</ymax>
		</bndbox>
	</object>
	<object>
		<name>sp20</name>
		<pose>Unspecified</pose>
		<truncated>0</truncated>
		<difficult>0</difficult>
		<bndbox>
			<xmin>1454</xmin>
			<ymin>949</ymin>
			<xmax>1561</xmax>
			<ymax>1076</ymax>
		</bndbox>
	</object>
	<object>
		<name>sp20</name>
		<pose>Unspecified</pose>
		<truncated>0</truncated>
		<difficult>0</difficult>
		<bndbox>
			<xmin>1823</xmin>
			<ymin>969</ymin>
			<xmax>1963</xmax>
			<ymax>1136</ymax>
		</bndbox>
	</object>
	<object>
		<name>sp20</name>
		<pose>Unspecified</pose>
		<truncated>0</truncated>
		<difficult>0</difficult>
		<bndbox>
			<xmin>1757</xmin>
			<ymin>1160</ymin>
			<xmax>1904</xmax>
			<ymax>1294</ymax>
		</bndbox>
	</object>
	<object>
		<name>sp20</name>
		<pose>Unspecified</pose>
		<truncated>0</truncated>
		<difficult>0</difficult>
		<bndbox>
			<xmin>1908</xmin>
			<ymin>995</ymin>
			<xmax>2049</xmax>
			<ymax>1136</ymax>
		</bndbox>
	</object>
	<object>
		<name>sp20</name>
		<pose>Unspecified</pose>
		<truncated>0</truncated>
		<difficult>0</difficult>
		<bndbox>
			<xmin>2145</xmin>
			<ymin>1219</ymin>
			<xmax>2292</xmax>
			<ymax>1366</ymax>
		</bndbox>
	</object>
	<object>
		<name>sp20</name>
		<pose>Unspecified</pose>
		<truncated>0</truncated>
		<difficult>0</difficult>
		<bndbox>
			<xmin>2310</xmin>
			<ymin>1483</ymin>
			<xmax>2457</xmax>
			<ymax>1623</ymax>
		</bndbox>
	</object>
</annotation>