<annotation>
	<folder>my-project-name</folder>
	<filename>sp20_img05.jpg</filename>
	<path>/my-project-name/sp20_img05.jpg</path>
	<source>
		<database>Unspecified</database>
	</source>
	<size>
		<width>2831</width>
		<height>2850</height>
		<depth>3</depth>
	</size>
	<object>
		<name>sp20</name>
		<pose>Unspecified</pose>
		<truncated>0</truncated>
		<difficult>0</difficult>
		<bndbox>
			<xmin>1380</xmin>
			<ymin>161</ymin>
			<xmax>1462</xmax>
			<ymax>256</ymax>
		</bndbox>
	</object>
	<object>
		<name>sp20</name>
		<pose>Unspecified</pose>
		<truncated>0</truncated>
		<difficult>0</difficult>
		<bndbox>
			<xmin>1468</xmin>
			<ymin>136</ymin>
			<xmax>1560</xmax>
			<ymax>230</ymax>
		</bndbox>
	</object>
	<object>
		<name>sp20</name>
		<pose>Unspecified</pose>
		<truncated>0</truncated>
		<difficult>0</difficult>
		<bndbox>
			<xmin>1503</xmin>
			<ymin>193</ymin>
			<xmax>1588</xmax>
			<ymax>273</ymax>
		</bndbox>
	</object>
	<object>
		<name>sp20</name>
		<pose>Unspecified</pose>
		<truncated>0</truncated>
		<difficult>0</difficult>
		<bndbox>
			<xmin>1488</xmin>
			<ymin>266</ymin>
			<xmax>1586</xmax>
			<ymax>333</ymax>
		</bndbox>
	</object>
	<object>
		<name>sp20</name>
		<pose>Unspecified</pose>
		<truncated>0</truncated>
		<difficult>0</difficult>
		<bndbox>
			<xmin>1584</xmin>
			<ymin>198</ymin>
			<xmax>1659</xmax>
			<ymax>286</ymax>
		</bndbox>
	</object>
	<object>
		<name>sp20</name>
		<pose>Unspecified</pose>
		<truncated>0</truncated>
		<difficult>0</difficult>
		<bndbox>
			<xmin>1633</xmin>
			<ymin>219</ymin>
			<xmax>1717</xmax>
			<ymax>303</ymax>
		</bndbox>
	</object>
	<object>
		<name>sp20</name>
		<pose>Unspecified</pose>
		<truncated>0</truncated>
		<difficult>0</difficult>
		<bndbox>
			<xmin>1708</xmin>
			<ymin>185</ymin>
			<xmax>1794</xmax>
			<ymax>268</ymax>
		</bndbox>
	</object>
	<object>
		<name>sp20</name>
		<pose>Unspecified</pose>
		<truncated>0</truncated>
		<difficult>0</difficult>
		<bndbox>
			<xmin>1727</xmin>
			<ymin>247</ymin>
			<xmax>1833</xmax>
			<ymax>322</ymax>
		</bndbox>
	</object>
	<object>
		<name>sp20</name>
		<pose>Unspecified</pose>
		<truncated>0</truncated>
		<difficult>0</difficult>
		<bndbox>
			<xmin>1818</xmin>
			<ymin>193</ymin>
			<xmax>1912</xmax>
			<ymax>271</ymax>
		</bndbox>
	</object>
	<object>
		<name>sp20</name>
		<pose>Unspecified</pose>
		<truncated>0</truncated>
		<difficult>0</difficult>
		<bndbox>
			<xmin>1807</xmin>
			<ymin>281</ymin>
			<xmax>1903</xmax>
			<ymax>354</ymax>
		</bndbox>
	</object>
	<object>
		<name>sp20</name>
		<pose>Unspecified</pose>
		<truncated>0</truncated>
		<difficult>0</difficult>
		<bndbox>
			<xmin>1892</xmin>
			<ymin>255</ymin>
			<xmax>1972</xmax>
			<ymax>330</ymax>
		</bndbox>
	</object>
	<object>
		<name>sp20</name>
		<pose>Unspecified</pose>
		<truncated>0</truncated>
		<difficult>0</difficult>
		<bndbox>
			<xmin>1916</xmin>
			<ymin>294</ymin>
			<xmax>2012</xmax>
			<ymax>382</ymax>
		</bndbox>
	</object>
	<object>
		<name>sp20</name>
		<pose>Unspecified</pose>
		<truncated>0</truncated>
		<difficult>0</difficult>
		<bndbox>
			<xmin>1993</xmin>
			<ymin>311</ymin>
			<xmax>2066</xmax>
			<ymax>393</ymax>
		</bndbox>
	</object>
	<object>
		<name>sp20</name>
		<pose>Unspecified</pose>
		<truncated>0</truncated>
		<difficult>0</difficult>
		<bndbox>
			<xmin>2113</xmin>
			<ymin>390</ymin>
			<xmax>2188</xmax>
			<ymax>485</ymax>
		</bndbox>
	</object>
	<object>
		<name>sp20</name>
		<pose>Unspecified</pose>
		<truncated>0</truncated>
		<difficult>0</difficult>
		<bndbox>
			<xmin>2197</xmin>
			<ymin>451</ymin>
			<xmax>2252</xmax>
			<ymax>517</ymax>
		</bndbox>
	</object>
	<object>
		<name>sp20</name>
		<pose>Unspecified</pose>
		<truncated>0</truncated>
		<difficult>0</difficult>
		<bndbox>
			<xmin>2124</xmin>
			<ymin>476</ymin>
			<xmax>2212</xmax>
			<ymax>555</ymax>
		</bndbox>
	</object>
	<object>
		<name>sp20</name>
		<pose>Unspecified</pose>
		<truncated>0</truncated>
		<difficult>0</difficult>
		<bndbox>
			<xmin>2205</xmin>
			<ymin>489</ymin>
			<xmax>2293</xmax>
			<ymax>564</ymax>
		</bndbox>
	</object>
	<object>
		<name>sp20</name>
		<pose>Unspecified</pose>
		<truncated>0</truncated>
		<difficult>0</difficult>
		<bndbox>
			<xmin>2184</xmin>
			<ymin>566</ymin>
			<xmax>2282</xmax>
			<ymax>635</ymax>
		</bndbox>
	</object>
	<object>
		<name>sp20</name>
		<pose>Unspecified</pose>
		<truncated>0</truncated>
		<difficult>0</difficult>
		<bndbox>
			<xmin>2265</xmin>
			<ymin>534</ymin>
			<xmax>2347</xmax>
			<ymax>616</ymax>
		</bndbox>
	</object>
	<object>
		<name>sp20</name>
		<pose>Unspecified</pose>
		<truncated>0</truncated>
		<difficult>0</difficult>
		<bndbox>
			<xmin>2267</xmin>
			<ymin>596</ymin>
			<xmax>2377</xmax>
			<ymax>701</ymax>
		</bndbox>
	</object>
	<object>
		<name>sp20</name>
		<pose>Unspecified</pose>
		<truncated>0</truncated>
		<difficult>0</difficult>
		<bndbox>
			<xmin>2332</xmin>
			<ymin>631</ymin>
			<xmax>2420</xmax>
			<ymax>746</ymax>
		</bndbox>
	</object>
	<object>
		<name>sp20</name>
		<pose>Unspecified</pose>
		<truncated>0</truncated>
		<difficult>0</difficult>
		<bndbox>
			<xmin>2073</xmin>
			<ymin>615</ymin>
			<xmax>2177</xmax>
			<ymax>697</ymax>
		</bndbox>
	</object>
	<object>
		<name>sp20</name>
		<pose>Unspecified</pose>
		<truncated>0</truncated>
		<difficult>0</difficult>
		<bndbox>
			<xmin>1657</xmin>
			<ymin>453</ymin>
			<xmax>1762</xmax>
			<ymax>530</ymax>
		</bndbox>
	</object>
	<object>
		<name>sp20</name>
		<pose>Unspecified</pose>
		<truncated>0</truncated>
		<difficult>0</difficult>
		<bndbox>
			<xmin>1665</xmin>
			<ymin>513</ymin>
			<xmax>1755</xmax>
			<ymax>579</ymax>
		</bndbox>
	</object>
	<object>
		<name>sp20</name>
		<pose>Unspecified</pose>
		<truncated>0</truncated>
		<difficult>0</difficult>
		<bndbox>
			<xmin>1590</xmin>
			<ymin>600</ymin>
			<xmax>1691</xmax>
			<ymax>688</ymax>
		</bndbox>
	</object>
	<object>
		<name>sp20</name>
		<pose>Unspecified</pose>
		<truncated>0</truncated>
		<difficult>0</difficult>
		<bndbox>
			<xmin>1432</xmin>
			<ymin>463</ymin>
			<xmax>1526</xmax>
			<ymax>534</ymax>
		</bndbox>
	</object>
	<object>
		<name>sp20</name>
		<pose>Unspecified</pose>
		<truncated>0</truncated>
		<difficult>0</difficult>
		<bndbox>
			<xmin>1425</xmin>
			<ymin>418</ymin>
			<xmax>1500</xmax>
			<ymax>496</ymax>
		</bndbox>
	</object>
	<object>
		<name>sp20</name>
		<pose>Unspecified</pose>
		<truncated>0</truncated>
		<difficult>0</difficult>
		<bndbox>
			<xmin>1365</xmin>
			<ymin>386</ymin>
			<xmax>1456</xmax>
			<ymax>459</ymax>
		</bndbox>
	</object>
	<object>
		<name>sp20</name>
		<pose>Unspecified</pose>
		<truncated>0</truncated>
		<difficult>0</difficult>
		<bndbox>
			<xmin>1342</xmin>
			<ymin>322</ymin>
			<xmax>1430</xmax>
			<ymax>395</ymax>
		</bndbox>
	</object>
	<object>
		<name>sp20</name>
		<pose>Unspecified</pose>
		<truncated>0</truncated>
		<difficult>0</difficult>
		<bndbox>
			<xmin>1258</xmin>
			<ymin>206</ymin>
			<xmax>1336</xmax>
			<ymax>298</ymax>
		</bndbox>
	</object>
	<object>
		<name>sp20</name>
		<pose>Unspecified</pose>
		<truncated>0</truncated>
		<difficult>0</difficult>
		<bndbox>
			<xmin>1215</xmin>
			<ymin>213</ymin>
			<xmax>1256</xmax>
			<ymax>247</ymax>
		</bndbox>
	</object>
	<object>
		<name>sp20</name>
		<pose>Unspecified</pose>
		<truncated>0</truncated>
		<difficult>0</difficult>
		<bndbox>
			<xmin>1196</xmin>
			<ymin>234</ymin>
			<xmax>1303</xmax>
			<ymax>331</ymax>
		</bndbox>
	</object>
	<object>
		<name>sp20</name>
		<pose>Unspecified</pose>
		<truncated>0</truncated>
		<difficult>0</difficult>
		<bndbox>
			<xmin>1218</xmin>
			<ymin>361</ymin>
			<xmax>1305</xmax>
			<ymax>442</ymax>
		</bndbox>
	</object>
	<object>
		<name>sp20</name>
		<pose>Unspecified</pose>
		<truncated>0</truncated>
		<difficult>0</difficult>
		<bndbox>
			<xmin>1175</xmin>
			<ymin>474</ymin>
			<xmax>1284</xmax>
			<ymax>549</ymax>
		</bndbox>
	</object>
	<object>
		<name>sp20</name>
		<pose>Unspecified</pose>
		<truncated>0</truncated>
		<difficult>0</difficult>
		<bndbox>
			<xmin>1290</xmin>
			<ymin>556</ymin>
			<xmax>1383</xmax>
			<ymax>654</ymax>
		</bndbox>
	</object>
	<object>
		<name>sp20</name>
		<pose>Unspecified</pose>
		<truncated>0</truncated>
		<difficult>0</difficult>
		<bndbox>
			<xmin>1440</xmin>
			<ymin>752</ymin>
			<xmax>1539</xmax>
			<ymax>847</ymax>
		</bndbox>
	</object>
	<object>
		<name>sp20</name>
		<pose>Unspecified</pose>
		<truncated>0</truncated>
		<difficult>0</difficult>
		<bndbox>
			<xmin>1543</xmin>
			<ymin>669</ymin>
			<xmax>1642</xmax>
			<ymax>746</ymax>
		</bndbox>
	</object>
	<object>
		<name>sp20</name>
		<pose>Unspecified</pose>
		<truncated>0</truncated>
		<difficult>0</difficult>
		<bndbox>
			<xmin>1815</xmin>
			<ymin>648</ymin>
			<xmax>1893</xmax>
			<ymax>727</ymax>
		</bndbox>
	</object>
	<object>
		<name>sp20</name>
		<pose>Unspecified</pose>
		<truncated>0</truncated>
		<difficult>0</difficult>
		<bndbox>
			<xmin>1770</xmin>
			<ymin>718</ymin>
			<xmax>1878</xmax>
			<ymax>793</ymax>
		</bndbox>
	</object>
	<object>
		<name>sp20</name>
		<pose>Unspecified</pose>
		<truncated>0</truncated>
		<difficult>0</difficult>
		<bndbox>
			<xmin>1640</xmin>
			<ymin>712</ymin>
			<xmax>1727</xmax>
			<ymax>802</ymax>
		</bndbox>
	</object>
	<object>
		<name>sp20</name>
		<pose>Unspecified</pose>
		<truncated>0</truncated>
		<difficult>0</difficult>
		<bndbox>
			<xmin>1877</xmin>
			<ymin>616</ymin>
			<xmax>1961</xmax>
			<ymax>690</ymax>
		</bndbox>
	</object>
	<object>
		<name>sp20</name>
		<pose>Unspecified</pose>
		<truncated>0</truncated>
		<difficult>0</difficult>
		<bndbox>
			<xmin>1910</xmin>
			<ymin>656</ymin>
			<xmax>1995</xmax>
			<ymax>727</ymax>
		</bndbox>
	</object>
	<object>
		<name>sp20</name>
		<pose>Unspecified</pose>
		<truncated>0</truncated>
		<difficult>0</difficult>
		<bndbox>
			<xmin>1912</xmin>
			<ymin>712</ymin>
			<xmax>2013</xmax>
			<ymax>797</ymax>
		</bndbox>
	</object>
	<object>
		<name>sp20</name>
		<pose>Unspecified</pose>
		<truncated>0</truncated>
		<difficult>0</difficult>
		<bndbox>
			<xmin>1136</xmin>
			<ymin>350</ymin>
			<xmax>1222</xmax>
			<ymax>418</ymax>
		</bndbox>
	</object>
	<object>
		<name>sp20</name>
		<pose>Unspecified</pose>
		<truncated>0</truncated>
		<difficult>0</difficult>
		<bndbox>
			<xmin>1183</xmin>
			<ymin>294</ymin>
			<xmax>1246</xmax>
			<ymax>358</ymax>
		</bndbox>
	</object>
	<object>
		<name>sp20</name>
		<pose>Unspecified</pose>
		<truncated>0</truncated>
		<difficult>0</difficult>
		<bndbox>
			<xmin>1123</xmin>
			<ymin>240</ymin>
			<xmax>1216</xmax>
			<ymax>330</ymax>
		</bndbox>
	</object>
	<object>
		<name>sp20</name>
		<pose>Unspecified</pose>
		<truncated>0</truncated>
		<difficult>0</difficult>
		<bndbox>
			<xmin>1079</xmin>
			<ymin>260</ymin>
			<xmax>1171</xmax>
			<ymax>354</ymax>
		</bndbox>
	</object>
	<object>
		<name>sp20</name>
		<pose>Unspecified</pose>
		<truncated>0</truncated>
		<difficult>0</difficult>
		<bndbox>
			<xmin>1042</xmin>
			<ymin>300</ymin>
			<xmax>1145</xmax>
			<ymax>367</ymax>
		</bndbox>
	</object>
	<object>
		<name>sp20</name>
		<pose>Unspecified</pose>
		<truncated>0</truncated>
		<difficult>0</difficult>
		<bndbox>
			<xmin>1051</xmin>
			<ymin>345</ymin>
			<xmax>1143</xmax>
			<ymax>401</ymax>
		</bndbox>
	</object>
	<object>
		<name>sp20</name>
		<pose>Unspecified</pose>
		<truncated>0</truncated>
		<difficult>0</difficult>
		<bndbox>
			<xmin>1016</xmin>
			<ymin>356</ymin>
			<xmax>1096</xmax>
			<ymax>433</ymax>
		</bndbox>
	</object>
	<object>
		<name>sp20</name>
		<pose>Unspecified</pose>
		<truncated>0</truncated>
		<difficult>0</difficult>
		<bndbox>
			<xmin>890</xmin>
			<ymin>346</ymin>
			<xmax>1004</xmax>
			<ymax>436</ymax>
		</bndbox>
	</object>
	<object>
		<name>sp20</name>
		<pose>Unspecified</pose>
		<truncated>0</truncated>
		<difficult>0</difficult>
		<bndbox>
			<xmin>845</xmin>
			<ymin>406</ymin>
			<xmax>959</xmax>
			<ymax>498</ymax>
		</bndbox>
	</object>
	<object>
		<name>sp20</name>
		<pose>Unspecified</pose>
		<truncated>0</truncated>
		<difficult>0</difficult>
		<bndbox>
			<xmin>914</xmin>
			<ymin>468</ymin>
			<xmax>993</xmax>
			<ymax>545</ymax>
		</bndbox>
	</object>
	<object>
		<name>sp20</name>
		<pose>Unspecified</pose>
		<truncated>0</truncated>
		<difficult>0</difficult>
		<bndbox>
			<xmin>950</xmin>
			<ymin>515</ymin>
			<xmax>1038</xmax>
			<ymax>592</ymax>
		</bndbox>
	</object>
	<object>
		<name>sp20</name>
		<pose>Unspecified</pose>
		<truncated>0</truncated>
		<difficult>0</difficult>
		<bndbox>
			<xmin>1053</xmin>
			<ymin>480</ymin>
			<xmax>1136</xmax>
			<ymax>573</ymax>
		</bndbox>
	</object>
	<object>
		<name>sp20</name>
		<pose>Unspecified</pose>
		<truncated>0</truncated>
		<difficult>0</difficult>
		<bndbox>
			<xmin>1074</xmin>
			<ymin>564</ymin>
			<xmax>1170</xmax>
			<ymax>652</ymax>
		</bndbox>
	</object>
	<object>
		<name>sp20</name>
		<pose>Unspecified</pose>
		<truncated>0</truncated>
		<difficult>0</difficult>
		<bndbox>
			<xmin>1171</xmin>
			<ymin>613</ymin>
			<xmax>1252</xmax>
			<ymax>699</ymax>
		</bndbox>
	</object>
	<object>
		<name>sp20</name>
		<pose>Unspecified</pose>
		<truncated>0</truncated>
		<difficult>0</difficult>
		<bndbox>
			<xmin>1061</xmin>
			<ymin>643</ymin>
			<xmax>1153</xmax>
			<ymax>725</ymax>
		</bndbox>
	</object>
	<object>
		<name>sp20</name>
		<pose>Unspecified</pose>
		<truncated>0</truncated>
		<difficult>0</difficult>
		<bndbox>
			<xmin>1149</xmin>
			<ymin>785</ymin>
			<xmax>1201</xmax>
			<ymax>847</ymax>
		</bndbox>
	</object>
	<object>
		<name>sp20</name>
		<pose>Unspecified</pose>
		<truncated>0</truncated>
		<difficult>0</difficult>
		<bndbox>
			<xmin>1288</xmin>
			<ymin>716</ymin>
			<xmax>1400</xmax>
			<ymax>830</ymax>
		</bndbox>
	</object>
	<object>
		<name>sp20</name>
		<pose>Unspecified</pose>
		<truncated>0</truncated>
		<difficult>0</difficult>
		<bndbox>
			<xmin>1336</xmin>
			<ymin>905</ymin>
			<xmax>1425</xmax>
			<ymax>995</ymax>
		</bndbox>
	</object>
	<object>
		<name>sp20</name>
		<pose>Unspecified</pose>
		<truncated>0</truncated>
		<difficult>0</difficult>
		<bndbox>
			<xmin>1063</xmin>
			<ymin>828</ymin>
			<xmax>1162</xmax>
			<ymax>920</ymax>
		</bndbox>
	</object>
	<object>
		<name>sp20</name>
		<pose>Unspecified</pose>
		<truncated>0</truncated>
		<difficult>0</difficult>
		<bndbox>
			<xmin>1014</xmin>
			<ymin>819</ymin>
			<xmax>1104</xmax>
			<ymax>903</ymax>
		</bndbox>
	</object>
	<object>
		<name>sp20</name>
		<pose>Unspecified</pose>
		<truncated>0</truncated>
		<difficult>0</difficult>
		<bndbox>
			<xmin>958</xmin>
			<ymin>761</ymin>
			<xmax>1064</xmax>
			<ymax>843</ymax>
		</bndbox>
	</object>
	<object>
		<name>sp20</name>
		<pose>Unspecified</pose>
		<truncated>0</truncated>
		<difficult>0</difficult>
		<bndbox>
			<xmin>824</xmin>
			<ymin>553</ymin>
			<xmax>916</xmax>
			<ymax>637</ymax>
		</bndbox>
	</object>
	<object>
		<name>sp20</name>
		<pose>Unspecified</pose>
		<truncated>0</truncated>
		<difficult>0</difficult>
		<bndbox>
			<xmin>716</xmin>
			<ymin>476</ymin>
			<xmax>819</xmax>
			<ymax>555</ymax>
		</bndbox>
	</object>
	<object>
		<name>sp20</name>
		<pose>Unspecified</pose>
		<truncated>0</truncated>
		<difficult>0</difficult>
		<bndbox>
			<xmin>716</xmin>
			<ymin>532</ymin>
			<xmax>804</xmax>
			<ymax>592</ymax>
		</bndbox>
	</object>
	<object>
		<name>sp20</name>
		<pose>Unspecified</pose>
		<truncated>0</truncated>
		<difficult>0</difficult>
		<bndbox>
			<xmin>699</xmin>
			<ymin>562</ymin>
			<xmax>789</xmax>
			<ymax>637</ymax>
		</bndbox>
	</object>
	<object>
		<name>sp20</name>
		<pose>Unspecified</pose>
		<truncated>0</truncated>
		<difficult>0</difficult>
		<bndbox>
			<xmin>614</xmin>
			<ymin>526</ymin>
			<xmax>699</xmax>
			<ymax>596</ymax>
		</bndbox>
	</object>
	<object>
		<name>sp20</name>
		<pose>Unspecified</pose>
		<truncated>0</truncated>
		<difficult>0</difficult>
		<bndbox>
			<xmin>581</xmin>
			<ymin>570</ymin>
			<xmax>684</xmax>
			<ymax>663</ymax>
		</bndbox>
	</object>
	<object>
		<name>sp20</name>
		<pose>Unspecified</pose>
		<truncated>0</truncated>
		<difficult>0</difficult>
		<bndbox>
			<xmin>749</xmin>
			<ymin>652</ymin>
			<xmax>860</xmax>
			<ymax>763</ymax>
		</bndbox>
	</object>
	<object>
		<name>sp20</name>
		<pose>Unspecified</pose>
		<truncated>0</truncated>
		<difficult>0</difficult>
		<bndbox>
			<xmin>798</xmin>
			<ymin>763</ymin>
			<xmax>901</xmax>
			<ymax>840</ymax>
		</bndbox>
	</object>
	<object>
		<name>sp20</name>
		<pose>Unspecified</pose>
		<truncated>0</truncated>
		<difficult>0</difficult>
		<bndbox>
			<xmin>774</xmin>
			<ymin>808</ymin>
			<xmax>875</xmax>
			<ymax>862</ymax>
		</bndbox>
	</object>
	<object>
		<name>sp20</name>
		<pose>Unspecified</pose>
		<truncated>0</truncated>
		<difficult>0</difficult>
		<bndbox>
			<xmin>793</xmin>
			<ymin>828</ymin>
			<xmax>888</xmax>
			<ymax>909</ymax>
		</bndbox>
	</object>
	<object>
		<name>sp20</name>
		<pose>Unspecified</pose>
		<truncated>0</truncated>
		<difficult>0</difficult>
		<bndbox>
			<xmin>556</xmin>
			<ymin>768</ymin>
			<xmax>659</xmax>
			<ymax>858</ymax>
		</bndbox>
	</object>
	<object>
		<name>sp20</name>
		<pose>Unspecified</pose>
		<truncated>0</truncated>
		<difficult>0</difficult>
		<bndbox>
			<xmin>494</xmin>
			<ymin>688</ymin>
			<xmax>590</xmax>
			<ymax>757</ymax>
		</bndbox>
	</object>
	<object>
		<name>sp20</name>
		<pose>Unspecified</pose>
		<truncated>0</truncated>
		<difficult>0</difficult>
		<bndbox>
			<xmin>502</xmin>
			<ymin>635</ymin>
			<xmax>590</xmax>
			<ymax>691</ymax>
		</bndbox>
	</object>
	<object>
		<name>sp20</name>
		<pose>Unspecified</pose>
		<truncated>0</truncated>
		<difficult>0</difficult>
		<bndbox>
			<xmin>611</xmin>
			<ymin>898</ymin>
			<xmax>721</xmax>
			<ymax>992</ymax>
		</bndbox>
	</object>
	<object>
		<name>sp20</name>
		<pose>Unspecified</pose>
		<truncated>0</truncated>
		<difficult>0</difficult>
		<bndbox>
			<xmin>1550</xmin>
			<ymin>879</ymin>
			<xmax>1612</xmax>
			<ymax>943</ymax>
		</bndbox>
	</object>
	<object>
		<name>sp20</name>
		<pose>Unspecified</pose>
		<truncated>0</truncated>
		<difficult>0</difficult>
		<bndbox>
			<xmin>1573</xmin>
			<ymin>913</ymin>
			<xmax>1650</xmax>
			<ymax>982</ymax>
		</bndbox>
	</object>
	<object>
		<name>sp20</name>
		<pose>Unspecified</pose>
		<truncated>0</truncated>
		<difficult>0</difficult>
		<bndbox>
			<xmin>1509</xmin>
			<ymin>945</ymin>
			<xmax>1593</xmax>
			<ymax>1012</ymax>
		</bndbox>
	</object>
	<object>
		<name>sp20</name>
		<pose>Unspecified</pose>
		<truncated>0</truncated>
		<difficult>0</difficult>
		<bndbox>
			<xmin>1486</xmin>
			<ymin>1020</ymin>
			<xmax>1554</xmax>
			<ymax>1102</ymax>
		</bndbox>
	</object>
	<object>
		<name>sp20</name>
		<pose>Unspecified</pose>
		<truncated>0</truncated>
		<difficult>0</difficult>
		<bndbox>
			<xmin>1539</xmin>
			<ymin>1027</ymin>
			<xmax>1578</xmax>
			<ymax>1095</ymax>
		</bndbox>
	</object>
	<object>
		<name>sp20</name>
		<pose>Unspecified</pose>
		<truncated>0</truncated>
		<difficult>0</difficult>
		<bndbox>
			<xmin>1569</xmin>
			<ymin>1012</ymin>
			<xmax>1601</xmax>
			<ymax>1093</ymax>
		</bndbox>
	</object>
	<object>
		<name>sp20</name>
		<pose>Unspecified</pose>
		<truncated>0</truncated>
		<difficult>0</difficult>
		<bndbox>
			<xmin>1603</xmin>
			<ymin>1005</ymin>
			<xmax>1655</xmax>
			<ymax>1044</ymax>
		</bndbox>
	</object>
	<object>
		<name>sp20</name>
		<pose>Unspecified</pose>
		<truncated>0</truncated>
		<difficult>0</difficult>
		<bndbox>
			<xmin>1601</xmin>
			<ymin>1040</ymin>
			<xmax>1676</xmax>
			<ymax>1095</ymax>
		</bndbox>
	</object>
	<object>
		<name>sp20</name>
		<pose>Unspecified</pose>
		<truncated>0</truncated>
		<difficult>0</difficult>
		<bndbox>
			<xmin>1638</xmin>
			<ymin>982</ymin>
			<xmax>1706</xmax>
			<ymax>1055</ymax>
		</bndbox>
	</object>
	<object>
		<name>sp20</name>
		<pose>Unspecified</pose>
		<truncated>0</truncated>
		<difficult>0</difficult>
		<bndbox>
			<xmin>1695</xmin>
			<ymin>967</ymin>
			<xmax>1779</xmax>
			<ymax>1048</ymax>
		</bndbox>
	</object>
	<object>
		<name>sp20</name>
		<pose>Unspecified</pose>
		<truncated>0</truncated>
		<difficult>0</difficult>
		<bndbox>
			<xmin>1672</xmin>
			<ymin>1042</ymin>
			<xmax>1749</xmax>
			<ymax>1098</ymax>
		</bndbox>
	</object>
	<object>
		<name>sp20</name>
		<pose>Unspecified</pose>
		<truncated>0</truncated>
		<difficult>0</difficult>
		<bndbox>
			<xmin>1809</xmin>
			<ymin>821</ymin>
			<xmax>1897</xmax>
			<ymax>881</ymax>
		</bndbox>
	</object>
	<object>
		<name>sp20</name>
		<pose>Unspecified</pose>
		<truncated>0</truncated>
		<difficult>0</difficult>
		<bndbox>
			<xmin>1817</xmin>
			<ymin>872</ymin>
			<xmax>1907</xmax>
			<ymax>924</ymax>
		</bndbox>
	</object>
	<object>
		<name>sp20</name>
		<pose>Unspecified</pose>
		<truncated>0</truncated>
		<difficult>0</difficult>
		<bndbox>
			<xmin>1987</xmin>
			<ymin>810</ymin>
			<xmax>2085</xmax>
			<ymax>894</ymax>
		</bndbox>
	</object>
	<object>
		<name>sp20</name>
		<pose>Unspecified</pose>
		<truncated>0</truncated>
		<difficult>0</difficult>
		<bndbox>
			<xmin>2034</xmin>
			<ymin>750</ymin>
			<xmax>2115</xmax>
			<ymax>832</ymax>
		</bndbox>
	</object>
	<object>
		<name>sp20</name>
		<pose>Unspecified</pose>
		<truncated>0</truncated>
		<difficult>0</difficult>
		<bndbox>
			<xmin>2175</xmin>
			<ymin>813</ymin>
			<xmax>2269</xmax>
			<ymax>907</ymax>
		</bndbox>
	</object>
	<object>
		<name>sp20</name>
		<pose>Unspecified</pose>
		<truncated>0</truncated>
		<difficult>0</difficult>
		<bndbox>
			<xmin>2306</xmin>
			<ymin>937</ymin>
			<xmax>2413</xmax>
			<ymax>1044</ymax>
		</bndbox>
	</object>
	<object>
		<name>sp20</name>
		<pose>Unspecified</pose>
		<truncated>0</truncated>
		<difficult>0</difficult>
		<bndbox>
			<xmin>2132</xmin>
			<ymin>950</ymin>
			<xmax>2231</xmax>
			<ymax>1033</ymax>
		</bndbox>
	</object>
	<object>
		<name>sp20</name>
		<pose>Unspecified</pose>
		<truncated>0</truncated>
		<difficult>0</difficult>
		<bndbox>
			<xmin>2081</xmin>
			<ymin>935</ymin>
			<xmax>2150</xmax>
			<ymax>1025</ymax>
		</bndbox>
	</object>
	<object>
		<name>sp20</name>
		<pose>Unspecified</pose>
		<truncated>0</truncated>
		<difficult>0</difficult>
		<bndbox>
			<xmin>2028</xmin>
			<ymin>947</ymin>
			<xmax>2103</xmax>
			<ymax>1040</ymax>
		</bndbox>
	</object>
	<object>
		<name>sp20</name>
		<pose>Unspecified</pose>
		<truncated>0</truncated>
		<difficult>0</difficult>
		<bndbox>
			<xmin>1961</xmin>
			<ymin>903</ymin>
			<xmax>2028</xmax>
			<ymax>990</ymax>
		</bndbox>
	</object>
	<object>
		<name>sp20</name>
		<pose>Unspecified</pose>
		<truncated>0</truncated>
		<difficult>0</difficult>
		<bndbox>
			<xmin>1910</xmin>
			<ymin>905</ymin>
			<xmax>1982</xmax>
			<ymax>980</ymax>
		</bndbox>
	</object>
	<object>
		<name>sp20</name>
		<pose>Unspecified</pose>
		<truncated>0</truncated>
		<difficult>0</difficult>
		<bndbox>
			<xmin>1890</xmin>
			<ymin>922</ymin>
			<xmax>1942</xmax>
			<ymax>1001</ymax>
		</bndbox>
	</object>
	<object>
		<name>sp20</name>
		<pose>Unspecified</pose>
		<truncated>0</truncated>
		<difficult>0</difficult>
		<bndbox>
			<xmin>1858</xmin>
			<ymin>928</ymin>
			<xmax>1908</xmax>
			<ymax>999</ymax>
		</bndbox>
	</object>
	<object>
		<name>sp20</name>
		<pose>Unspecified</pose>
		<truncated>0</truncated>
		<difficult>0</difficult>
		<bndbox>
			<xmin>1798</xmin>
			<ymin>926</ymin>
			<xmax>1890</xmax>
			<ymax>1001</ymax>
		</bndbox>
	</object>
	<object>
		<name>sp20</name>
		<pose>Unspecified</pose>
		<truncated>0</truncated>
		<difficult>0</difficult>
		<bndbox>
			<xmin>1837</xmin>
			<ymin>992</ymin>
			<xmax>1910</xmax>
			<ymax>1031</ymax>
		</bndbox>
	</object>
	<object>
		<name>sp20</name>
		<pose>Unspecified</pose>
		<truncated>0</truncated>
		<difficult>0</difficult>
		<bndbox>
			<xmin>1820</xmin>
			<ymin>1016</ymin>
			<xmax>1903</xmax>
			<ymax>1068</ymax>
		</bndbox>
	</object>
	<object>
		<name>sp20</name>
		<pose>Unspecified</pose>
		<truncated>0</truncated>
		<difficult>0</difficult>
		<bndbox>
			<xmin>1796</xmin>
			<ymin>1038</ymin>
			<xmax>1886</xmax>
			<ymax>1117</ymax>
		</bndbox>
	</object>
	<object>
		<name>sp20</name>
		<pose>Unspecified</pose>
		<truncated>0</truncated>
		<difficult>0</difficult>
		<bndbox>
			<xmin>1880</xmin>
			<ymin>1067</ymin>
			<xmax>1976</xmax>
			<ymax>1155</ymax>
		</bndbox>
	</object>
	<object>
		<name>sp20</name>
		<pose>Unspecified</pose>
		<truncated>0</truncated>
		<difficult>0</difficult>
		<bndbox>
			<xmin>2049</xmin>
			<ymin>1068</ymin>
			<xmax>2150</xmax>
			<ymax>1166</ymax>
		</bndbox>
	</object>
	<object>
		<name>sp20</name>
		<pose>Unspecified</pose>
		<truncated>0</truncated>
		<difficult>0</difficult>
		<bndbox>
			<xmin>2201</xmin>
			<ymin>1142</ymin>
			<xmax>2304</xmax>
			<ymax>1247</ymax>
		</bndbox>
	</object>
	<object>
		<name>sp20</name>
		<pose>Unspecified</pose>
		<truncated>0</truncated>
		<difficult>0</difficult>
		<bndbox>
			<xmin>2330</xmin>
			<ymin>1190</ymin>
			<xmax>2441</xmax>
			<ymax>1316</ymax>
		</bndbox>
	</object>
	<object>
		<name>sp20</name>
		<pose>Unspecified</pose>
		<truncated>0</truncated>
		<difficult>0</difficult>
		<bndbox>
			<xmin>2188</xmin>
			<ymin>1239</ymin>
			<xmax>2291</xmax>
			<ymax>1335</ymax>
		</bndbox>
	</object>
	<object>
		<name>sp20</name>
		<pose>Unspecified</pose>
		<truncated>0</truncated>
		<difficult>0</difficult>
		<bndbox>
			<xmin>2177</xmin>
			<ymin>1350</ymin>
			<xmax>2278</xmax>
			<ymax>1460</ymax>
		</bndbox>
	</object>
	<object>
		<name>sp20</name>
		<pose>Unspecified</pose>
		<truncated>0</truncated>
		<difficult>0</difficult>
		<bndbox>
			<xmin>2064</xmin>
			<ymin>1218</ymin>
			<xmax>2152</xmax>
			<ymax>1325</ymax>
		</bndbox>
	</object>
	<object>
		<name>sp20</name>
		<pose>Unspecified</pose>
		<truncated>0</truncated>
		<difficult>0</difficult>
		<bndbox>
			<xmin>1970</xmin>
			<ymin>1181</ymin>
			<xmax>2066</xmax>
			<ymax>1262</ymax>
		</bndbox>
	</object>
	<object>
		<name>sp20</name>
		<pose>Unspecified</pose>
		<truncated>0</truncated>
		<difficult>0</difficult>
		<bndbox>
			<xmin>1914</xmin>
			<ymin>1237</ymin>
			<xmax>2004</xmax>
			<ymax>1322</ymax>
		</bndbox>
	</object>
	<object>
		<name>sp20</name>
		<pose>Unspecified</pose>
		<truncated>0</truncated>
		<difficult>0</difficult>
		<bndbox>
			<xmin>1854</xmin>
			<ymin>1280</ymin>
			<xmax>1953</xmax>
			<ymax>1344</ymax>
		</bndbox>
	</object>
	<object>
		<name>sp20</name>
		<pose>Unspecified</pose>
		<truncated>0</truncated>
		<difficult>0</difficult>
		<bndbox>
			<xmin>1847</xmin>
			<ymin>1218</ymin>
			<xmax>1938</xmax>
			<ymax>1294</ymax>
		</bndbox>
	</object>
	<object>
		<name>sp20</name>
		<pose>Unspecified</pose>
		<truncated>0</truncated>
		<difficult>0</difficult>
		<bndbox>
			<xmin>1646</xmin>
			<ymin>1177</ymin>
			<xmax>1749</xmax>
			<ymax>1269</ymax>
		</bndbox>
	</object>
	<object>
		<name>sp20</name>
		<pose>Unspecified</pose>
		<truncated>0</truncated>
		<difficult>0</difficult>
		<bndbox>
			<xmin>1436</xmin>
			<ymin>1095</ymin>
			<xmax>1537</xmax>
			<ymax>1177</ymax>
		</bndbox>
	</object>
	<object>
		<name>sp20</name>
		<pose>Unspecified</pose>
		<truncated>0</truncated>
		<difficult>0</difficult>
		<bndbox>
			<xmin>1599</xmin>
			<ymin>1256</ymin>
			<xmax>1683</xmax>
			<ymax>1355</ymax>
		</bndbox>
	</object>
	<object>
		<name>sp20</name>
		<pose>Unspecified</pose>
		<truncated>0</truncated>
		<difficult>0</difficult>
		<bndbox>
			<xmin>1556</xmin>
			<ymin>1290</ymin>
			<xmax>1642</xmax>
			<ymax>1378</ymax>
		</bndbox>
	</object>
	<object>
		<name>sp20</name>
		<pose>Unspecified</pose>
		<truncated>0</truncated>
		<difficult>0</difficult>
		<bndbox>
			<xmin>1655</xmin>
			<ymin>1337</ymin>
			<xmax>1747</xmax>
			<ymax>1436</ymax>
		</bndbox>
	</object>
	<object>
		<name>sp20</name>
		<pose>Unspecified</pose>
		<truncated>0</truncated>
		<difficult>0</difficult>
		<bndbox>
			<xmin>2008</xmin>
			<ymin>1361</ymin>
			<xmax>2107</xmax>
			<ymax>1449</ymax>
		</bndbox>
	</object>
	<object>
		<name>sp20</name>
		<pose>Unspecified</pose>
		<truncated>0</truncated>
		<difficult>0</difficult>
		<bndbox>
			<xmin>2111</xmin>
			<ymin>1442</ymin>
			<xmax>2192</xmax>
			<ymax>1535</ymax>
		</bndbox>
	</object>
	<object>
		<name>sp20</name>
		<pose>Unspecified</pose>
		<truncated>0</truncated>
		<difficult>0</difficult>
		<bndbox>
			<xmin>2036</xmin>
			<ymin>1444</ymin>
			<xmax>2122</xmax>
			<ymax>1534</ymax>
		</bndbox>
	</object>
	<object>
		<name>sp20</name>
		<pose>Unspecified</pose>
		<truncated>0</truncated>
		<difficult>0</difficult>
		<bndbox>
			<xmin>1811</xmin>
			<ymin>1528</ymin>
			<xmax>1908</xmax>
			<ymax>1605</ymax>
		</bndbox>
	</object>
	<object>
		<name>sp20</name>
		<pose>Unspecified</pose>
		<truncated>0</truncated>
		<difficult>0</difficult>
		<bndbox>
			<xmin>1830</xmin>
			<ymin>1607</ymin>
			<xmax>1925</xmax>
			<ymax>1663</ymax>
		</bndbox>
	</object>
	<object>
		<name>sp20</name>
		<pose>Unspecified</pose>
		<truncated>0</truncated>
		<difficult>0</difficult>
		<bndbox>
			<xmin>1888</xmin>
			<ymin>1667</ymin>
			<xmax>1989</xmax>
			<ymax>1749</ymax>
		</bndbox>
	</object>
	<object>
		<name>sp20</name>
		<pose>Unspecified</pose>
		<truncated>0</truncated>
		<difficult>0</difficult>
		<bndbox>
			<xmin>1884</xmin>
			<ymin>1742</ymin>
			<xmax>1959</xmax>
			<ymax>1826</ymax>
		</bndbox>
	</object>
	<object>
		<name>sp20</name>
		<pose>Unspecified</pose>
		<truncated>0</truncated>
		<difficult>0</difficult>
		<bndbox>
			<xmin>1835</xmin>
			<ymin>1760</ymin>
			<xmax>1907</xmax>
			<ymax>1839</ymax>
		</bndbox>
	</object>
	<object>
		<name>sp20</name>
		<pose>Unspecified</pose>
		<truncated>0</truncated>
		<difficult>0</difficult>
		<bndbox>
			<xmin>1732</xmin>
			<ymin>1494</ymin>
			<xmax>1805</xmax>
			<ymax>1579</ymax>
		</bndbox>
	</object>
	<object>
		<name>sp20</name>
		<pose>Unspecified</pose>
		<truncated>0</truncated>
		<difficult>0</difficult>
		<bndbox>
			<xmin>1687</xmin>
			<ymin>1511</ymin>
			<xmax>1753</xmax>
			<ymax>1614</ymax>
		</bndbox>
	</object>
	<object>
		<name>sp20</name>
		<pose>Unspecified</pose>
		<truncated>0</truncated>
		<difficult>0</difficult>
		<bndbox>
			<xmin>1635</xmin>
			<ymin>1517</ymin>
			<xmax>1712</xmax>
			<ymax>1597</ymax>
		</bndbox>
	</object>
	<object>
		<name>sp20</name>
		<pose>Unspecified</pose>
		<truncated>0</truncated>
		<difficult>0</difficult>
		<bndbox>
			<xmin>1629</xmin>
			<ymin>1605</ymin>
			<xmax>1738</xmax>
			<ymax>1685</ymax>
		</bndbox>
	</object>
	<object>
		<name>sp20</name>
		<pose>Unspecified</pose>
		<truncated>0</truncated>
		<difficult>0</difficult>
		<bndbox>
			<xmin>1563</xmin>
			<ymin>1558</ymin>
			<xmax>1663</xmax>
			<ymax>1655</ymax>
		</bndbox>
	</object>
	<object>
		<name>sp20</name>
		<pose>Unspecified</pose>
		<truncated>0</truncated>
		<difficult>0</difficult>
		<bndbox>
			<xmin>1447</xmin>
			<ymin>1534</ymin>
			<xmax>1530</xmax>
			<ymax>1610</ymax>
		</bndbox>
	</object>
	<object>
		<name>sp20</name>
		<pose>Unspecified</pose>
		<truncated>0</truncated>
		<difficult>0</difficult>
		<bndbox>
			<xmin>1402</xmin>
			<ymin>1509</ymin>
			<xmax>1486</xmax>
			<ymax>1582</ymax>
		</bndbox>
	</object>
	<object>
		<name>sp20</name>
		<pose>Unspecified</pose>
		<truncated>0</truncated>
		<difficult>0</difficult>
		<bndbox>
			<xmin>1425</xmin>
			<ymin>1607</ymin>
			<xmax>1518</xmax>
			<ymax>1699</ymax>
		</bndbox>
	</object>
	<object>
		<name>sp20</name>
		<pose>Unspecified</pose>
		<truncated>0</truncated>
		<difficult>0</difficult>
		<bndbox>
			<xmin>1383</xmin>
			<ymin>1584</ymin>
			<xmax>1475</xmax>
			<ymax>1672</ymax>
		</bndbox>
	</object>
	<object>
		<name>sp20</name>
		<pose>Unspecified</pose>
		<truncated>0</truncated>
		<difficult>0</difficult>
		<bndbox>
			<xmin>1260</xmin>
			<ymin>1571</ymin>
			<xmax>1361</xmax>
			<ymax>1665</ymax>
		</bndbox>
	</object>
	<object>
		<name>sp20</name>
		<pose>Unspecified</pose>
		<truncated>0</truncated>
		<difficult>0</difficult>
		<bndbox>
			<xmin>1306</xmin>
			<ymin>1648</ymin>
			<xmax>1372</xmax>
			<ymax>1708</ymax>
		</bndbox>
	</object>
	<object>
		<name>sp20</name>
		<pose>Unspecified</pose>
		<truncated>0</truncated>
		<difficult>0</difficult>
		<bndbox>
			<xmin>1471</xmin>
			<ymin>1320</ymin>
			<xmax>1548</xmax>
			<ymax>1384</ymax>
		</bndbox>
	</object>
	<object>
		<name>sp20</name>
		<pose>Unspecified</pose>
		<truncated>0</truncated>
		<difficult>0</difficult>
		<bndbox>
			<xmin>1385</xmin>
			<ymin>1316</ymin>
			<xmax>1488</xmax>
			<ymax>1414</ymax>
		</bndbox>
	</object>
	<object>
		<name>sp20</name>
		<pose>Unspecified</pose>
		<truncated>0</truncated>
		<difficult>0</difficult>
		<bndbox>
			<xmin>1316</xmin>
			<ymin>1297</ymin>
			<xmax>1406</xmax>
			<ymax>1385</ymax>
		</bndbox>
	</object>
	<object>
		<name>sp20</name>
		<pose>Unspecified</pose>
		<truncated>0</truncated>
		<difficult>0</difficult>
		<bndbox>
			<xmin>1108</xmin>
			<ymin>1286</ymin>
			<xmax>1226</xmax>
			<ymax>1391</ymax>
		</bndbox>
	</object>
	<object>
		<name>sp20</name>
		<pose>Unspecified</pose>
		<truncated>0</truncated>
		<difficult>0</difficult>
		<bndbox>
			<xmin>1156</xmin>
			<ymin>1528</ymin>
			<xmax>1239</xmax>
			<ymax>1599</ymax>
		</bndbox>
	</object>
	<object>
		<name>sp20</name>
		<pose>Unspecified</pose>
		<truncated>0</truncated>
		<difficult>0</difficult>
		<bndbox>
			<xmin>1130</xmin>
			<ymin>1479</ymin>
			<xmax>1220</xmax>
			<ymax>1549</ymax>
		</bndbox>
	</object>
	<object>
		<name>sp20</name>
		<pose>Unspecified</pose>
		<truncated>0</truncated>
		<difficult>0</difficult>
		<bndbox>
			<xmin>1076</xmin>
			<ymin>1459</ymin>
			<xmax>1164</xmax>
			<ymax>1552</ymax>
		</bndbox>
	</object>
	<object>
		<name>sp20</name>
		<pose>Unspecified</pose>
		<truncated>0</truncated>
		<difficult>0</difficult>
		<bndbox>
			<xmin>980</xmin>
			<ymin>1423</ymin>
			<xmax>1091</xmax>
			<ymax>1515</ymax>
		</bndbox>
	</object>
	<object>
		<name>sp20</name>
		<pose>Unspecified</pose>
		<truncated>0</truncated>
		<difficult>0</difficult>
		<bndbox>
			<xmin>959</xmin>
			<ymin>1282</ymin>
			<xmax>1070</xmax>
			<ymax>1389</ymax>
		</bndbox>
	</object>
	<object>
		<name>sp20</name>
		<pose>Unspecified</pose>
		<truncated>0</truncated>
		<difficult>0</difficult>
		<bndbox>
			<xmin>1027</xmin>
			<ymin>1149</ymin>
			<xmax>1132</xmax>
			<ymax>1254</ymax>
		</bndbox>
	</object>
	<object>
		<name>sp20</name>
		<pose>Unspecified</pose>
		<truncated>0</truncated>
		<difficult>0</difficult>
		<bndbox>
			<xmin>1068</xmin>
			<ymin>1076</ymin>
			<xmax>1188</xmax>
			<ymax>1179</ymax>
		</bndbox>
	</object>
	<object>
		<name>sp20</name>
		<pose>Unspecified</pose>
		<truncated>0</truncated>
		<difficult>0</difficult>
		<bndbox>
			<xmin>779</xmin>
			<ymin>1008</ymin>
			<xmax>884</xmax>
			<ymax>1108</ymax>
		</bndbox>
	</object>
	<object>
		<name>sp20</name>
		<pose>Unspecified</pose>
		<truncated>0</truncated>
		<difficult>0</difficult>
		<bndbox>
			<xmin>954</xmin>
			<ymin>1609</ymin>
			<xmax>1072</xmax>
			<ymax>1712</ymax>
		</bndbox>
	</object>
	<object>
		<name>sp20</name>
		<pose>Unspecified</pose>
		<truncated>0</truncated>
		<difficult>0</difficult>
		<bndbox>
			<xmin>1061</xmin>
			<ymin>1667</ymin>
			<xmax>1155</xmax>
			<ymax>1766</ymax>
		</bndbox>
	</object>
	<object>
		<name>sp20</name>
		<pose>Unspecified</pose>
		<truncated>0</truncated>
		<difficult>0</difficult>
		<bndbox>
			<xmin>1106</xmin>
			<ymin>1712</ymin>
			<xmax>1198</xmax>
			<ymax>1805</ymax>
		</bndbox>
	</object>
	<object>
		<name>sp20</name>
		<pose>Unspecified</pose>
		<truncated>0</truncated>
		<difficult>0</difficult>
		<bndbox>
			<xmin>1171</xmin>
			<ymin>1674</ymin>
			<xmax>1288</xmax>
			<ymax>1781</ymax>
		</bndbox>
	</object>
	<object>
		<name>sp20</name>
		<pose>Unspecified</pose>
		<truncated>0</truncated>
		<difficult>0</difficult>
		<bndbox>
			<xmin>1503</xmin>
			<ymin>1851</ymin>
			<xmax>1620</xmax>
			<ymax>1957</ymax>
		</bndbox>
	</object>
	<object>
		<name>sp20</name>
		<pose>Unspecified</pose>
		<truncated>0</truncated>
		<difficult>0</difficult>
		<bndbox>
			<xmin>1721</xmin>
			<ymin>1907</ymin>
			<xmax>1809</xmax>
			<ymax>1995</ymax>
		</bndbox>
	</object>
	<object>
		<name>sp20</name>
		<pose>Unspecified</pose>
		<truncated>0</truncated>
		<difficult>0</difficult>
		<bndbox>
			<xmin>1878</xmin>
			<ymin>1847</ymin>
			<xmax>1974</xmax>
			<ymax>1916</ymax>
		</bndbox>
	</object>
	<object>
		<name>sp20</name>
		<pose>Unspecified</pose>
		<truncated>0</truncated>
		<difficult>0</difficult>
		<bndbox>
			<xmin>2023</xmin>
			<ymin>1723</ymin>
			<xmax>2111</xmax>
			<ymax>1807</ymax>
		</bndbox>
	</object>
	<object>
		<name>sp20</name>
		<pose>Unspecified</pose>
		<truncated>0</truncated>
		<difficult>0</difficult>
		<bndbox>
			<xmin>2073</xmin>
			<ymin>1639</ymin>
			<xmax>2160</xmax>
			<ymax>1732</ymax>
		</bndbox>
	</object>
	<object>
		<name>sp20</name>
		<pose>Unspecified</pose>
		<truncated>0</truncated>
		<difficult>0</difficult>
		<bndbox>
			<xmin>2147</xmin>
			<ymin>1629</ymin>
			<xmax>2235</xmax>
			<ymax>1715</ymax>
		</bndbox>
	</object>
	<object>
		<name>sp20</name>
		<pose>Unspecified</pose>
		<truncated>0</truncated>
		<difficult>0</difficult>
		<bndbox>
			<xmin>2276</xmin>
			<ymin>1639</ymin>
			<xmax>2349</xmax>
			<ymax>1742</ymax>
		</bndbox>
	</object>
	<object>
		<name>sp20</name>
		<pose>Unspecified</pose>
		<truncated>0</truncated>
		<difficult>0</difficult>
		<bndbox>
			<xmin>2242</xmin>
			<ymin>1642</ymin>
			<xmax>2289</xmax>
			<ymax>1732</ymax>
		</bndbox>
	</object>
	<object>
		<name>sp20</name>
		<pose>Unspecified</pose>
		<truncated>0</truncated>
		<difficult>0</difficult>
		<bndbox>
			<xmin>2169</xmin>
			<ymin>1685</ymin>
			<xmax>2270</xmax>
			<ymax>1781</ymax>
		</bndbox>
	</object>
	<object>
		<name>sp20</name>
		<pose>Unspecified</pose>
		<truncated>0</truncated>
		<difficult>0</difficult>
		<bndbox>
			<xmin>2169</xmin>
			<ymin>1787</ymin>
			<xmax>2259</xmax>
			<ymax>1877</ymax>
		</bndbox>
	</object>
	<object>
		<name>sp20</name>
		<pose>Unspecified</pose>
		<truncated>0</truncated>
		<difficult>0</difficult>
		<bndbox>
			<xmin>1982</xmin>
			<ymin>1824</ymin>
			<xmax>2068</xmax>
			<ymax>1914</ymax>
		</bndbox>
	</object>
	<object>
		<name>sp20</name>
		<pose>Unspecified</pose>
		<truncated>0</truncated>
		<difficult>0</difficult>
		<bndbox>
			<xmin>2083</xmin>
			<ymin>1914</ymin>
			<xmax>2182</xmax>
			<ymax>2002</ymax>
		</bndbox>
	</object>
	<object>
		<name>sp20</name>
		<pose>Unspecified</pose>
		<truncated>0</truncated>
		<difficult>0</difficult>
		<bndbox>
			<xmin>2216</xmin>
			<ymin>1841</ymin>
			<xmax>2340</xmax>
			<ymax>1926</ymax>
		</bndbox>
	</object>
	<object>
		<name>sp20</name>
		<pose>Unspecified</pose>
		<truncated>0</truncated>
		<difficult>0</difficult>
		<bndbox>
			<xmin>2197</xmin>
			<ymin>1905</ymin>
			<xmax>2314</xmax>
			<ymax>2010</ymax>
		</bndbox>
	</object>
	<object>
		<name>sp20</name>
		<pose>Unspecified</pose>
		<truncated>0</truncated>
		<difficult>0</difficult>
		<bndbox>
			<xmin>1965</xmin>
			<ymin>1918</ymin>
			<xmax>2040</xmax>
			<ymax>2002</ymax>
		</bndbox>
	</object>
	<object>
		<name>sp20</name>
		<pose>Unspecified</pose>
		<truncated>0</truncated>
		<difficult>0</difficult>
		<bndbox>
			<xmin>1916</xmin>
			<ymin>1912</ymin>
			<xmax>1985</xmax>
			<ymax>1995</ymax>
		</bndbox>
	</object>
	<object>
		<name>sp20</name>
		<pose>Unspecified</pose>
		<truncated>0</truncated>
		<difficult>0</difficult>
		<bndbox>
			<xmin>1813</xmin>
			<ymin>1933</ymin>
			<xmax>1903</xmax>
			<ymax>1984</ymax>
		</bndbox>
	</object>
	<object>
		<name>sp20</name>
		<pose>Unspecified</pose>
		<truncated>0</truncated>
		<difficult>0</difficult>
		<bndbox>
			<xmin>2570</xmin>
			<ymin>1489</ymin>
			<xmax>2685</xmax>
			<ymax>1595</ymax>
		</bndbox>
	</object>
	<object>
		<name>sp20</name>
		<pose>Unspecified</pose>
		<truncated>0</truncated>
		<difficult>0</difficult>
		<bndbox>
			<xmin>2604</xmin>
			<ymin>1592</ymin>
			<xmax>2702</xmax>
			<ymax>1691</ymax>
		</bndbox>
	</object>
	<object>
		<name>sp20</name>
		<pose>Unspecified</pose>
		<truncated>0</truncated>
		<difficult>0</difficult>
		<bndbox>
			<xmin>2567</xmin>
			<ymin>1712</ymin>
			<xmax>2670</xmax>
			<ymax>1822</ymax>
		</bndbox>
	</object>
	<object>
		<name>sp20</name>
		<pose>Unspecified</pose>
		<truncated>0</truncated>
		<difficult>0</difficult>
		<bndbox>
			<xmin>2584</xmin>
			<ymin>1792</ymin>
			<xmax>2651</xmax>
			<ymax>1896</ymax>
		</bndbox>
	</object>
	<object>
		<name>sp20</name>
		<pose>Unspecified</pose>
		<truncated>0</truncated>
		<difficult>0</difficult>
		<bndbox>
			<xmin>2518</xmin>
			<ymin>1809</ymin>
			<xmax>2599</xmax>
			<ymax>1911</ymax>
		</bndbox>
	</object>
	<object>
		<name>sp20</name>
		<pose>Unspecified</pose>
		<truncated>0</truncated>
		<difficult>0</difficult>
		<bndbox>
			<xmin>2165</xmin>
			<ymin>1961</ymin>
			<xmax>2246</xmax>
			<ymax>2017</ymax>
		</bndbox>
	</object>
	<object>
		<name>sp20</name>
		<pose>Unspecified</pose>
		<truncated>0</truncated>
		<difficult>0</difficult>
		<bndbox>
			<xmin>2148</xmin>
			<ymin>1995</ymin>
			<xmax>2246</xmax>
			<ymax>2053</ymax>
		</bndbox>
	</object>
	<object>
		<name>sp20</name>
		<pose>Unspecified</pose>
		<truncated>0</truncated>
		<difficult>0</difficult>
		<bndbox>
			<xmin>2137</xmin>
			<ymin>2042</ymin>
			<xmax>2222</xmax>
			<ymax>2094</ymax>
		</bndbox>
	</object>
	<object>
		<name>sp20</name>
		<pose>Unspecified</pose>
		<truncated>0</truncated>
		<difficult>0</difficult>
		<bndbox>
			<xmin>2163</xmin>
			<ymin>2072</ymin>
			<xmax>2261</xmax>
			<ymax>2145</ymax>
		</bndbox>
	</object>
	<object>
		<name>sp20</name>
		<pose>Unspecified</pose>
		<truncated>0</truncated>
		<difficult>0</difficult>
		<bndbox>
			<xmin>2057</xmin>
			<ymin>2106</ymin>
			<xmax>2177</xmax>
			<ymax>2237</ymax>
		</bndbox>
	</object>
	<object>
		<name>sp20</name>
		<pose>Unspecified</pose>
		<truncated>0</truncated>
		<difficult>0</difficult>
		<bndbox>
			<xmin>1993</xmin>
			<ymin>2158</ymin>
			<xmax>2077</xmax>
			<ymax>2242</ymax>
		</bndbox>
	</object>
	<object>
		<name>sp20</name>
		<pose>Unspecified</pose>
		<truncated>0</truncated>
		<difficult>0</difficult>
		<bndbox>
			<xmin>1927</xmin>
			<ymin>2205</ymin>
			<xmax>2025</xmax>
			<ymax>2302</ymax>
		</bndbox>
	</object>
	<object>
		<name>sp20</name>
		<pose>Unspecified</pose>
		<truncated>0</truncated>
		<difficult>0</difficult>
		<bndbox>
			<xmin>1929</xmin>
			<ymin>2130</ymin>
			<xmax>2025</xmax>
			<ymax>2214</ymax>
		</bndbox>
	</object>
	<object>
		<name>sp20</name>
		<pose>Unspecified</pose>
		<truncated>0</truncated>
		<difficult>0</difficult>
		<bndbox>
			<xmin>1852</xmin>
			<ymin>2167</ymin>
			<xmax>1935</xmax>
			<ymax>2246</ymax>
		</bndbox>
	</object>
	<object>
		<name>sp20</name>
		<pose>Unspecified</pose>
		<truncated>0</truncated>
		<difficult>0</difficult>
		<bndbox>
			<xmin>1792</xmin>
			<ymin>2154</ymin>
			<xmax>1863</xmax>
			<ymax>2216</ymax>
		</bndbox>
	</object>
	<object>
		<name>sp20</name>
		<pose>Unspecified</pose>
		<truncated>0</truncated>
		<difficult>0</difficult>
		<bndbox>
			<xmin>1777</xmin>
			<ymin>2117</ymin>
			<xmax>1860</xmax>
			<ymax>2181</ymax>
		</bndbox>
	</object>
	<object>
		<name>sp20</name>
		<pose>Unspecified</pose>
		<truncated>0</truncated>
		<difficult>0</difficult>
		<bndbox>
			<xmin>1787</xmin>
			<ymin>2049</ymin>
			<xmax>1873</xmax>
			<ymax>2136</ymax>
		</bndbox>
	</object>
	<object>
		<name>sp20</name>
		<pose>Unspecified</pose>
		<truncated>0</truncated>
		<difficult>0</difficult>
		<bndbox>
			<xmin>1830</xmin>
			<ymin>1972</ymin>
			<xmax>1910</xmax>
			<ymax>2040</ymax>
		</bndbox>
	</object>
	<object>
		<name>sp20</name>
		<pose>Unspecified</pose>
		<truncated>0</truncated>
		<difficult>0</difficult>
		<bndbox>
			<xmin>1751</xmin>
			<ymin>1972</ymin>
			<xmax>1833</xmax>
			<ymax>2047</ymax>
		</bndbox>
	</object>
	<object>
		<name>sp20</name>
		<pose>Unspecified</pose>
		<truncated>0</truncated>
		<difficult>0</difficult>
		<bndbox>
			<xmin>1695</xmin>
			<ymin>2059</ymin>
			<xmax>1794</xmax>
			<ymax>2158</ymax>
		</bndbox>
	</object>
	<object>
		<name>sp20</name>
		<pose>Unspecified</pose>
		<truncated>0</truncated>
		<difficult>0</difficult>
		<bndbox>
			<xmin>1717</xmin>
			<ymin>2194</ymin>
			<xmax>1798</xmax>
			<ymax>2272</ymax>
		</bndbox>
	</object>
	<object>
		<name>sp20</name>
		<pose>Unspecified</pose>
		<truncated>0</truncated>
		<difficult>0</difficult>
		<bndbox>
			<xmin>1760</xmin>
			<ymin>2218</ymin>
			<xmax>1847</xmax>
			<ymax>2299</ymax>
		</bndbox>
	</object>
	<object>
		<name>sp20</name>
		<pose>Unspecified</pose>
		<truncated>0</truncated>
		<difficult>0</difficult>
		<bndbox>
			<xmin>1783</xmin>
			<ymin>2306</ymin>
			<xmax>1907</xmax>
			<ymax>2426</ymax>
		</bndbox>
	</object>
	<object>
		<name>sp20</name>
		<pose>Unspecified</pose>
		<truncated>0</truncated>
		<difficult>0</difficult>
		<bndbox>
			<xmin>1629</xmin>
			<ymin>2400</ymin>
			<xmax>1742</xmax>
			<ymax>2514</ymax>
		</bndbox>
	</object>
	<object>
		<name>sp20</name>
		<pose>Unspecified</pose>
		<truncated>0</truncated>
		<difficult>0</difficult>
		<bndbox>
			<xmin>1571</xmin>
			<ymin>2351</ymin>
			<xmax>1683</xmax>
			<ymax>2453</ymax>
		</bndbox>
	</object>
	<object>
		<name>sp20</name>
		<pose>Unspecified</pose>
		<truncated>0</truncated>
		<difficult>0</difficult>
		<bndbox>
			<xmin>1621</xmin>
			<ymin>2276</ymin>
			<xmax>1719</xmax>
			<ymax>2359</ymax>
		</bndbox>
	</object>
	<object>
		<name>sp20</name>
		<pose>Unspecified</pose>
		<truncated>0</truncated>
		<difficult>0</difficult>
		<bndbox>
			<xmin>1629</xmin>
			<ymin>2212</ymin>
			<xmax>1728</xmax>
			<ymax>2299</ymax>
		</bndbox>
	</object>
	<object>
		<name>sp20</name>
		<pose>Unspecified</pose>
		<truncated>0</truncated>
		<difficult>0</difficult>
		<bndbox>
			<xmin>1578</xmin>
			<ymin>2107</ymin>
			<xmax>1676</xmax>
			<ymax>2188</ymax>
		</bndbox>
	</object>
	<object>
		<name>sp20</name>
		<pose>Unspecified</pose>
		<truncated>0</truncated>
		<difficult>0</difficult>
		<bndbox>
			<xmin>1563</xmin>
			<ymin>2017</ymin>
			<xmax>1661</xmax>
			<ymax>2115</ymax>
		</bndbox>
	</object>
	<object>
		<name>sp20</name>
		<pose>Unspecified</pose>
		<truncated>0</truncated>
		<difficult>0</difficult>
		<bndbox>
			<xmin>1479</xmin>
			<ymin>2062</ymin>
			<xmax>1560</xmax>
			<ymax>2141</ymax>
		</bndbox>
	</object>
	<object>
		<name>sp20</name>
		<pose>Unspecified</pose>
		<truncated>0</truncated>
		<difficult>0</difficult>
		<bndbox>
			<xmin>1453</xmin>
			<ymin>2111</ymin>
			<xmax>1545</xmax>
			<ymax>2197</ymax>
		</bndbox>
	</object>
	<object>
		<name>sp20</name>
		<pose>Unspecified</pose>
		<truncated>0</truncated>
		<difficult>0</difficult>
		<bndbox>
			<xmin>1481</xmin>
			<ymin>2196</ymin>
			<xmax>1576</xmax>
			<ymax>2299</ymax>
		</bndbox>
	</object>
	<object>
		<name>sp20</name>
		<pose>Unspecified</pose>
		<truncated>0</truncated>
		<difficult>0</difficult>
		<bndbox>
			<xmin>1438</xmin>
			<ymin>2291</ymin>
			<xmax>1558</xmax>
			<ymax>2396</ymax>
		</bndbox>
	</object>
	<object>
		<name>sp20</name>
		<pose>Unspecified</pose>
		<truncated>0</truncated>
		<difficult>0</difficult>
		<bndbox>
			<xmin>1173</xmin>
			<ymin>2486</ymin>
			<xmax>1310</xmax>
			<ymax>2601</ymax>
		</bndbox>
	</object>
	<object>
		<name>sp20</name>
		<pose>Unspecified</pose>
		<truncated>0</truncated>
		<difficult>0</difficult>
		<bndbox>
			<xmin>1323</xmin>
			<ymin>2246</ymin>
			<xmax>1410</xmax>
			<ymax>2327</ymax>
		</bndbox>
	</object>
	<object>
		<name>sp20</name>
		<pose>Unspecified</pose>
		<truncated>0</truncated>
		<difficult>0</difficult>
		<bndbox>
			<xmin>1306</xmin>
			<ymin>2205</ymin>
			<xmax>1383</xmax>
			<ymax>2259</ymax>
		</bndbox>
	</object>
	<object>
		<name>sp20</name>
		<pose>Unspecified</pose>
		<truncated>0</truncated>
		<difficult>0</difficult>
		<bndbox>
			<xmin>1256</xmin>
			<ymin>2218</ymin>
			<xmax>1338</xmax>
			<ymax>2325</ymax>
		</bndbox>
	</object>
	<object>
		<name>sp20</name>
		<pose>Unspecified</pose>
		<truncated>0</truncated>
		<difficult>0</difficult>
		<bndbox>
			<xmin>1196</xmin>
			<ymin>2186</ymin>
			<xmax>1273</xmax>
			<ymax>2248</ymax>
		</bndbox>
	</object>
	<object>
		<name>sp20</name>
		<pose>Unspecified</pose>
		<truncated>0</truncated>
		<difficult>0</difficult>
		<bndbox>
			<xmin>1201</xmin>
			<ymin>2233</ymin>
			<xmax>1267</xmax>
			<ymax>2306</ymax>
		</bndbox>
	</object>
	<object>
		<name>sp20</name>
		<pose>Unspecified</pose>
		<truncated>0</truncated>
		<difficult>0</difficult>
		<bndbox>
			<xmin>1121</xmin>
			<ymin>2199</ymin>
			<xmax>1224</xmax>
			<ymax>2267</ymax>
		</bndbox>
	</object>
	<object>
		<name>sp20</name>
		<pose>Unspecified</pose>
		<truncated>0</truncated>
		<difficult>0</difficult>
		<bndbox>
			<xmin>1125</xmin>
			<ymin>2256</ymin>
			<xmax>1211</xmax>
			<ymax>2336</ymax>
		</bndbox>
	</object>
	<object>
		<name>sp20</name>
		<pose>Unspecified</pose>
		<truncated>0</truncated>
		<difficult>0</difficult>
		<bndbox>
			<xmin>1155</xmin>
			<ymin>2066</ymin>
			<xmax>1254</xmax>
			<ymax>2162</ymax>
		</bndbox>
	</object>
	<object>
		<name>sp20</name>
		<pose>Unspecified</pose>
		<truncated>0</truncated>
		<difficult>0</difficult>
		<bndbox>
			<xmin>1046</xmin>
			<ymin>2036</ymin>
			<xmax>1158</xmax>
			<ymax>2145</ymax>
		</bndbox>
	</object>
	<object>
		<name>sp20</name>
		<pose>Unspecified</pose>
		<truncated>0</truncated>
		<difficult>0</difficult>
		<bndbox>
			<xmin>1051</xmin>
			<ymin>2147</ymin>
			<xmax>1149</xmax>
			<ymax>2226</ymax>
		</bndbox>
	</object>
	<object>
		<name>sp20</name>
		<pose>Unspecified</pose>
		<truncated>0</truncated>
		<difficult>0</difficult>
		<bndbox>
			<xmin>1004</xmin>
			<ymin>2184</ymin>
			<xmax>1113</xmax>
			<ymax>2276</ymax>
		</bndbox>
	</object>
	<object>
		<name>sp20</name>
		<pose>Unspecified</pose>
		<truncated>0</truncated>
		<difficult>0</difficult>
		<bndbox>
			<xmin>929</xmin>
			<ymin>2164</ymin>
			<xmax>1016</xmax>
			<ymax>2248</ymax>
		</bndbox>
	</object>
	<object>
		<name>sp20</name>
		<pose>Unspecified</pose>
		<truncated>0</truncated>
		<difficult>0</difficult>
		<bndbox>
			<xmin>950</xmin>
			<ymin>2104</ymin>
			<xmax>1031</xmax>
			<ymax>2171</ymax>
		</bndbox>
	</object>
	<object>
		<name>sp20</name>
		<pose>Unspecified</pose>
		<truncated>0</truncated>
		<difficult>0</difficult>
		<bndbox>
			<xmin>924</xmin>
			<ymin>2061</ymin>
			<xmax>999</xmax>
			<ymax>2126</ymax>
		</bndbox>
	</object>
	<object>
		<name>sp20</name>
		<pose>Unspecified</pose>
		<truncated>0</truncated>
		<difficult>0</difficult>
		<bndbox>
			<xmin>950</xmin>
			<ymin>2012</ymin>
			<xmax>1038</xmax>
			<ymax>2096</ymax>
		</bndbox>
	</object>
	<object>
		<name>sp20</name>
		<pose>Unspecified</pose>
		<truncated>0</truncated>
		<difficult>0</difficult>
		<bndbox>
			<xmin>883</xmin>
			<ymin>2032</ymin>
			<xmax>959</xmax>
			<ymax>2102</ymax>
		</bndbox>
	</object>
	<object>
		<name>sp20</name>
		<pose>Unspecified</pose>
		<truncated>0</truncated>
		<difficult>0</difficult>
		<bndbox>
			<xmin>888</xmin>
			<ymin>2102</ymin>
			<xmax>958</xmax>
			<ymax>2181</ymax>
		</bndbox>
	</object>
	<object>
		<name>sp20</name>
		<pose>Unspecified</pose>
		<truncated>0</truncated>
		<difficult>0</difficult>
		<bndbox>
			<xmin>781</xmin>
			<ymin>2252</ymin>
			<xmax>896</xmax>
			<ymax>2351</ymax>
		</bndbox>
	</object>
	<object>
		<name>sp20</name>
		<pose>Unspecified</pose>
		<truncated>0</truncated>
		<difficult>0</difficult>
		<bndbox>
			<xmin>839</xmin>
			<ymin>2132</ymin>
			<xmax>907</xmax>
			<ymax>2182</ymax>
		</bndbox>
	</object>
	<object>
		<name>sp20</name>
		<pose>Unspecified</pose>
		<truncated>0</truncated>
		<difficult>0</difficult>
		<bndbox>
			<xmin>806</xmin>
			<ymin>2145</ymin>
			<xmax>871</xmax>
			<ymax>2235</ymax>
		</bndbox>
	</object>
	<object>
		<name>sp20</name>
		<pose>Unspecified</pose>
		<truncated>0</truncated>
		<difficult>0</difficult>
		<bndbox>
			<xmin>755</xmin>
			<ymin>2166</ymin>
			<xmax>830</xmax>
			<ymax>2259</ymax>
		</bndbox>
	</object>
	<object>
		<name>sp20</name>
		<pose>Unspecified</pose>
		<truncated>0</truncated>
		<difficult>0</difficult>
		<bndbox>
			<xmin>686</xmin>
			<ymin>2115</ymin>
			<xmax>778</xmax>
			<ymax>2207</ymax>
		</bndbox>
	</object>
	<object>
		<name>sp20</name>
		<pose>Unspecified</pose>
		<truncated>0</truncated>
		<difficult>0</difficult>
		<bndbox>
			<xmin>821</xmin>
			<ymin>2055</ymin>
			<xmax>899</xmax>
			<ymax>2137</ymax>
		</bndbox>
	</object>
	<object>
		<name>sp20</name>
		<pose>Unspecified</pose>
		<truncated>0</truncated>
		<difficult>0</difficult>
		<bndbox>
			<xmin>793</xmin>
			<ymin>2068</ymin>
			<xmax>851</xmax>
			<ymax>2147</ymax>
		</bndbox>
	</object>
	<object>
		<name>sp20</name>
		<pose>Unspecified</pose>
		<truncated>0</truncated>
		<difficult>0</difficult>
		<bndbox>
			<xmin>748</xmin>
			<ymin>2068</ymin>
			<xmax>824</xmax>
			<ymax>2167</ymax>
		</bndbox>
	</object>
	<object>
		<name>sp20</name>
		<pose>Unspecified</pose>
		<truncated>0</truncated>
		<difficult>0</difficult>
		<bndbox>
			<xmin>839</xmin>
			<ymin>1963</ymin>
			<xmax>922</xmax>
			<ymax>2046</ymax>
		</bndbox>
	</object>
	<object>
		<name>sp20</name>
		<pose>Unspecified</pose>
		<truncated>0</truncated>
		<difficult>0</difficult>
		<bndbox>
			<xmin>768</xmin>
			<ymin>1980</ymin>
			<xmax>828</xmax>
			<ymax>2070</ymax>
		</bndbox>
	</object>
	<object>
		<name>sp20</name>
		<pose>Unspecified</pose>
		<truncated>0</truncated>
		<difficult>0</difficult>
		<bndbox>
			<xmin>731</xmin>
			<ymin>1980</ymin>
			<xmax>779</xmax>
			<ymax>2064</ymax>
		</bndbox>
	</object>
	<object>
		<name>sp20</name>
		<pose>Unspecified</pose>
		<truncated>0</truncated>
		<difficult>0</difficult>
		<bndbox>
			<xmin>674</xmin>
			<ymin>1971</ymin>
			<xmax>740</xmax>
			<ymax>2047</ymax>
		</bndbox>
	</object>
	<object>
		<name>sp20</name>
		<pose>Unspecified</pose>
		<truncated>0</truncated>
		<difficult>0</difficult>
		<bndbox>
			<xmin>646</xmin>
			<ymin>1931</ymin>
			<xmax>731</xmax>
			<ymax>2012</ymax>
		</bndbox>
	</object>
	<object>
		<name>sp20</name>
		<pose>Unspecified</pose>
		<truncated>0</truncated>
		<difficult>0</difficult>
		<bndbox>
			<xmin>579</xmin>
			<ymin>1967</ymin>
			<xmax>680</xmax>
			<ymax>2062</ymax>
		</bndbox>
	</object>
	<object>
		<name>sp20</name>
		<pose>Unspecified</pose>
		<truncated>0</truncated>
		<difficult>0</difficult>
		<bndbox>
			<xmin>774</xmin>
			<ymin>1790</ymin>
			<xmax>883</xmax>
			<ymax>1907</ymax>
		</bndbox>
	</object>
	<object>
		<name>sp20</name>
		<pose>Unspecified</pose>
		<truncated>0</truncated>
		<difficult>0</difficult>
		<bndbox>
			<xmin>511</xmin>
			<ymin>1751</ymin>
			<xmax>637</xmax>
			<ymax>1860</ymax>
		</bndbox>
	</object>
	<object>
		<name>sp20</name>
		<pose>Unspecified</pose>
		<truncated>0</truncated>
		<difficult>0</difficult>
		<bndbox>
			<xmin>474</xmin>
			<ymin>1665</ymin>
			<xmax>594</xmax>
			<ymax>1762</ymax>
		</bndbox>
	</object>
	<object>
		<name>sp20</name>
		<pose>Unspecified</pose>
		<truncated>0</truncated>
		<difficult>0</difficult>
		<bndbox>
			<xmin>472</xmin>
			<ymin>1580</ymin>
			<xmax>564</xmax>
			<ymax>1676</ymax>
		</bndbox>
	</object>
	<object>
		<name>sp20</name>
		<pose>Unspecified</pose>
		<truncated>0</truncated>
		<difficult>0</difficult>
		<bndbox>
			<xmin>402</xmin>
			<ymin>1522</ymin>
			<xmax>517</xmax>
			<ymax>1624</ymax>
		</bndbox>
	</object>
	<object>
		<name>sp20</name>
		<pose>Unspecified</pose>
		<truncated>0</truncated>
		<difficult>0</difficult>
		<bndbox>
			<xmin>391</xmin>
			<ymin>1406</ymin>
			<xmax>507</xmax>
			<ymax>1504</ymax>
		</bndbox>
	</object>
	<object>
		<name>sp20</name>
		<pose>Unspecified</pose>
		<truncated>0</truncated>
		<difficult>0</difficult>
		<bndbox>
			<xmin>380</xmin>
			<ymin>1324</ymin>
			<xmax>489</xmax>
			<ymax>1421</ymax>
		</bndbox>
	</object>
	<object>
		<name>sp20</name>
		<pose>Unspecified</pose>
		<truncated>0</truncated>
		<difficult>0</difficult>
		<bndbox>
			<xmin>663</xmin>
			<ymin>1395</ymin>
			<xmax>764</xmax>
			<ymax>1487</ymax>
		</bndbox>
	</object>
	<object>
		<name>sp20</name>
		<pose>Unspecified</pose>
		<truncated>0</truncated>
		<difficult>0</difficult>
		<bndbox>
			<xmin>691</xmin>
			<ymin>1543</ymin>
			<xmax>821</xmax>
			<ymax>1659</ymax>
		</bndbox>
	</object>
	<object>
		<name>sp20</name>
		<pose>Unspecified</pose>
		<truncated>0</truncated>
		<difficult>0</difficult>
		<bndbox>
			<xmin>633</xmin>
			<ymin>1157</ymin>
			<xmax>761</xmax>
			<ymax>1282</ymax>
		</bndbox>
	</object>
	<object>
		<name>sp20</name>
		<pose>Unspecified</pose>
		<truncated>0</truncated>
		<difficult>0</difficult>
		<bndbox>
			<xmin>489</xmin>
			<ymin>838</ymin>
			<xmax>594</xmax>
			<ymax>939</ymax>
		</bndbox>
	</object>
	<object>
		<name>sp20</name>
		<pose>Unspecified</pose>
		<truncated>0</truncated>
		<difficult>0</difficult>
		<bndbox>
			<xmin>449</xmin>
			<ymin>759</ymin>
			<xmax>558</xmax>
			<ymax>853</ymax>
		</bndbox>
	</object>
</annotation>