<annotation>
	<folder>my-project-name</folder>
	<filename>sp20_img01.jpg</filename>
	<path>/my-project-name/sp20_img01.jpg</path>
	<source>
		<database>Unspecified</database>
	</source>
	<size>
		<width>2659</width>
		<height>2686</height>
		<depth>3</depth>
	</size>
	<object>
		<name>sp20</name>
		<pose>Unspecified</pose>
		<truncated>0</truncated>
		<difficult>0</difficult>
		<bndbox>
			<xmin>1240</xmin>
			<ymin>303</ymin>
			<xmax>1374</xmax>
			<ymax>456</ymax>
		</bndbox>
	</object>
	<object>
		<name>sp20</name>
		<pose>Unspecified</pose>
		<truncated>0</truncated>
		<difficult>0</difficult>
		<bndbox>
			<xmin>1477</xmin>
			<ymin>823</ymin>
			<xmax>1617</xmax>
			<ymax>964</ymax>
		</bndbox>
	</object>
	<object>
		<name>sp20</name>
		<pose>Unspecified</pose>
		<truncated>0</truncated>
		<difficult>0</difficult>
		<bndbox>
			<xmin>1675</xmin>
			<ymin>718</ymin>
			<xmax>1795</xmax>
			<ymax>858</ymax>
		</bndbox>
	</object>
	<object>
		<name>sp20</name>
		<pose>Unspecified</pose>
		<truncated>0</truncated>
		<difficult>0</difficult>
		<bndbox>
			<xmin>2083</xmin>
			<ymin>790</ymin>
			<xmax>2217</xmax>
			<ymax>931</ymax>
		</bndbox>
	</object>
	<object>
		<name>sp20</name>
		<pose>Unspecified</pose>
		<truncated>0</truncated>
		<difficult>0</difficult>
		<bndbox>
			<xmin>1866</xmin>
			<ymin>1219</ymin>
			<xmax>1980</xmax>
			<ymax>1366</ymax>
		</bndbox>
	</object>
	<object>
		<name>sp20</name>
		<pose>Unspecified</pose>
		<truncated>0</truncated>
		<difficult>0</difficult>
		<bndbox>
			<xmin>1938</xmin>
			<ymin>1311</ymin>
			<xmax>2046</xmax>
			<ymax>1458</ymax>
		</bndbox>
	</object>
	<object>
		<name>sp20</name>
		<pose>Unspecified</pose>
		<truncated>0</truncated>
		<difficult>0</difficult>
		<bndbox>
			<xmin>2103</xmin>
			<ymin>1522</ymin>
			<xmax>2237</xmax>
			<ymax>1642</ymax>
		</bndbox>
	</object>
	<object>
		<name>sp20</name>
		<pose>Unspecified</pose>
		<truncated>0</truncated>
		<difficult>0</difficult>
		<bndbox>
			<xmin>2030</xmin>
			<ymin>1370</ymin>
			<xmax>2164</xmax>
			<ymax>1517</ymax>
		</bndbox>
	</object>
	<object>
		<name>sp20</name>
		<pose>Unspecified</pose>
		<truncated>0</truncated>
		<difficult>0</difficult>
		<bndbox>
			<xmin>2182</xmin>
			<ymin>1726</ymin>
			<xmax>2316</xmax>
			<ymax>1853</ymax>
		</bndbox>
	</object>
	<object>
		<name>sp20</name>
		<pose>Unspecified</pose>
		<truncated>0</truncated>
		<difficult>0</difficult>
		<bndbox>
			<xmin>2182</xmin>
			<ymin>1436</ymin>
			<xmax>2276</xmax>
			<ymax>1563</ymax>
		</bndbox>
	</object>
	<object>
		<name>sp20</name>
		<pose>Unspecified</pose>
		<truncated>0</truncated>
		<difficult>0</difficult>
		<bndbox>
			<xmin>2057</xmin>
			<ymin>1864</ymin>
			<xmax>2190</xmax>
			<ymax>1998</ymax>
		</bndbox>
	</object>
	<object>
		<name>sp20</name>
		<pose>Unspecified</pose>
		<truncated>0</truncated>
		<difficult>0</difficult>
		<bndbox>
			<xmin>1971</xmin>
			<ymin>1963</ymin>
			<xmax>2105</xmax>
			<ymax>2117</ymax>
		</bndbox>
	</object>
	<object>
		<name>sp20</name>
		<pose>Unspecified</pose>
		<truncated>0</truncated>
		<difficult>0</difficult>
		<bndbox>
			<xmin>1563</xmin>
			<ymin>2121</ymin>
			<xmax>1716</xmax>
			<ymax>2262</ymax>
		</bndbox>
	</object>
	<object>
		<name>sp20</name>
		<pose>Unspecified</pose>
		<truncated>0</truncated>
		<difficult>0</difficult>
		<bndbox>
			<xmin>1451</xmin>
			<ymin>2200</ymin>
			<xmax>1584</xmax>
			<ymax>2321</ymax>
		</bndbox>
	</object>
	<object>
		<name>sp20</name>
		<pose>Unspecified</pose>
		<truncated>0</truncated>
		<difficult>0</difficult>
		<bndbox>
			<xmin>1424</xmin>
			<ymin>1667</ymin>
			<xmax>1551</xmax>
			<ymax>1807</ymax>
		</bndbox>
	</object>
	<object>
		<name>sp20</name>
		<pose>Unspecified</pose>
		<truncated>0</truncated>
		<difficult>0</difficult>
		<bndbox>
			<xmin>1319</xmin>
			<ymin>1627</ymin>
			<xmax>1446</xmax>
			<ymax>1781</ymax>
		</bndbox>
	</object>
	<object>
		<name>sp20</name>
		<pose>Unspecified</pose>
		<truncated>0</truncated>
		<difficult>0</difficult>
		<bndbox>
			<xmin>1101</xmin>
			<ymin>1344</ymin>
			<xmax>1229</xmax>
			<ymax>1484</ymax>
		</bndbox>
	</object>
	<object>
		<name>sp20</name>
		<pose>Unspecified</pose>
		<truncated>0</truncated>
		<difficult>0</difficult>
		<bndbox>
			<xmin>1154</xmin>
			<ymin>1416</ymin>
			<xmax>1281</xmax>
			<ymax>1543</ymax>
		</bndbox>
	</object>
	<object>
		<name>sp20</name>
		<pose>Unspecified</pose>
		<truncated>0</truncated>
		<difficult>0</difficult>
		<bndbox>
			<xmin>759</xmin>
			<ymin>1271</ymin>
			<xmax>899</xmax>
			<ymax>1418</ymax>
		</bndbox>
	</object>
	<object>
		<name>sp20</name>
		<pose>Unspecified</pose>
		<truncated>0</truncated>
		<difficult>0</difficult>
		<bndbox>
			<xmin>891</xmin>
			<ymin>1647</ymin>
			<xmax>1051</xmax>
			<ymax>1781</ymax>
		</bndbox>
	</object>
	<object>
		<name>sp20</name>
		<pose>Unspecified</pose>
		<truncated>0</truncated>
		<difficult>0</difficult>
		<bndbox>
			<xmin>640</xmin>
			<ymin>1693</ymin>
			<xmax>708</xmax>
			<ymax>1781</ymax>
		</bndbox>
	</object>
	<object>
		<name>sp20</name>
		<pose>Unspecified</pose>
		<truncated>0</truncated>
		<difficult>0</difficult>
		<bndbox>
			<xmin>581</xmin>
			<ymin>1765</ymin>
			<xmax>702</xmax>
			<ymax>1879</ymax>
		</bndbox>
	</object>
	<object>
		<name>sp20</name>
		<pose>Unspecified</pose>
		<truncated>0</truncated>
		<difficult>0</difficult>
		<bndbox>
			<xmin>667</xmin>
			<ymin>1752</ymin>
			<xmax>781</xmax>
			<ymax>1866</ymax>
		</bndbox>
	</object>
	<object>
		<name>sp20</name>
		<pose>Unspecified</pose>
		<truncated>0</truncated>
		<difficult>0</difficult>
		<bndbox>
			<xmin>667</xmin>
			<ymin>1851</ymin>
			<xmax>794</xmax>
			<ymax>1972</ymax>
		</bndbox>
	</object>
	<object>
		<name>sp20</name>
		<pose>Unspecified</pose>
		<truncated>0</truncated>
		<difficult>0</difficult>
		<bndbox>
			<xmin>304</xmin>
			<ymin>1113</ymin>
			<xmax>438</xmax>
			<ymax>1240</ymax>
		</bndbox>
	</object>
	<object>
		<name>sp20</name>
		<pose>Unspecified</pose>
		<truncated>0</truncated>
		<difficult>0</difficult>
		<bndbox>
			<xmin>285</xmin>
			<ymin>1258</ymin>
			<xmax>445</xmax>
			<ymax>1398</ymax>
		</bndbox>
	</object>
	<object>
		<name>sp20</name>
		<pose>Unspecified</pose>
		<truncated>0</truncated>
		<difficult>0</difficult>
		<bndbox>
			<xmin>364</xmin>
			<ymin>1390</ymin>
			<xmax>497</xmax>
			<ymax>1524</ymax>
		</bndbox>
	</object>
	<object>
		<name>sp20</name>
		<pose>Unspecified</pose>
		<truncated>0</truncated>
		<difficult>0</difficult>
		<bndbox>
			<xmin>910</xmin>
			<ymin>2431</ymin>
			<xmax>1057</xmax>
			<ymax>2551</ymax>
		</bndbox>
	</object>
	<object>
		<name>sp20</name>
		<pose>Unspecified</pose>
		<truncated>0</truncated>
		<difficult>0</difficult>
		<bndbox>
			<xmin>291</xmin>
			<ymin>612</ymin>
			<xmax>361</xmax>
			<ymax>699</ymax>
		</bndbox>
	</object>
	<object>
		<name>sp20</name>
		<pose>Unspecified</pose>
		<truncated>0</truncated>
		<difficult>0</difficult>
		<bndbox>
			<xmin>336</xmin>
			<ymin>542</ymin>
			<xmax>434</xmax>
			<ymax>664</ymax>
		</bndbox>
	</object>
	<object>
		<name>sp20</name>
		<pose>Unspecified</pose>
		<truncated>0</truncated>
		<difficult>0</difficult>
		<bndbox>
			<xmin>476</xmin>
			<ymin>392</ymin>
			<xmax>581</xmax>
			<ymax>479</ymax>
		</bndbox>
	</object>
</annotation>