<annotation>
	<folder>my-project-name</folder>
	<filename>sp21_img42.jpg</filename>
	<path>/my-project-name/sp21_img42.jpg</path>
	<source>
		<database>Unspecified</database>
	</source>
	<size>
		<width>5654</width>
		<height>5575</height>
		<depth>3</depth>
	</size>
	<object>
		<name>sp21</name>
		<pose>Unspecified</pose>
		<truncated>0</truncated>
		<difficult>0</difficult>
		<bndbox>
			<xmin>1798</xmin>
			<ymin>1445</ymin>
			<xmax>1933</xmax>
			<ymax>1563</ymax>
		</bndbox>
	</object>
	<object>
		<name>sp21</name>
		<pose>Unspecified</pose>
		<truncated>0</truncated>
		<difficult>0</difficult>
		<bndbox>
			<xmin>4799</xmin>
			<ymin>3584</ymin>
			<xmax>4956</xmax>
			<ymax>3741</ymax>
		</bndbox>
	</object>
	<object>
		<name>sp21</name>
		<pose>Unspecified</pose>
		<truncated>0</truncated>
		<difficult>0</difficult>
		<bndbox>
			<xmin>4133</xmin>
			<ymin>3662</ymin>
			<xmax>4237</xmax>
			<ymax>3767</ymax>
		</bndbox>
	</object>
	<object>
		<name>sp21</name>
		<pose>Unspecified</pose>
		<truncated>0</truncated>
		<difficult>0</difficult>
		<bndbox>
			<xmin>3789</xmin>
			<ymin>3697</ymin>
			<xmax>3889</xmax>
			<ymax>3801</ymax>
		</bndbox>
	</object>
	<object>
		<name>sp21</name>
		<pose>Unspecified</pose>
		<truncated>0</truncated>
		<difficult>0</difficult>
		<bndbox>
			<xmin>2286</xmin>
			<ymin>3183</ymin>
			<xmax>2404</xmax>
			<ymax>3257</ymax>
		</bndbox>
	</object>
	<object>
		<name>sp21</name>
		<pose>Unspecified</pose>
		<truncated>0</truncated>
		<difficult>0</difficult>
		<bndbox>
			<xmin>2446</xmin>
			<ymin>374</ymin>
			<xmax>2578</xmax>
			<ymax>504</ymax>
		</bndbox>
	</object>
	<object>
		<name>sp21</name>
		<pose>Unspecified</pose>
		<truncated>0</truncated>
		<difficult>0</difficult>
		<bndbox>
			<xmin>2243</xmin>
			<ymin>551</ymin>
			<xmax>2351</xmax>
			<ymax>686</ymax>
		</bndbox>
	</object>
	<object>
		<name>sp21</name>
		<pose>Unspecified</pose>
		<truncated>0</truncated>
		<difficult>0</difficult>
		<bndbox>
			<xmin>2169</xmin>
			<ymin>559</ymin>
			<xmax>2280</xmax>
			<ymax>689</ymax>
		</bndbox>
	</object>
	<object>
		<name>sp21</name>
		<pose>Unspecified</pose>
		<truncated>0</truncated>
		<difficult>0</difficult>
		<bndbox>
			<xmin>1846</xmin>
			<ymin>502</ymin>
			<xmax>1983</xmax>
			<ymax>628</ymax>
		</bndbox>
	</object>
	<object>
		<name>sp21</name>
		<pose>Unspecified</pose>
		<truncated>0</truncated>
		<difficult>0</difficult>
		<bndbox>
			<xmin>1755</xmin>
			<ymin>558</ymin>
			<xmax>1902</xmax>
			<ymax>674</ymax>
		</bndbox>
	</object>
	<object>
		<name>sp21</name>
		<pose>Unspecified</pose>
		<truncated>0</truncated>
		<difficult>0</difficult>
		<bndbox>
			<xmin>1689</xmin>
			<ymin>607</ymin>
			<xmax>1813</xmax>
			<ymax>726</ymax>
		</bndbox>
	</object>
	<object>
		<name>sp21</name>
		<pose>Unspecified</pose>
		<truncated>0</truncated>
		<difficult>0</difficult>
		<bndbox>
			<xmin>1207</xmin>
			<ymin>548</ymin>
			<xmax>1351</xmax>
			<ymax>692</ymax>
		</bndbox>
	</object>
	<object>
		<name>sp21</name>
		<pose>Unspecified</pose>
		<truncated>0</truncated>
		<difficult>0</difficult>
		<bndbox>
			<xmin>1525</xmin>
			<ymin>859</ymin>
			<xmax>1693</xmax>
			<ymax>1007</ymax>
		</bndbox>
	</object>
	<object>
		<name>sp21</name>
		<pose>Unspecified</pose>
		<truncated>0</truncated>
		<difficult>0</difficult>
		<bndbox>
			<xmin>2382</xmin>
			<ymin>698</ymin>
			<xmax>2531</xmax>
			<ymax>838</ymax>
		</bndbox>
	</object>
	<object>
		<name>sp21</name>
		<pose>Unspecified</pose>
		<truncated>0</truncated>
		<difficult>0</difficult>
		<bndbox>
			<xmin>1871</xmin>
			<ymin>1089</ymin>
			<xmax>2000</xmax>
			<ymax>1208</ymax>
		</bndbox>
	</object>
	<object>
		<name>sp21</name>
		<pose>Unspecified</pose>
		<truncated>0</truncated>
		<difficult>0</difficult>
		<bndbox>
			<xmin>1412</xmin>
			<ymin>1156</ymin>
			<xmax>1570</xmax>
			<ymax>1274</ymax>
		</bndbox>
	</object>
	<object>
		<name>sp21</name>
		<pose>Unspecified</pose>
		<truncated>0</truncated>
		<difficult>0</difficult>
		<bndbox>
			<xmin>3208</xmin>
			<ymin>767</ymin>
			<xmax>3339</xmax>
			<ymax>899</ymax>
		</bndbox>
	</object>
	<object>
		<name>sp21</name>
		<pose>Unspecified</pose>
		<truncated>0</truncated>
		<difficult>0</difficult>
		<bndbox>
			<xmin>2878</xmin>
			<ymin>827</ymin>
			<xmax>3006</xmax>
			<ymax>954</ymax>
		</bndbox>
	</object>
	<object>
		<name>sp21</name>
		<pose>Unspecified</pose>
		<truncated>0</truncated>
		<difficult>0</difficult>
		<bndbox>
			<xmin>3287</xmin>
			<ymin>943</ymin>
			<xmax>3410</xmax>
			<ymax>1073</ymax>
		</bndbox>
	</object>
	<object>
		<name>sp21</name>
		<pose>Unspecified</pose>
		<truncated>0</truncated>
		<difficult>0</difficult>
		<bndbox>
			<xmin>2902</xmin>
			<ymin>1043</ymin>
			<xmax>3034</xmax>
			<ymax>1171</ymax>
		</bndbox>
	</object>
	<object>
		<name>sp21</name>
		<pose>Unspecified</pose>
		<truncated>0</truncated>
		<difficult>0</difficult>
		<bndbox>
			<xmin>3062</xmin>
			<ymin>1078</ymin>
			<xmax>3190</xmax>
			<ymax>1188</ymax>
		</bndbox>
	</object>
	<object>
		<name>sp21</name>
		<pose>Unspecified</pose>
		<truncated>0</truncated>
		<difficult>0</difficult>
		<bndbox>
			<xmin>3173</xmin>
			<ymin>1049</ymin>
			<xmax>3300</xmax>
			<ymax>1173</ymax>
		</bndbox>
	</object>
	<object>
		<name>sp21</name>
		<pose>Unspecified</pose>
		<truncated>0</truncated>
		<difficult>0</difficult>
		<bndbox>
			<xmin>3563</xmin>
			<ymin>1072</ymin>
			<xmax>3700</xmax>
			<ymax>1203</ymax>
		</bndbox>
	</object>
	<object>
		<name>sp21</name>
		<pose>Unspecified</pose>
		<truncated>0</truncated>
		<difficult>0</difficult>
		<bndbox>
			<xmin>3025</xmin>
			<ymin>1174</ymin>
			<xmax>3126</xmax>
			<ymax>1278</ymax>
		</bndbox>
	</object>
	<object>
		<name>sp21</name>
		<pose>Unspecified</pose>
		<truncated>0</truncated>
		<difficult>0</difficult>
		<bndbox>
			<xmin>2973</xmin>
			<ymin>1301</ymin>
			<xmax>3109</xmax>
			<ymax>1418</ymax>
		</bndbox>
	</object>
	<object>
		<name>sp21</name>
		<pose>Unspecified</pose>
		<truncated>0</truncated>
		<difficult>0</difficult>
		<bndbox>
			<xmin>2788</xmin>
			<ymin>1318</ymin>
			<xmax>2921</xmax>
			<ymax>1439</ymax>
		</bndbox>
	</object>
	<object>
		<name>sp21</name>
		<pose>Unspecified</pose>
		<truncated>0</truncated>
		<difficult>0</difficult>
		<bndbox>
			<xmin>2619</xmin>
			<ymin>1323</ymin>
			<xmax>2749</xmax>
			<ymax>1447</ymax>
		</bndbox>
	</object>
	<object>
		<name>sp21</name>
		<pose>Unspecified</pose>
		<truncated>0</truncated>
		<difficult>0</difficult>
		<bndbox>
			<xmin>2344</xmin>
			<ymin>1151</ymin>
			<xmax>2491</xmax>
			<ymax>1278</ymax>
		</bndbox>
	</object>
	<object>
		<name>sp21</name>
		<pose>Unspecified</pose>
		<truncated>0</truncated>
		<difficult>0</difficult>
		<bndbox>
			<xmin>2390</xmin>
			<ymin>1349</ymin>
			<xmax>2529</xmax>
			<ymax>1474</ymax>
		</bndbox>
	</object>
	<object>
		<name>sp21</name>
		<pose>Unspecified</pose>
		<truncated>0</truncated>
		<difficult>0</difficult>
		<bndbox>
			<xmin>2006</xmin>
			<ymin>1491</ymin>
			<xmax>2133</xmax>
			<ymax>1609</ymax>
		</bndbox>
	</object>
	<object>
		<name>sp21</name>
		<pose>Unspecified</pose>
		<truncated>0</truncated>
		<difficult>0</difficult>
		<bndbox>
			<xmin>2772</xmin>
			<ymin>1503</ymin>
			<xmax>2912</xmax>
			<ymax>1624</ymax>
		</bndbox>
	</object>
	<object>
		<name>sp21</name>
		<pose>Unspecified</pose>
		<truncated>0</truncated>
		<difficult>0</difficult>
		<bndbox>
			<xmin>3559</xmin>
			<ymin>310</ymin>
			<xmax>3703</xmax>
			<ymax>441</ymax>
		</bndbox>
	</object>
	<object>
		<name>sp21</name>
		<pose>Unspecified</pose>
		<truncated>0</truncated>
		<difficult>0</difficult>
		<bndbox>
			<xmin>4102</xmin>
			<ymin>457</ymin>
			<xmax>4255</xmax>
			<ymax>611</ymax>
		</bndbox>
	</object>
	<object>
		<name>sp21</name>
		<pose>Unspecified</pose>
		<truncated>0</truncated>
		<difficult>0</difficult>
		<bndbox>
			<xmin>4292</xmin>
			<ymin>548</ymin>
			<xmax>4434</xmax>
			<ymax>700</ymax>
		</bndbox>
	</object>
	<object>
		<name>sp21</name>
		<pose>Unspecified</pose>
		<truncated>0</truncated>
		<difficult>0</difficult>
		<bndbox>
			<xmin>3788</xmin>
			<ymin>726</ymin>
			<xmax>3928</xmax>
			<ymax>862</ymax>
		</bndbox>
	</object>
	<object>
		<name>sp21</name>
		<pose>Unspecified</pose>
		<truncated>0</truncated>
		<difficult>0</difficult>
		<bndbox>
			<xmin>4260</xmin>
			<ymin>980</ymin>
			<xmax>4387</xmax>
			<ymax>1098</ymax>
		</bndbox>
	</object>
	<object>
		<name>sp21</name>
		<pose>Unspecified</pose>
		<truncated>0</truncated>
		<difficult>0</difficult>
		<bndbox>
			<xmin>3923</xmin>
			<ymin>1135</ymin>
			<xmax>4050</xmax>
			<ymax>1257</ymax>
		</bndbox>
	</object>
	<object>
		<name>sp21</name>
		<pose>Unspecified</pose>
		<truncated>0</truncated>
		<difficult>0</difficult>
		<bndbox>
			<xmin>4321</xmin>
			<ymin>1079</ymin>
			<xmax>4451</xmax>
			<ymax>1194</ymax>
		</bndbox>
	</object>
	<object>
		<name>sp21</name>
		<pose>Unspecified</pose>
		<truncated>0</truncated>
		<difficult>0</difficult>
		<bndbox>
			<xmin>4777</xmin>
			<ymin>1231</ymin>
			<xmax>4907</xmax>
			<ymax>1366</ymax>
		</bndbox>
	</object>
	<object>
		<name>sp21</name>
		<pose>Unspecified</pose>
		<truncated>0</truncated>
		<difficult>0</difficult>
		<bndbox>
			<xmin>4382</xmin>
			<ymin>1255</ymin>
			<xmax>4523</xmax>
			<ymax>1378</ymax>
		</bndbox>
	</object>
	<object>
		<name>sp21</name>
		<pose>Unspecified</pose>
		<truncated>0</truncated>
		<difficult>0</difficult>
		<bndbox>
			<xmin>4177</xmin>
			<ymin>1349</ymin>
			<xmax>4307</xmax>
			<ymax>1468</ymax>
		</bndbox>
	</object>
	<object>
		<name>sp21</name>
		<pose>Unspecified</pose>
		<truncated>0</truncated>
		<difficult>0</difficult>
		<bndbox>
			<xmin>4107</xmin>
			<ymin>1433</ymin>
			<xmax>4234</xmax>
			<ymax>1546</ymax>
		</bndbox>
	</object>
	<object>
		<name>sp21</name>
		<pose>Unspecified</pose>
		<truncated>0</truncated>
		<difficult>0</difficult>
		<bndbox>
			<xmin>4349</xmin>
			<ymin>1427</ymin>
			<xmax>4468</xmax>
			<ymax>1534</ymax>
		</bndbox>
	</object>
	<object>
		<name>sp21</name>
		<pose>Unspecified</pose>
		<truncated>0</truncated>
		<difficult>0</difficult>
		<bndbox>
			<xmin>4387</xmin>
			<ymin>1497</ymin>
			<xmax>4509</xmax>
			<ymax>1610</ymax>
		</bndbox>
	</object>
	<object>
		<name>sp21</name>
		<pose>Unspecified</pose>
		<truncated>0</truncated>
		<difficult>0</difficult>
		<bndbox>
			<xmin>4254</xmin>
			<ymin>1584</ymin>
			<xmax>4387</xmax>
			<ymax>1716</ymax>
		</bndbox>
	</object>
	<object>
		<name>sp21</name>
		<pose>Unspecified</pose>
		<truncated>0</truncated>
		<difficult>0</difficult>
		<bndbox>
			<xmin>4394</xmin>
			<ymin>1633</ymin>
			<xmax>4520</xmax>
			<ymax>1753</ymax>
		</bndbox>
	</object>
	<object>
		<name>sp21</name>
		<pose>Unspecified</pose>
		<truncated>0</truncated>
		<difficult>0</difficult>
		<bndbox>
			<xmin>4606</xmin>
			<ymin>1659</ymin>
			<xmax>4719</xmax>
			<ymax>1779</ymax>
		</bndbox>
	</object>
	<object>
		<name>sp21</name>
		<pose>Unspecified</pose>
		<truncated>0</truncated>
		<difficult>0</difficult>
		<bndbox>
			<xmin>4693</xmin>
			<ymin>1652</ymin>
			<xmax>4792</xmax>
			<ymax>1753</ymax>
		</bndbox>
	</object>
	<object>
		<name>sp21</name>
		<pose>Unspecified</pose>
		<truncated>0</truncated>
		<difficult>0</difficult>
		<bndbox>
			<xmin>4956</xmin>
			<ymin>1557</ymin>
			<xmax>5109</xmax>
			<ymax>1682</ymax>
		</bndbox>
	</object>
	<object>
		<name>sp21</name>
		<pose>Unspecified</pose>
		<truncated>0</truncated>
		<difficult>0</difficult>
		<bndbox>
			<xmin>3967</xmin>
			<ymin>1528</ymin>
			<xmax>4108</xmax>
			<ymax>1667</ymax>
		</bndbox>
	</object>
	<object>
		<name>sp21</name>
		<pose>Unspecified</pose>
		<truncated>0</truncated>
		<difficult>0</difficult>
		<bndbox>
			<xmin>3805</xmin>
			<ymin>1523</ymin>
			<xmax>3934</xmax>
			<ymax>1640</ymax>
		</bndbox>
	</object>
	<object>
		<name>sp21</name>
		<pose>Unspecified</pose>
		<truncated>0</truncated>
		<difficult>0</difficult>
		<bndbox>
			<xmin>3599</xmin>
			<ymin>1431</ymin>
			<xmax>3755</xmax>
			<ymax>1558</ymax>
		</bndbox>
	</object>
	<object>
		<name>sp21</name>
		<pose>Unspecified</pose>
		<truncated>0</truncated>
		<difficult>0</difficult>
		<bndbox>
			<xmin>3504</xmin>
			<ymin>1523</ymin>
			<xmax>3628</xmax>
			<ymax>1638</ymax>
		</bndbox>
	</object>
	<object>
		<name>sp21</name>
		<pose>Unspecified</pose>
		<truncated>0</truncated>
		<difficult>0</difficult>
		<bndbox>
			<xmin>3619</xmin>
			<ymin>1678</ymin>
			<xmax>3739</xmax>
			<ymax>1791</ymax>
		</bndbox>
	</object>
	<object>
		<name>sp21</name>
		<pose>Unspecified</pose>
		<truncated>0</truncated>
		<difficult>0</difficult>
		<bndbox>
			<xmin>3824</xmin>
			<ymin>1617</ymin>
			<xmax>3938</xmax>
			<ymax>1727</ymax>
		</bndbox>
	</object>
	<object>
		<name>sp21</name>
		<pose>Unspecified</pose>
		<truncated>0</truncated>
		<difficult>0</difficult>
		<bndbox>
			<xmin>3804</xmin>
			<ymin>1728</ymin>
			<xmax>3949</xmax>
			<ymax>1860</ymax>
		</bndbox>
	</object>
	<object>
		<name>sp21</name>
		<pose>Unspecified</pose>
		<truncated>0</truncated>
		<difficult>0</difficult>
		<bndbox>
			<xmin>4009</xmin>
			<ymin>1705</ymin>
			<xmax>4131</xmax>
			<ymax>1823</ymax>
		</bndbox>
	</object>
	<object>
		<name>sp21</name>
		<pose>Unspecified</pose>
		<truncated>0</truncated>
		<difficult>0</difficult>
		<bndbox>
			<xmin>4425</xmin>
			<ymin>1767</ymin>
			<xmax>4566</xmax>
			<ymax>1880</ymax>
		</bndbox>
	</object>
	<object>
		<name>sp21</name>
		<pose>Unspecified</pose>
		<truncated>0</truncated>
		<difficult>0</difficult>
		<bndbox>
			<xmin>4935</xmin>
			<ymin>1767</ymin>
			<xmax>5077</xmax>
			<ymax>1936</ymax>
		</bndbox>
	</object>
	<object>
		<name>sp21</name>
		<pose>Unspecified</pose>
		<truncated>0</truncated>
		<difficult>0</difficult>
		<bndbox>
			<xmin>4817</xmin>
			<ymin>1815</ymin>
			<xmax>4942</xmax>
			<ymax>1936</ymax>
		</bndbox>
	</object>
	<object>
		<name>sp21</name>
		<pose>Unspecified</pose>
		<truncated>0</truncated>
		<difficult>0</difficult>
		<bndbox>
			<xmin>5000</xmin>
			<ymin>1875</ymin>
			<xmax>5126</xmax>
			<ymax>1981</ymax>
		</bndbox>
	</object>
	<object>
		<name>sp21</name>
		<pose>Unspecified</pose>
		<truncated>0</truncated>
		<difficult>0</difficult>
		<bndbox>
			<xmin>4852</xmin>
			<ymin>2146</ymin>
			<xmax>5003</xmax>
			<ymax>2282</ymax>
		</bndbox>
	</object>
	<object>
		<name>sp21</name>
		<pose>Unspecified</pose>
		<truncated>0</truncated>
		<difficult>0</difficult>
		<bndbox>
			<xmin>4678</xmin>
			<ymin>1996</ymin>
			<xmax>4820</xmax>
			<ymax>2114</ymax>
		</bndbox>
	</object>
	<object>
		<name>sp21</name>
		<pose>Unspecified</pose>
		<truncated>0</truncated>
		<difficult>0</difficult>
		<bndbox>
			<xmin>4590</xmin>
			<ymin>2105</ymin>
			<xmax>4730</xmax>
			<ymax>2230</ymax>
		</bndbox>
	</object>
	<object>
		<name>sp21</name>
		<pose>Unspecified</pose>
		<truncated>0</truncated>
		<difficult>0</difficult>
		<bndbox>
			<xmin>4379</xmin>
			<ymin>1895</ymin>
			<xmax>4511</xmax>
			<ymax>2022</ymax>
		</bndbox>
	</object>
	<object>
		<name>sp21</name>
		<pose>Unspecified</pose>
		<truncated>0</truncated>
		<difficult>0</difficult>
		<bndbox>
			<xmin>4255</xmin>
			<ymin>1883</ymin>
			<xmax>4384</xmax>
			<ymax>2002</ymax>
		</bndbox>
	</object>
	<object>
		<name>sp21</name>
		<pose>Unspecified</pose>
		<truncated>0</truncated>
		<difficult>0</difficult>
		<bndbox>
			<xmin>3902</xmin>
			<ymin>1921</ymin>
			<xmax>4020</xmax>
			<ymax>2037</ymax>
		</bndbox>
	</object>
	<object>
		<name>sp21</name>
		<pose>Unspecified</pose>
		<truncated>0</truncated>
		<difficult>0</difficult>
		<bndbox>
			<xmin>3824</xmin>
			<ymin>1929</ymin>
			<xmax>3934</xmax>
			<ymax>2044</ymax>
		</bndbox>
	</object>
	<object>
		<name>sp21</name>
		<pose>Unspecified</pose>
		<truncated>0</truncated>
		<difficult>0</difficult>
		<bndbox>
			<xmin>4142</xmin>
			<ymin>2062</ymin>
			<xmax>4266</xmax>
			<ymax>2169</ymax>
		</bndbox>
	</object>
	<object>
		<name>sp21</name>
		<pose>Unspecified</pose>
		<truncated>0</truncated>
		<difficult>0</difficult>
		<bndbox>
			<xmin>4117</xmin>
			<ymin>2149</ymin>
			<xmax>4240</xmax>
			<ymax>2250</ymax>
		</bndbox>
	</object>
	<object>
		<name>sp21</name>
		<pose>Unspecified</pose>
		<truncated>0</truncated>
		<difficult>0</difficult>
		<bndbox>
			<xmin>4098</xmin>
			<ymin>2201</ymin>
			<xmax>4220</xmax>
			<ymax>2305</ymax>
		</bndbox>
	</object>
	<object>
		<name>sp21</name>
		<pose>Unspecified</pose>
		<truncated>0</truncated>
		<difficult>0</difficult>
		<bndbox>
			<xmin>4427</xmin>
			<ymin>2192</ymin>
			<xmax>4564</xmax>
			<ymax>2317</ymax>
		</bndbox>
	</object>
	<object>
		<name>sp21</name>
		<pose>Unspecified</pose>
		<truncated>0</truncated>
		<difficult>0</difficult>
		<bndbox>
			<xmin>4759</xmin>
			<ymin>2429</ymin>
			<xmax>4896</xmax>
			<ymax>2556</ymax>
		</bndbox>
	</object>
	<object>
		<name>sp21</name>
		<pose>Unspecified</pose>
		<truncated>0</truncated>
		<difficult>0</difficult>
		<bndbox>
			<xmin>3631</xmin>
			<ymin>2245</ymin>
			<xmax>3776</xmax>
			<ymax>2376</ymax>
		</bndbox>
	</object>
	<object>
		<name>sp21</name>
		<pose>Unspecified</pose>
		<truncated>0</truncated>
		<difficult>0</difficult>
		<bndbox>
			<xmin>4323</xmin>
			<ymin>2336</ymin>
			<xmax>4428</xmax>
			<ymax>2431</ymax>
		</bndbox>
	</object>
	<object>
		<name>sp21</name>
		<pose>Unspecified</pose>
		<truncated>0</truncated>
		<difficult>0</difficult>
		<bndbox>
			<xmin>4450</xmin>
			<ymin>2356</ymin>
			<xmax>4561</xmax>
			<ymax>2451</ymax>
		</bndbox>
	</object>
	<object>
		<name>sp21</name>
		<pose>Unspecified</pose>
		<truncated>0</truncated>
		<difficult>0</difficult>
		<bndbox>
			<xmin>4283</xmin>
			<ymin>2391</ymin>
			<xmax>4365</xmax>
			<ymax>2496</ymax>
		</bndbox>
	</object>
	<object>
		<name>sp21</name>
		<pose>Unspecified</pose>
		<truncated>0</truncated>
		<difficult>0</difficult>
		<bndbox>
			<xmin>4371</xmin>
			<ymin>2415</ymin>
			<xmax>4443</xmax>
			<ymax>2506</ymax>
		</bndbox>
	</object>
	<object>
		<name>sp21</name>
		<pose>Unspecified</pose>
		<truncated>0</truncated>
		<difficult>0</difficult>
		<bndbox>
			<xmin>4454</xmin>
			<ymin>2411</ymin>
			<xmax>4580</xmax>
			<ymax>2510</ymax>
		</bndbox>
	</object>
	<object>
		<name>sp21</name>
		<pose>Unspecified</pose>
		<truncated>0</truncated>
		<difficult>0</difficult>
		<bndbox>
			<xmin>4437</xmin>
			<ymin>2481</ymin>
			<xmax>4528</xmax>
			<ymax>2568</ymax>
		</bndbox>
	</object>
	<object>
		<name>sp21</name>
		<pose>Unspecified</pose>
		<truncated>0</truncated>
		<difficult>0</difficult>
		<bndbox>
			<xmin>4390</xmin>
			<ymin>2527</ymin>
			<xmax>4498</xmax>
			<ymax>2623</ymax>
		</bndbox>
	</object>
	<object>
		<name>sp21</name>
		<pose>Unspecified</pose>
		<truncated>0</truncated>
		<difficult>0</difficult>
		<bndbox>
			<xmin>5296</xmin>
			<ymin>2187</ymin>
			<xmax>5464</xmax>
			<ymax>2342</ymax>
		</bndbox>
	</object>
	<object>
		<name>sp21</name>
		<pose>Unspecified</pose>
		<truncated>0</truncated>
		<difficult>0</difficult>
		<bndbox>
			<xmin>5291</xmin>
			<ymin>2758</ymin>
			<xmax>5449</xmax>
			<ymax>2913</ymax>
		</bndbox>
	</object>
	<object>
		<name>sp21</name>
		<pose>Unspecified</pose>
		<truncated>0</truncated>
		<difficult>0</difficult>
		<bndbox>
			<xmin>4624</xmin>
			<ymin>2668</ymin>
			<xmax>4771</xmax>
			<ymax>2801</ymax>
		</bndbox>
	</object>
	<object>
		<name>sp21</name>
		<pose>Unspecified</pose>
		<truncated>0</truncated>
		<difficult>0</difficult>
		<bndbox>
			<xmin>4517</xmin>
			<ymin>2744</ymin>
			<xmax>4612</xmax>
			<ymax>2824</ymax>
		</bndbox>
	</object>
	<object>
		<name>sp21</name>
		<pose>Unspecified</pose>
		<truncated>0</truncated>
		<difficult>0</difficult>
		<bndbox>
			<xmin>4537</xmin>
			<ymin>2830</ymin>
			<xmax>4627</xmax>
			<ymax>2954</ymax>
		</bndbox>
	</object>
	<object>
		<name>sp21</name>
		<pose>Unspecified</pose>
		<truncated>0</truncated>
		<difficult>0</difficult>
		<bndbox>
			<xmin>4607</xmin>
			<ymin>2847</ymin>
			<xmax>4714</xmax>
			<ymax>2960</ymax>
		</bndbox>
	</object>
	<object>
		<name>sp21</name>
		<pose>Unspecified</pose>
		<truncated>0</truncated>
		<difficult>0</difficult>
		<bndbox>
			<xmin>4812</xmin>
			<ymin>2966</ymin>
			<xmax>4962</xmax>
			<ymax>3106</ymax>
		</bndbox>
	</object>
	<object>
		<name>sp21</name>
		<pose>Unspecified</pose>
		<truncated>0</truncated>
		<difficult>0</difficult>
		<bndbox>
			<xmin>4690</xmin>
			<ymin>3005</ymin>
			<xmax>4814</xmax>
			<ymax>3121</ymax>
		</bndbox>
	</object>
	<object>
		<name>sp21</name>
		<pose>Unspecified</pose>
		<truncated>0</truncated>
		<difficult>0</difficult>
		<bndbox>
			<xmin>4671</xmin>
			<ymin>3073</ymin>
			<xmax>4789</xmax>
			<ymax>3165</ymax>
		</bndbox>
	</object>
	<object>
		<name>sp21</name>
		<pose>Unspecified</pose>
		<truncated>0</truncated>
		<difficult>0</difficult>
		<bndbox>
			<xmin>4722</xmin>
			<ymin>3144</ymin>
			<xmax>4869</xmax>
			<ymax>3265</ymax>
		</bndbox>
	</object>
	<object>
		<name>sp21</name>
		<pose>Unspecified</pose>
		<truncated>0</truncated>
		<difficult>0</difficult>
		<bndbox>
			<xmin>4935</xmin>
			<ymin>3277</ymin>
			<xmax>5042</xmax>
			<ymax>3415</ymax>
		</bndbox>
	</object>
	<object>
		<name>sp21</name>
		<pose>Unspecified</pose>
		<truncated>0</truncated>
		<difficult>0</difficult>
		<bndbox>
			<xmin>5011</xmin>
			<ymin>3288</ymin>
			<xmax>5138</xmax>
			<ymax>3421</ymax>
		</bndbox>
	</object>
	<object>
		<name>sp21</name>
		<pose>Unspecified</pose>
		<truncated>0</truncated>
		<difficult>0</difficult>
		<bndbox>
			<xmin>4433</xmin>
			<ymin>3125</ymin>
			<xmax>4578</xmax>
			<ymax>3248</ymax>
		</bndbox>
	</object>
	<object>
		<name>sp21</name>
		<pose>Unspecified</pose>
		<truncated>0</truncated>
		<difficult>0</difficult>
		<bndbox>
			<xmin>4430</xmin>
			<ymin>3248</ymin>
			<xmax>4572</xmax>
			<ymax>3369</ymax>
		</bndbox>
	</object>
	<object>
		<name>sp21</name>
		<pose>Unspecified</pose>
		<truncated>0</truncated>
		<difficult>0</difficult>
		<bndbox>
			<xmin>4214</xmin>
			<ymin>3153</ymin>
			<xmax>4319</xmax>
			<ymax>3259</ymax>
		</bndbox>
	</object>
	<object>
		<name>sp21</name>
		<pose>Unspecified</pose>
		<truncated>0</truncated>
		<difficult>0</difficult>
		<bndbox>
			<xmin>4131</xmin>
			<ymin>3127</ymin>
			<xmax>4235</xmax>
			<ymax>3245</ymax>
		</bndbox>
	</object>
	<object>
		<name>sp21</name>
		<pose>Unspecified</pose>
		<truncated>0</truncated>
		<difficult>0</difficult>
		<bndbox>
			<xmin>3978</xmin>
			<ymin>3006</ymin>
			<xmax>4108</xmax>
			<ymax>3121</ymax>
		</bndbox>
	</object>
	<object>
		<name>sp21</name>
		<pose>Unspecified</pose>
		<truncated>0</truncated>
		<difficult>0</difficult>
		<bndbox>
			<xmin>4004</xmin>
			<ymin>3191</ymin>
			<xmax>4127</xmax>
			<ymax>3312</ymax>
		</bndbox>
	</object>
	<object>
		<name>sp21</name>
		<pose>Unspecified</pose>
		<truncated>0</truncated>
		<difficult>0</difficult>
		<bndbox>
			<xmin>4339</xmin>
			<ymin>2917</ymin>
			<xmax>4471</xmax>
			<ymax>3024</ymax>
		</bndbox>
	</object>
	<object>
		<name>sp21</name>
		<pose>Unspecified</pose>
		<truncated>0</truncated>
		<difficult>0</difficult>
		<bndbox>
			<xmin>4396</xmin>
			<ymin>2851</ymin>
			<xmax>4459</xmax>
			<ymax>2920</ymax>
		</bndbox>
	</object>
	<object>
		<name>sp21</name>
		<pose>Unspecified</pose>
		<truncated>0</truncated>
		<difficult>0</difficult>
		<bndbox>
			<xmin>4342</xmin>
			<ymin>2825</ymin>
			<xmax>4416</xmax>
			<ymax>2933</ymax>
		</bndbox>
	</object>
	<object>
		<name>sp21</name>
		<pose>Unspecified</pose>
		<truncated>0</truncated>
		<difficult>0</difficult>
		<bndbox>
			<xmin>4281</xmin>
			<ymin>2816</ymin>
			<xmax>4371</xmax>
			<ymax>2913</ymax>
		</bndbox>
	</object>
	<object>
		<name>sp21</name>
		<pose>Unspecified</pose>
		<truncated>0</truncated>
		<difficult>0</difficult>
		<bndbox>
			<xmin>4394</xmin>
			<ymin>2633</ymin>
			<xmax>4506</xmax>
			<ymax>2738</ymax>
		</bndbox>
	</object>
	<object>
		<name>sp21</name>
		<pose>Unspecified</pose>
		<truncated>0</truncated>
		<difficult>0</difficult>
		<bndbox>
			<xmin>4200</xmin>
			<ymin>2604</ymin>
			<xmax>4315</xmax>
			<ymax>2706</ymax>
		</bndbox>
	</object>
	<object>
		<name>sp21</name>
		<pose>Unspecified</pose>
		<truncated>0</truncated>
		<difficult>0</difficult>
		<bndbox>
			<xmin>4326</xmin>
			<ymin>2685</ymin>
			<xmax>4431</xmax>
			<ymax>2784</ymax>
		</bndbox>
	</object>
	<object>
		<name>sp21</name>
		<pose>Unspecified</pose>
		<truncated>0</truncated>
		<difficult>0</difficult>
		<bndbox>
			<xmin>4255</xmin>
			<ymin>2708</ymin>
			<xmax>4355</xmax>
			<ymax>2799</ymax>
		</bndbox>
	</object>
	<object>
		<name>sp21</name>
		<pose>Unspecified</pose>
		<truncated>0</truncated>
		<difficult>0</difficult>
		<bndbox>
			<xmin>4136</xmin>
			<ymin>2721</ymin>
			<xmax>4248</xmax>
			<ymax>2807</ymax>
		</bndbox>
	</object>
	<object>
		<name>sp21</name>
		<pose>Unspecified</pose>
		<truncated>0</truncated>
		<difficult>0</difficult>
		<bndbox>
			<xmin>4142</xmin>
			<ymin>2787</ymin>
			<xmax>4251</xmax>
			<ymax>2887</ymax>
		</bndbox>
	</object>
	<object>
		<name>sp21</name>
		<pose>Unspecified</pose>
		<truncated>0</truncated>
		<difficult>0</difficult>
		<bndbox>
			<xmin>4203</xmin>
			<ymin>2867</ymin>
			<xmax>4310</xmax>
			<ymax>2962</ymax>
		</bndbox>
	</object>
	<object>
		<name>sp21</name>
		<pose>Unspecified</pose>
		<truncated>0</truncated>
		<difficult>0</difficult>
		<bndbox>
			<xmin>4082</xmin>
			<ymin>2833</ymin>
			<xmax>4199</xmax>
			<ymax>2939</ymax>
		</bndbox>
	</object>
	<object>
		<name>sp21</name>
		<pose>Unspecified</pose>
		<truncated>0</truncated>
		<difficult>0</difficult>
		<bndbox>
			<xmin>3980</xmin>
			<ymin>2818</ymin>
			<xmax>4094</xmax>
			<ymax>2928</ymax>
		</bndbox>
	</object>
	<object>
		<name>sp21</name>
		<pose>Unspecified</pose>
		<truncated>0</truncated>
		<difficult>0</difficult>
		<bndbox>
			<xmin>3873</xmin>
			<ymin>2769</ymin>
			<xmax>3978</xmax>
			<ymax>2867</ymax>
		</bndbox>
	</object>
	<object>
		<name>sp21</name>
		<pose>Unspecified</pose>
		<truncated>0</truncated>
		<difficult>0</difficult>
		<bndbox>
			<xmin>3795</xmin>
			<ymin>2775</ymin>
			<xmax>3899</xmax>
			<ymax>2876</ymax>
		</bndbox>
	</object>
	<object>
		<name>sp21</name>
		<pose>Unspecified</pose>
		<truncated>0</truncated>
		<difficult>0</difficult>
		<bndbox>
			<xmin>3821</xmin>
			<ymin>2881</ymin>
			<xmax>3941</xmax>
			<ymax>2994</ymax>
		</bndbox>
	</object>
	<object>
		<name>sp21</name>
		<pose>Unspecified</pose>
		<truncated>0</truncated>
		<difficult>0</difficult>
		<bndbox>
			<xmin>3989</xmin>
			<ymin>2601</ymin>
			<xmax>4094</xmax>
			<ymax>2702</ymax>
		</bndbox>
	</object>
	<object>
		<name>sp21</name>
		<pose>Unspecified</pose>
		<truncated>0</truncated>
		<difficult>0</difficult>
		<bndbox>
			<xmin>4075</xmin>
			<ymin>2594</ymin>
			<xmax>4173</xmax>
			<ymax>2692</ymax>
		</bndbox>
	</object>
	<object>
		<name>sp21</name>
		<pose>Unspecified</pose>
		<truncated>0</truncated>
		<difficult>0</difficult>
		<bndbox>
			<xmin>3834</xmin>
			<ymin>2556</ymin>
			<xmax>3941</xmax>
			<ymax>2653</ymax>
		</bndbox>
	</object>
	<object>
		<name>sp21</name>
		<pose>Unspecified</pose>
		<truncated>0</truncated>
		<difficult>0</difficult>
		<bndbox>
			<xmin>4108</xmin>
			<ymin>2458</ymin>
			<xmax>4212</xmax>
			<ymax>2561</ymax>
		</bndbox>
	</object>
	<object>
		<name>sp21</name>
		<pose>Unspecified</pose>
		<truncated>0</truncated>
		<difficult>0</difficult>
		<bndbox>
			<xmin>4065</xmin>
			<ymin>2513</ymin>
			<xmax>4176</xmax>
			<ymax>2610</ymax>
		</bndbox>
	</object>
	<object>
		<name>sp21</name>
		<pose>Unspecified</pose>
		<truncated>0</truncated>
		<difficult>0</difficult>
		<bndbox>
			<xmin>3892</xmin>
			<ymin>2486</ymin>
			<xmax>4013</xmax>
			<ymax>2596</ymax>
		</bndbox>
	</object>
	<object>
		<name>sp21</name>
		<pose>Unspecified</pose>
		<truncated>0</truncated>
		<difficult>0</difficult>
		<bndbox>
			<xmin>3842</xmin>
			<ymin>2469</ymin>
			<xmax>3915</xmax>
			<ymax>2545</ymax>
		</bndbox>
	</object>
	<object>
		<name>sp21</name>
		<pose>Unspecified</pose>
		<truncated>0</truncated>
		<difficult>0</difficult>
		<bndbox>
			<xmin>3703</xmin>
			<ymin>2492</ymin>
			<xmax>3827</xmax>
			<ymax>2596</ymax>
		</bndbox>
	</object>
	<object>
		<name>sp21</name>
		<pose>Unspecified</pose>
		<truncated>0</truncated>
		<difficult>0</difficult>
		<bndbox>
			<xmin>3718</xmin>
			<ymin>2570</ymin>
			<xmax>3825</xmax>
			<ymax>2662</ymax>
		</bndbox>
	</object>
	<object>
		<name>sp21</name>
		<pose>Unspecified</pose>
		<truncated>0</truncated>
		<difficult>0</difficult>
		<bndbox>
			<xmin>3738</xmin>
			<ymin>2633</ymin>
			<xmax>3837</xmax>
			<ymax>2718</ymax>
		</bndbox>
	</object>
	<object>
		<name>sp21</name>
		<pose>Unspecified</pose>
		<truncated>0</truncated>
		<difficult>0</difficult>
		<bndbox>
			<xmin>3718</xmin>
			<ymin>2686</ymin>
			<xmax>3825</xmax>
			<ymax>2777</ymax>
		</bndbox>
	</object>
	<object>
		<name>sp21</name>
		<pose>Unspecified</pose>
		<truncated>0</truncated>
		<difficult>0</difficult>
		<bndbox>
			<xmin>3602</xmin>
			<ymin>2562</ymin>
			<xmax>3710</xmax>
			<ymax>2654</ymax>
		</bndbox>
	</object>
	<object>
		<name>sp21</name>
		<pose>Unspecified</pose>
		<truncated>0</truncated>
		<difficult>0</difficult>
		<bndbox>
			<xmin>3516</xmin>
			<ymin>2391</ymin>
			<xmax>3634</xmax>
			<ymax>2496</ymax>
		</bndbox>
	</object>
	<object>
		<name>sp21</name>
		<pose>Unspecified</pose>
		<truncated>0</truncated>
		<difficult>0</difficult>
		<bndbox>
			<xmin>3586</xmin>
			<ymin>2464</ymin>
			<xmax>3689</xmax>
			<ymax>2565</ymax>
		</bndbox>
	</object>
	<object>
		<name>sp21</name>
		<pose>Unspecified</pose>
		<truncated>0</truncated>
		<difficult>0</difficult>
		<bndbox>
			<xmin>3640</xmin>
			<ymin>2492</ymin>
			<xmax>3713</xmax>
			<ymax>2578</ymax>
		</bndbox>
	</object>
	<object>
		<name>sp21</name>
		<pose>Unspecified</pose>
		<truncated>0</truncated>
		<difficult>0</difficult>
		<bndbox>
			<xmin>3412</xmin>
			<ymin>2421</ymin>
			<xmax>3518</xmax>
			<ymax>2516</ymax>
		</bndbox>
	</object>
	<object>
		<name>sp21</name>
		<pose>Unspecified</pose>
		<truncated>0</truncated>
		<difficult>0</difficult>
		<bndbox>
			<xmin>3316</xmin>
			<ymin>2426</ymin>
			<xmax>3415</xmax>
			<ymax>2519</ymax>
		</bndbox>
	</object>
	<object>
		<name>sp21</name>
		<pose>Unspecified</pose>
		<truncated>0</truncated>
		<difficult>0</difficult>
		<bndbox>
			<xmin>3320</xmin>
			<ymin>2501</ymin>
			<xmax>3438</xmax>
			<ymax>2611</ymax>
		</bndbox>
	</object>
	<object>
		<name>sp21</name>
		<pose>Unspecified</pose>
		<truncated>0</truncated>
		<difficult>0</difficult>
		<bndbox>
			<xmin>3218</xmin>
			<ymin>2435</ymin>
			<xmax>3313</xmax>
			<ymax>2542</ymax>
		</bndbox>
	</object>
	<object>
		<name>sp21</name>
		<pose>Unspecified</pose>
		<truncated>0</truncated>
		<difficult>0</difficult>
		<bndbox>
			<xmin>3129</xmin>
			<ymin>2432</ymin>
			<xmax>3241</xmax>
			<ymax>2545</ymax>
		</bndbox>
	</object>
	<object>
		<name>sp21</name>
		<pose>Unspecified</pose>
		<truncated>0</truncated>
		<difficult>0</difficult>
		<bndbox>
			<xmin>3028</xmin>
			<ymin>2195</ymin>
			<xmax>3137</xmax>
			<ymax>2279</ymax>
		</bndbox>
	</object>
	<object>
		<name>sp21</name>
		<pose>Unspecified</pose>
		<truncated>0</truncated>
		<difficult>0</difficult>
		<bndbox>
			<xmin>3193</xmin>
			<ymin>2610</ymin>
			<xmax>3313</xmax>
			<ymax>2724</ymax>
		</bndbox>
	</object>
	<object>
		<name>sp21</name>
		<pose>Unspecified</pose>
		<truncated>0</truncated>
		<difficult>0</difficult>
		<bndbox>
			<xmin>3579</xmin>
			<ymin>2815</ymin>
			<xmax>3694</xmax>
			<ymax>2928</ymax>
		</bndbox>
	</object>
	<object>
		<name>sp21</name>
		<pose>Unspecified</pose>
		<truncated>0</truncated>
		<difficult>0</difficult>
		<bndbox>
			<xmin>3594</xmin>
			<ymin>2931</ymin>
			<xmax>3715</xmax>
			<ymax>3046</ymax>
		</bndbox>
	</object>
	<object>
		<name>sp21</name>
		<pose>Unspecified</pose>
		<truncated>0</truncated>
		<difficult>0</difficult>
		<bndbox>
			<xmin>3198</xmin>
			<ymin>2743</ymin>
			<xmax>3274</xmax>
			<ymax>2821</ymax>
		</bndbox>
	</object>
	<object>
		<name>sp21</name>
		<pose>Unspecified</pose>
		<truncated>0</truncated>
		<difficult>0</difficult>
		<bndbox>
			<xmin>3234</xmin>
			<ymin>2709</ymin>
			<xmax>3328</xmax>
			<ymax>2804</ymax>
		</bndbox>
	</object>
	<object>
		<name>sp21</name>
		<pose>Unspecified</pose>
		<truncated>0</truncated>
		<difficult>0</difficult>
		<bndbox>
			<xmin>3250</xmin>
			<ymin>2847</ymin>
			<xmax>3368</xmax>
			<ymax>2957</ymax>
		</bndbox>
	</object>
	<object>
		<name>sp21</name>
		<pose>Unspecified</pose>
		<truncated>0</truncated>
		<difficult>0</difficult>
		<bndbox>
			<xmin>3326</xmin>
			<ymin>2702</ymin>
			<xmax>3388</xmax>
			<ymax>2778</ymax>
		</bndbox>
	</object>
	<object>
		<name>sp21</name>
		<pose>Unspecified</pose>
		<truncated>0</truncated>
		<difficult>0</difficult>
		<bndbox>
			<xmin>3374</xmin>
			<ymin>2691</ymin>
			<xmax>3447</xmax>
			<ymax>2784</ymax>
		</bndbox>
	</object>
	<object>
		<name>sp21</name>
		<pose>Unspecified</pose>
		<truncated>0</truncated>
		<difficult>0</difficult>
		<bndbox>
			<xmin>3378</xmin>
			<ymin>2746</ymin>
			<xmax>3478</xmax>
			<ymax>2835</ymax>
		</bndbox>
	</object>
	<object>
		<name>sp21</name>
		<pose>Unspecified</pose>
		<truncated>0</truncated>
		<difficult>0</difficult>
		<bndbox>
			<xmin>3331</xmin>
			<ymin>2777</ymin>
			<xmax>3426</xmax>
			<ymax>2865</ymax>
		</bndbox>
	</object>
	<object>
		<name>sp21</name>
		<pose>Unspecified</pose>
		<truncated>0</truncated>
		<difficult>0</difficult>
		<bndbox>
			<xmin>2976</xmin>
			<ymin>2792</ymin>
			<xmax>3101</xmax>
			<ymax>2911</ymax>
		</bndbox>
	</object>
	<object>
		<name>sp21</name>
		<pose>Unspecified</pose>
		<truncated>0</truncated>
		<difficult>0</difficult>
		<bndbox>
			<xmin>2976</xmin>
			<ymin>2576</ymin>
			<xmax>3077</xmax>
			<ymax>2663</ymax>
		</bndbox>
	</object>
	<object>
		<name>sp21</name>
		<pose>Unspecified</pose>
		<truncated>0</truncated>
		<difficult>0</difficult>
		<bndbox>
			<xmin>2928</xmin>
			<ymin>2507</ymin>
			<xmax>3034</xmax>
			<ymax>2608</ymax>
		</bndbox>
	</object>
	<object>
		<name>sp21</name>
		<pose>Unspecified</pose>
		<truncated>0</truncated>
		<difficult>0</difficult>
		<bndbox>
			<xmin>2950</xmin>
			<ymin>2432</ymin>
			<xmax>3045</xmax>
			<ymax>2522</ymax>
		</bndbox>
	</object>
	<object>
		<name>sp21</name>
		<pose>Unspecified</pose>
		<truncated>0</truncated>
		<difficult>0</difficult>
		<bndbox>
			<xmin>2830</xmin>
			<ymin>2320</ymin>
			<xmax>2925</xmax>
			<ymax>2417</ymax>
		</bndbox>
	</object>
	<object>
		<name>sp21</name>
		<pose>Unspecified</pose>
		<truncated>0</truncated>
		<difficult>0</difficult>
		<bndbox>
			<xmin>2829</xmin>
			<ymin>2480</ymin>
			<xmax>2924</xmax>
			<ymax>2565</ymax>
		</bndbox>
	</object>
	<object>
		<name>sp21</name>
		<pose>Unspecified</pose>
		<truncated>0</truncated>
		<difficult>0</difficult>
		<bndbox>
			<xmin>2812</xmin>
			<ymin>2558</ymin>
			<xmax>2905</xmax>
			<ymax>2646</ymax>
		</bndbox>
	</object>
	<object>
		<name>sp21</name>
		<pose>Unspecified</pose>
		<truncated>0</truncated>
		<difficult>0</difficult>
		<bndbox>
			<xmin>2797</xmin>
			<ymin>2640</ymin>
			<xmax>2899</xmax>
			<ymax>2724</ymax>
		</bndbox>
	</object>
	<object>
		<name>sp21</name>
		<pose>Unspecified</pose>
		<truncated>0</truncated>
		<difficult>0</difficult>
		<bndbox>
			<xmin>2830</xmin>
			<ymin>2695</ymin>
			<xmax>2933</xmax>
			<ymax>2787</ymax>
		</bndbox>
	</object>
	<object>
		<name>sp21</name>
		<pose>Unspecified</pose>
		<truncated>0</truncated>
		<difficult>0</difficult>
		<bndbox>
			<xmin>3057</xmin>
			<ymin>3081</ymin>
			<xmax>3176</xmax>
			<ymax>3182</ymax>
		</bndbox>
	</object>
	<object>
		<name>sp21</name>
		<pose>Unspecified</pose>
		<truncated>0</truncated>
		<difficult>0</difficult>
		<bndbox>
			<xmin>3048</xmin>
			<ymin>3011</ymin>
			<xmax>3163</xmax>
			<ymax>3116</ymax>
		</bndbox>
	</object>
	<object>
		<name>sp21</name>
		<pose>Unspecified</pose>
		<truncated>0</truncated>
		<difficult>0</difficult>
		<bndbox>
			<xmin>2962</xmin>
			<ymin>3073</ymin>
			<xmax>3071</xmax>
			<ymax>3176</ymax>
		</bndbox>
	</object>
	<object>
		<name>sp21</name>
		<pose>Unspecified</pose>
		<truncated>0</truncated>
		<difficult>0</difficult>
		<bndbox>
			<xmin>3282</xmin>
			<ymin>3112</ymin>
			<xmax>3398</xmax>
			<ymax>3216</ymax>
		</bndbox>
	</object>
	<object>
		<name>sp21</name>
		<pose>Unspecified</pose>
		<truncated>0</truncated>
		<difficult>0</difficult>
		<bndbox>
			<xmin>3516</xmin>
			<ymin>3138</ymin>
			<xmax>3620</xmax>
			<ymax>3242</ymax>
		</bndbox>
	</object>
	<object>
		<name>sp21</name>
		<pose>Unspecified</pose>
		<truncated>0</truncated>
		<difficult>0</difficult>
		<bndbox>
			<xmin>3146</xmin>
			<ymin>3191</ymin>
			<xmax>3241</xmax>
			<ymax>3286</ymax>
		</bndbox>
	</object>
	<object>
		<name>sp21</name>
		<pose>Unspecified</pose>
		<truncated>0</truncated>
		<difficult>0</difficult>
		<bndbox>
			<xmin>3236</xmin>
			<ymin>3187</ymin>
			<xmax>3335</xmax>
			<ymax>3285</ymax>
		</bndbox>
	</object>
	<object>
		<name>sp21</name>
		<pose>Unspecified</pose>
		<truncated>0</truncated>
		<difficult>0</difficult>
		<bndbox>
			<xmin>3303</xmin>
			<ymin>3222</ymin>
			<xmax>3406</xmax>
			<ymax>3314</ymax>
		</bndbox>
	</object>
	<object>
		<name>sp21</name>
		<pose>Unspecified</pose>
		<truncated>0</truncated>
		<difficult>0</difficult>
		<bndbox>
			<xmin>3351</xmin>
			<ymin>3286</ymin>
			<xmax>3450</xmax>
			<ymax>3376</ymax>
		</bndbox>
	</object>
	<object>
		<name>sp21</name>
		<pose>Unspecified</pose>
		<truncated>0</truncated>
		<difficult>0</difficult>
		<bndbox>
			<xmin>3178</xmin>
			<ymin>3288</ymin>
			<xmax>3291</xmax>
			<ymax>3395</ymax>
		</bndbox>
	</object>
	<object>
		<name>sp21</name>
		<pose>Unspecified</pose>
		<truncated>0</truncated>
		<difficult>0</difficult>
		<bndbox>
			<xmin>3080</xmin>
			<ymin>3259</ymin>
			<xmax>3195</xmax>
			<ymax>3346</ymax>
		</bndbox>
	</object>
	<object>
		<name>sp21</name>
		<pose>Unspecified</pose>
		<truncated>0</truncated>
		<difficult>0</difficult>
		<bndbox>
			<xmin>3078</xmin>
			<ymin>3317</ymin>
			<xmax>3184</xmax>
			<ymax>3401</ymax>
		</bndbox>
	</object>
	<object>
		<name>sp21</name>
		<pose>Unspecified</pose>
		<truncated>0</truncated>
		<difficult>0</difficult>
		<bndbox>
			<xmin>3029</xmin>
			<ymin>3451</ymin>
			<xmax>3133</xmax>
			<ymax>3558</ymax>
		</bndbox>
	</object>
	<object>
		<name>sp21</name>
		<pose>Unspecified</pose>
		<truncated>0</truncated>
		<difficult>0</difficult>
		<bndbox>
			<xmin>3085</xmin>
			<ymin>3485</ymin>
			<xmax>3184</xmax>
			<ymax>3577</ymax>
		</bndbox>
	</object>
	<object>
		<name>sp21</name>
		<pose>Unspecified</pose>
		<truncated>0</truncated>
		<difficult>0</difficult>
		<bndbox>
			<xmin>3140</xmin>
			<ymin>3546</ymin>
			<xmax>3262</xmax>
			<ymax>3647</ymax>
		</bndbox>
	</object>
	<object>
		<name>sp21</name>
		<pose>Unspecified</pose>
		<truncated>0</truncated>
		<difficult>0</difficult>
		<bndbox>
			<xmin>3354</xmin>
			<ymin>3468</ymin>
			<xmax>3462</xmax>
			<ymax>3578</ymax>
		</bndbox>
	</object>
	<object>
		<name>sp21</name>
		<pose>Unspecified</pose>
		<truncated>0</truncated>
		<difficult>0</difficult>
		<bndbox>
			<xmin>3450</xmin>
			<ymin>3329</ymin>
			<xmax>3554</xmax>
			<ymax>3428</ymax>
		</bndbox>
	</object>
	<object>
		<name>sp21</name>
		<pose>Unspecified</pose>
		<truncated>0</truncated>
		<difficult>0</difficult>
		<bndbox>
			<xmin>3508</xmin>
			<ymin>3257</ymin>
			<xmax>3623</xmax>
			<ymax>3356</ymax>
		</bndbox>
	</object>
	<object>
		<name>sp21</name>
		<pose>Unspecified</pose>
		<truncated>0</truncated>
		<difficult>0</difficult>
		<bndbox>
			<xmin>3551</xmin>
			<ymin>3338</ymin>
			<xmax>3637</xmax>
			<ymax>3427</ymax>
		</bndbox>
	</object>
	<object>
		<name>sp21</name>
		<pose>Unspecified</pose>
		<truncated>0</truncated>
		<difficult>0</difficult>
		<bndbox>
			<xmin>3612</xmin>
			<ymin>3366</ymin>
			<xmax>3723</xmax>
			<ymax>3473</ymax>
		</bndbox>
	</object>
	<object>
		<name>sp21</name>
		<pose>Unspecified</pose>
		<truncated>0</truncated>
		<difficult>0</difficult>
		<bndbox>
			<xmin>3675</xmin>
			<ymin>3311</ymin>
			<xmax>3773</xmax>
			<ymax>3402</ymax>
		</bndbox>
	</object>
	<object>
		<name>sp21</name>
		<pose>Unspecified</pose>
		<truncated>0</truncated>
		<difficult>0</difficult>
		<bndbox>
			<xmin>3807</xmin>
			<ymin>3334</ymin>
			<xmax>3935</xmax>
			<ymax>3444</ymax>
		</bndbox>
	</object>
	<object>
		<name>sp21</name>
		<pose>Unspecified</pose>
		<truncated>0</truncated>
		<difficult>0</difficult>
		<bndbox>
			<xmin>3773</xmin>
			<ymin>3418</ymin>
			<xmax>3880</xmax>
			<ymax>3523</ymax>
		</bndbox>
	</object>
	<object>
		<name>sp21</name>
		<pose>Unspecified</pose>
		<truncated>0</truncated>
		<difficult>0</difficult>
		<bndbox>
			<xmin>3922</xmin>
			<ymin>3398</ymin>
			<xmax>4026</xmax>
			<ymax>3508</ymax>
		</bndbox>
	</object>
	<object>
		<name>sp21</name>
		<pose>Unspecified</pose>
		<truncated>0</truncated>
		<difficult>0</difficult>
		<bndbox>
			<xmin>3986</xmin>
			<ymin>3378</ymin>
			<xmax>4099</xmax>
			<ymax>3485</ymax>
		</bndbox>
	</object>
	<object>
		<name>sp21</name>
		<pose>Unspecified</pose>
		<truncated>0</truncated>
		<difficult>0</difficult>
		<bndbox>
			<xmin>4194</xmin>
			<ymin>3363</ymin>
			<xmax>4323</xmax>
			<ymax>3484</ymax>
		</bndbox>
	</object>
	<object>
		<name>sp21</name>
		<pose>Unspecified</pose>
		<truncated>0</truncated>
		<difficult>0</difficult>
		<bndbox>
			<xmin>4326</xmin>
			<ymin>3341</ymin>
			<xmax>4456</xmax>
			<ymax>3462</ymax>
		</bndbox>
	</object>
	<object>
		<name>sp21</name>
		<pose>Unspecified</pose>
		<truncated>0</truncated>
		<difficult>0</difficult>
		<bndbox>
			<xmin>4479</xmin>
			<ymin>3499</ymin>
			<xmax>4618</xmax>
			<ymax>3637</ymax>
		</bndbox>
	</object>
	<object>
		<name>sp21</name>
		<pose>Unspecified</pose>
		<truncated>0</truncated>
		<difficult>0</difficult>
		<bndbox>
			<xmin>4116</xmin>
			<ymin>3523</ymin>
			<xmax>4252</xmax>
			<ymax>3640</ymax>
		</bndbox>
	</object>
	<object>
		<name>sp21</name>
		<pose>Unspecified</pose>
		<truncated>0</truncated>
		<difficult>0</difficult>
		<bndbox>
			<xmin>3912</xmin>
			<ymin>3532</ymin>
			<xmax>4032</xmax>
			<ymax>3640</ymax>
		</bndbox>
	</object>
	<object>
		<name>sp21</name>
		<pose>Unspecified</pose>
		<truncated>0</truncated>
		<difficult>0</difficult>
		<bndbox>
			<xmin>3573</xmin>
			<ymin>3448</ymin>
			<xmax>3681</xmax>
			<ymax>3551</ymax>
		</bndbox>
	</object>
	<object>
		<name>sp21</name>
		<pose>Unspecified</pose>
		<truncated>0</truncated>
		<difficult>0</difficult>
		<bndbox>
			<xmin>3489</xmin>
			<ymin>3532</ymin>
			<xmax>3599</xmax>
			<ymax>3640</ymax>
		</bndbox>
	</object>
	<object>
		<name>sp21</name>
		<pose>Unspecified</pose>
		<truncated>0</truncated>
		<difficult>0</difficult>
		<bndbox>
			<xmin>3417</xmin>
			<ymin>3583</ymin>
			<xmax>3524</xmax>
			<ymax>3689</ymax>
		</bndbox>
	</object>
	<object>
		<name>sp21</name>
		<pose>Unspecified</pose>
		<truncated>0</truncated>
		<difficult>0</difficult>
		<bndbox>
			<xmin>3866</xmin>
			<ymin>3641</ymin>
			<xmax>3967</xmax>
			<ymax>3733</ymax>
		</bndbox>
	</object>
	<object>
		<name>sp21</name>
		<pose>Unspecified</pose>
		<truncated>0</truncated>
		<difficult>0</difficult>
		<bndbox>
			<xmin>3686</xmin>
			<ymin>3715</ymin>
			<xmax>3790</xmax>
			<ymax>3803</ymax>
		</bndbox>
	</object>
	<object>
		<name>sp21</name>
		<pose>Unspecified</pose>
		<truncated>0</truncated>
		<difficult>0</difficult>
		<bndbox>
			<xmin>3106</xmin>
			<ymin>3762</ymin>
			<xmax>3233</xmax>
			<ymax>3869</ymax>
		</bndbox>
	</object>
	<object>
		<name>sp21</name>
		<pose>Unspecified</pose>
		<truncated>0</truncated>
		<difficult>0</difficult>
		<bndbox>
			<xmin>3380</xmin>
			<ymin>3770</ymin>
			<xmax>3487</xmax>
			<ymax>3886</ymax>
		</bndbox>
	</object>
	<object>
		<name>sp21</name>
		<pose>Unspecified</pose>
		<truncated>0</truncated>
		<difficult>0</difficult>
		<bndbox>
			<xmin>3309</xmin>
			<ymin>3811</ymin>
			<xmax>3417</xmax>
			<ymax>3917</ymax>
		</bndbox>
	</object>
	<object>
		<name>sp21</name>
		<pose>Unspecified</pose>
		<truncated>0</truncated>
		<difficult>0</difficult>
		<bndbox>
			<xmin>3519</xmin>
			<ymin>3708</ymin>
			<xmax>3631</xmax>
			<ymax>3791</ymax>
		</bndbox>
	</object>
	<object>
		<name>sp21</name>
		<pose>Unspecified</pose>
		<truncated>0</truncated>
		<difficult>0</difficult>
		<bndbox>
			<xmin>3511</xmin>
			<ymin>3773</ymin>
			<xmax>3634</xmax>
			<ymax>3886</ymax>
		</bndbox>
	</object>
	<object>
		<name>sp21</name>
		<pose>Unspecified</pose>
		<truncated>0</truncated>
		<difficult>0</difficult>
		<bndbox>
			<xmin>4186</xmin>
			<ymin>3730</ymin>
			<xmax>4301</xmax>
			<ymax>3842</ymax>
		</bndbox>
	</object>
	<object>
		<name>sp21</name>
		<pose>Unspecified</pose>
		<truncated>0</truncated>
		<difficult>0</difficult>
		<bndbox>
			<xmin>4278</xmin>
			<ymin>3667</ymin>
			<xmax>4408</xmax>
			<ymax>3780</ymax>
		</bndbox>
	</object>
	<object>
		<name>sp21</name>
		<pose>Unspecified</pose>
		<truncated>0</truncated>
		<difficult>0</difficult>
		<bndbox>
			<xmin>4697</xmin>
			<ymin>3321</ymin>
			<xmax>4826</xmax>
			<ymax>3435</ymax>
		</bndbox>
	</object>
	<object>
		<name>sp21</name>
		<pose>Unspecified</pose>
		<truncated>0</truncated>
		<difficult>0</difficult>
		<bndbox>
			<xmin>4719</xmin>
			<ymin>3418</ymin>
			<xmax>4865</xmax>
			<ymax>3564</ymax>
		</bndbox>
	</object>
	<object>
		<name>sp21</name>
		<pose>Unspecified</pose>
		<truncated>0</truncated>
		<difficult>0</difficult>
		<bndbox>
			<xmin>4316</xmin>
			<ymin>3842</ymin>
			<xmax>4436</xmax>
			<ymax>3958</ymax>
		</bndbox>
	</object>
	<object>
		<name>sp21</name>
		<pose>Unspecified</pose>
		<truncated>0</truncated>
		<difficult>0</difficult>
		<bndbox>
			<xmin>4401</xmin>
			<ymin>3947</ymin>
			<xmax>4508</xmax>
			<ymax>4044</ymax>
		</bndbox>
	</object>
	<object>
		<name>sp21</name>
		<pose>Unspecified</pose>
		<truncated>0</truncated>
		<difficult>0</difficult>
		<bndbox>
			<xmin>4205</xmin>
			<ymin>3892</ymin>
			<xmax>4332</xmax>
			<ymax>3998</ymax>
		</bndbox>
	</object>
	<object>
		<name>sp21</name>
		<pose>Unspecified</pose>
		<truncated>0</truncated>
		<difficult>0</difficult>
		<bndbox>
			<xmin>4055</xmin>
			<ymin>3871</ymin>
			<xmax>4199</xmax>
			<ymax>4010</ymax>
		</bndbox>
	</object>
	<object>
		<name>sp21</name>
		<pose>Unspecified</pose>
		<truncated>0</truncated>
		<difficult>0</difficult>
		<bndbox>
			<xmin>4053</xmin>
			<ymin>4007</ymin>
			<xmax>4162</xmax>
			<ymax>4126</ymax>
		</bndbox>
	</object>
	<object>
		<name>sp21</name>
		<pose>Unspecified</pose>
		<truncated>0</truncated>
		<difficult>0</difficult>
		<bndbox>
			<xmin>4163</xmin>
			<ymin>4007</ymin>
			<xmax>4267</xmax>
			<ymax>4117</ymax>
		</bndbox>
	</object>
	<object>
		<name>sp21</name>
		<pose>Unspecified</pose>
		<truncated>0</truncated>
		<difficult>0</difficult>
		<bndbox>
			<xmin>4355</xmin>
			<ymin>4044</ymin>
			<xmax>4480</xmax>
			<ymax>4161</ymax>
		</bndbox>
	</object>
	<object>
		<name>sp21</name>
		<pose>Unspecified</pose>
		<truncated>0</truncated>
		<difficult>0</difficult>
		<bndbox>
			<xmin>4275</xmin>
			<ymin>4135</ymin>
			<xmax>4373</xmax>
			<ymax>4226</ymax>
		</bndbox>
	</object>
	<object>
		<name>sp21</name>
		<pose>Unspecified</pose>
		<truncated>0</truncated>
		<difficult>0</difficult>
		<bndbox>
			<xmin>4202</xmin>
			<ymin>4137</ymin>
			<xmax>4301</xmax>
			<ymax>4249</ymax>
		</bndbox>
	</object>
	<object>
		<name>sp21</name>
		<pose>Unspecified</pose>
		<truncated>0</truncated>
		<difficult>0</difficult>
		<bndbox>
			<xmin>4128</xmin>
			<ymin>4134</ymin>
			<xmax>4231</xmax>
			<ymax>4256</ymax>
		</bndbox>
	</object>
	<object>
		<name>sp21</name>
		<pose>Unspecified</pose>
		<truncated>0</truncated>
		<difficult>0</difficult>
		<bndbox>
			<xmin>4258</xmin>
			<ymin>4250</ymin>
			<xmax>4384</xmax>
			<ymax>4366</ymax>
		</bndbox>
	</object>
	<object>
		<name>sp21</name>
		<pose>Unspecified</pose>
		<truncated>0</truncated>
		<difficult>0</difficult>
		<bndbox>
			<xmin>4498</xmin>
			<ymin>4472</ymin>
			<xmax>4656</xmax>
			<ymax>4622</ymax>
		</bndbox>
	</object>
	<object>
		<name>sp21</name>
		<pose>Unspecified</pose>
		<truncated>0</truncated>
		<difficult>0</difficult>
		<bndbox>
			<xmin>4085</xmin>
			<ymin>4295</ymin>
			<xmax>4200</xmax>
			<ymax>4409</ymax>
		</bndbox>
	</object>
	<object>
		<name>sp21</name>
		<pose>Unspecified</pose>
		<truncated>0</truncated>
		<difficult>0</difficult>
		<bndbox>
			<xmin>3998</xmin>
			<ymin>4293</ymin>
			<xmax>4107</xmax>
			<ymax>4411</ymax>
		</bndbox>
	</object>
	<object>
		<name>sp21</name>
		<pose>Unspecified</pose>
		<truncated>0</truncated>
		<difficult>0</difficult>
		<bndbox>
			<xmin>3931</xmin>
			<ymin>4325</ymin>
			<xmax>4053</xmax>
			<ymax>4438</ymax>
		</bndbox>
	</object>
	<object>
		<name>sp21</name>
		<pose>Unspecified</pose>
		<truncated>0</truncated>
		<difficult>0</difficult>
		<bndbox>
			<xmin>3795</xmin>
			<ymin>4171</ymin>
			<xmax>3937</xmax>
			<ymax>4304</ymax>
		</bndbox>
	</object>
	<object>
		<name>sp21</name>
		<pose>Unspecified</pose>
		<truncated>0</truncated>
		<difficult>0</difficult>
		<bndbox>
			<xmin>4032</xmin>
			<ymin>4454</ymin>
			<xmax>4186</xmax>
			<ymax>4599</ymax>
		</bndbox>
	</object>
	<object>
		<name>sp21</name>
		<pose>Unspecified</pose>
		<truncated>0</truncated>
		<difficult>0</difficult>
		<bndbox>
			<xmin>3563</xmin>
			<ymin>4448</ymin>
			<xmax>3707</xmax>
			<ymax>4585</ymax>
		</bndbox>
	</object>
	<object>
		<name>sp21</name>
		<pose>Unspecified</pose>
		<truncated>0</truncated>
		<difficult>0</difficult>
		<bndbox>
			<xmin>3580</xmin>
			<ymin>4278</ymin>
			<xmax>3724</xmax>
			<ymax>4408</ymax>
		</bndbox>
	</object>
	<object>
		<name>sp21</name>
		<pose>Unspecified</pose>
		<truncated>0</truncated>
		<difficult>0</difficult>
		<bndbox>
			<xmin>3605</xmin>
			<ymin>4164</ymin>
			<xmax>3733</xmax>
			<ymax>4287</ymax>
		</bndbox>
	</object>
	<object>
		<name>sp21</name>
		<pose>Unspecified</pose>
		<truncated>0</truncated>
		<difficult>0</difficult>
		<bndbox>
			<xmin>3577</xmin>
			<ymin>4034</ymin>
			<xmax>3704</xmax>
			<ymax>4152</ymax>
		</bndbox>
	</object>
	<object>
		<name>sp21</name>
		<pose>Unspecified</pose>
		<truncated>0</truncated>
		<difficult>0</difficult>
		<bndbox>
			<xmin>3683</xmin>
			<ymin>3891</ymin>
			<xmax>3778</xmax>
			<ymax>3969</ymax>
		</bndbox>
	</object>
	<object>
		<name>sp21</name>
		<pose>Unspecified</pose>
		<truncated>0</truncated>
		<difficult>0</difficult>
		<bndbox>
			<xmin>3666</xmin>
			<ymin>3846</ymin>
			<xmax>3784</xmax>
			<ymax>3920</ymax>
		</bndbox>
	</object>
	<object>
		<name>sp21</name>
		<pose>Unspecified</pose>
		<truncated>0</truncated>
		<difficult>0</difficult>
		<bndbox>
			<xmin>3677</xmin>
			<ymin>3790</ymin>
			<xmax>3765</xmax>
			<ymax>3861</ymax>
		</bndbox>
	</object>
	<object>
		<name>sp21</name>
		<pose>Unspecified</pose>
		<truncated>0</truncated>
		<difficult>0</difficult>
		<bndbox>
			<xmin>3479</xmin>
			<ymin>3946</ymin>
			<xmax>3565</xmax>
			<ymax>4065</ymax>
		</bndbox>
	</object>
	<object>
		<name>sp21</name>
		<pose>Unspecified</pose>
		<truncated>0</truncated>
		<difficult>0</difficult>
		<bndbox>
			<xmin>3429</xmin>
			<ymin>3946</ymin>
			<xmax>3499</xmax>
			<ymax>4059</ymax>
		</bndbox>
	</object>
	<object>
		<name>sp21</name>
		<pose>Unspecified</pose>
		<truncated>0</truncated>
		<difficult>0</difficult>
		<bndbox>
			<xmin>3381</xmin>
			<ymin>3935</ymin>
			<xmax>3458</xmax>
			<ymax>4039</ymax>
		</bndbox>
	</object>
	<object>
		<name>sp21</name>
		<pose>Unspecified</pose>
		<truncated>0</truncated>
		<difficult>0</difficult>
		<bndbox>
			<xmin>3334</xmin>
			<ymin>3947</ymin>
			<xmax>3414</xmax>
			<ymax>4057</ymax>
		</bndbox>
	</object>
	<object>
		<name>sp21</name>
		<pose>Unspecified</pose>
		<truncated>0</truncated>
		<difficult>0</difficult>
		<bndbox>
			<xmin>3244</xmin>
			<ymin>4247</ymin>
			<xmax>3377</xmax>
			<ymax>4366</ymax>
		</bndbox>
	</object>
	<object>
		<name>sp21</name>
		<pose>Unspecified</pose>
		<truncated>0</truncated>
		<difficult>0</difficult>
		<bndbox>
			<xmin>3233</xmin>
			<ymin>4391</ymin>
			<xmax>3366</xmax>
			<ymax>4520</ymax>
		</bndbox>
	</object>
	<object>
		<name>sp21</name>
		<pose>Unspecified</pose>
		<truncated>0</truncated>
		<difficult>0</difficult>
		<bndbox>
			<xmin>3205</xmin>
			<ymin>4033</ymin>
			<xmax>3311</xmax>
			<ymax>4149</ymax>
		</bndbox>
	</object>
	<object>
		<name>sp21</name>
		<pose>Unspecified</pose>
		<truncated>0</truncated>
		<difficult>0</difficult>
		<bndbox>
			<xmin>2762</xmin>
			<ymin>3712</ymin>
			<xmax>2909</xmax>
			<ymax>3835</ymax>
		</bndbox>
	</object>
	<object>
		<name>sp21</name>
		<pose>Unspecified</pose>
		<truncated>0</truncated>
		<difficult>0</difficult>
		<bndbox>
			<xmin>3241</xmin>
			<ymin>3871</ymin>
			<xmax>3332</xmax>
			<ymax>3975</ymax>
		</bndbox>
	</object>
	<object>
		<name>sp21</name>
		<pose>Unspecified</pose>
		<truncated>0</truncated>
		<difficult>0</difficult>
		<bndbox>
			<xmin>3133</xmin>
			<ymin>3889</ymin>
			<xmax>3262</xmax>
			<ymax>3998</ymax>
		</bndbox>
	</object>
	<object>
		<name>sp21</name>
		<pose>Unspecified</pose>
		<truncated>0</truncated>
		<difficult>0</difficult>
		<bndbox>
			<xmin>3130</xmin>
			<ymin>4057</ymin>
			<xmax>3234</xmax>
			<ymax>4177</ymax>
		</bndbox>
	</object>
	<object>
		<name>sp21</name>
		<pose>Unspecified</pose>
		<truncated>0</truncated>
		<difficult>0</difficult>
		<bndbox>
			<xmin>3726</xmin>
			<ymin>5080</ymin>
			<xmax>3917</xmax>
			<ymax>5248</ymax>
		</bndbox>
	</object>
	<object>
		<name>sp21</name>
		<pose>Unspecified</pose>
		<truncated>0</truncated>
		<difficult>0</difficult>
		<bndbox>
			<xmin>3467</xmin>
			<ymin>4873</ymin>
			<xmax>3608</xmax>
			<ymax>5014</ymax>
		</bndbox>
	</object>
	<object>
		<name>sp21</name>
		<pose>Unspecified</pose>
		<truncated>0</truncated>
		<difficult>0</difficult>
		<bndbox>
			<xmin>3534</xmin>
			<ymin>4740</ymin>
			<xmax>3661</xmax>
			<ymax>4870</ymax>
		</bndbox>
	</object>
	<object>
		<name>sp21</name>
		<pose>Unspecified</pose>
		<truncated>0</truncated>
		<difficult>0</difficult>
		<bndbox>
			<xmin>3221</xmin>
			<ymin>5135</ymin>
			<xmax>3335</xmax>
			<ymax>5268</ymax>
		</bndbox>
	</object>
	<object>
		<name>sp21</name>
		<pose>Unspecified</pose>
		<truncated>0</truncated>
		<difficult>0</difficult>
		<bndbox>
			<xmin>2808</xmin>
			<ymin>4868</ymin>
			<xmax>2947</xmax>
			<ymax>4998</ymax>
		</bndbox>
	</object>
	<object>
		<name>sp21</name>
		<pose>Unspecified</pose>
		<truncated>0</truncated>
		<difficult>0</difficult>
		<bndbox>
			<xmin>3051</xmin>
			<ymin>4591</ymin>
			<xmax>3204</xmax>
			<ymax>4725</ymax>
		</bndbox>
	</object>
	<object>
		<name>sp21</name>
		<pose>Unspecified</pose>
		<truncated>0</truncated>
		<difficult>0</difficult>
		<bndbox>
			<xmin>2947</xmin>
			<ymin>4714</ymin>
			<xmax>3055</xmax>
			<ymax>4830</ymax>
		</bndbox>
	</object>
	<object>
		<name>sp21</name>
		<pose>Unspecified</pose>
		<truncated>0</truncated>
		<difficult>0</difficult>
		<bndbox>
			<xmin>2850</xmin>
			<ymin>4689</ymin>
			<xmax>2957</xmax>
			<ymax>4816</ymax>
		</bndbox>
	</object>
	<object>
		<name>sp21</name>
		<pose>Unspecified</pose>
		<truncated>0</truncated>
		<difficult>0</difficult>
		<bndbox>
			<xmin>2769</xmin>
			<ymin>4737</ymin>
			<xmax>2898</xmax>
			<ymax>4858</ymax>
		</bndbox>
	</object>
	<object>
		<name>sp21</name>
		<pose>Unspecified</pose>
		<truncated>0</truncated>
		<difficult>0</difficult>
		<bndbox>
			<xmin>2717</xmin>
			<ymin>4685</ymin>
			<xmax>2844</xmax>
			<ymax>4787</ymax>
		</bndbox>
	</object>
	<object>
		<name>sp21</name>
		<pose>Unspecified</pose>
		<truncated>0</truncated>
		<difficult>0</difficult>
		<bndbox>
			<xmin>2748</xmin>
			<ymin>4605</ymin>
			<xmax>2861</xmax>
			<ymax>4714</ymax>
		</bndbox>
	</object>
	<object>
		<name>sp21</name>
		<pose>Unspecified</pose>
		<truncated>0</truncated>
		<difficult>0</difficult>
		<bndbox>
			<xmin>2581</xmin>
			<ymin>4746</ymin>
			<xmax>2714</xmax>
			<ymax>4884</ymax>
		</bndbox>
	</object>
	<object>
		<name>sp21</name>
		<pose>Unspecified</pose>
		<truncated>0</truncated>
		<difficult>0</difficult>
		<bndbox>
			<xmin>2449</xmin>
			<ymin>4781</ymin>
			<xmax>2570</xmax>
			<ymax>4910</ymax>
		</bndbox>
	</object>
	<object>
		<name>sp21</name>
		<pose>Unspecified</pose>
		<truncated>0</truncated>
		<difficult>0</difficult>
		<bndbox>
			<xmin>2439</xmin>
			<ymin>4899</ymin>
			<xmax>2564</xmax>
			<ymax>5014</ymax>
		</bndbox>
	</object>
	<object>
		<name>sp21</name>
		<pose>Unspecified</pose>
		<truncated>0</truncated>
		<difficult>0</difficult>
		<bndbox>
			<xmin>2273</xmin>
			<ymin>4731</ymin>
			<xmax>2402</xmax>
			<ymax>4879</ymax>
		</bndbox>
	</object>
	<object>
		<name>sp21</name>
		<pose>Unspecified</pose>
		<truncated>0</truncated>
		<difficult>0</difficult>
		<bndbox>
			<xmin>2391</xmin>
			<ymin>5089</ymin>
			<xmax>2523</xmax>
			<ymax>5227</ymax>
		</bndbox>
	</object>
	<object>
		<name>sp21</name>
		<pose>Unspecified</pose>
		<truncated>0</truncated>
		<difficult>0</difficult>
		<bndbox>
			<xmin>2327</xmin>
			<ymin>5142</ymin>
			<xmax>2462</xmax>
			<ymax>5271</ymax>
		</bndbox>
	</object>
	<object>
		<name>sp21</name>
		<pose>Unspecified</pose>
		<truncated>0</truncated>
		<difficult>0</difficult>
		<bndbox>
			<xmin>2396</xmin>
			<ymin>5288</ymin>
			<xmax>2534</xmax>
			<ymax>5436</ymax>
		</bndbox>
	</object>
	<object>
		<name>sp21</name>
		<pose>Unspecified</pose>
		<truncated>0</truncated>
		<difficult>0</difficult>
		<bndbox>
			<xmin>2070</xmin>
			<ymin>5058</ymin>
			<xmax>2206</xmax>
			<ymax>5196</ymax>
		</bndbox>
	</object>
	<object>
		<name>sp21</name>
		<pose>Unspecified</pose>
		<truncated>0</truncated>
		<difficult>0</difficult>
		<bndbox>
			<xmin>2078</xmin>
			<ymin>4910</ymin>
			<xmax>2211</xmax>
			<ymax>5038</ymax>
		</bndbox>
	</object>
	<object>
		<name>sp21</name>
		<pose>Unspecified</pose>
		<truncated>0</truncated>
		<difficult>0</difficult>
		<bndbox>
			<xmin>2050</xmin>
			<ymin>4726</ymin>
			<xmax>2172</xmax>
			<ymax>4852</ymax>
		</bndbox>
	</object>
	<object>
		<name>sp21</name>
		<pose>Unspecified</pose>
		<truncated>0</truncated>
		<difficult>0</difficult>
		<bndbox>
			<xmin>2009</xmin>
			<ymin>4460</ymin>
			<xmax>2136</xmax>
			<ymax>4588</ymax>
		</bndbox>
	</object>
	<object>
		<name>sp21</name>
		<pose>Unspecified</pose>
		<truncated>0</truncated>
		<difficult>0</difficult>
		<bndbox>
			<xmin>1889</xmin>
			<ymin>4547</ymin>
			<xmax>2001</xmax>
			<ymax>4665</ymax>
		</bndbox>
	</object>
	<object>
		<name>sp21</name>
		<pose>Unspecified</pose>
		<truncated>0</truncated>
		<difficult>0</difficult>
		<bndbox>
			<xmin>1807</xmin>
			<ymin>4740</ymin>
			<xmax>1928</xmax>
			<ymax>4862</ymax>
		</bndbox>
	</object>
	<object>
		<name>sp21</name>
		<pose>Unspecified</pose>
		<truncated>0</truncated>
		<difficult>0</difficult>
		<bndbox>
			<xmin>1692</xmin>
			<ymin>4711</ymin>
			<xmax>1816</xmax>
			<ymax>4841</ymax>
		</bndbox>
	</object>
	<object>
		<name>sp21</name>
		<pose>Unspecified</pose>
		<truncated>0</truncated>
		<difficult>0</difficult>
		<bndbox>
			<xmin>1859</xmin>
			<ymin>4868</ymin>
			<xmax>1984</xmax>
			<ymax>4983</ymax>
		</bndbox>
	</object>
	<object>
		<name>sp21</name>
		<pose>Unspecified</pose>
		<truncated>0</truncated>
		<difficult>0</difficult>
		<bndbox>
			<xmin>1848</xmin>
			<ymin>4945</ymin>
			<xmax>1947</xmax>
			<ymax>5060</ymax>
		</bndbox>
	</object>
	<object>
		<name>sp21</name>
		<pose>Unspecified</pose>
		<truncated>0</truncated>
		<difficult>0</difficult>
		<bndbox>
			<xmin>1378</xmin>
			<ymin>4495</ymin>
			<xmax>1507</xmax>
			<ymax>4627</ymax>
		</bndbox>
	</object>
	<object>
		<name>sp21</name>
		<pose>Unspecified</pose>
		<truncated>0</truncated>
		<difficult>0</difficult>
		<bndbox>
			<xmin>1192</xmin>
			<ymin>4490</ymin>
			<xmax>1323</xmax>
			<ymax>4624</ymax>
		</bndbox>
	</object>
	<object>
		<name>sp21</name>
		<pose>Unspecified</pose>
		<truncated>0</truncated>
		<difficult>0</difficult>
		<bndbox>
			<xmin>1241</xmin>
			<ymin>4680</ymin>
			<xmax>1354</xmax>
			<ymax>4795</ymax>
		</bndbox>
	</object>
	<object>
		<name>sp21</name>
		<pose>Unspecified</pose>
		<truncated>0</truncated>
		<difficult>0</difficult>
		<bndbox>
			<xmin>1433</xmin>
			<ymin>4660</ymin>
			<xmax>1525</xmax>
			<ymax>4792</ymax>
		</bndbox>
	</object>
	<object>
		<name>sp21</name>
		<pose>Unspecified</pose>
		<truncated>0</truncated>
		<difficult>0</difficult>
		<bndbox>
			<xmin>1507</xmin>
			<ymin>4665</ymin>
			<xmax>1603</xmax>
			<ymax>4796</ymax>
		</bndbox>
	</object>
	<object>
		<name>sp21</name>
		<pose>Unspecified</pose>
		<truncated>0</truncated>
		<difficult>0</difficult>
		<bndbox>
			<xmin>1364</xmin>
			<ymin>4806</ymin>
			<xmax>1481</xmax>
			<ymax>4928</ymax>
		</bndbox>
	</object>
	<object>
		<name>sp21</name>
		<pose>Unspecified</pose>
		<truncated>0</truncated>
		<difficult>0</difficult>
		<bndbox>
			<xmin>1267</xmin>
			<ymin>4856</ymin>
			<xmax>1392</xmax>
			<ymax>4983</ymax>
		</bndbox>
	</object>
	<object>
		<name>sp21</name>
		<pose>Unspecified</pose>
		<truncated>0</truncated>
		<difficult>0</difficult>
		<bndbox>
			<xmin>1443</xmin>
			<ymin>4884</ymin>
			<xmax>1594</xmax>
			<ymax>5023</ymax>
		</bndbox>
	</object>
	<object>
		<name>sp21</name>
		<pose>Unspecified</pose>
		<truncated>0</truncated>
		<difficult>0</difficult>
		<bndbox>
			<xmin>1540</xmin>
			<ymin>4998</ymin>
			<xmax>1680</xmax>
			<ymax>5139</ymax>
		</bndbox>
	</object>
	<object>
		<name>sp21</name>
		<pose>Unspecified</pose>
		<truncated>0</truncated>
		<difficult>0</difficult>
		<bndbox>
			<xmin>1626</xmin>
			<ymin>4905</ymin>
			<xmax>1726</xmax>
			<ymax>5026</ymax>
		</bndbox>
	</object>
	<object>
		<name>sp21</name>
		<pose>Unspecified</pose>
		<truncated>0</truncated>
		<difficult>0</difficult>
		<bndbox>
			<xmin>1687</xmin>
			<ymin>4875</ymin>
			<xmax>1801</xmax>
			<ymax>4995</ymax>
		</bndbox>
	</object>
	<object>
		<name>sp21</name>
		<pose>Unspecified</pose>
		<truncated>0</truncated>
		<difficult>0</difficult>
		<bndbox>
			<xmin>1297</xmin>
			<ymin>4255</ymin>
			<xmax>1430</xmax>
			<ymax>4396</ymax>
		</bndbox>
	</object>
	<object>
		<name>sp21</name>
		<pose>Unspecified</pose>
		<truncated>0</truncated>
		<difficult>0</difficult>
		<bndbox>
			<xmin>1057</xmin>
			<ymin>3935</ymin>
			<xmax>1179</xmax>
			<ymax>4033</ymax>
		</bndbox>
	</object>
	<object>
		<name>sp21</name>
		<pose>Unspecified</pose>
		<truncated>0</truncated>
		<difficult>0</difficult>
		<bndbox>
			<xmin>1065</xmin>
			<ymin>3874</ymin>
			<xmax>1179</xmax>
			<ymax>3962</ymax>
		</bndbox>
	</object>
	<object>
		<name>sp21</name>
		<pose>Unspecified</pose>
		<truncated>0</truncated>
		<difficult>0</difficult>
		<bndbox>
			<xmin>1135</xmin>
			<ymin>3603</ymin>
			<xmax>1260</xmax>
			<ymax>3716</ymax>
		</bndbox>
	</object>
	<object>
		<name>sp21</name>
		<pose>Unspecified</pose>
		<truncated>0</truncated>
		<difficult>0</difficult>
		<bndbox>
			<xmin>1542</xmin>
			<ymin>3626</ymin>
			<xmax>1675</xmax>
			<ymax>3759</ymax>
		</bndbox>
	</object>
	<object>
		<name>sp21</name>
		<pose>Unspecified</pose>
		<truncated>0</truncated>
		<difficult>0</difficult>
		<bndbox>
			<xmin>1675</xmin>
			<ymin>3667</ymin>
			<xmax>1793</xmax>
			<ymax>3787</ymax>
		</bndbox>
	</object>
	<object>
		<name>sp21</name>
		<pose>Unspecified</pose>
		<truncated>0</truncated>
		<difficult>0</difficult>
		<bndbox>
			<xmin>1863</xmin>
			<ymin>3956</ymin>
			<xmax>1974</xmax>
			<ymax>4051</ymax>
		</bndbox>
	</object>
	<object>
		<name>sp21</name>
		<pose>Unspecified</pose>
		<truncated>0</truncated>
		<difficult>0</difficult>
		<bndbox>
			<xmin>1886</xmin>
			<ymin>3852</ymin>
			<xmax>2027</xmax>
			<ymax>3987</ymax>
		</bndbox>
	</object>
	<object>
		<name>sp21</name>
		<pose>Unspecified</pose>
		<truncated>0</truncated>
		<difficult>0</difficult>
		<bndbox>
			<xmin>1995</xmin>
			<ymin>3687</ymin>
			<xmax>2116</xmax>
			<ymax>3817</ymax>
		</bndbox>
	</object>
	<object>
		<name>sp21</name>
		<pose>Unspecified</pose>
		<truncated>0</truncated>
		<difficult>0</difficult>
		<bndbox>
			<xmin>2053</xmin>
			<ymin>3760</ymin>
			<xmax>2177</xmax>
			<ymax>3881</ymax>
		</bndbox>
	</object>
	<object>
		<name>sp21</name>
		<pose>Unspecified</pose>
		<truncated>0</truncated>
		<difficult>0</difficult>
		<bndbox>
			<xmin>2114</xmin>
			<ymin>3661</ymin>
			<xmax>2255</xmax>
			<ymax>3799</ymax>
		</bndbox>
	</object>
	<object>
		<name>sp21</name>
		<pose>Unspecified</pose>
		<truncated>0</truncated>
		<difficult>0</difficult>
		<bndbox>
			<xmin>2517</xmin>
			<ymin>4050</ymin>
			<xmax>2641</xmax>
			<ymax>4184</ymax>
		</bndbox>
	</object>
	<object>
		<name>sp21</name>
		<pose>Unspecified</pose>
		<truncated>0</truncated>
		<difficult>0</difficult>
		<bndbox>
			<xmin>2575</xmin>
			<ymin>4022</ymin>
			<xmax>2693</xmax>
			<ymax>4142</ymax>
		</bndbox>
	</object>
	<object>
		<name>sp21</name>
		<pose>Unspecified</pose>
		<truncated>0</truncated>
		<difficult>0</difficult>
		<bndbox>
			<xmin>2785</xmin>
			<ymin>3465</ymin>
			<xmax>2918</xmax>
			<ymax>3591</ymax>
		</bndbox>
	</object>
	<object>
		<name>sp21</name>
		<pose>Unspecified</pose>
		<truncated>0</truncated>
		<difficult>0</difficult>
		<bndbox>
			<xmin>2663</xmin>
			<ymin>3388</ymin>
			<xmax>2815</xmax>
			<ymax>3512</ymax>
		</bndbox>
	</object>
	<object>
		<name>sp21</name>
		<pose>Unspecified</pose>
		<truncated>0</truncated>
		<difficult>0</difficult>
		<bndbox>
			<xmin>2714</xmin>
			<ymin>2946</ymin>
			<xmax>2826</xmax>
			<ymax>3052</ymax>
		</bndbox>
	</object>
	<object>
		<name>sp21</name>
		<pose>Unspecified</pose>
		<truncated>0</truncated>
		<difficult>0</difficult>
		<bndbox>
			<xmin>2690</xmin>
			<ymin>3050</ymin>
			<xmax>2812</xmax>
			<ymax>3170</ymax>
		</bndbox>
	</object>
	<object>
		<name>sp21</name>
		<pose>Unspecified</pose>
		<truncated>0</truncated>
		<difficult>0</difficult>
		<bndbox>
			<xmin>2293</xmin>
			<ymin>3245</ymin>
			<xmax>2410</xmax>
			<ymax>3350</ymax>
		</bndbox>
	</object>
	<object>
		<name>sp21</name>
		<pose>Unspecified</pose>
		<truncated>0</truncated>
		<difficult>0</difficult>
		<bndbox>
			<xmin>2374</xmin>
			<ymin>2991</ymin>
			<xmax>2492</xmax>
			<ymax>3107</ymax>
		</bndbox>
	</object>
	<object>
		<name>sp21</name>
		<pose>Unspecified</pose>
		<truncated>0</truncated>
		<difficult>0</difficult>
		<bndbox>
			<xmin>2283</xmin>
			<ymin>2911</ymin>
			<xmax>2402</xmax>
			<ymax>3031</ymax>
		</bndbox>
	</object>
	<object>
		<name>sp21</name>
		<pose>Unspecified</pose>
		<truncated>0</truncated>
		<difficult>0</difficult>
		<bndbox>
			<xmin>2558</xmin>
			<ymin>2856</ymin>
			<xmax>2679</xmax>
			<ymax>2969</ymax>
		</bndbox>
	</object>
	<object>
		<name>sp21</name>
		<pose>Unspecified</pose>
		<truncated>0</truncated>
		<difficult>0</difficult>
		<bndbox>
			<xmin>2690</xmin>
			<ymin>2864</ymin>
			<xmax>2795</xmax>
			<ymax>2972</ymax>
		</bndbox>
	</object>
	<object>
		<name>sp21</name>
		<pose>Unspecified</pose>
		<truncated>0</truncated>
		<difficult>0</difficult>
		<bndbox>
			<xmin>2740</xmin>
			<ymin>2778</ymin>
			<xmax>2860</xmax>
			<ymax>2890</ymax>
		</bndbox>
	</object>
	<object>
		<name>sp21</name>
		<pose>Unspecified</pose>
		<truncated>0</truncated>
		<difficult>0</difficult>
		<bndbox>
			<xmin>2635</xmin>
			<ymin>2740</ymin>
			<xmax>2749</xmax>
			<ymax>2853</ymax>
		</bndbox>
	</object>
	<object>
		<name>sp21</name>
		<pose>Unspecified</pose>
		<truncated>0</truncated>
		<difficult>0</difficult>
		<bndbox>
			<xmin>2188</xmin>
			<ymin>2775</ymin>
			<xmax>2278</xmax>
			<ymax>2862</ymax>
		</bndbox>
	</object>
	<object>
		<name>sp21</name>
		<pose>Unspecified</pose>
		<truncated>0</truncated>
		<difficult>0</difficult>
		<bndbox>
			<xmin>2232</xmin>
			<ymin>2799</ymin>
			<xmax>2330</xmax>
			<ymax>2894</ymax>
		</bndbox>
	</object>
	<object>
		<name>sp21</name>
		<pose>Unspecified</pose>
		<truncated>0</truncated>
		<difficult>0</difficult>
		<bndbox>
			<xmin>2078</xmin>
			<ymin>2821</ymin>
			<xmax>2192</xmax>
			<ymax>2933</ymax>
		</bndbox>
	</object>
	<object>
		<name>sp21</name>
		<pose>Unspecified</pose>
		<truncated>0</truncated>
		<difficult>0</difficult>
		<bndbox>
			<xmin>2007</xmin>
			<ymin>2914</ymin>
			<xmax>2128</xmax>
			<ymax>3032</ymax>
		</bndbox>
	</object>
	<object>
		<name>sp21</name>
		<pose>Unspecified</pose>
		<truncated>0</truncated>
		<difficult>0</difficult>
		<bndbox>
			<xmin>1701</xmin>
			<ymin>2956</ymin>
			<xmax>1805</xmax>
			<ymax>3047</ymax>
		</bndbox>
	</object>
	<object>
		<name>sp21</name>
		<pose>Unspecified</pose>
		<truncated>0</truncated>
		<difficult>0</difficult>
		<bndbox>
			<xmin>1798</xmin>
			<ymin>3027</ymin>
			<xmax>1899</xmax>
			<ymax>3124</ymax>
		</bndbox>
	</object>
	<object>
		<name>sp21</name>
		<pose>Unspecified</pose>
		<truncated>0</truncated>
		<difficult>0</difficult>
		<bndbox>
			<xmin>1726</xmin>
			<ymin>3080</ymin>
			<xmax>1810</xmax>
			<ymax>3177</ymax>
		</bndbox>
	</object>
	<object>
		<name>sp21</name>
		<pose>Unspecified</pose>
		<truncated>0</truncated>
		<difficult>0</difficult>
		<bndbox>
			<xmin>1782</xmin>
			<ymin>3098</ymin>
			<xmax>1882</xmax>
			<ymax>3196</ymax>
		</bndbox>
	</object>
	<object>
		<name>sp21</name>
		<pose>Unspecified</pose>
		<truncated>0</truncated>
		<difficult>0</difficult>
		<bndbox>
			<xmin>1960</xmin>
			<ymin>3184</ymin>
			<xmax>2076</xmax>
			<ymax>3289</ymax>
		</bndbox>
	</object>
	<object>
		<name>sp21</name>
		<pose>Unspecified</pose>
		<truncated>0</truncated>
		<difficult>0</difficult>
		<bndbox>
			<xmin>1918</xmin>
			<ymin>3249</ymin>
			<xmax>2038</xmax>
			<ymax>3349</ymax>
		</bndbox>
	</object>
	<object>
		<name>sp21</name>
		<pose>Unspecified</pose>
		<truncated>0</truncated>
		<difficult>0</difficult>
		<bndbox>
			<xmin>1637</xmin>
			<ymin>3139</ymin>
			<xmax>1756</xmax>
			<ymax>3242</ymax>
		</bndbox>
	</object>
	<object>
		<name>sp21</name>
		<pose>Unspecified</pose>
		<truncated>0</truncated>
		<difficult>0</difficult>
		<bndbox>
			<xmin>1785</xmin>
			<ymin>3396</ymin>
			<xmax>1912</xmax>
			<ymax>3519</ymax>
		</bndbox>
	</object>
	<object>
		<name>sp21</name>
		<pose>Unspecified</pose>
		<truncated>0</truncated>
		<difficult>0</difficult>
		<bndbox>
			<xmin>1954</xmin>
			<ymin>3410</ymin>
			<xmax>2082</xmax>
			<ymax>3537</ymax>
		</bndbox>
	</object>
	<object>
		<name>sp21</name>
		<pose>Unspecified</pose>
		<truncated>0</truncated>
		<difficult>0</difficult>
		<bndbox>
			<xmin>1603</xmin>
			<ymin>2839</ymin>
			<xmax>1719</xmax>
			<ymax>2942</ymax>
		</bndbox>
	</object>
	<object>
		<name>sp21</name>
		<pose>Unspecified</pose>
		<truncated>0</truncated>
		<difficult>0</difficult>
		<bndbox>
			<xmin>1703</xmin>
			<ymin>2775</ymin>
			<xmax>1804</xmax>
			<ymax>2874</ymax>
		</bndbox>
	</object>
	<object>
		<name>sp21</name>
		<pose>Unspecified</pose>
		<truncated>0</truncated>
		<difficult>0</difficult>
		<bndbox>
			<xmin>1791</xmin>
			<ymin>2757</ymin>
			<xmax>1882</xmax>
			<ymax>2853</ymax>
		</bndbox>
	</object>
	<object>
		<name>sp21</name>
		<pose>Unspecified</pose>
		<truncated>0</truncated>
		<difficult>0</difficult>
		<bndbox>
			<xmin>1854</xmin>
			<ymin>2721</ymin>
			<xmax>1943</xmax>
			<ymax>2818</ymax>
		</bndbox>
	</object>
	<object>
		<name>sp21</name>
		<pose>Unspecified</pose>
		<truncated>0</truncated>
		<difficult>0</difficult>
		<bndbox>
			<xmin>1895</xmin>
			<ymin>2754</ymin>
			<xmax>1995</xmax>
			<ymax>2853</ymax>
		</bndbox>
	</object>
	<object>
		<name>sp21</name>
		<pose>Unspecified</pose>
		<truncated>0</truncated>
		<difficult>0</difficult>
		<bndbox>
			<xmin>1519</xmin>
			<ymin>2789</ymin>
			<xmax>1637</xmax>
			<ymax>2887</ymax>
		</bndbox>
	</object>
	<object>
		<name>sp21</name>
		<pose>Unspecified</pose>
		<truncated>0</truncated>
		<difficult>0</difficult>
		<bndbox>
			<xmin>2719</xmin>
			<ymin>2608</ymin>
			<xmax>2814</xmax>
			<ymax>2703</ymax>
		</bndbox>
	</object>
	<object>
		<name>sp21</name>
		<pose>Unspecified</pose>
		<truncated>0</truncated>
		<difficult>0</difficult>
		<bndbox>
			<xmin>2492</xmin>
			<ymin>2607</ymin>
			<xmax>2592</xmax>
			<ymax>2711</ymax>
		</bndbox>
	</object>
	<object>
		<name>sp21</name>
		<pose>Unspecified</pose>
		<truncated>0</truncated>
		<difficult>0</difficult>
		<bndbox>
			<xmin>2426</xmin>
			<ymin>2594</ymin>
			<xmax>2515</xmax>
			<ymax>2686</ymax>
		</bndbox>
	</object>
	<object>
		<name>sp21</name>
		<pose>Unspecified</pose>
		<truncated>0</truncated>
		<difficult>0</difficult>
		<bndbox>
			<xmin>2460</xmin>
			<ymin>2553</ymin>
			<xmax>2557</xmax>
			<ymax>2631</ymax>
		</bndbox>
	</object>
	<object>
		<name>sp21</name>
		<pose>Unspecified</pose>
		<truncated>0</truncated>
		<difficult>0</difficult>
		<bndbox>
			<xmin>2428</xmin>
			<ymin>2477</ymin>
			<xmax>2511</xmax>
			<ymax>2555</ymax>
		</bndbox>
	</object>
	<object>
		<name>sp21</name>
		<pose>Unspecified</pose>
		<truncated>0</truncated>
		<difficult>0</difficult>
		<bndbox>
			<xmin>2485</xmin>
			<ymin>2487</ymin>
			<xmax>2576</xmax>
			<ymax>2579</ymax>
		</bndbox>
	</object>
	<object>
		<name>sp21</name>
		<pose>Unspecified</pose>
		<truncated>0</truncated>
		<difficult>0</difficult>
		<bndbox>
			<xmin>2563</xmin>
			<ymin>2469</ymin>
			<xmax>2647</xmax>
			<ymax>2553</ymax>
		</bndbox>
	</object>
	<object>
		<name>sp21</name>
		<pose>Unspecified</pose>
		<truncated>0</truncated>
		<difficult>0</difficult>
		<bndbox>
			<xmin>2593</xmin>
			<ymin>2420</ymin>
			<xmax>2670</xmax>
			<ymax>2496</ymax>
		</bndbox>
	</object>
	<object>
		<name>sp21</name>
		<pose>Unspecified</pose>
		<truncated>0</truncated>
		<difficult>0</difficult>
		<bndbox>
			<xmin>2553</xmin>
			<ymin>2368</ymin>
			<xmax>2633</xmax>
			<ymax>2451</ymax>
		</bndbox>
	</object>
	<object>
		<name>sp21</name>
		<pose>Unspecified</pose>
		<truncated>0</truncated>
		<difficult>0</difficult>
		<bndbox>
			<xmin>2664</xmin>
			<ymin>2373</ymin>
			<xmax>2752</xmax>
			<ymax>2454</ymax>
		</bndbox>
	</object>
	<object>
		<name>sp21</name>
		<pose>Unspecified</pose>
		<truncated>0</truncated>
		<difficult>0</difficult>
		<bndbox>
			<xmin>2694</xmin>
			<ymin>2405</ymin>
			<xmax>2780</xmax>
			<ymax>2477</ymax>
		</bndbox>
	</object>
	<object>
		<name>sp21</name>
		<pose>Unspecified</pose>
		<truncated>0</truncated>
		<difficult>0</difficult>
		<bndbox>
			<xmin>2674</xmin>
			<ymin>2472</ymin>
			<xmax>2754</xmax>
			<ymax>2562</ymax>
		</bndbox>
	</object>
	<object>
		<name>sp21</name>
		<pose>Unspecified</pose>
		<truncated>0</truncated>
		<difficult>0</difficult>
		<bndbox>
			<xmin>2719</xmin>
			<ymin>2487</ymin>
			<xmax>2814</xmax>
			<ymax>2585</ymax>
		</bndbox>
	</object>
	<object>
		<name>sp21</name>
		<pose>Unspecified</pose>
		<truncated>0</truncated>
		<difficult>0</difficult>
		<bndbox>
			<xmin>2766</xmin>
			<ymin>2385</ymin>
			<xmax>2827</xmax>
			<ymax>2449</ymax>
		</bndbox>
	</object>
	<object>
		<name>sp21</name>
		<pose>Unspecified</pose>
		<truncated>0</truncated>
		<difficult>0</difficult>
		<bndbox>
			<xmin>2785</xmin>
			<ymin>2412</ymin>
			<xmax>2872</xmax>
			<ymax>2487</ymax>
		</bndbox>
	</object>
	<object>
		<name>sp21</name>
		<pose>Unspecified</pose>
		<truncated>0</truncated>
		<difficult>0</difficult>
		<bndbox>
			<xmin>2728</xmin>
			<ymin>2324</ymin>
			<xmax>2814</xmax>
			<ymax>2399</ymax>
		</bndbox>
	</object>
	<object>
		<name>sp21</name>
		<pose>Unspecified</pose>
		<truncated>0</truncated>
		<difficult>0</difficult>
		<bndbox>
			<xmin>2699</xmin>
			<ymin>2270</ymin>
			<xmax>2800</xmax>
			<ymax>2359</ymax>
		</bndbox>
	</object>
	<object>
		<name>sp21</name>
		<pose>Unspecified</pose>
		<truncated>0</truncated>
		<difficult>0</difficult>
		<bndbox>
			<xmin>2463</xmin>
			<ymin>2311</ymin>
			<xmax>2560</xmax>
			<ymax>2409</ymax>
		</bndbox>
	</object>
	<object>
		<name>sp21</name>
		<pose>Unspecified</pose>
		<truncated>0</truncated>
		<difficult>0</difficult>
		<bndbox>
			<xmin>2402</xmin>
			<ymin>2325</ymin>
			<xmax>2489</xmax>
			<ymax>2409</ymax>
		</bndbox>
	</object>
	<object>
		<name>sp21</name>
		<pose>Unspecified</pose>
		<truncated>0</truncated>
		<difficult>0</difficult>
		<bndbox>
			<xmin>2330</xmin>
			<ymin>2363</ymin>
			<xmax>2417</xmax>
			<ymax>2446</ymax>
		</bndbox>
	</object>
	<object>
		<name>sp21</name>
		<pose>Unspecified</pose>
		<truncated>0</truncated>
		<difficult>0</difficult>
		<bndbox>
			<xmin>2202</xmin>
			<ymin>2373</ymin>
			<xmax>2325</xmax>
			<ymax>2492</ymax>
		</bndbox>
	</object>
	<object>
		<name>sp21</name>
		<pose>Unspecified</pose>
		<truncated>0</truncated>
		<difficult>0</difficult>
		<bndbox>
			<xmin>2088</xmin>
			<ymin>2252</ymin>
			<xmax>2194</xmax>
			<ymax>2346</ymax>
		</bndbox>
	</object>
	<object>
		<name>sp21</name>
		<pose>Unspecified</pose>
		<truncated>0</truncated>
		<difficult>0</difficult>
		<bndbox>
			<xmin>2058</xmin>
			<ymin>2298</ymin>
			<xmax>2165</xmax>
			<ymax>2379</ymax>
		</bndbox>
	</object>
	<object>
		<name>sp21</name>
		<pose>Unspecified</pose>
		<truncated>0</truncated>
		<difficult>0</difficult>
		<bndbox>
			<xmin>2027</xmin>
			<ymin>2389</ymin>
			<xmax>2149</xmax>
			<ymax>2484</ymax>
		</bndbox>
	</object>
	<object>
		<name>sp21</name>
		<pose>Unspecified</pose>
		<truncated>0</truncated>
		<difficult>0</difficult>
		<bndbox>
			<xmin>1993</xmin>
			<ymin>2451</ymin>
			<xmax>2107</xmax>
			<ymax>2547</ymax>
		</bndbox>
	</object>
	<object>
		<name>sp21</name>
		<pose>Unspecified</pose>
		<truncated>0</truncated>
		<difficult>0</difficult>
		<bndbox>
			<xmin>2009</xmin>
			<ymin>2581</ymin>
			<xmax>2113</xmax>
			<ymax>2689</ymax>
		</bndbox>
	</object>
	<object>
		<name>sp21</name>
		<pose>Unspecified</pose>
		<truncated>0</truncated>
		<difficult>0</difficult>
		<bndbox>
			<xmin>2168</xmin>
			<ymin>2573</ymin>
			<xmax>2263</xmax>
			<ymax>2649</ymax>
		</bndbox>
	</object>
	<object>
		<name>sp21</name>
		<pose>Unspecified</pose>
		<truncated>0</truncated>
		<difficult>0</difficult>
		<bndbox>
			<xmin>2137</xmin>
			<ymin>2616</ymin>
			<xmax>2211</xmax>
			<ymax>2685</ymax>
		</bndbox>
	</object>
	<object>
		<name>sp21</name>
		<pose>Unspecified</pose>
		<truncated>0</truncated>
		<difficult>0</difficult>
		<bndbox>
			<xmin>2148</xmin>
			<ymin>2674</ymin>
			<xmax>2218</xmax>
			<ymax>2735</ymax>
		</bndbox>
	</object>
	<object>
		<name>sp21</name>
		<pose>Unspecified</pose>
		<truncated>0</truncated>
		<difficult>0</difficult>
		<bndbox>
			<xmin>2194</xmin>
			<ymin>2625</ymin>
			<xmax>2290</xmax>
			<ymax>2724</ymax>
		</bndbox>
	</object>
	<object>
		<name>sp21</name>
		<pose>Unspecified</pose>
		<truncated>0</truncated>
		<difficult>0</difficult>
		<bndbox>
			<xmin>1862</xmin>
			<ymin>2587</ymin>
			<xmax>1969</xmax>
			<ymax>2688</ymax>
		</bndbox>
	</object>
	<object>
		<name>sp21</name>
		<pose>Unspecified</pose>
		<truncated>0</truncated>
		<difficult>0</difficult>
		<bndbox>
			<xmin>1550</xmin>
			<ymin>2547</ymin>
			<xmax>1669</xmax>
			<ymax>2660</ymax>
		</bndbox>
	</object>
	<object>
		<name>sp21</name>
		<pose>Unspecified</pose>
		<truncated>0</truncated>
		<difficult>0</difficult>
		<bndbox>
			<xmin>1649</xmin>
			<ymin>2665</ymin>
			<xmax>1758</xmax>
			<ymax>2777</ymax>
		</bndbox>
	</object>
	<object>
		<name>sp21</name>
		<pose>Unspecified</pose>
		<truncated>0</truncated>
		<difficult>0</difficult>
		<bndbox>
			<xmin>1837</xmin>
			<ymin>2172</ymin>
			<xmax>1944</xmax>
			<ymax>2265</ymax>
		</bndbox>
	</object>
	<object>
		<name>sp21</name>
		<pose>Unspecified</pose>
		<truncated>0</truncated>
		<difficult>0</difficult>
		<bndbox>
			<xmin>2097</xmin>
			<ymin>2097</ymin>
			<xmax>2218</xmax>
			<ymax>2203</ymax>
		</bndbox>
	</object>
	<object>
		<name>sp21</name>
		<pose>Unspecified</pose>
		<truncated>0</truncated>
		<difficult>0</difficult>
		<bndbox>
			<xmin>1678</xmin>
			<ymin>2245</ymin>
			<xmax>1782</xmax>
			<ymax>2342</ymax>
		</bndbox>
	</object>
	<object>
		<name>sp21</name>
		<pose>Unspecified</pose>
		<truncated>0</truncated>
		<difficult>0</difficult>
		<bndbox>
			<xmin>1583</xmin>
			<ymin>2308</ymin>
			<xmax>1703</xmax>
			<ymax>2414</ymax>
		</bndbox>
	</object>
	<object>
		<name>sp21</name>
		<pose>Unspecified</pose>
		<truncated>0</truncated>
		<difficult>0</difficult>
		<bndbox>
			<xmin>1615</xmin>
			<ymin>2111</ymin>
			<xmax>1729</xmax>
			<ymax>2216</ymax>
		</bndbox>
	</object>
	<object>
		<name>sp21</name>
		<pose>Unspecified</pose>
		<truncated>0</truncated>
		<difficult>0</difficult>
		<bndbox>
			<xmin>1648</xmin>
			<ymin>2198</ymin>
			<xmax>1726</xmax>
			<ymax>2281</ymax>
		</bndbox>
	</object>
	<object>
		<name>sp21</name>
		<pose>Unspecified</pose>
		<truncated>0</truncated>
		<difficult>0</difficult>
		<bndbox>
			<xmin>1577</xmin>
			<ymin>2197</ymin>
			<xmax>1674</xmax>
			<ymax>2290</ymax>
		</bndbox>
	</object>
	<object>
		<name>sp21</name>
		<pose>Unspecified</pose>
		<truncated>0</truncated>
		<difficult>0</difficult>
		<bndbox>
			<xmin>1753</xmin>
			<ymin>2073</ymin>
			<xmax>1859</xmax>
			<ymax>2167</ymax>
		</bndbox>
	</object>
	<object>
		<name>sp21</name>
		<pose>Unspecified</pose>
		<truncated>0</truncated>
		<difficult>0</difficult>
		<bndbox>
			<xmin>3029</xmin>
			<ymin>2132</ymin>
			<xmax>3133</xmax>
			<ymax>2218</ymax>
		</bndbox>
	</object>
	<object>
		<name>sp21</name>
		<pose>Unspecified</pose>
		<truncated>0</truncated>
		<difficult>0</difficult>
		<bndbox>
			<xmin>3352</xmin>
			<ymin>2028</ymin>
			<xmax>3479</xmax>
			<ymax>2141</ymax>
		</bndbox>
	</object>
	<object>
		<name>sp21</name>
		<pose>Unspecified</pose>
		<truncated>0</truncated>
		<difficult>0</difficult>
		<bndbox>
			<xmin>3164</xmin>
			<ymin>1751</ymin>
			<xmax>3288</xmax>
			<ymax>1874</ymax>
		</bndbox>
	</object>
	<object>
		<name>sp21</name>
		<pose>Unspecified</pose>
		<truncated>0</truncated>
		<difficult>0</difficult>
		<bndbox>
			<xmin>3421</xmin>
			<ymin>1630</ymin>
			<xmax>3545</xmax>
			<ymax>1751</ymax>
		</bndbox>
	</object>
	<object>
		<name>sp21</name>
		<pose>Unspecified</pose>
		<truncated>0</truncated>
		<difficult>0</difficult>
		<bndbox>
			<xmin>2924</xmin>
			<ymin>1722</ymin>
			<xmax>3046</xmax>
			<ymax>1838</ymax>
		</bndbox>
	</object>
	<object>
		<name>sp21</name>
		<pose>Unspecified</pose>
		<truncated>0</truncated>
		<difficult>0</difficult>
		<bndbox>
			<xmin>2754</xmin>
			<ymin>1690</ymin>
			<xmax>2849</xmax>
			<ymax>1763</ymax>
		</bndbox>
	</object>
	<object>
		<name>sp21</name>
		<pose>Unspecified</pose>
		<truncated>0</truncated>
		<difficult>0</difficult>
		<bndbox>
			<xmin>2723</xmin>
			<ymin>1727</ymin>
			<xmax>2827</xmax>
			<ymax>1817</ymax>
		</bndbox>
	</object>
	<object>
		<name>sp21</name>
		<pose>Unspecified</pose>
		<truncated>0</truncated>
		<difficult>0</difficult>
		<bndbox>
			<xmin>2714</xmin>
			<ymin>1797</ymin>
			<xmax>2821</xmax>
			<ymax>1884</ymax>
		</bndbox>
	</object>
	<object>
		<name>sp21</name>
		<pose>Unspecified</pose>
		<truncated>0</truncated>
		<difficult>0</difficult>
		<bndbox>
			<xmin>2413</xmin>
			<ymin>1646</ymin>
			<xmax>2535</xmax>
			<ymax>1762</ymax>
		</bndbox>
	</object>
	<object>
		<name>sp21</name>
		<pose>Unspecified</pose>
		<truncated>0</truncated>
		<difficult>0</difficult>
		<bndbox>
			<xmin>2203</xmin>
			<ymin>1695</ymin>
			<xmax>2335</xmax>
			<ymax>1814</ymax>
		</bndbox>
	</object>
	<object>
		<name>sp21</name>
		<pose>Unspecified</pose>
		<truncated>0</truncated>
		<difficult>0</difficult>
		<bndbox>
			<xmin>2283</xmin>
			<ymin>1941</ymin>
			<xmax>2408</xmax>
			<ymax>2065</ymax>
		</bndbox>
	</object>
	<object>
		<name>sp21</name>
		<pose>Unspecified</pose>
		<truncated>0</truncated>
		<difficult>0</difficult>
		<bndbox>
			<xmin>2659</xmin>
			<ymin>1890</ymin>
			<xmax>2769</xmax>
			<ymax>1991</ymax>
		</bndbox>
	</object>
	<object>
		<name>sp21</name>
		<pose>Unspecified</pose>
		<truncated>0</truncated>
		<difficult>0</difficult>
		<bndbox>
			<xmin>2625</xmin>
			<ymin>1964</ymin>
			<xmax>2726</xmax>
			<ymax>2060</ymax>
		</bndbox>
	</object>
	<object>
		<name>sp21</name>
		<pose>Unspecified</pose>
		<truncated>0</truncated>
		<difficult>0</difficult>
		<bndbox>
			<xmin>2534</xmin>
			<ymin>2030</ymin>
			<xmax>2635</xmax>
			<ymax>2118</ymax>
		</bndbox>
	</object>
	<object>
		<name>sp21</name>
		<pose>Unspecified</pose>
		<truncated>0</truncated>
		<difficult>0</difficult>
		<bndbox>
			<xmin>2630</xmin>
			<ymin>2060</ymin>
			<xmax>2714</xmax>
			<ymax>2154</ymax>
		</bndbox>
	</object>
	<object>
		<name>sp21</name>
		<pose>Unspecified</pose>
		<truncated>0</truncated>
		<difficult>0</difficult>
		<bndbox>
			<xmin>2580</xmin>
			<ymin>2091</ymin>
			<xmax>2662</xmax>
			<ymax>2183</ymax>
		</bndbox>
	</object>
	<object>
		<name>sp21</name>
		<pose>Unspecified</pose>
		<truncated>0</truncated>
		<difficult>0</difficult>
		<bndbox>
			<xmin>2503</xmin>
			<ymin>2141</ymin>
			<xmax>2618</xmax>
			<ymax>2253</ymax>
		</bndbox>
	</object>
	<object>
		<name>sp21</name>
		<pose>Unspecified</pose>
		<truncated>0</truncated>
		<difficult>0</difficult>
		<bndbox>
			<xmin>2725</xmin>
			<ymin>2025</ymin>
			<xmax>2809</xmax>
			<ymax>2109</ymax>
		</bndbox>
	</object>
	<object>
		<name>sp21</name>
		<pose>Unspecified</pose>
		<truncated>0</truncated>
		<difficult>0</difficult>
		<bndbox>
			<xmin>2771</xmin>
			<ymin>2042</ymin>
			<xmax>2878</xmax>
			<ymax>2146</ymax>
		</bndbox>
	</object>
	<object>
		<name>sp21</name>
		<pose>Unspecified</pose>
		<truncated>0</truncated>
		<difficult>0</difficult>
		<bndbox>
			<xmin>2921</xmin>
			<ymin>2002</ymin>
			<xmax>3045</xmax>
			<ymax>2108</ymax>
		</bndbox>
	</object>
	<object>
		<name>sp21</name>
		<pose>Unspecified</pose>
		<truncated>0</truncated>
		<difficult>0</difficult>
		<bndbox>
			<xmin>2044</xmin>
			<ymin>1970</ymin>
			<xmax>2154</xmax>
			<ymax>2042</ymax>
		</bndbox>
	</object>
	<object>
		<name>sp21</name>
		<pose>Unspecified</pose>
		<truncated>0</truncated>
		<difficult>0</difficult>
		<bndbox>
			<xmin>2035</xmin>
			<ymin>1909</ymin>
			<xmax>2142</xmax>
			<ymax>1993</ymax>
		</bndbox>
	</object>
	<object>
		<name>sp21</name>
		<pose>Unspecified</pose>
		<truncated>0</truncated>
		<difficult>0</difficult>
		<bndbox>
			<xmin>1954</xmin>
			<ymin>1861</ymin>
			<xmax>2050</xmax>
			<ymax>1958</ymax>
		</bndbox>
	</object>
	<object>
		<name>sp21</name>
		<pose>Unspecified</pose>
		<truncated>0</truncated>
		<difficult>0</difficult>
		<bndbox>
			<xmin>1877</xmin>
			<ymin>1863</ymin>
			<xmax>1974</xmax>
			<ymax>1953</ymax>
		</bndbox>
	</object>
	<object>
		<name>sp21</name>
		<pose>Unspecified</pose>
		<truncated>0</truncated>
		<difficult>0</difficult>
		<bndbox>
			<xmin>1902</xmin>
			<ymin>1803</ymin>
			<xmax>2000</xmax>
			<ymax>1897</ymax>
		</bndbox>
	</object>
	<object>
		<name>sp21</name>
		<pose>Unspecified</pose>
		<truncated>0</truncated>
		<difficult>0</difficult>
		<bndbox>
			<xmin>1831</xmin>
			<ymin>1770</ymin>
			<xmax>1937</xmax>
			<ymax>1875</ymax>
		</bndbox>
	</object>
	<object>
		<name>sp21</name>
		<pose>Unspecified</pose>
		<truncated>0</truncated>
		<difficult>0</difficult>
		<bndbox>
			<xmin>1951</xmin>
			<ymin>1653</ymin>
			<xmax>2061</xmax>
			<ymax>1760</ymax>
		</bndbox>
	</object>
	<object>
		<name>sp21</name>
		<pose>Unspecified</pose>
		<truncated>0</truncated>
		<difficult>0</difficult>
		<bndbox>
			<xmin>1857</xmin>
			<ymin>1607</ymin>
			<xmax>1963</xmax>
			<ymax>1711</ymax>
		</bndbox>
	</object>
	<object>
		<name>sp21</name>
		<pose>Unspecified</pose>
		<truncated>0</truncated>
		<difficult>0</difficult>
		<bndbox>
			<xmin>1744</xmin>
			<ymin>1566</ymin>
			<xmax>1860</xmax>
			<ymax>1678</ymax>
		</bndbox>
	</object>
	<object>
		<name>sp21</name>
		<pose>Unspecified</pose>
		<truncated>0</truncated>
		<difficult>0</difficult>
		<bndbox>
			<xmin>1687</xmin>
			<ymin>1791</ymin>
			<xmax>1788</xmax>
			<ymax>1895</ymax>
		</bndbox>
	</object>
	<object>
		<name>sp21</name>
		<pose>Unspecified</pose>
		<truncated>0</truncated>
		<difficult>0</difficult>
		<bndbox>
			<xmin>1589</xmin>
			<ymin>1773</ymin>
			<xmax>1695</xmax>
			<ymax>1883</ymax>
		</bndbox>
	</object>
	<object>
		<name>sp21</name>
		<pose>Unspecified</pose>
		<truncated>0</truncated>
		<difficult>0</difficult>
		<bndbox>
			<xmin>1478</xmin>
			<ymin>1875</ymin>
			<xmax>1589</xmax>
			<ymax>1970</ymax>
		</bndbox>
	</object>
	<object>
		<name>sp21</name>
		<pose>Unspecified</pose>
		<truncated>0</truncated>
		<difficult>0</difficult>
		<bndbox>
			<xmin>1462</xmin>
			<ymin>1947</ymin>
			<xmax>1554</xmax>
			<ymax>2024</ymax>
		</bndbox>
	</object>
	<object>
		<name>sp21</name>
		<pose>Unspecified</pose>
		<truncated>0</truncated>
		<difficult>0</difficult>
		<bndbox>
			<xmin>1609</xmin>
			<ymin>1943</ymin>
			<xmax>1697</xmax>
			<ymax>2036</ymax>
		</bndbox>
	</object>
	<object>
		<name>sp21</name>
		<pose>Unspecified</pose>
		<truncated>0</truncated>
		<difficult>0</difficult>
		<bndbox>
			<xmin>1683</xmin>
			<ymin>1944</ymin>
			<xmax>1781</xmax>
			<ymax>2039</ymax>
		</bndbox>
	</object>
	<object>
		<name>sp21</name>
		<pose>Unspecified</pose>
		<truncated>0</truncated>
		<difficult>0</difficult>
		<bndbox>
			<xmin>1765</xmin>
			<ymin>1967</ymin>
			<xmax>1833</xmax>
			<ymax>2062</ymax>
		</bndbox>
	</object>
	<object>
		<name>sp21</name>
		<pose>Unspecified</pose>
		<truncated>0</truncated>
		<difficult>0</difficult>
		<bndbox>
			<xmin>1811</xmin>
			<ymin>1973</ymin>
			<xmax>1900</xmax>
			<ymax>2074</ymax>
		</bndbox>
	</object>
	<object>
		<name>sp21</name>
		<pose>Unspecified</pose>
		<truncated>0</truncated>
		<difficult>0</difficult>
		<bndbox>
			<xmin>1876</xmin>
			<ymin>2001</ymin>
			<xmax>1984</xmax>
			<ymax>2115</ymax>
		</bndbox>
	</object>
	<object>
		<name>sp21</name>
		<pose>Unspecified</pose>
		<truncated>0</truncated>
		<difficult>0</difficult>
		<bndbox>
			<xmin>1423</xmin>
			<ymin>2109</ymin>
			<xmax>1528</xmax>
			<ymax>2213</ymax>
		</bndbox>
	</object>
	<object>
		<name>sp21</name>
		<pose>Unspecified</pose>
		<truncated>0</truncated>
		<difficult>0</difficult>
		<bndbox>
			<xmin>1300</xmin>
			<ymin>2131</ymin>
			<xmax>1418</xmax>
			<ymax>2244</ymax>
		</bndbox>
	</object>
	<object>
		<name>sp21</name>
		<pose>Unspecified</pose>
		<truncated>0</truncated>
		<difficult>0</difficult>
		<bndbox>
			<xmin>1473</xmin>
			<ymin>2359</ymin>
			<xmax>1583</xmax>
			<ymax>2460</ymax>
		</bndbox>
	</object>
	<object>
		<name>sp21</name>
		<pose>Unspecified</pose>
		<truncated>0</truncated>
		<difficult>0</difficult>
		<bndbox>
			<xmin>1136</xmin>
			<ymin>2483</ymin>
			<xmax>1293</xmax>
			<ymax>2623</ymax>
		</bndbox>
	</object>
	<object>
		<name>sp21</name>
		<pose>Unspecified</pose>
		<truncated>0</truncated>
		<difficult>0</difficult>
		<bndbox>
			<xmin>927</xmin>
			<ymin>2325</ymin>
			<xmax>1065</xmax>
			<ymax>2458</ymax>
		</bndbox>
	</object>
	<object>
		<name>sp21</name>
		<pose>Unspecified</pose>
		<truncated>0</truncated>
		<difficult>0</difficult>
		<bndbox>
			<xmin>838</xmin>
			<ymin>2247</ymin>
			<xmax>954</xmax>
			<ymax>2362</ymax>
		</bndbox>
	</object>
	<object>
		<name>sp21</name>
		<pose>Unspecified</pose>
		<truncated>0</truncated>
		<difficult>0</difficult>
		<bndbox>
			<xmin>659</xmin>
			<ymin>2200</ymin>
			<xmax>812</xmax>
			<ymax>2333</ymax>
		</bndbox>
	</object>
	<object>
		<name>sp21</name>
		<pose>Unspecified</pose>
		<truncated>0</truncated>
		<difficult>0</difficult>
		<bndbox>
			<xmin>512</xmin>
			<ymin>2712</ymin>
			<xmax>665</xmax>
			<ymax>2848</ymax>
		</bndbox>
	</object>
	<object>
		<name>sp21</name>
		<pose>Unspecified</pose>
		<truncated>0</truncated>
		<difficult>0</difficult>
		<bndbox>
			<xmin>849</xmin>
			<ymin>2827</ymin>
			<xmax>962</xmax>
			<ymax>2937</ymax>
		</bndbox>
	</object>
	<object>
		<name>sp21</name>
		<pose>Unspecified</pose>
		<truncated>0</truncated>
		<difficult>0</difficult>
		<bndbox>
			<xmin>786</xmin>
			<ymin>2855</ymin>
			<xmax>887</xmax>
			<ymax>2957</ymax>
		</bndbox>
	</object>
	<object>
		<name>sp21</name>
		<pose>Unspecified</pose>
		<truncated>0</truncated>
		<difficult>0</difficult>
		<bndbox>
			<xmin>996</xmin>
			<ymin>2822</ymin>
			<xmax>1124</xmax>
			<ymax>2948</ymax>
		</bndbox>
	</object>
	<object>
		<name>sp21</name>
		<pose>Unspecified</pose>
		<truncated>0</truncated>
		<difficult>0</difficult>
		<bndbox>
			<xmin>1181</xmin>
			<ymin>2913</ymin>
			<xmax>1322</xmax>
			<ymax>3037</ymax>
		</bndbox>
	</object>
	<object>
		<name>sp21</name>
		<pose>Unspecified</pose>
		<truncated>0</truncated>
		<difficult>0</difficult>
		<bndbox>
			<xmin>1306</xmin>
			<ymin>2851</ymin>
			<xmax>1438</xmax>
			<ymax>2945</ymax>
		</bndbox>
	</object>
	<object>
		<name>sp21</name>
		<pose>Unspecified</pose>
		<truncated>0</truncated>
		<difficult>0</difficult>
		<bndbox>
			<xmin>1338</xmin>
			<ymin>2777</ymin>
			<xmax>1443</xmax>
			<ymax>2879</ymax>
		</bndbox>
	</object>
	<object>
		<name>sp21</name>
		<pose>Unspecified</pose>
		<truncated>0</truncated>
		<difficult>0</difficult>
		<bndbox>
			<xmin>1410</xmin>
			<ymin>2744</ymin>
			<xmax>1528</xmax>
			<ymax>2853</ymax>
		</bndbox>
	</object>
	<object>
		<name>sp21</name>
		<pose>Unspecified</pose>
		<truncated>0</truncated>
		<difficult>0</difficult>
		<bndbox>
			<xmin>820</xmin>
			<ymin>1946</ymin>
			<xmax>953</xmax>
			<ymax>2071</ymax>
		</bndbox>
	</object>
	<object>
		<name>sp21</name>
		<pose>Unspecified</pose>
		<truncated>0</truncated>
		<difficult>0</difficult>
		<bndbox>
			<xmin>970</xmin>
			<ymin>1707</ymin>
			<xmax>1112</xmax>
			<ymax>1838</ymax>
		</bndbox>
	</object>
	<object>
		<name>sp21</name>
		<pose>Unspecified</pose>
		<truncated>0</truncated>
		<difficult>0</difficult>
		<bndbox>
			<xmin>1170</xmin>
			<ymin>1874</ymin>
			<xmax>1299</xmax>
			<ymax>2002</ymax>
		</bndbox>
	</object>
	<object>
		<name>sp21</name>
		<pose>Unspecified</pose>
		<truncated>0</truncated>
		<difficult>0</difficult>
		<bndbox>
			<xmin>993</xmin>
			<ymin>2011</ymin>
			<xmax>1126</xmax>
			<ymax>2134</ymax>
		</bndbox>
	</object>
	<object>
		<name>sp21</name>
		<pose>Unspecified</pose>
		<truncated>0</truncated>
		<difficult>0</difficult>
		<bndbox>
			<xmin>896</xmin>
			<ymin>2106</ymin>
			<xmax>1031</xmax>
			<ymax>2227</ymax>
		</bndbox>
	</object>
	<object>
		<name>sp21</name>
		<pose>Unspecified</pose>
		<truncated>0</truncated>
		<difficult>0</difficult>
		<bndbox>
			<xmin>1149</xmin>
			<ymin>1439</ymin>
			<xmax>1299</xmax>
			<ymax>1577</ymax>
		</bndbox>
	</object>
	<object>
		<name>sp21</name>
		<pose>Unspecified</pose>
		<truncated>0</truncated>
		<difficult>0</difficult>
		<bndbox>
			<xmin>932</xmin>
			<ymin>2981</ymin>
			<xmax>1050</xmax>
			<ymax>3088</ymax>
		</bndbox>
	</object>
	<object>
		<name>sp21</name>
		<pose>Unspecified</pose>
		<truncated>0</truncated>
		<difficult>0</difficult>
		<bndbox>
			<xmin>649</xmin>
			<ymin>2997</ymin>
			<xmax>791</xmax>
			<ymax>3120</ymax>
		</bndbox>
	</object>
	<object>
		<name>sp21</name>
		<pose>Unspecified</pose>
		<truncated>0</truncated>
		<difficult>0</difficult>
		<bndbox>
			<xmin>822</xmin>
			<ymin>2974</ymin>
			<xmax>957</xmax>
			<ymax>3089</ymax>
		</bndbox>
	</object>
	<object>
		<name>sp21</name>
		<pose>Unspecified</pose>
		<truncated>0</truncated>
		<difficult>0</difficult>
		<bndbox>
			<xmin>1013</xmin>
			<ymin>3097</ymin>
			<xmax>1139</xmax>
			<ymax>3221</ymax>
		</bndbox>
	</object>
	<object>
		<name>sp21</name>
		<pose>Unspecified</pose>
		<truncated>0</truncated>
		<difficult>0</difficult>
		<bndbox>
			<xmin>830</xmin>
			<ymin>3150</ymin>
			<xmax>969</xmax>
			<ymax>3279</ymax>
		</bndbox>
	</object>
	<object>
		<name>sp21</name>
		<pose>Unspecified</pose>
		<truncated>0</truncated>
		<difficult>0</difficult>
		<bndbox>
			<xmin>739</xmin>
			<ymin>3354</ymin>
			<xmax>857</xmax>
			<ymax>3481</ymax>
		</bndbox>
	</object>
	<object>
		<name>sp21</name>
		<pose>Unspecified</pose>
		<truncated>0</truncated>
		<difficult>0</difficult>
		<bndbox>
			<xmin>1000</xmin>
			<ymin>3423</ymin>
			<xmax>1130</xmax>
			<ymax>3538</ymax>
		</bndbox>
	</object>
	<object>
		<name>sp21</name>
		<pose>Unspecified</pose>
		<truncated>0</truncated>
		<difficult>0</difficult>
		<bndbox>
			<xmin>612</xmin>
			<ymin>3715</ymin>
			<xmax>744</xmax>
			<ymax>3844</ymax>
		</bndbox>
	</object>
	<object>
		<name>sp21</name>
		<pose>Unspecified</pose>
		<truncated>0</truncated>
		<difficult>0</difficult>
		<bndbox>
			<xmin>485</xmin>
			<ymin>3752</ymin>
			<xmax>632</xmax>
			<ymax>3883</ymax>
		</bndbox>
	</object>
	<object>
		<name>sp21</name>
		<pose>Unspecified</pose>
		<truncated>0</truncated>
		<difficult>0</difficult>
		<bndbox>
			<xmin>651</xmin>
			<ymin>4139</ymin>
			<xmax>814</xmax>
			<ymax>4298</ymax>
		</bndbox>
	</object>
</annotation>