<annotation>
	<folder>my-project-name</folder>
	<filename>sp21_img24.jpg</filename>
	<path>/my-project-name/sp21_img24.jpg</path>
	<source>
		<database>Unspecified</database>
	</source>
	<size>
		<width>5927</width>
		<height>5968</height>
		<depth>3</depth>
	</size>
	<object>
		<name>sp21</name>
		<pose>Unspecified</pose>
		<truncated>0</truncated>
		<difficult>0</difficult>
		<bndbox>
			<xmin>2879</xmin>
			<ymin>2014</ymin>
			<xmax>3008</xmax>
			<ymax>2183</ymax>
		</bndbox>
	</object>
	<object>
		<name>sp21</name>
		<pose>Unspecified</pose>
		<truncated>0</truncated>
		<difficult>0</difficult>
		<bndbox>
			<xmin>3845</xmin>
			<ymin>4285</ymin>
			<xmax>3982</xmax>
			<ymax>4430</ymax>
		</bndbox>
	</object>
	<object>
		<name>sp21</name>
		<pose>Unspecified</pose>
		<truncated>0</truncated>
		<difficult>0</difficult>
		<bndbox>
			<xmin>2820</xmin>
			<ymin>195</ymin>
			<xmax>2973</xmax>
			<ymax>344</ymax>
		</bndbox>
	</object>
	<object>
		<name>sp21</name>
		<pose>Unspecified</pose>
		<truncated>0</truncated>
		<difficult>0</difficult>
		<bndbox>
			<xmin>3006</xmin>
			<ymin>342</ymin>
			<xmax>3160</xmax>
			<ymax>498</ymax>
		</bndbox>
	</object>
	<object>
		<name>sp21</name>
		<pose>Unspecified</pose>
		<truncated>0</truncated>
		<difficult>0</difficult>
		<bndbox>
			<xmin>3516</xmin>
			<ymin>512</ymin>
			<xmax>3628</xmax>
			<ymax>598</ymax>
		</bndbox>
	</object>
	<object>
		<name>sp21</name>
		<pose>Unspecified</pose>
		<truncated>0</truncated>
		<difficult>0</difficult>
		<bndbox>
			<xmin>3150</xmin>
			<ymin>929</ymin>
			<xmax>3286</xmax>
			<ymax>1048</ymax>
		</bndbox>
	</object>
	<object>
		<name>sp21</name>
		<pose>Unspecified</pose>
		<truncated>0</truncated>
		<difficult>0</difficult>
		<bndbox>
			<xmin>2736</xmin>
			<ymin>913</ymin>
			<xmax>2897</xmax>
			<ymax>1043</ymax>
		</bndbox>
	</object>
	<object>
		<name>sp21</name>
		<pose>Unspecified</pose>
		<truncated>0</truncated>
		<difficult>0</difficult>
		<bndbox>
			<xmin>1688</xmin>
			<ymin>1150</ymin>
			<xmax>1834</xmax>
			<ymax>1297</ymax>
		</bndbox>
	</object>
	<object>
		<name>sp21</name>
		<pose>Unspecified</pose>
		<truncated>0</truncated>
		<difficult>0</difficult>
		<bndbox>
			<xmin>1646</xmin>
			<ymin>1446</ymin>
			<xmax>1769</xmax>
			<ymax>1563</ymax>
		</bndbox>
	</object>
	<object>
		<name>sp21</name>
		<pose>Unspecified</pose>
		<truncated>0</truncated>
		<difficult>0</difficult>
		<bndbox>
			<xmin>2689</xmin>
			<ymin>1281</ymin>
			<xmax>2815</xmax>
			<ymax>1383</ymax>
		</bndbox>
	</object>
	<object>
		<name>sp21</name>
		<pose>Unspecified</pose>
		<truncated>0</truncated>
		<difficult>0</difficult>
		<bndbox>
			<xmin>2647</xmin>
			<ymin>1348</ymin>
			<xmax>2768</xmax>
			<ymax>1435</ymax>
		</bndbox>
	</object>
	<object>
		<name>sp21</name>
		<pose>Unspecified</pose>
		<truncated>0</truncated>
		<difficult>0</difficult>
		<bndbox>
			<xmin>2612</xmin>
			<ymin>1372</ymin>
			<xmax>2727</xmax>
			<ymax>1493</ymax>
		</bndbox>
	</object>
	<object>
		<name>sp21</name>
		<pose>Unspecified</pose>
		<truncated>0</truncated>
		<difficult>0</difficult>
		<bndbox>
			<xmin>2876</xmin>
			<ymin>1388</ymin>
			<xmax>3001</xmax>
			<ymax>1491</ymax>
		</bndbox>
	</object>
	<object>
		<name>sp21</name>
		<pose>Unspecified</pose>
		<truncated>0</truncated>
		<difficult>0</difficult>
		<bndbox>
			<xmin>3069</xmin>
			<ymin>1337</ymin>
			<xmax>3148</xmax>
			<ymax>1446</ymax>
		</bndbox>
	</object>
	<object>
		<name>sp21</name>
		<pose>Unspecified</pose>
		<truncated>0</truncated>
		<difficult>0</difficult>
		<bndbox>
			<xmin>3113</xmin>
			<ymin>1341</ymin>
			<xmax>3232</xmax>
			<ymax>1446</ymax>
		</bndbox>
	</object>
	<object>
		<name>sp21</name>
		<pose>Unspecified</pose>
		<truncated>0</truncated>
		<difficult>0</difficult>
		<bndbox>
			<xmin>3905</xmin>
			<ymin>1362</ymin>
			<xmax>4052</xmax>
			<ymax>1481</ymax>
		</bndbox>
	</object>
	<object>
		<name>sp21</name>
		<pose>Unspecified</pose>
		<truncated>0</truncated>
		<difficult>0</difficult>
		<bndbox>
			<xmin>3721</xmin>
			<ymin>1472</ymin>
			<xmax>3856</xmax>
			<ymax>1588</ymax>
		</bndbox>
	</object>
	<object>
		<name>sp21</name>
		<pose>Unspecified</pose>
		<truncated>0</truncated>
		<difficult>0</difficult>
		<bndbox>
			<xmin>3915</xmin>
			<ymin>1565</ymin>
			<xmax>4061</xmax>
			<ymax>1698</ymax>
		</bndbox>
	</object>
	<object>
		<name>sp21</name>
		<pose>Unspecified</pose>
		<truncated>0</truncated>
		<difficult>0</difficult>
		<bndbox>
			<xmin>3288</xmin>
			<ymin>1563</ymin>
			<xmax>3418</xmax>
			<ymax>1675</ymax>
		</bndbox>
	</object>
	<object>
		<name>sp21</name>
		<pose>Unspecified</pose>
		<truncated>0</truncated>
		<difficult>0</difficult>
		<bndbox>
			<xmin>3451</xmin>
			<ymin>1744</ymin>
			<xmax>3581</xmax>
			<ymax>1863</ymax>
		</bndbox>
	</object>
	<object>
		<name>sp21</name>
		<pose>Unspecified</pose>
		<truncated>0</truncated>
		<difficult>0</difficult>
		<bndbox>
			<xmin>3195</xmin>
			<ymin>2068</ymin>
			<xmax>3281</xmax>
			<ymax>2136</ymax>
		</bndbox>
	</object>
	<object>
		<name>sp21</name>
		<pose>Unspecified</pose>
		<truncated>0</truncated>
		<difficult>0</difficult>
		<bndbox>
			<xmin>3053</xmin>
			<ymin>2029</ymin>
			<xmax>3188</xmax>
			<ymax>2145</ymax>
		</bndbox>
	</object>
	<object>
		<name>sp21</name>
		<pose>Unspecified</pose>
		<truncated>0</truncated>
		<difficult>0</difficult>
		<bndbox>
			<xmin>2803</xmin>
			<ymin>1898</ymin>
			<xmax>2925</xmax>
			<ymax>2003</ymax>
		</bndbox>
	</object>
	<object>
		<name>sp21</name>
		<pose>Unspecified</pose>
		<truncated>0</truncated>
		<difficult>0</difficult>
		<bndbox>
			<xmin>2370</xmin>
			<ymin>1882</ymin>
			<xmax>2505</xmax>
			<ymax>1998</ymax>
		</bndbox>
	</object>
	<object>
		<name>sp21</name>
		<pose>Unspecified</pose>
		<truncated>0</truncated>
		<difficult>0</difficult>
		<bndbox>
			<xmin>2060</xmin>
			<ymin>1591</ymin>
			<xmax>2186</xmax>
			<ymax>1707</ymax>
		</bndbox>
	</object>
	<object>
		<name>sp21</name>
		<pose>Unspecified</pose>
		<truncated>0</truncated>
		<difficult>0</difficult>
		<bndbox>
			<xmin>3437</xmin>
			<ymin>2164</ymin>
			<xmax>3588</xmax>
			<ymax>2313</ymax>
		</bndbox>
	</object>
	<object>
		<name>sp21</name>
		<pose>Unspecified</pose>
		<truncated>0</truncated>
		<difficult>0</difficult>
		<bndbox>
			<xmin>4054</xmin>
			<ymin>2057</ymin>
			<xmax>4185</xmax>
			<ymax>2180</ymax>
		</bndbox>
	</object>
	<object>
		<name>sp21</name>
		<pose>Unspecified</pose>
		<truncated>0</truncated>
		<difficult>0</difficult>
		<bndbox>
			<xmin>4348</xmin>
			<ymin>2168</ymin>
			<xmax>4476</xmax>
			<ymax>2287</ymax>
		</bndbox>
	</object>
	<object>
		<name>sp21</name>
		<pose>Unspecified</pose>
		<truncated>0</truncated>
		<difficult>0</difficult>
		<bndbox>
			<xmin>3560</xmin>
			<ymin>2406</ymin>
			<xmax>3689</xmax>
			<ymax>2520</ymax>
		</bndbox>
	</object>
	<object>
		<name>sp21</name>
		<pose>Unspecified</pose>
		<truncated>0</truncated>
		<difficult>0</difficult>
		<bndbox>
			<xmin>3004</xmin>
			<ymin>2406</ymin>
			<xmax>3109</xmax>
			<ymax>2495</ymax>
		</bndbox>
	</object>
	<object>
		<name>sp21</name>
		<pose>Unspecified</pose>
		<truncated>0</truncated>
		<difficult>0</difficult>
		<bndbox>
			<xmin>2864</xmin>
			<ymin>2541</ymin>
			<xmax>2992</xmax>
			<ymax>2660</ymax>
		</bndbox>
	</object>
	<object>
		<name>sp21</name>
		<pose>Unspecified</pose>
		<truncated>0</truncated>
		<difficult>0</difficult>
		<bndbox>
			<xmin>2605</xmin>
			<ymin>2536</ymin>
			<xmax>2736</xmax>
			<ymax>2651</ymax>
		</bndbox>
	</object>
	<object>
		<name>sp21</name>
		<pose>Unspecified</pose>
		<truncated>0</truncated>
		<difficult>0</difficult>
		<bndbox>
			<xmin>2494</xmin>
			<ymin>2474</ymin>
			<xmax>2612</xmax>
			<ymax>2585</ymax>
		</bndbox>
	</object>
	<object>
		<name>sp21</name>
		<pose>Unspecified</pose>
		<truncated>0</truncated>
		<difficult>0</difficult>
		<bndbox>
			<xmin>3749</xmin>
			<ymin>3002</ymin>
			<xmax>3875</xmax>
			<ymax>3109</ymax>
		</bndbox>
	</object>
	<object>
		<name>sp21</name>
		<pose>Unspecified</pose>
		<truncated>0</truncated>
		<difficult>0</difficult>
		<bndbox>
			<xmin>3288</xmin>
			<ymin>2723</ymin>
			<xmax>3386</xmax>
			<ymax>2823</ymax>
		</bndbox>
	</object>
	<object>
		<name>sp21</name>
		<pose>Unspecified</pose>
		<truncated>0</truncated>
		<difficult>0</difficult>
		<bndbox>
			<xmin>3118</xmin>
			<ymin>2972</ymin>
			<xmax>3237</xmax>
			<ymax>3091</ymax>
		</bndbox>
	</object>
	<object>
		<name>sp21</name>
		<pose>Unspecified</pose>
		<truncated>0</truncated>
		<difficult>0</difficult>
		<bndbox>
			<xmin>3293</xmin>
			<ymin>3128</ymin>
			<xmax>3402</xmax>
			<ymax>3226</ymax>
		</bndbox>
	</object>
	<object>
		<name>sp21</name>
		<pose>Unspecified</pose>
		<truncated>0</truncated>
		<difficult>0</difficult>
		<bndbox>
			<xmin>3376</xmin>
			<ymin>3068</ymin>
			<xmax>3465</xmax>
			<ymax>3151</ymax>
		</bndbox>
	</object>
	<object>
		<name>sp21</name>
		<pose>Unspecified</pose>
		<truncated>0</truncated>
		<difficult>0</difficult>
		<bndbox>
			<xmin>3523</xmin>
			<ymin>3016</ymin>
			<xmax>3605</xmax>
			<ymax>3089</ymax>
		</bndbox>
	</object>
	<object>
		<name>sp21</name>
		<pose>Unspecified</pose>
		<truncated>0</truncated>
		<difficult>0</difficult>
		<bndbox>
			<xmin>3623</xmin>
			<ymin>3100</ymin>
			<xmax>3756</xmax>
			<ymax>3214</ymax>
		</bndbox>
	</object>
	<object>
		<name>sp21</name>
		<pose>Unspecified</pose>
		<truncated>0</truncated>
		<difficult>0</difficult>
		<bndbox>
			<xmin>3665</xmin>
			<ymin>3175</ymin>
			<xmax>3758</xmax>
			<ymax>3273</ymax>
		</bndbox>
	</object>
	<object>
		<name>sp21</name>
		<pose>Unspecified</pose>
		<truncated>0</truncated>
		<difficult>0</difficult>
		<bndbox>
			<xmin>2973</xmin>
			<ymin>3547</ymin>
			<xmax>3071</xmax>
			<ymax>3648</ymax>
		</bndbox>
	</object>
	<object>
		<name>sp21</name>
		<pose>Unspecified</pose>
		<truncated>0</truncated>
		<difficult>0</difficult>
		<bndbox>
			<xmin>2584</xmin>
			<ymin>3447</ymin>
			<xmax>2706</xmax>
			<ymax>3561</ymax>
		</bndbox>
	</object>
	<object>
		<name>sp21</name>
		<pose>Unspecified</pose>
		<truncated>0</truncated>
		<difficult>0</difficult>
		<bndbox>
			<xmin>2370</xmin>
			<ymin>2984</ymin>
			<xmax>2496</xmax>
			<ymax>3096</ymax>
		</bndbox>
	</object>
	<object>
		<name>sp21</name>
		<pose>Unspecified</pose>
		<truncated>0</truncated>
		<difficult>0</difficult>
		<bndbox>
			<xmin>2249</xmin>
			<ymin>3426</ymin>
			<xmax>2370</xmax>
			<ymax>3540</ymax>
		</bndbox>
	</object>
	<object>
		<name>sp21</name>
		<pose>Unspecified</pose>
		<truncated>0</truncated>
		<difficult>0</difficult>
		<bndbox>
			<xmin>1855</xmin>
			<ymin>3098</ymin>
			<xmax>1983</xmax>
			<ymax>3219</ymax>
		</bndbox>
	</object>
	<object>
		<name>sp21</name>
		<pose>Unspecified</pose>
		<truncated>0</truncated>
		<difficult>0</difficult>
		<bndbox>
			<xmin>2070</xmin>
			<ymin>2632</ymin>
			<xmax>2209</xmax>
			<ymax>2762</ymax>
		</bndbox>
	</object>
	<object>
		<name>sp21</name>
		<pose>Unspecified</pose>
		<truncated>0</truncated>
		<difficult>0</difficult>
		<bndbox>
			<xmin>2228</xmin>
			<ymin>2599</ymin>
			<xmax>2326</xmax>
			<ymax>2693</ymax>
		</bndbox>
	</object>
	<object>
		<name>sp21</name>
		<pose>Unspecified</pose>
		<truncated>0</truncated>
		<difficult>0</difficult>
		<bndbox>
			<xmin>2398</xmin>
			<ymin>2704</ymin>
			<xmax>2524</xmax>
			<ymax>2821</ymax>
		</bndbox>
	</object>
	<object>
		<name>sp21</name>
		<pose>Unspecified</pose>
		<truncated>0</truncated>
		<difficult>0</difficult>
		<bndbox>
			<xmin>1392</xmin>
			<ymin>1479</ymin>
			<xmax>1541</xmax>
			<ymax>1612</ymax>
		</bndbox>
	</object>
	<object>
		<name>sp21</name>
		<pose>Unspecified</pose>
		<truncated>0</truncated>
		<difficult>0</difficult>
		<bndbox>
			<xmin>1238</xmin>
			<ymin>1868</ymin>
			<xmax>1373</xmax>
			<ymax>1998</ymax>
		</bndbox>
	</object>
	<object>
		<name>sp21</name>
		<pose>Unspecified</pose>
		<truncated>0</truncated>
		<difficult>0</difficult>
		<bndbox>
			<xmin>1571</xmin>
			<ymin>2078</ymin>
			<xmax>1695</xmax>
			<ymax>2187</ymax>
		</bndbox>
	</object>
	<object>
		<name>sp21</name>
		<pose>Unspecified</pose>
		<truncated>0</truncated>
		<difficult>0</difficult>
		<bndbox>
			<xmin>1455</xmin>
			<ymin>2213</ymin>
			<xmax>1576</xmax>
			<ymax>2327</ymax>
		</bndbox>
	</object>
	<object>
		<name>sp21</name>
		<pose>Unspecified</pose>
		<truncated>0</truncated>
		<difficult>0</difficult>
		<bndbox>
			<xmin>1583</xmin>
			<ymin>2166</ymin>
			<xmax>1718</xmax>
			<ymax>2294</ymax>
		</bndbox>
	</object>
	<object>
		<name>sp21</name>
		<pose>Unspecified</pose>
		<truncated>0</truncated>
		<difficult>0</difficult>
		<bndbox>
			<xmin>1839</xmin>
			<ymin>2294</ymin>
			<xmax>1962</xmax>
			<ymax>2411</ymax>
		</bndbox>
	</object>
	<object>
		<name>sp21</name>
		<pose>Unspecified</pose>
		<truncated>0</truncated>
		<difficult>0</difficult>
		<bndbox>
			<xmin>306</xmin>
			<ymin>2290</ymin>
			<xmax>462</xmax>
			<ymax>2415</ymax>
		</bndbox>
	</object>
	<object>
		<name>sp21</name>
		<pose>Unspecified</pose>
		<truncated>0</truncated>
		<difficult>0</difficult>
		<bndbox>
			<xmin>1241</xmin>
			<ymin>555</ymin>
			<xmax>1337</xmax>
			<ymax>634</ymax>
		</bndbox>
	</object>
	<object>
		<name>sp21</name>
		<pose>Unspecified</pose>
		<truncated>0</truncated>
		<difficult>0</difficult>
		<bndbox>
			<xmin>892</xmin>
			<ymin>830</ymin>
			<xmax>960</xmax>
			<ymax>891</ymax>
		</bndbox>
	</object>
	<object>
		<name>sp21</name>
		<pose>Unspecified</pose>
		<truncated>0</truncated>
		<difficult>0</difficult>
		<bndbox>
			<xmin>826</xmin>
			<ymin>956</ymin>
			<xmax>897</xmax>
			<ymax>1042</ymax>
		</bndbox>
	</object>
	<object>
		<name>sp21</name>
		<pose>Unspecified</pose>
		<truncated>0</truncated>
		<difficult>0</difficult>
		<bndbox>
			<xmin>1031</xmin>
			<ymin>961</ymin>
			<xmax>1178</xmax>
			<ymax>1102</ymax>
		</bndbox>
	</object>
	<object>
		<name>sp21</name>
		<pose>Unspecified</pose>
		<truncated>0</truncated>
		<difficult>0</difficult>
		<bndbox>
			<xmin>1325</xmin>
			<ymin>1160</ymin>
			<xmax>1468</xmax>
			<ymax>1289</ymax>
		</bndbox>
	</object>
	<object>
		<name>sp21</name>
		<pose>Unspecified</pose>
		<truncated>0</truncated>
		<difficult>0</difficult>
		<bndbox>
			<xmin>1319</xmin>
			<ymin>1103</ymin>
			<xmax>1358</xmax>
			<ymax>1149</ymax>
		</bndbox>
	</object>
	<object>
		<name>sp21</name>
		<pose>Unspecified</pose>
		<truncated>0</truncated>
		<difficult>0</difficult>
		<bndbox>
			<xmin>421</xmin>
			<ymin>2961</ymin>
			<xmax>555</xmax>
			<ymax>3072</ymax>
		</bndbox>
	</object>
	<object>
		<name>sp21</name>
		<pose>Unspecified</pose>
		<truncated>0</truncated>
		<difficult>0</difficult>
		<bndbox>
			<xmin>810</xmin>
			<ymin>3507</ymin>
			<xmax>920</xmax>
			<ymax>3612</ymax>
		</bndbox>
	</object>
	<object>
		<name>sp21</name>
		<pose>Unspecified</pose>
		<truncated>0</truncated>
		<difficult>0</difficult>
		<bndbox>
			<xmin>301</xmin>
			<ymin>3517</ymin>
			<xmax>445</xmax>
			<ymax>3647</ymax>
		</bndbox>
	</object>
	<object>
		<name>sp21</name>
		<pose>Unspecified</pose>
		<truncated>0</truncated>
		<difficult>0</difficult>
		<bndbox>
			<xmin>2278</xmin>
			<ymin>3746</ymin>
			<xmax>2394</xmax>
			<ymax>3853</ymax>
		</bndbox>
	</object>
	<object>
		<name>sp21</name>
		<pose>Unspecified</pose>
		<truncated>0</truncated>
		<difficult>0</difficult>
		<bndbox>
			<xmin>2402</xmin>
			<ymin>3749</ymin>
			<xmax>2494</xmax>
			<ymax>3836</ymax>
		</bndbox>
	</object>
	<object>
		<name>sp21</name>
		<pose>Unspecified</pose>
		<truncated>0</truncated>
		<difficult>0</difficult>
		<bndbox>
			<xmin>1975</xmin>
			<ymin>3958</ymin>
			<xmax>2077</xmax>
			<ymax>4052</ymax>
		</bndbox>
	</object>
	<object>
		<name>sp21</name>
		<pose>Unspecified</pose>
		<truncated>0</truncated>
		<difficult>0</difficult>
		<bndbox>
			<xmin>1920</xmin>
			<ymin>4148</ymin>
			<xmax>2052</xmax>
			<ymax>4269</ymax>
		</bndbox>
	</object>
	<object>
		<name>sp21</name>
		<pose>Unspecified</pose>
		<truncated>0</truncated>
		<difficult>0</difficult>
		<bndbox>
			<xmin>2054</xmin>
			<ymin>4308</ymin>
			<xmax>2160</xmax>
			<ymax>4421</ymax>
		</bndbox>
	</object>
	<object>
		<name>sp21</name>
		<pose>Unspecified</pose>
		<truncated>0</truncated>
		<difficult>0</difficult>
		<bndbox>
			<xmin>2284</xmin>
			<ymin>4027</ymin>
			<xmax>2395</xmax>
			<ymax>4136</ymax>
		</bndbox>
	</object>
	<object>
		<name>sp21</name>
		<pose>Unspecified</pose>
		<truncated>0</truncated>
		<difficult>0</difficult>
		<bndbox>
			<xmin>2362</xmin>
			<ymin>4196</ymin>
			<xmax>2457</xmax>
			<ymax>4296</ymax>
		</bndbox>
	</object>
	<object>
		<name>sp21</name>
		<pose>Unspecified</pose>
		<truncated>0</truncated>
		<difficult>0</difficult>
		<bndbox>
			<xmin>2232</xmin>
			<ymin>4401</ymin>
			<xmax>2332</xmax>
			<ymax>4496</ymax>
		</bndbox>
	</object>
	<object>
		<name>sp21</name>
		<pose>Unspecified</pose>
		<truncated>0</truncated>
		<difficult>0</difficult>
		<bndbox>
			<xmin>2347</xmin>
			<ymin>4378</ymin>
			<xmax>2433</xmax>
			<ymax>4471</ymax>
		</bndbox>
	</object>
	<object>
		<name>sp21</name>
		<pose>Unspecified</pose>
		<truncated>0</truncated>
		<difficult>0</difficult>
		<bndbox>
			<xmin>2391</xmin>
			<ymin>4335</ymin>
			<xmax>2484</xmax>
			<ymax>4428</ymax>
		</bndbox>
	</object>
	<object>
		<name>sp21</name>
		<pose>Unspecified</pose>
		<truncated>0</truncated>
		<difficult>0</difficult>
		<bndbox>
			<xmin>2455</xmin>
			<ymin>4419</ymin>
			<xmax>2542</xmax>
			<ymax>4506</ymax>
		</bndbox>
	</object>
	<object>
		<name>sp21</name>
		<pose>Unspecified</pose>
		<truncated>0</truncated>
		<difficult>0</difficult>
		<bndbox>
			<xmin>2799</xmin>
			<ymin>4146</ymin>
			<xmax>2904</xmax>
			<ymax>4249</ymax>
		</bndbox>
	</object>
	<object>
		<name>sp21</name>
		<pose>Unspecified</pose>
		<truncated>0</truncated>
		<difficult>0</difficult>
		<bndbox>
			<xmin>2812</xmin>
			<ymin>3863</ymin>
			<xmax>2918</xmax>
			<ymax>3967</ymax>
		</bndbox>
	</object>
	<object>
		<name>sp21</name>
		<pose>Unspecified</pose>
		<truncated>0</truncated>
		<difficult>0</difficult>
		<bndbox>
			<xmin>2881</xmin>
			<ymin>4029</ymin>
			<xmax>2974</xmax>
			<ymax>4128</ymax>
		</bndbox>
	</object>
	<object>
		<name>sp21</name>
		<pose>Unspecified</pose>
		<truncated>0</truncated>
		<difficult>0</difficult>
		<bndbox>
			<xmin>2944</xmin>
			<ymin>4149</ymin>
			<xmax>3056</xmax>
			<ymax>4248</ymax>
		</bndbox>
	</object>
	<object>
		<name>sp21</name>
		<pose>Unspecified</pose>
		<truncated>0</truncated>
		<difficult>0</difficult>
		<bndbox>
			<xmin>3086</xmin>
			<ymin>4200</ymin>
			<xmax>3196</xmax>
			<ymax>4316</ymax>
		</bndbox>
	</object>
	<object>
		<name>sp21</name>
		<pose>Unspecified</pose>
		<truncated>0</truncated>
		<difficult>0</difficult>
		<bndbox>
			<xmin>3175</xmin>
			<ymin>3979</ymin>
			<xmax>3255</xmax>
			<ymax>4060</ymax>
		</bndbox>
	</object>
	<object>
		<name>sp21</name>
		<pose>Unspecified</pose>
		<truncated>0</truncated>
		<difficult>0</difficult>
		<bndbox>
			<xmin>3191</xmin>
			<ymin>3723</ymin>
			<xmax>3277</xmax>
			<ymax>3815</ymax>
		</bndbox>
	</object>
	<object>
		<name>sp21</name>
		<pose>Unspecified</pose>
		<truncated>0</truncated>
		<difficult>0</difficult>
		<bndbox>
			<xmin>3273</xmin>
			<ymin>3718</ymin>
			<xmax>3347</xmax>
			<ymax>3801</ymax>
		</bndbox>
	</object>
	<object>
		<name>sp21</name>
		<pose>Unspecified</pose>
		<truncated>0</truncated>
		<difficult>0</difficult>
		<bndbox>
			<xmin>3397</xmin>
			<ymin>3799</ymin>
			<xmax>3491</xmax>
			<ymax>3885</ymax>
		</bndbox>
	</object>
	<object>
		<name>sp21</name>
		<pose>Unspecified</pose>
		<truncated>0</truncated>
		<difficult>0</difficult>
		<bndbox>
			<xmin>3462</xmin>
			<ymin>3932</ymin>
			<xmax>3555</xmax>
			<ymax>4017</ymax>
		</bndbox>
	</object>
	<object>
		<name>sp21</name>
		<pose>Unspecified</pose>
		<truncated>0</truncated>
		<difficult>0</difficult>
		<bndbox>
			<xmin>3375</xmin>
			<ymin>4044</ymin>
			<xmax>3489</xmax>
			<ymax>4157</ymax>
		</bndbox>
	</object>
	<object>
		<name>sp21</name>
		<pose>Unspecified</pose>
		<truncated>0</truncated>
		<difficult>0</difficult>
		<bndbox>
			<xmin>3625</xmin>
			<ymin>3808</ymin>
			<xmax>3748</xmax>
			<ymax>3924</ymax>
		</bndbox>
	</object>
	<object>
		<name>sp21</name>
		<pose>Unspecified</pose>
		<truncated>0</truncated>
		<difficult>0</difficult>
		<bndbox>
			<xmin>3677</xmin>
			<ymin>4055</ymin>
			<xmax>3796</xmax>
			<ymax>4163</ymax>
		</bndbox>
	</object>
	<object>
		<name>sp21</name>
		<pose>Unspecified</pose>
		<truncated>0</truncated>
		<difficult>0</difficult>
		<bndbox>
			<xmin>3854</xmin>
			<ymin>3712</ymin>
			<xmax>3978</xmax>
			<ymax>3834</ymax>
		</bndbox>
	</object>
	<object>
		<name>sp21</name>
		<pose>Unspecified</pose>
		<truncated>0</truncated>
		<difficult>0</difficult>
		<bndbox>
			<xmin>4137</xmin>
			<ymin>4091</ymin>
			<xmax>4246</xmax>
			<ymax>4182</ymax>
		</bndbox>
	</object>
	<object>
		<name>sp21</name>
		<pose>Unspecified</pose>
		<truncated>0</truncated>
		<difficult>0</difficult>
		<bndbox>
			<xmin>2910</xmin>
			<ymin>4541</ymin>
			<xmax>3038</xmax>
			<ymax>4665</ymax>
		</bndbox>
	</object>
	<object>
		<name>sp21</name>
		<pose>Unspecified</pose>
		<truncated>0</truncated>
		<difficult>0</difficult>
		<bndbox>
			<xmin>3772</xmin>
			<ymin>4436</ymin>
			<xmax>3892</xmax>
			<ymax>4547</ymax>
		</bndbox>
	</object>
	<object>
		<name>sp21</name>
		<pose>Unspecified</pose>
		<truncated>0</truncated>
		<difficult>0</difficult>
		<bndbox>
			<xmin>3841</xmin>
			<ymin>4571</ymin>
			<xmax>3969</xmax>
			<ymax>4680</ymax>
		</bndbox>
	</object>
	<object>
		<name>sp21</name>
		<pose>Unspecified</pose>
		<truncated>0</truncated>
		<difficult>0</difficult>
		<bndbox>
			<xmin>4571</xmin>
			<ymin>4558</ymin>
			<xmax>4668</xmax>
			<ymax>4648</ymax>
		</bndbox>
	</object>
	<object>
		<name>sp21</name>
		<pose>Unspecified</pose>
		<truncated>0</truncated>
		<difficult>0</difficult>
		<bndbox>
			<xmin>3471</xmin>
			<ymin>5066</ymin>
			<xmax>3598</xmax>
			<ymax>5178</ymax>
		</bndbox>
	</object>
	<object>
		<name>sp21</name>
		<pose>Unspecified</pose>
		<truncated>0</truncated>
		<difficult>0</difficult>
		<bndbox>
			<xmin>2162</xmin>
			<ymin>4510</ymin>
			<xmax>2282</xmax>
			<ymax>4626</ymax>
		</bndbox>
	</object>
	<object>
		<name>sp21</name>
		<pose>Unspecified</pose>
		<truncated>0</truncated>
		<difficult>0</difficult>
		<bndbox>
			<xmin>1814</xmin>
			<ymin>4772</ymin>
			<xmax>1870</xmax>
			<ymax>4825</ymax>
		</bndbox>
	</object>
	<object>
		<name>sp21</name>
		<pose>Unspecified</pose>
		<truncated>0</truncated>
		<difficult>0</difficult>
		<bndbox>
			<xmin>2560</xmin>
			<ymin>4652</ymin>
			<xmax>2666</xmax>
			<ymax>4765</ymax>
		</bndbox>
	</object>
	<object>
		<name>sp21</name>
		<pose>Unspecified</pose>
		<truncated>0</truncated>
		<difficult>0</difficult>
		<bndbox>
			<xmin>4401</xmin>
			<ymin>3739</ymin>
			<xmax>4543</xmax>
			<ymax>3865</ymax>
		</bndbox>
	</object>
</annotation>