<annotation>
	<folder>my-project-name</folder>
	<filename>sp21_img07.jpg</filename>
	<path>/my-project-name/sp21_img07.jpg</path>
	<source>
		<database>Unspecified</database>
	</source>
	<size>
		<width>2294</width>
		<height>2300</height>
		<depth>3</depth>
	</size>
	<object>
		<name>sp21</name>
		<pose>Unspecified</pose>
		<truncated>0</truncated>
		<difficult>0</difficult>
		<bndbox>
			<xmin>790</xmin>
			<ymin>524</ymin>
			<xmax>855</xmax>
			<ymax>585</ymax>
		</bndbox>
	</object>
	<object>
		<name>sp21</name>
		<pose>Unspecified</pose>
		<truncated>0</truncated>
		<difficult>0</difficult>
		<bndbox>
			<xmin>787</xmin>
			<ymin>620</ymin>
			<xmax>857</xmax>
			<ymax>677</ymax>
		</bndbox>
	</object>
	<object>
		<name>sp21</name>
		<pose>Unspecified</pose>
		<truncated>0</truncated>
		<difficult>0</difficult>
		<bndbox>
			<xmin>876</xmin>
			<ymin>456</ymin>
			<xmax>938</xmax>
			<ymax>515</ymax>
		</bndbox>
	</object>
	<object>
		<name>sp21</name>
		<pose>Unspecified</pose>
		<truncated>0</truncated>
		<difficult>0</difficult>
		<bndbox>
			<xmin>906</xmin>
			<ymin>496</ymin>
			<xmax>968</xmax>
			<ymax>558</ymax>
		</bndbox>
	</object>
	<object>
		<name>sp21</name>
		<pose>Unspecified</pose>
		<truncated>0</truncated>
		<difficult>0</difficult>
		<bndbox>
			<xmin>980</xmin>
			<ymin>539</ymin>
			<xmax>1056</xmax>
			<ymax>602</ymax>
		</bndbox>
	</object>
	<object>
		<name>sp21</name>
		<pose>Unspecified</pose>
		<truncated>0</truncated>
		<difficult>0</difficult>
		<bndbox>
			<xmin>1102</xmin>
			<ymin>479</ymin>
			<xmax>1174</xmax>
			<ymax>556</ymax>
		</bndbox>
	</object>
	<object>
		<name>sp21</name>
		<pose>Unspecified</pose>
		<truncated>0</truncated>
		<difficult>0</difficult>
		<bndbox>
			<xmin>1546</xmin>
			<ymin>598</ymin>
			<xmax>1621</xmax>
			<ymax>670</ymax>
		</bndbox>
	</object>
	<object>
		<name>sp21</name>
		<pose>Unspecified</pose>
		<truncated>0</truncated>
		<difficult>0</difficult>
		<bndbox>
			<xmin>318</xmin>
			<ymin>690</ymin>
			<xmax>390</xmax>
			<ymax>749</ymax>
		</bndbox>
	</object>
	<object>
		<name>sp21</name>
		<pose>Unspecified</pose>
		<truncated>0</truncated>
		<difficult>0</difficult>
		<bndbox>
			<xmin>311</xmin>
			<ymin>756</ymin>
			<xmax>381</xmax>
			<ymax>821</ymax>
		</bndbox>
	</object>
	<object>
		<name>sp21</name>
		<pose>Unspecified</pose>
		<truncated>0</truncated>
		<difficult>0</difficult>
		<bndbox>
			<xmin>490</xmin>
			<ymin>931</ymin>
			<xmax>548</xmax>
			<ymax>989</ymax>
		</bndbox>
	</object>
	<object>
		<name>sp21</name>
		<pose>Unspecified</pose>
		<truncated>0</truncated>
		<difficult>0</difficult>
		<bndbox>
			<xmin>535</xmin>
			<ymin>932</ymin>
			<xmax>598</xmax>
			<ymax>1002</ymax>
		</bndbox>
	</object>
	<object>
		<name>sp21</name>
		<pose>Unspecified</pose>
		<truncated>0</truncated>
		<difficult>0</difficult>
		<bndbox>
			<xmin>720</xmin>
			<ymin>877</ymin>
			<xmax>791</xmax>
			<ymax>944</ymax>
		</bndbox>
	</object>
	<object>
		<name>sp21</name>
		<pose>Unspecified</pose>
		<truncated>0</truncated>
		<difficult>0</difficult>
		<bndbox>
			<xmin>1051</xmin>
			<ymin>865</ymin>
			<xmax>1118</xmax>
			<ymax>926</ymax>
		</bndbox>
	</object>
	<object>
		<name>sp21</name>
		<pose>Unspecified</pose>
		<truncated>0</truncated>
		<difficult>0</difficult>
		<bndbox>
			<xmin>1145</xmin>
			<ymin>936</ymin>
			<xmax>1213</xmax>
			<ymax>997</ymax>
		</bndbox>
	</object>
	<object>
		<name>sp21</name>
		<pose>Unspecified</pose>
		<truncated>0</truncated>
		<difficult>0</difficult>
		<bndbox>
			<xmin>1102</xmin>
			<ymin>1033</ymin>
			<xmax>1168</xmax>
			<ymax>1096</ymax>
		</bndbox>
	</object>
	<object>
		<name>sp21</name>
		<pose>Unspecified</pose>
		<truncated>0</truncated>
		<difficult>0</difficult>
		<bndbox>
			<xmin>949</xmin>
			<ymin>1040</ymin>
			<xmax>1006</xmax>
			<ymax>1093</ymax>
		</bndbox>
	</object>
	<object>
		<name>sp21</name>
		<pose>Unspecified</pose>
		<truncated>0</truncated>
		<difficult>0</difficult>
		<bndbox>
			<xmin>792</xmin>
			<ymin>1079</ymin>
			<xmax>853</xmax>
			<ymax>1131</ymax>
		</bndbox>
	</object>
	<object>
		<name>sp21</name>
		<pose>Unspecified</pose>
		<truncated>0</truncated>
		<difficult>0</difficult>
		<bndbox>
			<xmin>974</xmin>
			<ymin>1110</ymin>
			<xmax>1043</xmax>
			<ymax>1163</ymax>
		</bndbox>
	</object>
	<object>
		<name>sp21</name>
		<pose>Unspecified</pose>
		<truncated>0</truncated>
		<difficult>0</difficult>
		<bndbox>
			<xmin>1267</xmin>
			<ymin>1101</ymin>
			<xmax>1329</xmax>
			<ymax>1163</ymax>
		</bndbox>
	</object>
	<object>
		<name>sp21</name>
		<pose>Unspecified</pose>
		<truncated>0</truncated>
		<difficult>0</difficult>
		<bndbox>
			<xmin>1371</xmin>
			<ymin>1004</ymin>
			<xmax>1436</xmax>
			<ymax>1064</ymax>
		</bndbox>
	</object>
	<object>
		<name>sp21</name>
		<pose>Unspecified</pose>
		<truncated>0</truncated>
		<difficult>0</difficult>
		<bndbox>
			<xmin>1350</xmin>
			<ymin>1143</ymin>
			<xmax>1415</xmax>
			<ymax>1200</ymax>
		</bndbox>
	</object>
	<object>
		<name>sp21</name>
		<pose>Unspecified</pose>
		<truncated>0</truncated>
		<difficult>0</difficult>
		<bndbox>
			<xmin>1503</xmin>
			<ymin>1077</ymin>
			<xmax>1565</xmax>
			<ymax>1132</ymax>
		</bndbox>
	</object>
	<object>
		<name>sp21</name>
		<pose>Unspecified</pose>
		<truncated>0</truncated>
		<difficult>0</difficult>
		<bndbox>
			<xmin>850</xmin>
			<ymin>1219</ymin>
			<xmax>906</xmax>
			<ymax>1268</ymax>
		</bndbox>
	</object>
	<object>
		<name>sp21</name>
		<pose>Unspecified</pose>
		<truncated>0</truncated>
		<difficult>0</difficult>
		<bndbox>
			<xmin>857</xmin>
			<ymin>1272</ymin>
			<xmax>910</xmax>
			<ymax>1329</ymax>
		</bndbox>
	</object>
	<object>
		<name>sp21</name>
		<pose>Unspecified</pose>
		<truncated>0</truncated>
		<difficult>0</difficult>
		<bndbox>
			<xmin>1003</xmin>
			<ymin>1340</ymin>
			<xmax>1070</xmax>
			<ymax>1397</ymax>
		</bndbox>
	</object>
	<object>
		<name>sp21</name>
		<pose>Unspecified</pose>
		<truncated>0</truncated>
		<difficult>0</difficult>
		<bndbox>
			<xmin>1124</xmin>
			<ymin>1434</ymin>
			<xmax>1186</xmax>
			<ymax>1494</ymax>
		</bndbox>
	</object>
	<object>
		<name>sp21</name>
		<pose>Unspecified</pose>
		<truncated>0</truncated>
		<difficult>0</difficult>
		<bndbox>
			<xmin>1280</xmin>
			<ymin>1250</ymin>
			<xmax>1351</xmax>
			<ymax>1322</ymax>
		</bndbox>
	</object>
	<object>
		<name>sp21</name>
		<pose>Unspecified</pose>
		<truncated>0</truncated>
		<difficult>0</difficult>
		<bndbox>
			<xmin>758</xmin>
			<ymin>1523</ymin>
			<xmax>822</xmax>
			<ymax>1581</ymax>
		</bndbox>
	</object>
	<object>
		<name>sp21</name>
		<pose>Unspecified</pose>
		<truncated>0</truncated>
		<difficult>0</difficult>
		<bndbox>
			<xmin>679</xmin>
			<ymin>1585</ymin>
			<xmax>749</xmax>
			<ymax>1645</ymax>
		</bndbox>
	</object>
	<object>
		<name>sp21</name>
		<pose>Unspecified</pose>
		<truncated>0</truncated>
		<difficult>0</difficult>
		<bndbox>
			<xmin>561</xmin>
			<ymin>1688</ymin>
			<xmax>626</xmax>
			<ymax>1744</ymax>
		</bndbox>
	</object>
	<object>
		<name>sp21</name>
		<pose>Unspecified</pose>
		<truncated>0</truncated>
		<difficult>0</difficult>
		<bndbox>
			<xmin>723</xmin>
			<ymin>1715</ymin>
			<xmax>783</xmax>
			<ymax>1775</ymax>
		</bndbox>
	</object>
	<object>
		<name>sp21</name>
		<pose>Unspecified</pose>
		<truncated>0</truncated>
		<difficult>0</difficult>
		<bndbox>
			<xmin>913</xmin>
			<ymin>1839</ymin>
			<xmax>978</xmax>
			<ymax>1895</ymax>
		</bndbox>
	</object>
	<object>
		<name>sp21</name>
		<pose>Unspecified</pose>
		<truncated>0</truncated>
		<difficult>0</difficult>
		<bndbox>
			<xmin>1279</xmin>
			<ymin>1617</ymin>
			<xmax>1344</xmax>
			<ymax>1683</ymax>
		</bndbox>
	</object>
	<object>
		<name>sp21</name>
		<pose>Unspecified</pose>
		<truncated>0</truncated>
		<difficult>0</difficult>
		<bndbox>
			<xmin>502</xmin>
			<ymin>1989</ymin>
			<xmax>568</xmax>
			<ymax>2053</ymax>
		</bndbox>
	</object>
	<object>
		<name>sp21</name>
		<pose>Unspecified</pose>
		<truncated>0</truncated>
		<difficult>0</difficult>
		<bndbox>
			<xmin>791</xmin>
			<ymin>2026</ymin>
			<xmax>861</xmax>
			<ymax>2085</ymax>
		</bndbox>
	</object>
	<object>
		<name>sp21</name>
		<pose>Unspecified</pose>
		<truncated>0</truncated>
		<difficult>0</difficult>
		<bndbox>
			<xmin>1266</xmin>
			<ymin>1937</ymin>
			<xmax>1335</xmax>
			<ymax>2009</ymax>
		</bndbox>
	</object>
	<object>
		<name>sp21</name>
		<pose>Unspecified</pose>
		<truncated>0</truncated>
		<difficult>0</difficult>
		<bndbox>
			<xmin>1785</xmin>
			<ymin>1598</ymin>
			<xmax>1854</xmax>
			<ymax>1661</ymax>
		</bndbox>
	</object>
	<object>
		<name>sp21</name>
		<pose>Unspecified</pose>
		<truncated>0</truncated>
		<difficult>0</difficult>
		<bndbox>
			<xmin>1745</xmin>
			<ymin>1641</ymin>
			<xmax>1816</xmax>
			<ymax>1699</ymax>
		</bndbox>
	</object>
	<object>
		<name>sp21</name>
		<pose>Unspecified</pose>
		<truncated>0</truncated>
		<difficult>0</difficult>
		<bndbox>
			<xmin>1686</xmin>
			<ymin>1251</ymin>
			<xmax>1758</xmax>
			<ymax>1309</ymax>
		</bndbox>
	</object>
	<object>
		<name>sp21</name>
		<pose>Unspecified</pose>
		<truncated>0</truncated>
		<difficult>0</difficult>
		<bndbox>
			<xmin>384</xmin>
			<ymin>1237</ymin>
			<xmax>451</xmax>
			<ymax>1302</ymax>
		</bndbox>
	</object>
	<object>
		<name>sp21</name>
		<pose>Unspecified</pose>
		<truncated>0</truncated>
		<difficult>0</difficult>
		<bndbox>
			<xmin>367</xmin>
			<ymin>1363</ymin>
			<xmax>433</xmax>
			<ymax>1420</ymax>
		</bndbox>
	</object>
	<object>
		<name>sp21</name>
		<pose>Unspecified</pose>
		<truncated>0</truncated>
		<difficult>0</difficult>
		<bndbox>
			<xmin>136</xmin>
			<ymin>805</ymin>
			<xmax>202</xmax>
			<ymax>875</ymax>
		</bndbox>
	</object>
</annotation>