<annotation>
	<folder>my-project-name</folder>
	<filename>sp21_img02.jpg</filename>
	<path>/my-project-name/sp21_img02.jpg</path>
	<source>
		<database>Unspecified</database>
	</source>
	<size>
		<width>2269</width>
		<height>2264</height>
		<depth>3</depth>
	</size>
	<object>
		<name>sp21</name>
		<pose>Unspecified</pose>
		<truncated>0</truncated>
		<difficult>0</difficult>
		<bndbox>
			<xmin>408</xmin>
			<ymin>734</ymin>
			<xmax>548</xmax>
			<ymax>878</ymax>
		</bndbox>
	</object>
	<object>
		<name>sp21</name>
		<pose>Unspecified</pose>
		<truncated>0</truncated>
		<difficult>0</difficult>
		<bndbox>
			<xmin>447</xmin>
			<ymin>1371</ymin>
			<xmax>587</xmax>
			<ymax>1519</ymax>
		</bndbox>
	</object>
	<object>
		<name>sp21</name>
		<pose>Unspecified</pose>
		<truncated>0</truncated>
		<difficult>0</difficult>
		<bndbox>
			<xmin>1068</xmin>
			<ymin>1122</ymin>
			<xmax>1216</xmax>
			<ymax>1239</ymax>
		</bndbox>
	</object>
</annotation>