<annotation>
	<folder>my-project-name</folder>
	<filename>sp21_img32.jpg</filename>
	<path>/my-project-name/sp21_img32.jpg</path>
	<source>
		<database>Unspecified</database>
	</source>
	<size>
		<width>2303</width>
		<height>2274</height>
		<depth>3</depth>
	</size>
	<object>
		<name>sp21</name>
		<pose>Unspecified</pose>
		<truncated>0</truncated>
		<difficult>0</difficult>
		<bndbox>
			<xmin>1047</xmin>
			<ymin>67</ymin>
			<xmax>1117</xmax>
			<ymax>131</ymax>
		</bndbox>
	</object>
	<object>
		<name>sp21</name>
		<pose>Unspecified</pose>
		<truncated>0</truncated>
		<difficult>0</difficult>
		<bndbox>
			<xmin>1085</xmin>
			<ymin>85</ymin>
			<xmax>1162</xmax>
			<ymax>154</ymax>
		</bndbox>
	</object>
	<object>
		<name>sp21</name>
		<pose>Unspecified</pose>
		<truncated>0</truncated>
		<difficult>0</difficult>
		<bndbox>
			<xmin>984</xmin>
			<ymin>91</ymin>
			<xmax>1061</xmax>
			<ymax>160</ymax>
		</bndbox>
	</object>
	<object>
		<name>sp21</name>
		<pose>Unspecified</pose>
		<truncated>0</truncated>
		<difficult>0</difficult>
		<bndbox>
			<xmin>1251</xmin>
			<ymin>151</ymin>
			<xmax>1320</xmax>
			<ymax>223</ymax>
		</bndbox>
	</object>
	<object>
		<name>sp21</name>
		<pose>Unspecified</pose>
		<truncated>0</truncated>
		<difficult>0</difficult>
		<bndbox>
			<xmin>1109</xmin>
			<ymin>223</ymin>
			<xmax>1189</xmax>
			<ymax>293</ymax>
		</bndbox>
	</object>
	<object>
		<name>sp21</name>
		<pose>Unspecified</pose>
		<truncated>0</truncated>
		<difficult>0</difficult>
		<bndbox>
			<xmin>981</xmin>
			<ymin>165</ymin>
			<xmax>1046</xmax>
			<ymax>213</ymax>
		</bndbox>
	</object>
	<object>
		<name>sp21</name>
		<pose>Unspecified</pose>
		<truncated>0</truncated>
		<difficult>0</difficult>
		<bndbox>
			<xmin>967</xmin>
			<ymin>193</ymin>
			<xmax>1040</xmax>
			<ymax>252</ymax>
		</bndbox>
	</object>
	<object>
		<name>sp21</name>
		<pose>Unspecified</pose>
		<truncated>0</truncated>
		<difficult>0</difficult>
		<bndbox>
			<xmin>873</xmin>
			<ymin>224</ymin>
			<xmax>948</xmax>
			<ymax>290</ymax>
		</bndbox>
	</object>
	<object>
		<name>sp21</name>
		<pose>Unspecified</pose>
		<truncated>0</truncated>
		<difficult>0</difficult>
		<bndbox>
			<xmin>915</xmin>
			<ymin>312</ymin>
			<xmax>983</xmax>
			<ymax>377</ymax>
		</bndbox>
	</object>
	<object>
		<name>sp21</name>
		<pose>Unspecified</pose>
		<truncated>0</truncated>
		<difficult>0</difficult>
		<bndbox>
			<xmin>1305</xmin>
			<ymin>275</ymin>
			<xmax>1383</xmax>
			<ymax>338</ymax>
		</bndbox>
	</object>
	<object>
		<name>sp21</name>
		<pose>Unspecified</pose>
		<truncated>0</truncated>
		<difficult>0</difficult>
		<bndbox>
			<xmin>1438</xmin>
			<ymin>288</ymin>
			<xmax>1510</xmax>
			<ymax>360</ymax>
		</bndbox>
	</object>
	<object>
		<name>sp21</name>
		<pose>Unspecified</pose>
		<truncated>0</truncated>
		<difficult>0</difficult>
		<bndbox>
			<xmin>1550</xmin>
			<ymin>303</ymin>
			<xmax>1614</xmax>
			<ymax>369</ymax>
		</bndbox>
	</object>
	<object>
		<name>sp21</name>
		<pose>Unspecified</pose>
		<truncated>0</truncated>
		<difficult>0</difficult>
		<bndbox>
			<xmin>1418</xmin>
			<ymin>452</ymin>
			<xmax>1485</xmax>
			<ymax>523</ymax>
		</bndbox>
	</object>
	<object>
		<name>sp21</name>
		<pose>Unspecified</pose>
		<truncated>0</truncated>
		<difficult>0</difficult>
		<bndbox>
			<xmin>1488</xmin>
			<ymin>460</ymin>
			<xmax>1556</xmax>
			<ymax>526</ymax>
		</bndbox>
	</object>
	<object>
		<name>sp21</name>
		<pose>Unspecified</pose>
		<truncated>0</truncated>
		<difficult>0</difficult>
		<bndbox>
			<xmin>1167</xmin>
			<ymin>429</ymin>
			<xmax>1239</xmax>
			<ymax>493</ymax>
		</bndbox>
	</object>
	<object>
		<name>sp21</name>
		<pose>Unspecified</pose>
		<truncated>0</truncated>
		<difficult>0</difficult>
		<bndbox>
			<xmin>1051</xmin>
			<ymin>476</ymin>
			<xmax>1135</xmax>
			<ymax>543</ymax>
		</bndbox>
	</object>
	<object>
		<name>sp21</name>
		<pose>Unspecified</pose>
		<truncated>0</truncated>
		<difficult>0</difficult>
		<bndbox>
			<xmin>978</xmin>
			<ymin>406</ymin>
			<xmax>1037</xmax>
			<ymax>467</ymax>
		</bndbox>
	</object>
	<object>
		<name>sp21</name>
		<pose>Unspecified</pose>
		<truncated>0</truncated>
		<difficult>0</difficult>
		<bndbox>
			<xmin>937</xmin>
			<ymin>414</ymin>
			<xmax>998</xmax>
			<ymax>473</ymax>
		</bndbox>
	</object>
	<object>
		<name>sp21</name>
		<pose>Unspecified</pose>
		<truncated>0</truncated>
		<difficult>0</difficult>
		<bndbox>
			<xmin>928</xmin>
			<ymin>453</ymin>
			<xmax>979</xmax>
			<ymax>500</ymax>
		</bndbox>
	</object>
	<object>
		<name>sp21</name>
		<pose>Unspecified</pose>
		<truncated>0</truncated>
		<difficult>0</difficult>
		<bndbox>
			<xmin>754</xmin>
			<ymin>397</ymin>
			<xmax>828</xmax>
			<ymax>460</ymax>
		</bndbox>
	</object>
	<object>
		<name>sp21</name>
		<pose>Unspecified</pose>
		<truncated>0</truncated>
		<difficult>0</difficult>
		<bndbox>
			<xmin>1936</xmin>
			<ymin>600</ymin>
			<xmax>1998</xmax>
			<ymax>661</ymax>
		</bndbox>
	</object>
	<object>
		<name>sp21</name>
		<pose>Unspecified</pose>
		<truncated>0</truncated>
		<difficult>0</difficult>
		<bndbox>
			<xmin>1837</xmin>
			<ymin>639</ymin>
			<xmax>1914</xmax>
			<ymax>711</ymax>
		</bndbox>
	</object>
	<object>
		<name>sp21</name>
		<pose>Unspecified</pose>
		<truncated>0</truncated>
		<difficult>0</difficult>
		<bndbox>
			<xmin>1969</xmin>
			<ymin>690</ymin>
			<xmax>2039</xmax>
			<ymax>752</ymax>
		</bndbox>
	</object>
	<object>
		<name>sp21</name>
		<pose>Unspecified</pose>
		<truncated>0</truncated>
		<difficult>0</difficult>
		<bndbox>
			<xmin>1900</xmin>
			<ymin>714</ymin>
			<xmax>1974</xmax>
			<ymax>799</ymax>
		</bndbox>
	</object>
	<object>
		<name>sp21</name>
		<pose>Unspecified</pose>
		<truncated>0</truncated>
		<difficult>0</difficult>
		<bndbox>
			<xmin>1992</xmin>
			<ymin>730</ymin>
			<xmax>2054</xmax>
			<ymax>783</ymax>
		</bndbox>
	</object>
	<object>
		<name>sp21</name>
		<pose>Unspecified</pose>
		<truncated>0</truncated>
		<difficult>0</difficult>
		<bndbox>
			<xmin>1963</xmin>
			<ymin>866</ymin>
			<xmax>2038</xmax>
			<ymax>936</ymax>
		</bndbox>
	</object>
	<object>
		<name>sp21</name>
		<pose>Unspecified</pose>
		<truncated>0</truncated>
		<difficult>0</difficult>
		<bndbox>
			<xmin>1824</xmin>
			<ymin>838</ymin>
			<xmax>1900</xmax>
			<ymax>908</ymax>
		</bndbox>
	</object>
	<object>
		<name>sp21</name>
		<pose>Unspecified</pose>
		<truncated>0</truncated>
		<difficult>0</difficult>
		<bndbox>
			<xmin>1899</xmin>
			<ymin>909</ymin>
			<xmax>1966</xmax>
			<ymax>978</ymax>
		</bndbox>
	</object>
	<object>
		<name>sp21</name>
		<pose>Unspecified</pose>
		<truncated>0</truncated>
		<difficult>0</difficult>
		<bndbox>
			<xmin>1735</xmin>
			<ymin>927</ymin>
			<xmax>1808</xmax>
			<ymax>996</ymax>
		</bndbox>
	</object>
	<object>
		<name>sp21</name>
		<pose>Unspecified</pose>
		<truncated>0</truncated>
		<difficult>0</difficult>
		<bndbox>
			<xmin>1559</xmin>
			<ymin>842</ymin>
			<xmax>1624</xmax>
			<ymax>903</ymax>
		</bndbox>
	</object>
	<object>
		<name>sp21</name>
		<pose>Unspecified</pose>
		<truncated>0</truncated>
		<difficult>0</difficult>
		<bndbox>
			<xmin>1462</xmin>
			<ymin>682</ymin>
			<xmax>1531</xmax>
			<ymax>755</ymax>
		</bndbox>
	</object>
	<object>
		<name>sp21</name>
		<pose>Unspecified</pose>
		<truncated>0</truncated>
		<difficult>0</difficult>
		<bndbox>
			<xmin>1439</xmin>
			<ymin>783</ymin>
			<xmax>1515</xmax>
			<ymax>862</ymax>
		</bndbox>
	</object>
	<object>
		<name>sp21</name>
		<pose>Unspecified</pose>
		<truncated>0</truncated>
		<difficult>0</difficult>
		<bndbox>
			<xmin>1298</xmin>
			<ymin>690</ymin>
			<xmax>1369</xmax>
			<ymax>765</ymax>
		</bndbox>
	</object>
	<object>
		<name>sp21</name>
		<pose>Unspecified</pose>
		<truncated>0</truncated>
		<difficult>0</difficult>
		<bndbox>
			<xmin>2111</xmin>
			<ymin>759</ymin>
			<xmax>2180</xmax>
			<ymax>822</ymax>
		</bndbox>
	</object>
	<object>
		<name>sp21</name>
		<pose>Unspecified</pose>
		<truncated>0</truncated>
		<difficult>0</difficult>
		<bndbox>
			<xmin>1742</xmin>
			<ymin>1042</ymin>
			<xmax>1811</xmax>
			<ymax>1100</ymax>
		</bndbox>
	</object>
	<object>
		<name>sp21</name>
		<pose>Unspecified</pose>
		<truncated>0</truncated>
		<difficult>0</difficult>
		<bndbox>
			<xmin>1936</xmin>
			<ymin>1088</ymin>
			<xmax>2010</xmax>
			<ymax>1159</ymax>
		</bndbox>
	</object>
	<object>
		<name>sp21</name>
		<pose>Unspecified</pose>
		<truncated>0</truncated>
		<difficult>0</difficult>
		<bndbox>
			<xmin>1679</xmin>
			<ymin>1073</ymin>
			<xmax>1748</xmax>
			<ymax>1144</ymax>
		</bndbox>
	</object>
	<object>
		<name>sp21</name>
		<pose>Unspecified</pose>
		<truncated>0</truncated>
		<difficult>0</difficult>
		<bndbox>
			<xmin>1546</xmin>
			<ymin>1066</ymin>
			<xmax>1626</xmax>
			<ymax>1130</ymax>
		</bndbox>
	</object>
	<object>
		<name>sp21</name>
		<pose>Unspecified</pose>
		<truncated>0</truncated>
		<difficult>0</difficult>
		<bndbox>
			<xmin>1640</xmin>
			<ymin>1249</ymin>
			<xmax>1704</xmax>
			<ymax>1316</ymax>
		</bndbox>
	</object>
	<object>
		<name>sp21</name>
		<pose>Unspecified</pose>
		<truncated>0</truncated>
		<difficult>0</difficult>
		<bndbox>
			<xmin>1768</xmin>
			<ymin>1243</ymin>
			<xmax>1818</xmax>
			<ymax>1278</ymax>
		</bndbox>
	</object>
	<object>
		<name>sp21</name>
		<pose>Unspecified</pose>
		<truncated>0</truncated>
		<difficult>0</difficult>
		<bndbox>
			<xmin>1757</xmin>
			<ymin>1262</ymin>
			<xmax>1804</xmax>
			<ymax>1310</ymax>
		</bndbox>
	</object>
	<object>
		<name>sp21</name>
		<pose>Unspecified</pose>
		<truncated>0</truncated>
		<difficult>0</difficult>
		<bndbox>
			<xmin>1799</xmin>
			<ymin>1258</ymin>
			<xmax>1857</xmax>
			<ymax>1323</ymax>
		</bndbox>
	</object>
	<object>
		<name>sp21</name>
		<pose>Unspecified</pose>
		<truncated>0</truncated>
		<difficult>0</difficult>
		<bndbox>
			<xmin>1852</xmin>
			<ymin>1242</ymin>
			<xmax>1903</xmax>
			<ymax>1316</ymax>
		</bndbox>
	</object>
	<object>
		<name>sp21</name>
		<pose>Unspecified</pose>
		<truncated>0</truncated>
		<difficult>0</difficult>
		<bndbox>
			<xmin>2071</xmin>
			<ymin>1230</ymin>
			<xmax>2140</xmax>
			<ymax>1293</ymax>
		</bndbox>
	</object>
	<object>
		<name>sp21</name>
		<pose>Unspecified</pose>
		<truncated>0</truncated>
		<difficult>0</difficult>
		<bndbox>
			<xmin>2130</xmin>
			<ymin>1248</ymin>
			<xmax>2194</xmax>
			<ymax>1314</ymax>
		</bndbox>
	</object>
	<object>
		<name>sp21</name>
		<pose>Unspecified</pose>
		<truncated>0</truncated>
		<difficult>0</difficult>
		<bndbox>
			<xmin>2178</xmin>
			<ymin>1249</ymin>
			<xmax>2233</xmax>
			<ymax>1307</ymax>
		</bndbox>
	</object>
	<object>
		<name>sp21</name>
		<pose>Unspecified</pose>
		<truncated>0</truncated>
		<difficult>0</difficult>
		<bndbox>
			<xmin>2149</xmin>
			<ymin>1332</ymin>
			<xmax>2216</xmax>
			<ymax>1404</ymax>
		</bndbox>
	</object>
	<object>
		<name>sp21</name>
		<pose>Unspecified</pose>
		<truncated>0</truncated>
		<difficult>0</difficult>
		<bndbox>
			<xmin>1854</xmin>
			<ymin>1395</ymin>
			<xmax>1935</xmax>
			<ymax>1460</ymax>
		</bndbox>
	</object>
	<object>
		<name>sp21</name>
		<pose>Unspecified</pose>
		<truncated>0</truncated>
		<difficult>0</difficult>
		<bndbox>
			<xmin>2028</xmin>
			<ymin>1432</ymin>
			<xmax>2111</xmax>
			<ymax>1504</ymax>
		</bndbox>
	</object>
	<object>
		<name>sp21</name>
		<pose>Unspecified</pose>
		<truncated>0</truncated>
		<difficult>0</difficult>
		<bndbox>
			<xmin>1771</xmin>
			<ymin>1318</ymin>
			<xmax>1827</xmax>
			<ymax>1376</ymax>
		</bndbox>
	</object>
	<object>
		<name>sp21</name>
		<pose>Unspecified</pose>
		<truncated>0</truncated>
		<difficult>0</difficult>
		<bndbox>
			<xmin>1727</xmin>
			<ymin>1301</ymin>
			<xmax>1785</xmax>
			<ymax>1354</ymax>
		</bndbox>
	</object>
	<object>
		<name>sp21</name>
		<pose>Unspecified</pose>
		<truncated>0</truncated>
		<difficult>0</difficult>
		<bndbox>
			<xmin>1683</xmin>
			<ymin>1320</ymin>
			<xmax>1742</xmax>
			<ymax>1369</ymax>
		</bndbox>
	</object>
	<object>
		<name>sp21</name>
		<pose>Unspecified</pose>
		<truncated>0</truncated>
		<difficult>0</difficult>
		<bndbox>
			<xmin>1705</xmin>
			<ymin>1361</ymin>
			<xmax>1755</xmax>
			<ymax>1399</ymax>
		</bndbox>
	</object>
	<object>
		<name>sp21</name>
		<pose>Unspecified</pose>
		<truncated>0</truncated>
		<difficult>0</difficult>
		<bndbox>
			<xmin>1709</xmin>
			<ymin>1383</ymin>
			<xmax>1744</xmax>
			<ymax>1426</ymax>
		</bndbox>
	</object>
	<object>
		<name>sp21</name>
		<pose>Unspecified</pose>
		<truncated>0</truncated>
		<difficult>0</difficult>
		<bndbox>
			<xmin>1729</xmin>
			<ymin>1391</ymin>
			<xmax>1788</xmax>
			<ymax>1451</ymax>
		</bndbox>
	</object>
	<object>
		<name>sp21</name>
		<pose>Unspecified</pose>
		<truncated>0</truncated>
		<difficult>0</difficult>
		<bndbox>
			<xmin>1617</xmin>
			<ymin>1407</ymin>
			<xmax>1697</xmax>
			<ymax>1481</ymax>
		</bndbox>
	</object>
	<object>
		<name>sp21</name>
		<pose>Unspecified</pose>
		<truncated>0</truncated>
		<difficult>0</difficult>
		<bndbox>
			<xmin>1409</xmin>
			<ymin>1224</ymin>
			<xmax>1477</xmax>
			<ymax>1286</ymax>
		</bndbox>
	</object>
	<object>
		<name>sp21</name>
		<pose>Unspecified</pose>
		<truncated>0</truncated>
		<difficult>0</difficult>
		<bndbox>
			<xmin>1406</xmin>
			<ymin>1112</ymin>
			<xmax>1473</xmax>
			<ymax>1171</ymax>
		</bndbox>
	</object>
	<object>
		<name>sp21</name>
		<pose>Unspecified</pose>
		<truncated>0</truncated>
		<difficult>0</difficult>
		<bndbox>
			<xmin>1360</xmin>
			<ymin>1187</ymin>
			<xmax>1438</xmax>
			<ymax>1253</ymax>
		</bndbox>
	</object>
	<object>
		<name>sp21</name>
		<pose>Unspecified</pose>
		<truncated>0</truncated>
		<difficult>0</difficult>
		<bndbox>
			<xmin>1492</xmin>
			<ymin>1450</ymin>
			<xmax>1567</xmax>
			<ymax>1525</ymax>
		</bndbox>
	</object>
	<object>
		<name>sp21</name>
		<pose>Unspecified</pose>
		<truncated>0</truncated>
		<difficult>0</difficult>
		<bndbox>
			<xmin>1371</xmin>
			<ymin>1570</ymin>
			<xmax>1449</xmax>
			<ymax>1638</ymax>
		</bndbox>
	</object>
	<object>
		<name>sp21</name>
		<pose>Unspecified</pose>
		<truncated>0</truncated>
		<difficult>0</difficult>
		<bndbox>
			<xmin>1439</xmin>
			<ymin>1629</ymin>
			<xmax>1501</xmax>
			<ymax>1694</ymax>
		</bndbox>
	</object>
	<object>
		<name>sp21</name>
		<pose>Unspecified</pose>
		<truncated>0</truncated>
		<difficult>0</difficult>
		<bndbox>
			<xmin>1871</xmin>
			<ymin>1605</ymin>
			<xmax>1956</xmax>
			<ymax>1683</ymax>
		</bndbox>
	</object>
	<object>
		<name>sp21</name>
		<pose>Unspecified</pose>
		<truncated>0</truncated>
		<difficult>0</difficult>
		<bndbox>
			<xmin>1959</xmin>
			<ymin>1506</ymin>
			<xmax>2035</xmax>
			<ymax>1584</ymax>
		</bndbox>
	</object>
	<object>
		<name>sp21</name>
		<pose>Unspecified</pose>
		<truncated>0</truncated>
		<difficult>0</difficult>
		<bndbox>
			<xmin>1260</xmin>
			<ymin>1366</ymin>
			<xmax>1327</xmax>
			<ymax>1436</ymax>
		</bndbox>
	</object>
	<object>
		<name>sp21</name>
		<pose>Unspecified</pose>
		<truncated>0</truncated>
		<difficult>0</difficult>
		<bndbox>
			<xmin>1417</xmin>
			<ymin>1842</ymin>
			<xmax>1491</xmax>
			<ymax>1916</ymax>
		</bndbox>
	</object>
	<object>
		<name>sp21</name>
		<pose>Unspecified</pose>
		<truncated>0</truncated>
		<difficult>0</difficult>
		<bndbox>
			<xmin>1283</xmin>
			<ymin>1789</ymin>
			<xmax>1353</xmax>
			<ymax>1849</ymax>
		</bndbox>
	</object>
	<object>
		<name>sp21</name>
		<pose>Unspecified</pose>
		<truncated>0</truncated>
		<difficult>0</difficult>
		<bndbox>
			<xmin>1269</xmin>
			<ymin>1884</ymin>
			<xmax>1358</xmax>
			<ymax>1968</ymax>
		</bndbox>
	</object>
	<object>
		<name>sp21</name>
		<pose>Unspecified</pose>
		<truncated>0</truncated>
		<difficult>0</difficult>
		<bndbox>
			<xmin>1445</xmin>
			<ymin>2008</ymin>
			<xmax>1523</xmax>
			<ymax>2079</ymax>
		</bndbox>
	</object>
	<object>
		<name>sp21</name>
		<pose>Unspecified</pose>
		<truncated>0</truncated>
		<difficult>0</difficult>
		<bndbox>
			<xmin>1607</xmin>
			<ymin>2054</ymin>
			<xmax>1682</xmax>
			<ymax>2125</ymax>
		</bndbox>
	</object>
	<object>
		<name>sp21</name>
		<pose>Unspecified</pose>
		<truncated>0</truncated>
		<difficult>0</difficult>
		<bndbox>
			<xmin>1490</xmin>
			<ymin>2113</ymin>
			<xmax>1550</xmax>
			<ymax>2179</ymax>
		</bndbox>
	</object>
	<object>
		<name>sp21</name>
		<pose>Unspecified</pose>
		<truncated>0</truncated>
		<difficult>0</difficult>
		<bndbox>
			<xmin>1409</xmin>
			<ymin>2093</ymin>
			<xmax>1477</xmax>
			<ymax>2154</ymax>
		</bndbox>
	</object>
	<object>
		<name>sp21</name>
		<pose>Unspecified</pose>
		<truncated>0</truncated>
		<difficult>0</difficult>
		<bndbox>
			<xmin>1397</xmin>
			<ymin>2131</ymin>
			<xmax>1464</xmax>
			<ymax>2196</ymax>
		</bndbox>
	</object>
	<object>
		<name>sp21</name>
		<pose>Unspecified</pose>
		<truncated>0</truncated>
		<difficult>0</difficult>
		<bndbox>
			<xmin>1277</xmin>
			<ymin>2155</ymin>
			<xmax>1350</xmax>
			<ymax>2221</ymax>
		</bndbox>
	</object>
	<object>
		<name>sp21</name>
		<pose>Unspecified</pose>
		<truncated>0</truncated>
		<difficult>0</difficult>
		<bndbox>
			<xmin>1142</xmin>
			<ymin>2123</ymin>
			<xmax>1224</xmax>
			<ymax>2208</ymax>
		</bndbox>
	</object>
	<object>
		<name>sp21</name>
		<pose>Unspecified</pose>
		<truncated>0</truncated>
		<difficult>0</difficult>
		<bndbox>
			<xmin>1067</xmin>
			<ymin>1997</ymin>
			<xmax>1142</xmax>
			<ymax>2068</ymax>
		</bndbox>
	</object>
	<object>
		<name>sp21</name>
		<pose>Unspecified</pose>
		<truncated>0</truncated>
		<difficult>0</difficult>
		<bndbox>
			<xmin>1032</xmin>
			<ymin>2024</ymin>
			<xmax>1090</xmax>
			<ymax>2086</ymax>
		</bndbox>
	</object>
	<object>
		<name>sp21</name>
		<pose>Unspecified</pose>
		<truncated>0</truncated>
		<difficult>0</difficult>
		<bndbox>
			<xmin>955</xmin>
			<ymin>2107</ymin>
			<xmax>1034</xmax>
			<ymax>2184</ymax>
		</bndbox>
	</object>
	<object>
		<name>sp21</name>
		<pose>Unspecified</pose>
		<truncated>0</truncated>
		<difficult>0</difficult>
		<bndbox>
			<xmin>1106</xmin>
			<ymin>1847</ymin>
			<xmax>1176</xmax>
			<ymax>1918</ymax>
		</bndbox>
	</object>
	<object>
		<name>sp21</name>
		<pose>Unspecified</pose>
		<truncated>0</truncated>
		<difficult>0</difficult>
		<bndbox>
			<xmin>1110</xmin>
			<ymin>1780</ymin>
			<xmax>1172</xmax>
			<ymax>1836</ymax>
		</bndbox>
	</object>
	<object>
		<name>sp21</name>
		<pose>Unspecified</pose>
		<truncated>0</truncated>
		<difficult>0</difficult>
		<bndbox>
			<xmin>1028</xmin>
			<ymin>1824</ymin>
			<xmax>1093</xmax>
			<ymax>1895</ymax>
		</bndbox>
	</object>
	<object>
		<name>sp21</name>
		<pose>Unspecified</pose>
		<truncated>0</truncated>
		<difficult>0</difficult>
		<bndbox>
			<xmin>988</xmin>
			<ymin>1833</ymin>
			<xmax>1044</xmax>
			<ymax>1896</ymax>
		</bndbox>
	</object>
	<object>
		<name>sp21</name>
		<pose>Unspecified</pose>
		<truncated>0</truncated>
		<difficult>0</difficult>
		<bndbox>
			<xmin>782</xmin>
			<ymin>1852</ymin>
			<xmax>862</xmax>
			<ymax>1931</ymax>
		</bndbox>
	</object>
	<object>
		<name>sp21</name>
		<pose>Unspecified</pose>
		<truncated>0</truncated>
		<difficult>0</difficult>
		<bndbox>
			<xmin>882</xmin>
			<ymin>1786</ymin>
			<xmax>955</xmax>
			<ymax>1855</ymax>
		</bndbox>
	</object>
	<object>
		<name>sp21</name>
		<pose>Unspecified</pose>
		<truncated>0</truncated>
		<difficult>0</difficult>
		<bndbox>
			<xmin>915</xmin>
			<ymin>1682</ymin>
			<xmax>974</xmax>
			<ymax>1746</ymax>
		</bndbox>
	</object>
	<object>
		<name>sp21</name>
		<pose>Unspecified</pose>
		<truncated>0</truncated>
		<difficult>0</difficult>
		<bndbox>
			<xmin>966</xmin>
			<ymin>1674</ymin>
			<xmax>1012</xmax>
			<ymax>1738</ymax>
		</bndbox>
	</object>
	<object>
		<name>sp21</name>
		<pose>Unspecified</pose>
		<truncated>0</truncated>
		<difficult>0</difficult>
		<bndbox>
			<xmin>1008</xmin>
			<ymin>1674</ymin>
			<xmax>1061</xmax>
			<ymax>1723</ymax>
		</bndbox>
	</object>
	<object>
		<name>sp21</name>
		<pose>Unspecified</pose>
		<truncated>0</truncated>
		<difficult>0</difficult>
		<bndbox>
			<xmin>1034</xmin>
			<ymin>1620</ymin>
			<xmax>1088</xmax>
			<ymax>1669</ymax>
		</bndbox>
	</object>
	<object>
		<name>sp21</name>
		<pose>Unspecified</pose>
		<truncated>0</truncated>
		<difficult>0</difficult>
		<bndbox>
			<xmin>1003</xmin>
			<ymin>1637</ymin>
			<xmax>1056</xmax>
			<ymax>1680</ymax>
		</bndbox>
	</object>
	<object>
		<name>sp21</name>
		<pose>Unspecified</pose>
		<truncated>0</truncated>
		<difficult>0</difficult>
		<bndbox>
			<xmin>984</xmin>
			<ymin>1654</ymin>
			<xmax>1034</xmax>
			<ymax>1698</ymax>
		</bndbox>
	</object>
	<object>
		<name>sp21</name>
		<pose>Unspecified</pose>
		<truncated>0</truncated>
		<difficult>0</difficult>
		<bndbox>
			<xmin>1111</xmin>
			<ymin>1691</ymin>
			<xmax>1175</xmax>
			<ymax>1754</ymax>
		</bndbox>
	</object>
	<object>
		<name>sp21</name>
		<pose>Unspecified</pose>
		<truncated>0</truncated>
		<difficult>0</difficult>
		<bndbox>
			<xmin>1160</xmin>
			<ymin>1681</ymin>
			<xmax>1226</xmax>
			<ymax>1750</ymax>
		</bndbox>
	</object>
	<object>
		<name>sp21</name>
		<pose>Unspecified</pose>
		<truncated>0</truncated>
		<difficult>0</difficult>
		<bndbox>
			<xmin>1044</xmin>
			<ymin>1526</ymin>
			<xmax>1104</xmax>
			<ymax>1570</ymax>
		</bndbox>
	</object>
	<object>
		<name>sp21</name>
		<pose>Unspecified</pose>
		<truncated>0</truncated>
		<difficult>0</difficult>
		<bndbox>
			<xmin>1042</xmin>
			<ymin>1558</ymin>
			<xmax>1094</xmax>
			<ymax>1609</ymax>
		</bndbox>
	</object>
	<object>
		<name>sp21</name>
		<pose>Unspecified</pose>
		<truncated>0</truncated>
		<difficult>0</difficult>
		<bndbox>
			<xmin>1106</xmin>
			<ymin>1547</ymin>
			<xmax>1157</xmax>
			<ymax>1605</ymax>
		</bndbox>
	</object>
	<object>
		<name>sp21</name>
		<pose>Unspecified</pose>
		<truncated>0</truncated>
		<difficult>0</difficult>
		<bndbox>
			<xmin>1149</xmin>
			<ymin>1568</ymin>
			<xmax>1212</xmax>
			<ymax>1622</ymax>
		</bndbox>
	</object>
	<object>
		<name>sp21</name>
		<pose>Unspecified</pose>
		<truncated>0</truncated>
		<difficult>0</difficult>
		<bndbox>
			<xmin>1148</xmin>
			<ymin>1530</ymin>
			<xmax>1207</xmax>
			<ymax>1580</ymax>
		</bndbox>
	</object>
	<object>
		<name>sp21</name>
		<pose>Unspecified</pose>
		<truncated>0</truncated>
		<difficult>0</difficult>
		<bndbox>
			<xmin>909</xmin>
			<ymin>1530</ymin>
			<xmax>971</xmax>
			<ymax>1589</ymax>
		</bndbox>
	</object>
	<object>
		<name>sp21</name>
		<pose>Unspecified</pose>
		<truncated>0</truncated>
		<difficult>0</difficult>
		<bndbox>
			<xmin>929</xmin>
			<ymin>1602</ymin>
			<xmax>981</xmax>
			<ymax>1656</ymax>
		</bndbox>
	</object>
	<object>
		<name>sp21</name>
		<pose>Unspecified</pose>
		<truncated>0</truncated>
		<difficult>0</difficult>
		<bndbox>
			<xmin>885</xmin>
			<ymin>1623</ymin>
			<xmax>943</xmax>
			<ymax>1672</ymax>
		</bndbox>
	</object>
	<object>
		<name>sp21</name>
		<pose>Unspecified</pose>
		<truncated>0</truncated>
		<difficult>0</difficult>
		<bndbox>
			<xmin>874</xmin>
			<ymin>1584</ymin>
			<xmax>940</xmax>
			<ymax>1642</ymax>
		</bndbox>
	</object>
	<object>
		<name>sp21</name>
		<pose>Unspecified</pose>
		<truncated>0</truncated>
		<difficult>0</difficult>
		<bndbox>
			<xmin>648</xmin>
			<ymin>1524</ymin>
			<xmax>724</xmax>
			<ymax>1599</ymax>
		</bndbox>
	</object>
	<object>
		<name>sp21</name>
		<pose>Unspecified</pose>
		<truncated>0</truncated>
		<difficult>0</difficult>
		<bndbox>
			<xmin>629</xmin>
			<ymin>1669</ymin>
			<xmax>711</xmax>
			<ymax>1749</ymax>
		</bndbox>
	</object>
	<object>
		<name>sp21</name>
		<pose>Unspecified</pose>
		<truncated>0</truncated>
		<difficult>0</difficult>
		<bndbox>
			<xmin>667</xmin>
			<ymin>1385</ymin>
			<xmax>740</xmax>
			<ymax>1456</ymax>
		</bndbox>
	</object>
	<object>
		<name>sp21</name>
		<pose>Unspecified</pose>
		<truncated>0</truncated>
		<difficult>0</difficult>
		<bndbox>
			<xmin>764</xmin>
			<ymin>1257</ymin>
			<xmax>833</xmax>
			<ymax>1326</ymax>
		</bndbox>
	</object>
	<object>
		<name>sp21</name>
		<pose>Unspecified</pose>
		<truncated>0</truncated>
		<difficult>0</difficult>
		<bndbox>
			<xmin>793</xmin>
			<ymin>1372</ymin>
			<xmax>860</xmax>
			<ymax>1444</ymax>
		</bndbox>
	</object>
	<object>
		<name>sp21</name>
		<pose>Unspecified</pose>
		<truncated>0</truncated>
		<difficult>0</difficult>
		<bndbox>
			<xmin>874</xmin>
			<ymin>1385</ymin>
			<xmax>940</xmax>
			<ymax>1445</ymax>
		</bndbox>
	</object>
	<object>
		<name>sp21</name>
		<pose>Unspecified</pose>
		<truncated>0</truncated>
		<difficult>0</difficult>
		<bndbox>
			<xmin>886</xmin>
			<ymin>1457</ymin>
			<xmax>951</xmax>
			<ymax>1520</ymax>
		</bndbox>
	</object>
	<object>
		<name>sp21</name>
		<pose>Unspecified</pose>
		<truncated>0</truncated>
		<difficult>0</difficult>
		<bndbox>
			<xmin>881</xmin>
			<ymin>1209</ymin>
			<xmax>937</xmax>
			<ymax>1260</ymax>
		</bndbox>
	</object>
	<object>
		<name>sp21</name>
		<pose>Unspecified</pose>
		<truncated>0</truncated>
		<difficult>0</difficult>
		<bndbox>
			<xmin>894</xmin>
			<ymin>1245</ymin>
			<xmax>956</xmax>
			<ymax>1302</ymax>
		</bndbox>
	</object>
	<object>
		<name>sp21</name>
		<pose>Unspecified</pose>
		<truncated>0</truncated>
		<difficult>0</difficult>
		<bndbox>
			<xmin>916</xmin>
			<ymin>1178</ymin>
			<xmax>965</xmax>
			<ymax>1224</ymax>
		</bndbox>
	</object>
	<object>
		<name>sp21</name>
		<pose>Unspecified</pose>
		<truncated>0</truncated>
		<difficult>0</difficult>
		<bndbox>
			<xmin>967</xmin>
			<ymin>1191</ymin>
			<xmax>1017</xmax>
			<ymax>1236</ymax>
		</bndbox>
	</object>
	<object>
		<name>sp21</name>
		<pose>Unspecified</pose>
		<truncated>0</truncated>
		<difficult>0</difficult>
		<bndbox>
			<xmin>941</xmin>
			<ymin>1211</ymin>
			<xmax>990</xmax>
			<ymax>1265</ymax>
		</bndbox>
	</object>
	<object>
		<name>sp21</name>
		<pose>Unspecified</pose>
		<truncated>0</truncated>
		<difficult>0</difficult>
		<bndbox>
			<xmin>955</xmin>
			<ymin>1243</ymin>
			<xmax>1001</xmax>
			<ymax>1291</ymax>
		</bndbox>
	</object>
	<object>
		<name>sp21</name>
		<pose>Unspecified</pose>
		<truncated>0</truncated>
		<difficult>0</difficult>
		<bndbox>
			<xmin>983</xmin>
			<ymin>1257</ymin>
			<xmax>1017</xmax>
			<ymax>1300</ymax>
		</bndbox>
	</object>
	<object>
		<name>sp21</name>
		<pose>Unspecified</pose>
		<truncated>0</truncated>
		<difficult>0</difficult>
		<bndbox>
			<xmin>1032</xmin>
			<ymin>1268</ymin>
			<xmax>1083</xmax>
			<ymax>1326</ymax>
		</bndbox>
	</object>
	<object>
		<name>sp21</name>
		<pose>Unspecified</pose>
		<truncated>0</truncated>
		<difficult>0</difficult>
		<bndbox>
			<xmin>1014</xmin>
			<ymin>1218</ymin>
			<xmax>1060</xmax>
			<ymax>1262</ymax>
		</bndbox>
	</object>
	<object>
		<name>sp21</name>
		<pose>Unspecified</pose>
		<truncated>0</truncated>
		<difficult>0</difficult>
		<bndbox>
			<xmin>995</xmin>
			<ymin>1234</ymin>
			<xmax>1042</xmax>
			<ymax>1291</ymax>
		</bndbox>
	</object>
	<object>
		<name>sp21</name>
		<pose>Unspecified</pose>
		<truncated>0</truncated>
		<difficult>0</difficult>
		<bndbox>
			<xmin>1056</xmin>
			<ymin>1198</ymin>
			<xmax>1112</xmax>
			<ymax>1266</ymax>
		</bndbox>
	</object>
	<object>
		<name>sp21</name>
		<pose>Unspecified</pose>
		<truncated>0</truncated>
		<difficult>0</difficult>
		<bndbox>
			<xmin>1070</xmin>
			<ymin>1431</ymin>
			<xmax>1126</xmax>
			<ymax>1486</ymax>
		</bndbox>
	</object>
	<object>
		<name>sp21</name>
		<pose>Unspecified</pose>
		<truncated>0</truncated>
		<difficult>0</difficult>
		<bndbox>
			<xmin>1099</xmin>
			<ymin>1411</ymin>
			<xmax>1152</xmax>
			<ymax>1469</ymax>
		</bndbox>
	</object>
	<object>
		<name>sp21</name>
		<pose>Unspecified</pose>
		<truncated>0</truncated>
		<difficult>0</difficult>
		<bndbox>
			<xmin>1146</xmin>
			<ymin>1426</ymin>
			<xmax>1185</xmax>
			<ymax>1471</ymax>
		</bndbox>
	</object>
	<object>
		<name>sp21</name>
		<pose>Unspecified</pose>
		<truncated>0</truncated>
		<difficult>0</difficult>
		<bndbox>
			<xmin>1167</xmin>
			<ymin>1406</ymin>
			<xmax>1221</xmax>
			<ymax>1464</ymax>
		</bndbox>
	</object>
	<object>
		<name>sp21</name>
		<pose>Unspecified</pose>
		<truncated>0</truncated>
		<difficult>0</difficult>
		<bndbox>
			<xmin>1179</xmin>
			<ymin>1367</ymin>
			<xmax>1232</xmax>
			<ymax>1422</ymax>
		</bndbox>
	</object>
	<object>
		<name>sp21</name>
		<pose>Unspecified</pose>
		<truncated>0</truncated>
		<difficult>0</difficult>
		<bndbox>
			<xmin>1187</xmin>
			<ymin>1333</ymin>
			<xmax>1241</xmax>
			<ymax>1372</ymax>
		</bndbox>
	</object>
	<object>
		<name>sp21</name>
		<pose>Unspecified</pose>
		<truncated>0</truncated>
		<difficult>0</difficult>
		<bndbox>
			<xmin>1181</xmin>
			<ymin>1290</ymin>
			<xmax>1246</xmax>
			<ymax>1339</ymax>
		</bndbox>
	</object>
	<object>
		<name>sp21</name>
		<pose>Unspecified</pose>
		<truncated>0</truncated>
		<difficult>0</difficult>
		<bndbox>
			<xmin>1314</xmin>
			<ymin>1296</ymin>
			<xmax>1382</xmax>
			<ymax>1351</ymax>
		</bndbox>
	</object>
	<object>
		<name>sp21</name>
		<pose>Unspecified</pose>
		<truncated>0</truncated>
		<difficult>0</difficult>
		<bndbox>
			<xmin>1264</xmin>
			<ymin>1203</ymin>
			<xmax>1328</xmax>
			<ymax>1266</ymax>
		</bndbox>
	</object>
	<object>
		<name>sp21</name>
		<pose>Unspecified</pose>
		<truncated>0</truncated>
		<difficult>0</difficult>
		<bndbox>
			<xmin>1218</xmin>
			<ymin>1220</ymin>
			<xmax>1274</xmax>
			<ymax>1273</ymax>
		</bndbox>
	</object>
	<object>
		<name>sp21</name>
		<pose>Unspecified</pose>
		<truncated>0</truncated>
		<difficult>0</difficult>
		<bndbox>
			<xmin>1194</xmin>
			<ymin>1165</ymin>
			<xmax>1254</xmax>
			<ymax>1221</ymax>
		</bndbox>
	</object>
	<object>
		<name>sp21</name>
		<pose>Unspecified</pose>
		<truncated>0</truncated>
		<difficult>0</difficult>
		<bndbox>
			<xmin>1147</xmin>
			<ymin>1191</ymin>
			<xmax>1209</xmax>
			<ymax>1247</ymax>
		</bndbox>
	</object>
	<object>
		<name>sp21</name>
		<pose>Unspecified</pose>
		<truncated>0</truncated>
		<difficult>0</difficult>
		<bndbox>
			<xmin>1096</xmin>
			<ymin>1150</ymin>
			<xmax>1151</xmax>
			<ymax>1202</ymax>
		</bndbox>
	</object>
	<object>
		<name>sp21</name>
		<pose>Unspecified</pose>
		<truncated>0</truncated>
		<difficult>0</difficult>
		<bndbox>
			<xmin>1241</xmin>
			<ymin>1464</ymin>
			<xmax>1298</xmax>
			<ymax>1532</ymax>
		</bndbox>
	</object>
	<object>
		<name>sp21</name>
		<pose>Unspecified</pose>
		<truncated>0</truncated>
		<difficult>0</difficult>
		<bndbox>
			<xmin>1223</xmin>
			<ymin>1454</ymin>
			<xmax>1264</xmax>
			<ymax>1504</ymax>
		</bndbox>
	</object>
	<object>
		<name>sp21</name>
		<pose>Unspecified</pose>
		<truncated>0</truncated>
		<difficult>0</difficult>
		<bndbox>
			<xmin>1189</xmin>
			<ymin>1463</ymin>
			<xmax>1240</xmax>
			<ymax>1515</ymax>
		</bndbox>
	</object>
	<object>
		<name>sp21</name>
		<pose>Unspecified</pose>
		<truncated>0</truncated>
		<difficult>0</difficult>
		<bndbox>
			<xmin>1162</xmin>
			<ymin>1474</ymin>
			<xmax>1218</xmax>
			<ymax>1524</ymax>
		</bndbox>
	</object>
	<object>
		<name>sp21</name>
		<pose>Unspecified</pose>
		<truncated>0</truncated>
		<difficult>0</difficult>
		<bndbox>
			<xmin>615</xmin>
			<ymin>1064</ymin>
			<xmax>684</xmax>
			<ymax>1140</ymax>
		</bndbox>
	</object>
	<object>
		<name>sp21</name>
		<pose>Unspecified</pose>
		<truncated>0</truncated>
		<difficult>0</difficult>
		<bndbox>
			<xmin>691</xmin>
			<ymin>1096</ymin>
			<xmax>760</xmax>
			<ymax>1155</ymax>
		</bndbox>
	</object>
	<object>
		<name>sp21</name>
		<pose>Unspecified</pose>
		<truncated>0</truncated>
		<difficult>0</difficult>
		<bndbox>
			<xmin>787</xmin>
			<ymin>1079</ymin>
			<xmax>852</xmax>
			<ymax>1133</ymax>
		</bndbox>
	</object>
	<object>
		<name>sp21</name>
		<pose>Unspecified</pose>
		<truncated>0</truncated>
		<difficult>0</difficult>
		<bndbox>
			<xmin>846</xmin>
			<ymin>1084</ymin>
			<xmax>918</xmax>
			<ymax>1154</ymax>
		</bndbox>
	</object>
	<object>
		<name>sp21</name>
		<pose>Unspecified</pose>
		<truncated>0</truncated>
		<difficult>0</difficult>
		<bndbox>
			<xmin>994</xmin>
			<ymin>1120</ymin>
			<xmax>1055</xmax>
			<ymax>1184</ymax>
		</bndbox>
	</object>
	<object>
		<name>sp21</name>
		<pose>Unspecified</pose>
		<truncated>0</truncated>
		<difficult>0</difficult>
		<bndbox>
			<xmin>1126</xmin>
			<ymin>1105</ymin>
			<xmax>1195</xmax>
			<ymax>1178</ymax>
		</bndbox>
	</object>
	<object>
		<name>sp21</name>
		<pose>Unspecified</pose>
		<truncated>0</truncated>
		<difficult>0</difficult>
		<bndbox>
			<xmin>1179</xmin>
			<ymin>1064</ymin>
			<xmax>1236</xmax>
			<ymax>1125</ymax>
		</bndbox>
	</object>
	<object>
		<name>sp21</name>
		<pose>Unspecified</pose>
		<truncated>0</truncated>
		<difficult>0</difficult>
		<bndbox>
			<xmin>1136</xmin>
			<ymin>997</ymin>
			<xmax>1191</xmax>
			<ymax>1058</ymax>
		</bndbox>
	</object>
	<object>
		<name>sp21</name>
		<pose>Unspecified</pose>
		<truncated>0</truncated>
		<difficult>0</difficult>
		<bndbox>
			<xmin>922</xmin>
			<ymin>980</ymin>
			<xmax>990</xmax>
			<ymax>1043</ymax>
		</bndbox>
	</object>
	<object>
		<name>sp21</name>
		<pose>Unspecified</pose>
		<truncated>0</truncated>
		<difficult>0</difficult>
		<bndbox>
			<xmin>826</xmin>
			<ymin>936</ymin>
			<xmax>888</xmax>
			<ymax>992</ymax>
		</bndbox>
	</object>
	<object>
		<name>sp21</name>
		<pose>Unspecified</pose>
		<truncated>0</truncated>
		<difficult>0</difficult>
		<bndbox>
			<xmin>774</xmin>
			<ymin>944</ymin>
			<xmax>830</xmax>
			<ymax>999</ymax>
		</bndbox>
	</object>
	<object>
		<name>sp21</name>
		<pose>Unspecified</pose>
		<truncated>0</truncated>
		<difficult>0</difficult>
		<bndbox>
			<xmin>796</xmin>
			<ymin>911</ymin>
			<xmax>844</xmax>
			<ymax>956</ymax>
		</bndbox>
	</object>
	<object>
		<name>sp21</name>
		<pose>Unspecified</pose>
		<truncated>0</truncated>
		<difficult>0</difficult>
		<bndbox>
			<xmin>752</xmin>
			<ymin>892</ymin>
			<xmax>807</xmax>
			<ymax>942</ymax>
		</bndbox>
	</object>
	<object>
		<name>sp21</name>
		<pose>Unspecified</pose>
		<truncated>0</truncated>
		<difficult>0</difficult>
		<bndbox>
			<xmin>664</xmin>
			<ymin>881</ymin>
			<xmax>734</xmax>
			<ymax>946</ymax>
		</bndbox>
	</object>
	<object>
		<name>sp21</name>
		<pose>Unspecified</pose>
		<truncated>0</truncated>
		<difficult>0</difficult>
		<bndbox>
			<xmin>1258</xmin>
			<ymin>1029</ymin>
			<xmax>1314</xmax>
			<ymax>1086</ymax>
		</bndbox>
	</object>
	<object>
		<name>sp21</name>
		<pose>Unspecified</pose>
		<truncated>0</truncated>
		<difficult>0</difficult>
		<bndbox>
			<xmin>1308</xmin>
			<ymin>1011</ymin>
			<xmax>1366</xmax>
			<ymax>1072</ymax>
		</bndbox>
	</object>
	<object>
		<name>sp21</name>
		<pose>Unspecified</pose>
		<truncated>0</truncated>
		<difficult>0</difficult>
		<bndbox>
			<xmin>1388</xmin>
			<ymin>1032</ymin>
			<xmax>1454</xmax>
			<ymax>1094</ymax>
		</bndbox>
	</object>
	<object>
		<name>sp21</name>
		<pose>Unspecified</pose>
		<truncated>0</truncated>
		<difficult>0</difficult>
		<bndbox>
			<xmin>1411</xmin>
			<ymin>1000</ymin>
			<xmax>1466</xmax>
			<ymax>1047</ymax>
		</bndbox>
	</object>
	<object>
		<name>sp21</name>
		<pose>Unspecified</pose>
		<truncated>0</truncated>
		<difficult>0</difficult>
		<bndbox>
			<xmin>1448</xmin>
			<ymin>984</ymin>
			<xmax>1500</xmax>
			<ymax>1041</ymax>
		</bndbox>
	</object>
	<object>
		<name>sp21</name>
		<pose>Unspecified</pose>
		<truncated>0</truncated>
		<difficult>0</difficult>
		<bndbox>
			<xmin>1484</xmin>
			<ymin>951</ymin>
			<xmax>1550</xmax>
			<ymax>1015</ymax>
		</bndbox>
	</object>
	<object>
		<name>sp21</name>
		<pose>Unspecified</pose>
		<truncated>0</truncated>
		<difficult>0</difficult>
		<bndbox>
			<xmin>1439</xmin>
			<ymin>882</ymin>
			<xmax>1498</xmax>
			<ymax>941</ymax>
		</bndbox>
	</object>
	<object>
		<name>sp21</name>
		<pose>Unspecified</pose>
		<truncated>0</truncated>
		<difficult>0</difficult>
		<bndbox>
			<xmin>1429</xmin>
			<ymin>913</ymin>
			<xmax>1473</xmax>
			<ymax>961</ymax>
		</bndbox>
	</object>
	<object>
		<name>sp21</name>
		<pose>Unspecified</pose>
		<truncated>0</truncated>
		<difficult>0</difficult>
		<bndbox>
			<xmin>1396</xmin>
			<ymin>905</ymin>
			<xmax>1445</xmax>
			<ymax>956</ymax>
		</bndbox>
	</object>
	<object>
		<name>sp21</name>
		<pose>Unspecified</pose>
		<truncated>0</truncated>
		<difficult>0</difficult>
		<bndbox>
			<xmin>1367</xmin>
			<ymin>878</ymin>
			<xmax>1421</xmax>
			<ymax>927</ymax>
		</bndbox>
	</object>
	<object>
		<name>sp21</name>
		<pose>Unspecified</pose>
		<truncated>0</truncated>
		<difficult>0</difficult>
		<bndbox>
			<xmin>1314</xmin>
			<ymin>888</ymin>
			<xmax>1368</xmax>
			<ymax>945</ymax>
		</bndbox>
	</object>
	<object>
		<name>sp21</name>
		<pose>Unspecified</pose>
		<truncated>0</truncated>
		<difficult>0</difficult>
		<bndbox>
			<xmin>1293</xmin>
			<ymin>877</ymin>
			<xmax>1343</xmax>
			<ymax>931</ymax>
		</bndbox>
	</object>
	<object>
		<name>sp21</name>
		<pose>Unspecified</pose>
		<truncated>0</truncated>
		<difficult>0</difficult>
		<bndbox>
			<xmin>1231</xmin>
			<ymin>853</ymin>
			<xmax>1293</xmax>
			<ymax>915</ymax>
		</bndbox>
	</object>
	<object>
		<name>sp21</name>
		<pose>Unspecified</pose>
		<truncated>0</truncated>
		<difficult>0</difficult>
		<bndbox>
			<xmin>1160</xmin>
			<ymin>852</ymin>
			<xmax>1214</xmax>
			<ymax>899</ymax>
		</bndbox>
	</object>
	<object>
		<name>sp21</name>
		<pose>Unspecified</pose>
		<truncated>0</truncated>
		<difficult>0</difficult>
		<bndbox>
			<xmin>1185</xmin>
			<ymin>878</ymin>
			<xmax>1232</xmax>
			<ymax>929</ymax>
		</bndbox>
	</object>
	<object>
		<name>sp21</name>
		<pose>Unspecified</pose>
		<truncated>0</truncated>
		<difficult>0</difficult>
		<bndbox>
			<xmin>1150</xmin>
			<ymin>892</ymin>
			<xmax>1200</xmax>
			<ymax>947</ymax>
		</bndbox>
	</object>
	<object>
		<name>sp21</name>
		<pose>Unspecified</pose>
		<truncated>0</truncated>
		<difficult>0</difficult>
		<bndbox>
			<xmin>1101</xmin>
			<ymin>870</ymin>
			<xmax>1159</xmax>
			<ymax>919</ymax>
		</bndbox>
	</object>
	<object>
		<name>sp21</name>
		<pose>Unspecified</pose>
		<truncated>0</truncated>
		<difficult>0</difficult>
		<bndbox>
			<xmin>1072</xmin>
			<ymin>909</ymin>
			<xmax>1116</xmax>
			<ymax>955</ymax>
		</bndbox>
	</object>
	<object>
		<name>sp21</name>
		<pose>Unspecified</pose>
		<truncated>0</truncated>
		<difficult>0</difficult>
		<bndbox>
			<xmin>1095</xmin>
			<ymin>931</ymin>
			<xmax>1146</xmax>
			<ymax>977</ymax>
		</bndbox>
	</object>
	<object>
		<name>sp21</name>
		<pose>Unspecified</pose>
		<truncated>0</truncated>
		<difficult>0</difficult>
		<bndbox>
			<xmin>1109</xmin>
			<ymin>970</ymin>
			<xmax>1156</xmax>
			<ymax>1018</ymax>
		</bndbox>
	</object>
	<object>
		<name>sp21</name>
		<pose>Unspecified</pose>
		<truncated>0</truncated>
		<difficult>0</difficult>
		<bndbox>
			<xmin>1083</xmin>
			<ymin>986</ymin>
			<xmax>1118</xmax>
			<ymax>1031</ymax>
		</bndbox>
	</object>
	<object>
		<name>sp21</name>
		<pose>Unspecified</pose>
		<truncated>0</truncated>
		<difficult>0</difficult>
		<bndbox>
			<xmin>1054</xmin>
			<ymin>954</ymin>
			<xmax>1097</xmax>
			<ymax>994</ymax>
		</bndbox>
	</object>
	<object>
		<name>sp21</name>
		<pose>Unspecified</pose>
		<truncated>0</truncated>
		<difficult>0</difficult>
		<bndbox>
			<xmin>1047</xmin>
			<ymin>980</ymin>
			<xmax>1076</xmax>
			<ymax>1022</ymax>
		</bndbox>
	</object>
	<object>
		<name>sp21</name>
		<pose>Unspecified</pose>
		<truncated>0</truncated>
		<difficult>0</difficult>
		<bndbox>
			<xmin>1057</xmin>
			<ymin>999</ymin>
			<xmax>1100</xmax>
			<ymax>1036</ymax>
		</bndbox>
	</object>
	<object>
		<name>sp21</name>
		<pose>Unspecified</pose>
		<truncated>0</truncated>
		<difficult>0</difficult>
		<bndbox>
			<xmin>1007</xmin>
			<ymin>960</ymin>
			<xmax>1059</xmax>
			<ymax>998</ymax>
		</bndbox>
	</object>
	<object>
		<name>sp21</name>
		<pose>Unspecified</pose>
		<truncated>0</truncated>
		<difficult>0</difficult>
		<bndbox>
			<xmin>999</xmin>
			<ymin>932</ymin>
			<xmax>1051</xmax>
			<ymax>974</ymax>
		</bndbox>
	</object>
	<object>
		<name>sp21</name>
		<pose>Unspecified</pose>
		<truncated>0</truncated>
		<difficult>0</difficult>
		<bndbox>
			<xmin>981</xmin>
			<ymin>906</ymin>
			<xmax>1036</xmax>
			<ymax>952</ymax>
		</bndbox>
	</object>
	<object>
		<name>sp21</name>
		<pose>Unspecified</pose>
		<truncated>0</truncated>
		<difficult>0</difficult>
		<bndbox>
			<xmin>998</xmin>
			<ymin>860</ymin>
			<xmax>1053</xmax>
			<ymax>909</ymax>
		</bndbox>
	</object>
	<object>
		<name>sp21</name>
		<pose>Unspecified</pose>
		<truncated>0</truncated>
		<difficult>0</difficult>
		<bndbox>
			<xmin>983</xmin>
			<ymin>822</ymin>
			<xmax>1033</xmax>
			<ymax>869</ymax>
		</bndbox>
	</object>
	<object>
		<name>sp21</name>
		<pose>Unspecified</pose>
		<truncated>0</truncated>
		<difficult>0</difficult>
		<bndbox>
			<xmin>449</xmin>
			<ymin>664</ymin>
			<xmax>520</xmax>
			<ymax>740</ymax>
		</bndbox>
	</object>
	<object>
		<name>sp21</name>
		<pose>Unspecified</pose>
		<truncated>0</truncated>
		<difficult>0</difficult>
		<bndbox>
			<xmin>623</xmin>
			<ymin>824</ymin>
			<xmax>695</xmax>
			<ymax>895</ymax>
		</bndbox>
	</object>
	<object>
		<name>sp21</name>
		<pose>Unspecified</pose>
		<truncated>0</truncated>
		<difficult>0</difficult>
		<bndbox>
			<xmin>718</xmin>
			<ymin>770</ymin>
			<xmax>783</xmax>
			<ymax>837</ymax>
		</bndbox>
	</object>
	<object>
		<name>sp21</name>
		<pose>Unspecified</pose>
		<truncated>0</truncated>
		<difficult>0</difficult>
		<bndbox>
			<xmin>782</xmin>
			<ymin>743</ymin>
			<xmax>845</xmax>
			<ymax>802</ymax>
		</bndbox>
	</object>
	<object>
		<name>sp21</name>
		<pose>Unspecified</pose>
		<truncated>0</truncated>
		<difficult>0</difficult>
		<bndbox>
			<xmin>797</xmin>
			<ymin>852</ymin>
			<xmax>838</xmax>
			<ymax>903</ymax>
		</bndbox>
	</object>
	<object>
		<name>sp21</name>
		<pose>Unspecified</pose>
		<truncated>0</truncated>
		<difficult>0</difficult>
		<bndbox>
			<xmin>826</xmin>
			<ymin>849</ymin>
			<xmax>872</xmax>
			<ymax>905</ymax>
		</bndbox>
	</object>
	<object>
		<name>sp21</name>
		<pose>Unspecified</pose>
		<truncated>0</truncated>
		<difficult>0</difficult>
		<bndbox>
			<xmin>720</xmin>
			<ymin>683</ymin>
			<xmax>773</xmax>
			<ymax>740</ymax>
		</bndbox>
	</object>
	<object>
		<name>sp21</name>
		<pose>Unspecified</pose>
		<truncated>0</truncated>
		<difficult>0</difficult>
		<bndbox>
			<xmin>760</xmin>
			<ymin>658</ymin>
			<xmax>814</xmax>
			<ymax>722</ymax>
		</bndbox>
	</object>
	<object>
		<name>sp21</name>
		<pose>Unspecified</pose>
		<truncated>0</truncated>
		<difficult>0</difficult>
		<bndbox>
			<xmin>787</xmin>
			<ymin>652</ymin>
			<xmax>846</xmax>
			<ymax>707</ymax>
		</bndbox>
	</object>
	<object>
		<name>sp21</name>
		<pose>Unspecified</pose>
		<truncated>0</truncated>
		<difficult>0</difficult>
		<bndbox>
			<xmin>838</xmin>
			<ymin>597</ymin>
			<xmax>900</xmax>
			<ymax>661</ymax>
		</bndbox>
	</object>
	<object>
		<name>sp21</name>
		<pose>Unspecified</pose>
		<truncated>0</truncated>
		<difficult>0</difficult>
		<bndbox>
			<xmin>892</xmin>
			<ymin>627</ymin>
			<xmax>954</xmax>
			<ymax>676</ymax>
		</bndbox>
	</object>
	<object>
		<name>sp21</name>
		<pose>Unspecified</pose>
		<truncated>0</truncated>
		<difficult>0</difficult>
		<bndbox>
			<xmin>887</xmin>
			<ymin>667</ymin>
			<xmax>952</xmax>
			<ymax>720</ymax>
		</bndbox>
	</object>
	<object>
		<name>sp21</name>
		<pose>Unspecified</pose>
		<truncated>0</truncated>
		<difficult>0</difficult>
		<bndbox>
			<xmin>1025</xmin>
			<ymin>639</ymin>
			<xmax>1086</xmax>
			<ymax>704</ymax>
		</bndbox>
	</object>
	<object>
		<name>sp21</name>
		<pose>Unspecified</pose>
		<truncated>0</truncated>
		<difficult>0</difficult>
		<bndbox>
			<xmin>1125</xmin>
			<ymin>717</ymin>
			<xmax>1186</xmax>
			<ymax>777</ymax>
		</bndbox>
	</object>
	<object>
		<name>sp21</name>
		<pose>Unspecified</pose>
		<truncated>0</truncated>
		<difficult>0</difficult>
		<bndbox>
			<xmin>1038</xmin>
			<ymin>716</ymin>
			<xmax>1097</xmax>
			<ymax>767</ymax>
		</bndbox>
	</object>
	<object>
		<name>sp21</name>
		<pose>Unspecified</pose>
		<truncated>0</truncated>
		<difficult>0</difficult>
		<bndbox>
			<xmin>1026</xmin>
			<ymin>750</ymin>
			<xmax>1086</xmax>
			<ymax>805</ymax>
		</bndbox>
	</object>
	<object>
		<name>sp21</name>
		<pose>Unspecified</pose>
		<truncated>0</truncated>
		<difficult>0</difficult>
		<bndbox>
			<xmin>1015</xmin>
			<ymin>790</ymin>
			<xmax>1065</xmax>
			<ymax>831</ymax>
		</bndbox>
	</object>
	<object>
		<name>sp21</name>
		<pose>Unspecified</pose>
		<truncated>0</truncated>
		<difficult>0</difficult>
		<bndbox>
			<xmin>1130</xmin>
			<ymin>635</ymin>
			<xmax>1179</xmax>
			<ymax>687</ymax>
		</bndbox>
	</object>
	<object>
		<name>sp21</name>
		<pose>Unspecified</pose>
		<truncated>0</truncated>
		<difficult>0</difficult>
		<bndbox>
			<xmin>1146</xmin>
			<ymin>661</ymin>
			<xmax>1211</xmax>
			<ymax>711</ymax>
		</bndbox>
	</object>
	<object>
		<name>sp21</name>
		<pose>Unspecified</pose>
		<truncated>0</truncated>
		<difficult>0</difficult>
		<bndbox>
			<xmin>1170</xmin>
			<ymin>704</ymin>
			<xmax>1230</xmax>
			<ymax>766</ymax>
		</bndbox>
	</object>
	<object>
		<name>sp21</name>
		<pose>Unspecified</pose>
		<truncated>0</truncated>
		<difficult>0</difficult>
		<bndbox>
			<xmin>1214</xmin>
			<ymin>753</ymin>
			<xmax>1274</xmax>
			<ymax>816</ymax>
		</bndbox>
	</object>
	<object>
		<name>sp21</name>
		<pose>Unspecified</pose>
		<truncated>0</truncated>
		<difficult>0</difficult>
		<bndbox>
			<xmin>929</xmin>
			<ymin>523</ymin>
			<xmax>980</xmax>
			<ymax>569</ymax>
		</bndbox>
	</object>
	<object>
		<name>sp21</name>
		<pose>Unspecified</pose>
		<truncated>0</truncated>
		<difficult>0</difficult>
		<bndbox>
			<xmin>745</xmin>
			<ymin>466</ymin>
			<xmax>811</xmax>
			<ymax>537</ymax>
		</bndbox>
	</object>
	<object>
		<name>sp21</name>
		<pose>Unspecified</pose>
		<truncated>0</truncated>
		<difficult>0</difficult>
		<bndbox>
			<xmin>961</xmin>
			<ymin>494</ymin>
			<xmax>1016</xmax>
			<ymax>560</ymax>
		</bndbox>
	</object>
	<object>
		<name>sp21</name>
		<pose>Unspecified</pose>
		<truncated>0</truncated>
		<difficult>0</difficult>
		<bndbox>
			<xmin>280</xmin>
			<ymin>406</ymin>
			<xmax>350</xmax>
			<ymax>476</ymax>
		</bndbox>
	</object>
	<object>
		<name>sp21</name>
		<pose>Unspecified</pose>
		<truncated>0</truncated>
		<difficult>0</difficult>
		<bndbox>
			<xmin>344</xmin>
			<ymin>399</ymin>
			<xmax>411</xmax>
			<ymax>457</ymax>
		</bndbox>
	</object>
	<object>
		<name>sp21</name>
		<pose>Unspecified</pose>
		<truncated>0</truncated>
		<difficult>0</difficult>
		<bndbox>
			<xmin>372</xmin>
			<ymin>444</ymin>
			<xmax>437</xmax>
			<ymax>506</ymax>
		</bndbox>
	</object>
	<object>
		<name>sp21</name>
		<pose>Unspecified</pose>
		<truncated>0</truncated>
		<difficult>0</difficult>
		<bndbox>
			<xmin>540</xmin>
			<ymin>188</ymin>
			<xmax>609</xmax>
			<ymax>266</ymax>
		</bndbox>
	</object>
	<object>
		<name>sp21</name>
		<pose>Unspecified</pose>
		<truncated>0</truncated>
		<difficult>0</difficult>
		<bndbox>
			<xmin>249</xmin>
			<ymin>1733</ymin>
			<xmax>314</xmax>
			<ymax>1806</ymax>
		</bndbox>
	</object>
	<object>
		<name>sp21</name>
		<pose>Unspecified</pose>
		<truncated>0</truncated>
		<difficult>0</difficult>
		<bndbox>
			<xmin>312</xmin>
			<ymin>1774</ymin>
			<xmax>392</xmax>
			<ymax>1849</ymax>
		</bndbox>
	</object>
	<object>
		<name>sp21</name>
		<pose>Unspecified</pose>
		<truncated>0</truncated>
		<difficult>0</difficult>
		<bndbox>
			<xmin>404</xmin>
			<ymin>1802</ymin>
			<xmax>454</xmax>
			<ymax>1849</ymax>
		</bndbox>
	</object>
	<object>
		<name>sp21</name>
		<pose>Unspecified</pose>
		<truncated>0</truncated>
		<difficult>0</difficult>
		<bndbox>
			<xmin>547</xmin>
			<ymin>1785</ymin>
			<xmax>621</xmax>
			<ymax>1865</ymax>
		</bndbox>
	</object>
	<object>
		<name>sp21</name>
		<pose>Unspecified</pose>
		<truncated>0</truncated>
		<difficult>0</difficult>
		<bndbox>
			<xmin>523</xmin>
			<ymin>1547</ymin>
			<xmax>594</xmax>
			<ymax>1619</ymax>
		</bndbox>
	</object>
	<object>
		<name>sp21</name>
		<pose>Unspecified</pose>
		<truncated>0</truncated>
		<difficult>0</difficult>
		<bndbox>
			<xmin>117</xmin>
			<ymin>1319</ymin>
			<xmax>209</xmax>
			<ymax>1403</ymax>
		</bndbox>
	</object>
	<object>
		<name>sp21</name>
		<pose>Unspecified</pose>
		<truncated>0</truncated>
		<difficult>0</difficult>
		<bndbox>
			<xmin>213</xmin>
			<ymin>1291</ymin>
			<xmax>287</xmax>
			<ymax>1355</ymax>
		</bndbox>
	</object>
	<object>
		<name>sp21</name>
		<pose>Unspecified</pose>
		<truncated>0</truncated>
		<difficult>0</difficult>
		<bndbox>
			<xmin>383</xmin>
			<ymin>1274</ymin>
			<xmax>459</xmax>
			<ymax>1349</ymax>
		</bndbox>
	</object>
	<object>
		<name>sp21</name>
		<pose>Unspecified</pose>
		<truncated>0</truncated>
		<difficult>0</difficult>
		<bndbox>
			<xmin>465</xmin>
			<ymin>1323</ymin>
			<xmax>527</xmax>
			<ymax>1390</ymax>
		</bndbox>
	</object>
	<object>
		<name>sp21</name>
		<pose>Unspecified</pose>
		<truncated>0</truncated>
		<difficult>0</difficult>
		<bndbox>
			<xmin>396</xmin>
			<ymin>1400</ymin>
			<xmax>465</xmax>
			<ymax>1472</ymax>
		</bndbox>
	</object>
	<object>
		<name>sp21</name>
		<pose>Unspecified</pose>
		<truncated>0</truncated>
		<difficult>0</difficult>
		<bndbox>
			<xmin>316</xmin>
			<ymin>1430</ymin>
			<xmax>386</xmax>
			<ymax>1496</ymax>
		</bndbox>
	</object>
	<object>
		<name>sp21</name>
		<pose>Unspecified</pose>
		<truncated>0</truncated>
		<difficult>0</difficult>
		<bndbox>
			<xmin>71</xmin>
			<ymin>1125</ymin>
			<xmax>147</xmax>
			<ymax>1199</ymax>
		</bndbox>
	</object>
	<object>
		<name>sp21</name>
		<pose>Unspecified</pose>
		<truncated>0</truncated>
		<difficult>0</difficult>
		<bndbox>
			<xmin>185</xmin>
			<ymin>1159</ymin>
			<xmax>252</xmax>
			<ymax>1236</ymax>
		</bndbox>
	</object>
	<object>
		<name>sp21</name>
		<pose>Unspecified</pose>
		<truncated>0</truncated>
		<difficult>0</difficult>
		<bndbox>
			<xmin>208</xmin>
			<ymin>1064</ymin>
			<xmax>281</xmax>
			<ymax>1142</ymax>
		</bndbox>
	</object>
	<object>
		<name>sp21</name>
		<pose>Unspecified</pose>
		<truncated>0</truncated>
		<difficult>0</difficult>
		<bndbox>
			<xmin>183</xmin>
			<ymin>917</ymin>
			<xmax>253</xmax>
			<ymax>986</ymax>
		</bndbox>
	</object>
</annotation>