<annotation>
	<folder>my-project-name</folder>
	<filename>sp21_img20.jpg</filename>
	<path>/my-project-name/sp21_img20.jpg</path>
	<source>
		<database>Unspecified</database>
	</source>
	<size>
		<width>2309</width>
		<height>2309</height>
		<depth>3</depth>
	</size>
	<object>
		<name>sp21</name>
		<pose>Unspecified</pose>
		<truncated>0</truncated>
		<difficult>0</difficult>
		<bndbox>
			<xmin>1281</xmin>
			<ymin>2095</ymin>
			<xmax>1357</xmax>
			<ymax>2174</ymax>
		</bndbox>
	</object>
	<object>
		<name>sp21</name>
		<pose>Unspecified</pose>
		<truncated>0</truncated>
		<difficult>0</difficult>
		<bndbox>
			<xmin>809</xmin>
			<ymin>1148</ymin>
			<xmax>898</xmax>
			<ymax>1227</ymax>
		</bndbox>
	</object>
	<object>
		<name>sp21</name>
		<pose>Unspecified</pose>
		<truncated>0</truncated>
		<difficult>0</difficult>
		<bndbox>
			<xmin>910</xmin>
			<ymin>1031</ymin>
			<xmax>973</xmax>
			<ymax>1110</ymax>
		</bndbox>
	</object>
	<object>
		<name>sp21</name>
		<pose>Unspecified</pose>
		<truncated>0</truncated>
		<difficult>0</difficult>
		<bndbox>
			<xmin>777</xmin>
			<ymin>952</ymin>
			<xmax>843</xmax>
			<ymax>1044</ymax>
		</bndbox>
	</object>
	<object>
		<name>sp21</name>
		<pose>Unspecified</pose>
		<truncated>0</truncated>
		<difficult>0</difficult>
		<bndbox>
			<xmin>505</xmin>
			<ymin>835</ymin>
			<xmax>587</xmax>
			<ymax>927</ymax>
		</bndbox>
	</object>
	<object>
		<name>sp21</name>
		<pose>Unspecified</pose>
		<truncated>0</truncated>
		<difficult>0</difficult>
		<bndbox>
			<xmin>160</xmin>
			<ymin>711</ymin>
			<xmax>239</xmax>
			<ymax>800</ymax>
		</bndbox>
	</object>
	<object>
		<name>sp21</name>
		<pose>Unspecified</pose>
		<truncated>0</truncated>
		<difficult>0</difficult>
		<bndbox>
			<xmin>858</xmin>
			<ymin>269</ymin>
			<xmax>923</xmax>
			<ymax>328</ymax>
		</bndbox>
	</object>
	<object>
		<name>sp21</name>
		<pose>Unspecified</pose>
		<truncated>0</truncated>
		<difficult>0</difficult>
		<bndbox>
			<xmin>1233</xmin>
			<ymin>477</ymin>
			<xmax>1296</xmax>
			<ymax>539</ymax>
		</bndbox>
	</object>
	<object>
		<name>sp21</name>
		<pose>Unspecified</pose>
		<truncated>0</truncated>
		<difficult>0</difficult>
		<bndbox>
			<xmin>1330</xmin>
			<ymin>624</ymin>
			<xmax>1388</xmax>
			<ymax>680</ymax>
		</bndbox>
	</object>
	<object>
		<name>sp21</name>
		<pose>Unspecified</pose>
		<truncated>0</truncated>
		<difficult>0</difficult>
		<bndbox>
			<xmin>1551</xmin>
			<ymin>568</ymin>
			<xmax>1605</xmax>
			<ymax>617</ymax>
		</bndbox>
	</object>
	<object>
		<name>sp21</name>
		<pose>Unspecified</pose>
		<truncated>0</truncated>
		<difficult>0</difficult>
		<bndbox>
			<xmin>1827</xmin>
			<ymin>600</ymin>
			<xmax>1888</xmax>
			<ymax>653</ymax>
		</bndbox>
	</object>
	<object>
		<name>sp21</name>
		<pose>Unspecified</pose>
		<truncated>0</truncated>
		<difficult>0</difficult>
		<bndbox>
			<xmin>1642</xmin>
			<ymin>656</ymin>
			<xmax>1694</xmax>
			<ymax>708</ymax>
		</bndbox>
	</object>
	<object>
		<name>sp21</name>
		<pose>Unspecified</pose>
		<truncated>0</truncated>
		<difficult>0</difficult>
		<bndbox>
			<xmin>1687</xmin>
			<ymin>720</ymin>
			<xmax>1740</xmax>
			<ymax>773</ymax>
		</bndbox>
	</object>
	<object>
		<name>sp21</name>
		<pose>Unspecified</pose>
		<truncated>0</truncated>
		<difficult>0</difficult>
		<bndbox>
			<xmin>1652</xmin>
			<ymin>772</ymin>
			<xmax>1704</xmax>
			<ymax>824</ymax>
		</bndbox>
	</object>
	<object>
		<name>sp21</name>
		<pose>Unspecified</pose>
		<truncated>0</truncated>
		<difficult>0</difficult>
		<bndbox>
			<xmin>1580</xmin>
			<ymin>804</ymin>
			<xmax>1643</xmax>
			<ymax>856</ymax>
		</bndbox>
	</object>
	<object>
		<name>sp21</name>
		<pose>Unspecified</pose>
		<truncated>0</truncated>
		<difficult>0</difficult>
		<bndbox>
			<xmin>1453</xmin>
			<ymin>746</ymin>
			<xmax>1515</xmax>
			<ymax>801</ymax>
		</bndbox>
	</object>
	<object>
		<name>sp21</name>
		<pose>Unspecified</pose>
		<truncated>0</truncated>
		<difficult>0</difficult>
		<bndbox>
			<xmin>1450</xmin>
			<ymin>821</ymin>
			<xmax>1506</xmax>
			<ymax>872</ymax>
		</bndbox>
	</object>
	<object>
		<name>sp21</name>
		<pose>Unspecified</pose>
		<truncated>0</truncated>
		<difficult>0</difficult>
		<bndbox>
			<xmin>1703</xmin>
			<ymin>829</ymin>
			<xmax>1751</xmax>
			<ymax>879</ymax>
		</bndbox>
	</object>
	<object>
		<name>sp21</name>
		<pose>Unspecified</pose>
		<truncated>0</truncated>
		<difficult>0</difficult>
		<bndbox>
			<xmin>1657</xmin>
			<ymin>917</ymin>
			<xmax>1703</xmax>
			<ymax>963</ymax>
		</bndbox>
	</object>
	<object>
		<name>sp21</name>
		<pose>Unspecified</pose>
		<truncated>0</truncated>
		<difficult>0</difficult>
		<bndbox>
			<xmin>1699</xmin>
			<ymin>901</ymin>
			<xmax>1742</xmax>
			<ymax>948</ymax>
		</bndbox>
	</object>
	<object>
		<name>sp21</name>
		<pose>Unspecified</pose>
		<truncated>0</truncated>
		<difficult>0</difficult>
		<bndbox>
			<xmin>1694</xmin>
			<ymin>941</ymin>
			<xmax>1738</xmax>
			<ymax>973</ymax>
		</bndbox>
	</object>
	<object>
		<name>sp21</name>
		<pose>Unspecified</pose>
		<truncated>0</truncated>
		<difficult>0</difficult>
		<bndbox>
			<xmin>1700</xmin>
			<ymin>966</ymin>
			<xmax>1743</xmax>
			<ymax>1001</ymax>
		</bndbox>
	</object>
	<object>
		<name>sp21</name>
		<pose>Unspecified</pose>
		<truncated>0</truncated>
		<difficult>0</difficult>
		<bndbox>
			<xmin>1724</xmin>
			<ymin>976</ymin>
			<xmax>1774</xmax>
			<ymax>1025</ymax>
		</bndbox>
	</object>
	<object>
		<name>sp21</name>
		<pose>Unspecified</pose>
		<truncated>0</truncated>
		<difficult>0</difficult>
		<bndbox>
			<xmin>1853</xmin>
			<ymin>991</ymin>
			<xmax>1898</xmax>
			<ymax>1042</ymax>
		</bndbox>
	</object>
	<object>
		<name>sp21</name>
		<pose>Unspecified</pose>
		<truncated>0</truncated>
		<difficult>0</difficult>
		<bndbox>
			<xmin>1895</xmin>
			<ymin>996</ymin>
			<xmax>1938</xmax>
			<ymax>1040</ymax>
		</bndbox>
	</object>
	<object>
		<name>sp21</name>
		<pose>Unspecified</pose>
		<truncated>0</truncated>
		<difficult>0</difficult>
		<bndbox>
			<xmin>1952</xmin>
			<ymin>975</ymin>
			<xmax>2002</xmax>
			<ymax>1027</ymax>
		</bndbox>
	</object>
	<object>
		<name>sp21</name>
		<pose>Unspecified</pose>
		<truncated>0</truncated>
		<difficult>0</difficult>
		<bndbox>
			<xmin>1989</xmin>
			<ymin>957</ymin>
			<xmax>2044</xmax>
			<ymax>1009</ymax>
		</bndbox>
	</object>
	<object>
		<name>sp21</name>
		<pose>Unspecified</pose>
		<truncated>0</truncated>
		<difficult>0</difficult>
		<bndbox>
			<xmin>1168</xmin>
			<ymin>819</ymin>
			<xmax>1222</xmax>
			<ymax>870</ymax>
		</bndbox>
	</object>
	<object>
		<name>sp21</name>
		<pose>Unspecified</pose>
		<truncated>0</truncated>
		<difficult>0</difficult>
		<bndbox>
			<xmin>1673</xmin>
			<ymin>1044</ymin>
			<xmax>1730</xmax>
			<ymax>1093</ymax>
		</bndbox>
	</object>
	<object>
		<name>sp21</name>
		<pose>Unspecified</pose>
		<truncated>0</truncated>
		<difficult>0</difficult>
		<bndbox>
			<xmin>1630</xmin>
			<ymin>1119</ymin>
			<xmax>1681</xmax>
			<ymax>1169</ymax>
		</bndbox>
	</object>
	<object>
		<name>sp21</name>
		<pose>Unspecified</pose>
		<truncated>0</truncated>
		<difficult>0</difficult>
		<bndbox>
			<xmin>1580</xmin>
			<ymin>1162</ymin>
			<xmax>1635</xmax>
			<ymax>1216</ymax>
		</bndbox>
	</object>
	<object>
		<name>sp21</name>
		<pose>Unspecified</pose>
		<truncated>0</truncated>
		<difficult>0</difficult>
		<bndbox>
			<xmin>1374</xmin>
			<ymin>978</ymin>
			<xmax>1426</xmax>
			<ymax>1027</ymax>
		</bndbox>
	</object>
	<object>
		<name>sp21</name>
		<pose>Unspecified</pose>
		<truncated>0</truncated>
		<difficult>0</difficult>
		<bndbox>
			<xmin>1439</xmin>
			<ymin>1007</ymin>
			<xmax>1489</xmax>
			<ymax>1058</ymax>
		</bndbox>
	</object>
	<object>
		<name>sp21</name>
		<pose>Unspecified</pose>
		<truncated>0</truncated>
		<difficult>0</difficult>
		<bndbox>
			<xmin>1465</xmin>
			<ymin>1056</ymin>
			<xmax>1513</xmax>
			<ymax>1098</ymax>
		</bndbox>
	</object>
	<object>
		<name>sp21</name>
		<pose>Unspecified</pose>
		<truncated>0</truncated>
		<difficult>0</difficult>
		<bndbox>
			<xmin>1448</xmin>
			<ymin>1092</ymin>
			<xmax>1497</xmax>
			<ymax>1139</ymax>
		</bndbox>
	</object>
	<object>
		<name>sp21</name>
		<pose>Unspecified</pose>
		<truncated>0</truncated>
		<difficult>0</difficult>
		<bndbox>
			<xmin>1368</xmin>
			<ymin>1110</ymin>
			<xmax>1406</xmax>
			<ymax>1149</ymax>
		</bndbox>
	</object>
	<object>
		<name>sp21</name>
		<pose>Unspecified</pose>
		<truncated>0</truncated>
		<difficult>0</difficult>
		<bndbox>
			<xmin>1329</xmin>
			<ymin>1047</ymin>
			<xmax>1371</xmax>
			<ymax>1089</ymax>
		</bndbox>
	</object>
	<object>
		<name>sp21</name>
		<pose>Unspecified</pose>
		<truncated>0</truncated>
		<difficult>0</difficult>
		<bndbox>
			<xmin>1299</xmin>
			<ymin>1060</ymin>
			<xmax>1340</xmax>
			<ymax>1098</ymax>
		</bndbox>
	</object>
	<object>
		<name>sp21</name>
		<pose>Unspecified</pose>
		<truncated>0</truncated>
		<difficult>0</difficult>
		<bndbox>
			<xmin>1248</xmin>
			<ymin>1040</ymin>
			<xmax>1298</xmax>
			<ymax>1090</ymax>
		</bndbox>
	</object>
	<object>
		<name>sp21</name>
		<pose>Unspecified</pose>
		<truncated>0</truncated>
		<difficult>0</difficult>
		<bndbox>
			<xmin>1309</xmin>
			<ymin>1101</ymin>
			<xmax>1352</xmax>
			<ymax>1146</ymax>
		</bndbox>
	</object>
	<object>
		<name>sp21</name>
		<pose>Unspecified</pose>
		<truncated>0</truncated>
		<difficult>0</difficult>
		<bndbox>
			<xmin>1286</xmin>
			<ymin>1171</ymin>
			<xmax>1335</xmax>
			<ymax>1218</ymax>
		</bndbox>
	</object>
	<object>
		<name>sp21</name>
		<pose>Unspecified</pose>
		<truncated>0</truncated>
		<difficult>0</difficult>
		<bndbox>
			<xmin>1244</xmin>
			<ymin>1168</ymin>
			<xmax>1290</xmax>
			<ymax>1213</ymax>
		</bndbox>
	</object>
	<object>
		<name>sp21</name>
		<pose>Unspecified</pose>
		<truncated>0</truncated>
		<difficult>0</difficult>
		<bndbox>
			<xmin>1123</xmin>
			<ymin>1220</ymin>
			<xmax>1174</xmax>
			<ymax>1267</ymax>
		</bndbox>
	</object>
	<object>
		<name>sp21</name>
		<pose>Unspecified</pose>
		<truncated>0</truncated>
		<difficult>0</difficult>
		<bndbox>
			<xmin>1132</xmin>
			<ymin>1044</ymin>
			<xmax>1179</xmax>
			<ymax>1091</ymax>
		</bndbox>
	</object>
	<object>
		<name>sp21</name>
		<pose>Unspecified</pose>
		<truncated>0</truncated>
		<difficult>0</difficult>
		<bndbox>
			<xmin>1412</xmin>
			<ymin>1220</ymin>
			<xmax>1465</xmax>
			<ymax>1272</ymax>
		</bndbox>
	</object>
	<object>
		<name>sp21</name>
		<pose>Unspecified</pose>
		<truncated>0</truncated>
		<difficult>0</difficult>
		<bndbox>
			<xmin>1356</xmin>
			<ymin>1261</ymin>
			<xmax>1406</xmax>
			<ymax>1310</ymax>
		</bndbox>
	</object>
	<object>
		<name>sp21</name>
		<pose>Unspecified</pose>
		<truncated>0</truncated>
		<difficult>0</difficult>
		<bndbox>
			<xmin>1299</xmin>
			<ymin>1272</ymin>
			<xmax>1351</xmax>
			<ymax>1326</ymax>
		</bndbox>
	</object>
	<object>
		<name>sp21</name>
		<pose>Unspecified</pose>
		<truncated>0</truncated>
		<difficult>0</difficult>
		<bndbox>
			<xmin>1057</xmin>
			<ymin>990</ymin>
			<xmax>1103</xmax>
			<ymax>1032</ymax>
		</bndbox>
	</object>
	<object>
		<name>sp21</name>
		<pose>Unspecified</pose>
		<truncated>0</truncated>
		<difficult>0</difficult>
		<bndbox>
			<xmin>1020</xmin>
			<ymin>989</ymin>
			<xmax>1068</xmax>
			<ymax>1033</ymax>
		</bndbox>
	</object>
	<object>
		<name>sp21</name>
		<pose>Unspecified</pose>
		<truncated>0</truncated>
		<difficult>0</difficult>
		<bndbox>
			<xmin>1033</xmin>
			<ymin>932</ymin>
			<xmax>1090</xmax>
			<ymax>975</ymax>
		</bndbox>
	</object>
	<object>
		<name>sp21</name>
		<pose>Unspecified</pose>
		<truncated>0</truncated>
		<difficult>0</difficult>
		<bndbox>
			<xmin>946</xmin>
			<ymin>878</ymin>
			<xmax>1001</xmax>
			<ymax>928</ymax>
		</bndbox>
	</object>
	<object>
		<name>sp21</name>
		<pose>Unspecified</pose>
		<truncated>0</truncated>
		<difficult>0</difficult>
		<bndbox>
			<xmin>1499</xmin>
			<ymin>1320</ymin>
			<xmax>1551</xmax>
			<ymax>1371</ymax>
		</bndbox>
	</object>
	<object>
		<name>sp21</name>
		<pose>Unspecified</pose>
		<truncated>0</truncated>
		<difficult>0</difficult>
		<bndbox>
			<xmin>1467</xmin>
			<ymin>1374</ymin>
			<xmax>1530</xmax>
			<ymax>1429</ymax>
		</bndbox>
	</object>
	<object>
		<name>sp21</name>
		<pose>Unspecified</pose>
		<truncated>0</truncated>
		<difficult>0</difficult>
		<bndbox>
			<xmin>1920</xmin>
			<ymin>1337</ymin>
			<xmax>1980</xmax>
			<ymax>1391</ymax>
		</bndbox>
	</object>
	<object>
		<name>sp21</name>
		<pose>Unspecified</pose>
		<truncated>0</truncated>
		<difficult>0</difficult>
		<bndbox>
			<xmin>2016</xmin>
			<ymin>1346</ymin>
			<xmax>2076</xmax>
			<ymax>1407</ymax>
		</bndbox>
	</object>
	<object>
		<name>sp21</name>
		<pose>Unspecified</pose>
		<truncated>0</truncated>
		<difficult>0</difficult>
		<bndbox>
			<xmin>1944</xmin>
			<ymin>1500</ymin>
			<xmax>2005</xmax>
			<ymax>1558</ymax>
		</bndbox>
	</object>
	<object>
		<name>sp21</name>
		<pose>Unspecified</pose>
		<truncated>0</truncated>
		<difficult>0</difficult>
		<bndbox>
			<xmin>1891</xmin>
			<ymin>1579</ymin>
			<xmax>1960</xmax>
			<ymax>1643</ymax>
		</bndbox>
	</object>
	<object>
		<name>sp21</name>
		<pose>Unspecified</pose>
		<truncated>0</truncated>
		<difficult>0</difficult>
		<bndbox>
			<xmin>1266</xmin>
			<ymin>1503</ymin>
			<xmax>1326</xmax>
			<ymax>1560</ymax>
		</bndbox>
	</object>
	<object>
		<name>sp21</name>
		<pose>Unspecified</pose>
		<truncated>0</truncated>
		<difficult>0</difficult>
		<bndbox>
			<xmin>1286</xmin>
			<ymin>1570</ymin>
			<xmax>1350</xmax>
			<ymax>1623</ymax>
		</bndbox>
	</object>
	<object>
		<name>sp21</name>
		<pose>Unspecified</pose>
		<truncated>0</truncated>
		<difficult>0</difficult>
		<bndbox>
			<xmin>1290</xmin>
			<ymin>1729</ymin>
			<xmax>1354</xmax>
			<ymax>1781</ymax>
		</bndbox>
	</object>
	<object>
		<name>sp21</name>
		<pose>Unspecified</pose>
		<truncated>0</truncated>
		<difficult>0</difficult>
		<bndbox>
			<xmin>1869</xmin>
			<ymin>1898</ymin>
			<xmax>1928</xmax>
			<ymax>1961</ymax>
		</bndbox>
	</object>
	<object>
		<name>sp21</name>
		<pose>Unspecified</pose>
		<truncated>0</truncated>
		<difficult>0</difficult>
		<bndbox>
			<xmin>760</xmin>
			<ymin>1294</ymin>
			<xmax>819</xmax>
			<ymax>1340</ymax>
		</bndbox>
	</object>
	<object>
		<name>sp21</name>
		<pose>Unspecified</pose>
		<truncated>0</truncated>
		<difficult>0</difficult>
		<bndbox>
			<xmin>736</xmin>
			<ymin>1338</ymin>
			<xmax>797</xmax>
			<ymax>1380</ymax>
		</bndbox>
	</object>
	<object>
		<name>sp21</name>
		<pose>Unspecified</pose>
		<truncated>0</truncated>
		<difficult>0</difficult>
		<bndbox>
			<xmin>797</xmin>
			<ymin>1335</ymin>
			<xmax>837</xmax>
			<ymax>1378</ymax>
		</bndbox>
	</object>
	<object>
		<name>sp21</name>
		<pose>Unspecified</pose>
		<truncated>0</truncated>
		<difficult>0</difficult>
		<bndbox>
			<xmin>823</xmin>
			<ymin>1332</ymin>
			<xmax>863</xmax>
			<ymax>1377</ymax>
		</bndbox>
	</object>
	<object>
		<name>sp21</name>
		<pose>Unspecified</pose>
		<truncated>0</truncated>
		<difficult>0</difficult>
		<bndbox>
			<xmin>866</xmin>
			<ymin>1320</ymin>
			<xmax>915</xmax>
			<ymax>1368</ymax>
		</bndbox>
	</object>
	<object>
		<name>sp21</name>
		<pose>Unspecified</pose>
		<truncated>0</truncated>
		<difficult>0</difficult>
		<bndbox>
			<xmin>876</xmin>
			<ymin>1391</ymin>
			<xmax>936</xmax>
			<ymax>1438</ymax>
		</bndbox>
	</object>
	<object>
		<name>sp21</name>
		<pose>Unspecified</pose>
		<truncated>0</truncated>
		<difficult>0</difficult>
		<bndbox>
			<xmin>1010</xmin>
			<ymin>1325</ymin>
			<xmax>1056</xmax>
			<ymax>1363</ymax>
		</bndbox>
	</object>
	<object>
		<name>sp21</name>
		<pose>Unspecified</pose>
		<truncated>0</truncated>
		<difficult>0</difficult>
		<bndbox>
			<xmin>1013</xmin>
			<ymin>1357</ymin>
			<xmax>1057</xmax>
			<ymax>1394</ymax>
		</bndbox>
	</object>
	<object>
		<name>sp21</name>
		<pose>Unspecified</pose>
		<truncated>0</truncated>
		<difficult>0</difficult>
		<bndbox>
			<xmin>1145</xmin>
			<ymin>1415</ymin>
			<xmax>1203</xmax>
			<ymax>1471</ymax>
		</bndbox>
	</object>
	<object>
		<name>sp21</name>
		<pose>Unspecified</pose>
		<truncated>0</truncated>
		<difficult>0</difficult>
		<bndbox>
			<xmin>1121</xmin>
			<ymin>1597</ymin>
			<xmax>1180</xmax>
			<ymax>1647</ymax>
		</bndbox>
	</object>
	<object>
		<name>sp21</name>
		<pose>Unspecified</pose>
		<truncated>0</truncated>
		<difficult>0</difficult>
		<bndbox>
			<xmin>647</xmin>
			<ymin>1507</ymin>
			<xmax>707</xmax>
			<ymax>1559</ymax>
		</bndbox>
	</object>
	<object>
		<name>sp21</name>
		<pose>Unspecified</pose>
		<truncated>0</truncated>
		<difficult>0</difficult>
		<bndbox>
			<xmin>705</xmin>
			<ymin>1591</ymin>
			<xmax>760</xmax>
			<ymax>1647</ymax>
		</bndbox>
	</object>
	<object>
		<name>sp21</name>
		<pose>Unspecified</pose>
		<truncated>0</truncated>
		<difficult>0</difficult>
		<bndbox>
			<xmin>987</xmin>
			<ymin>1702</ymin>
			<xmax>1048</xmax>
			<ymax>1762</ymax>
		</bndbox>
	</object>
	<object>
		<name>sp21</name>
		<pose>Unspecified</pose>
		<truncated>0</truncated>
		<difficult>0</difficult>
		<bndbox>
			<xmin>463</xmin>
			<ymin>1597</ymin>
			<xmax>520</xmax>
			<ymax>1647</ymax>
		</bndbox>
	</object>
	<object>
		<name>sp21</name>
		<pose>Unspecified</pose>
		<truncated>0</truncated>
		<difficult>0</difficult>
		<bndbox>
			<xmin>555</xmin>
			<ymin>1710</ymin>
			<xmax>615</xmax>
			<ymax>1762</ymax>
		</bndbox>
	</object>
	<object>
		<name>sp21</name>
		<pose>Unspecified</pose>
		<truncated>0</truncated>
		<difficult>0</difficult>
		<bndbox>
			<xmin>665</xmin>
			<ymin>1710</ymin>
			<xmax>720</xmax>
			<ymax>1761</ymax>
		</bndbox>
	</object>
	<object>
		<name>sp21</name>
		<pose>Unspecified</pose>
		<truncated>0</truncated>
		<difficult>0</difficult>
		<bndbox>
			<xmin>325</xmin>
			<ymin>1720</ymin>
			<xmax>381</xmax>
			<ymax>1780</ymax>
		</bndbox>
	</object>
	<object>
		<name>sp21</name>
		<pose>Unspecified</pose>
		<truncated>0</truncated>
		<difficult>0</difficult>
		<bndbox>
			<xmin>388</xmin>
			<ymin>1764</ymin>
			<xmax>444</xmax>
			<ymax>1815</ymax>
		</bndbox>
	</object>
	<object>
		<name>sp21</name>
		<pose>Unspecified</pose>
		<truncated>0</truncated>
		<difficult>0</difficult>
		<bndbox>
			<xmin>465</xmin>
			<ymin>1795</ymin>
			<xmax>516</xmax>
			<ymax>1846</ymax>
		</bndbox>
	</object>
	<object>
		<name>sp21</name>
		<pose>Unspecified</pose>
		<truncated>0</truncated>
		<difficult>0</difficult>
		<bndbox>
			<xmin>534</xmin>
			<ymin>1872</ymin>
			<xmax>591</xmax>
			<ymax>1920</ymax>
		</bndbox>
	</object>
	<object>
		<name>sp21</name>
		<pose>Unspecified</pose>
		<truncated>0</truncated>
		<difficult>0</difficult>
		<bndbox>
			<xmin>551</xmin>
			<ymin>1913</ymin>
			<xmax>609</xmax>
			<ymax>1967</ymax>
		</bndbox>
	</object>
	<object>
		<name>sp21</name>
		<pose>Unspecified</pose>
		<truncated>0</truncated>
		<difficult>0</difficult>
		<bndbox>
			<xmin>359</xmin>
			<ymin>900</ymin>
			<xmax>412</xmax>
			<ymax>958</ymax>
		</bndbox>
	</object>
	<object>
		<name>sp21</name>
		<pose>Unspecified</pose>
		<truncated>0</truncated>
		<difficult>0</difficult>
		<bndbox>
			<xmin>744</xmin>
			<ymin>754</ymin>
			<xmax>799</xmax>
			<ymax>815</ymax>
		</bndbox>
	</object>
	<object>
		<name>sp21</name>
		<pose>Unspecified</pose>
		<truncated>0</truncated>
		<difficult>0</difficult>
		<bndbox>
			<xmin>841</xmin>
			<ymin>676</ymin>
			<xmax>893</xmax>
			<ymax>725</ymax>
		</bndbox>
	</object>
	<object>
		<name>sp21</name>
		<pose>Unspecified</pose>
		<truncated>0</truncated>
		<difficult>0</difficult>
		<bndbox>
			<xmin>877</xmin>
			<ymin>695</ymin>
			<xmax>929</xmax>
			<ymax>748</ymax>
		</bndbox>
	</object>
	<object>
		<name>sp21</name>
		<pose>Unspecified</pose>
		<truncated>0</truncated>
		<difficult>0</difficult>
		<bndbox>
			<xmin>905</xmin>
			<ymin>755</ymin>
			<xmax>957</xmax>
			<ymax>799</ymax>
		</bndbox>
	</object>
	<object>
		<name>sp21</name>
		<pose>Unspecified</pose>
		<truncated>0</truncated>
		<difficult>0</difficult>
		<bndbox>
			<xmin>889</xmin>
			<ymin>788</ymin>
			<xmax>950</xmax>
			<ymax>832</ymax>
		</bndbox>
	</object>
	<object>
		<name>sp21</name>
		<pose>Unspecified</pose>
		<truncated>0</truncated>
		<difficult>0</difficult>
		<bndbox>
			<xmin>1138</xmin>
			<ymin>832</ymin>
			<xmax>1192</xmax>
			<ymax>890</ymax>
		</bndbox>
	</object>
	<object>
		<name>sp21</name>
		<pose>Unspecified</pose>
		<truncated>0</truncated>
		<difficult>0</difficult>
		<bndbox>
			<xmin>2108</xmin>
			<ymin>1078</ymin>
			<xmax>2172</xmax>
			<ymax>1133</ymax>
		</bndbox>
	</object>
	<object>
		<name>sp21</name>
		<pose>Unspecified</pose>
		<truncated>0</truncated>
		<difficult>0</difficult>
		<bndbox>
			<xmin>2179</xmin>
			<ymin>1055</ymin>
			<xmax>2240</xmax>
			<ymax>1109</ymax>
		</bndbox>
	</object>
</annotation>