<annotation>
	<folder>my-project-name</folder>
	<filename>sp22_img06.jpg</filename>
	<path>/my-project-name/sp22_img06.jpg</path>
	<source>
		<database>Unspecified</database>
	</source>
	<size>
		<width>2400</width>
		<height>2399</height>
		<depth>3</depth>
	</size>
	<object>
		<name>sp22</name>
		<pose>Unspecified</pose>
		<truncated>0</truncated>
		<difficult>0</difficult>
		<bndbox>
			<xmin>396</xmin>
			<ymin>1870</ymin>
			<xmax>484</xmax>
			<ymax>1951</ymax>
		</bndbox>
	</object>
	<object>
		<name>sp22</name>
		<pose>Unspecified</pose>
		<truncated>0</truncated>
		<difficult>0</difficult>
		<bndbox>
			<xmin>549</xmin>
			<ymin>1788</ymin>
			<xmax>613</xmax>
			<ymax>1873</ymax>
		</bndbox>
	</object>
	<object>
		<name>sp22</name>
		<pose>Unspecified</pose>
		<truncated>0</truncated>
		<difficult>0</difficult>
		<bndbox>
			<xmin>769</xmin>
			<ymin>1737</ymin>
			<xmax>833</xmax>
			<ymax>1815</ymax>
		</bndbox>
	</object>
	<object>
		<name>sp22</name>
		<pose>Unspecified</pose>
		<truncated>0</truncated>
		<difficult>0</difficult>
		<bndbox>
			<xmin>769</xmin>
			<ymin>2195</ymin>
			<xmax>823</xmax>
			<ymax>2263</ymax>
		</bndbox>
	</object>
	<object>
		<name>sp22</name>
		<pose>Unspecified</pose>
		<truncated>0</truncated>
		<difficult>0</difficult>
		<bndbox>
			<xmin>969</xmin>
			<ymin>1829</ymin>
			<xmax>1030</xmax>
			<ymax>1921</ymax>
		</bndbox>
	</object>
	<object>
		<name>sp22</name>
		<pose>Unspecified</pose>
		<truncated>0</truncated>
		<difficult>0</difficult>
		<bndbox>
			<xmin>844</xmin>
			<ymin>1683</ymin>
			<xmax>905</xmax>
			<ymax>1771</ymax>
		</bndbox>
	</object>
	<object>
		<name>sp22</name>
		<pose>Unspecified</pose>
		<truncated>0</truncated>
		<difficult>0</difficult>
		<bndbox>
			<xmin>922</xmin>
			<ymin>1605</ymin>
			<xmax>997</xmax>
			<ymax>1690</ymax>
		</bndbox>
	</object>
	<object>
		<name>sp22</name>
		<pose>Unspecified</pose>
		<truncated>0</truncated>
		<difficult>0</difficult>
		<bndbox>
			<xmin>644</xmin>
			<ymin>1486</ymin>
			<xmax>736</xmax>
			<ymax>1608</ymax>
		</bndbox>
	</object>
	<object>
		<name>sp22</name>
		<pose>Unspecified</pose>
		<truncated>0</truncated>
		<difficult>0</difficult>
		<bndbox>
			<xmin>358</xmin>
			<ymin>1537</ymin>
			<xmax>443</xmax>
			<ymax>1612</ymax>
		</bndbox>
	</object>
	<object>
		<name>sp22</name>
		<pose>Unspecified</pose>
		<truncated>0</truncated>
		<difficult>0</difficult>
		<bndbox>
			<xmin>358</xmin>
			<ymin>1615</ymin>
			<xmax>439</xmax>
			<ymax>1686</ymax>
		</bndbox>
	</object>
	<object>
		<name>sp22</name>
		<pose>Unspecified</pose>
		<truncated>0</truncated>
		<difficult>0</difficult>
		<bndbox>
			<xmin>233</xmin>
			<ymin>1585</ymin>
			<xmax>287</xmax>
			<ymax>1643</ymax>
		</bndbox>
	</object>
	<object>
		<name>sp22</name>
		<pose>Unspecified</pose>
		<truncated>0</truncated>
		<difficult>0</difficult>
		<bndbox>
			<xmin>155</xmin>
			<ymin>1778</ymin>
			<xmax>203</xmax>
			<ymax>1836</ymax>
		</bndbox>
	</object>
	<object>
		<name>sp22</name>
		<pose>Unspecified</pose>
		<truncated>0</truncated>
		<difficult>0</difficult>
		<bndbox>
			<xmin>263</xmin>
			<ymin>1462</ymin>
			<xmax>327</xmax>
			<ymax>1554</ymax>
		</bndbox>
	</object>
	<object>
		<name>sp22</name>
		<pose>Unspecified</pose>
		<truncated>0</truncated>
		<difficult>0</difficult>
		<bndbox>
			<xmin>308</xmin>
			<ymin>1337</ymin>
			<xmax>386</xmax>
			<ymax>1412</ymax>
		</bndbox>
	</object>
	<object>
		<name>sp22</name>
		<pose>Unspecified</pose>
		<truncated>0</truncated>
		<difficult>0</difficult>
		<bndbox>
			<xmin>362</xmin>
			<ymin>1127</ymin>
			<xmax>443</xmax>
			<ymax>1236</ymax>
		</bndbox>
	</object>
	<object>
		<name>sp22</name>
		<pose>Unspecified</pose>
		<truncated>0</truncated>
		<difficult>0</difficult>
		<bndbox>
			<xmin>277</xmin>
			<ymin>1018</ymin>
			<xmax>372</xmax>
			<ymax>1127</ymax>
		</bndbox>
	</object>
	<object>
		<name>sp22</name>
		<pose>Unspecified</pose>
		<truncated>0</truncated>
		<difficult>0</difficult>
		<bndbox>
			<xmin>145</xmin>
			<ymin>1015</ymin>
			<xmax>223</xmax>
			<ymax>1083</ymax>
		</bndbox>
	</object>
	<object>
		<name>sp22</name>
		<pose>Unspecified</pose>
		<truncated>0</truncated>
		<difficult>0</difficult>
		<bndbox>
			<xmin>131</xmin>
			<ymin>957</ymin>
			<xmax>216</xmax>
			<ymax>1018</ymax>
		</bndbox>
	</object>
	<object>
		<name>sp22</name>
		<pose>Unspecified</pose>
		<truncated>0</truncated>
		<difficult>0</difficult>
		<bndbox>
			<xmin>84</xmin>
			<ymin>784</ymin>
			<xmax>155</xmax>
			<ymax>845</ymax>
		</bndbox>
	</object>
	<object>
		<name>sp22</name>
		<pose>Unspecified</pose>
		<truncated>0</truncated>
		<difficult>0</difficult>
		<bndbox>
			<xmin>111</xmin>
			<ymin>648</ymin>
			<xmax>226</xmax>
			<ymax>743</ymax>
		</bndbox>
	</object>
	<object>
		<name>sp22</name>
		<pose>Unspecified</pose>
		<truncated>0</truncated>
		<difficult>0</difficult>
		<bndbox>
			<xmin>525</xmin>
			<ymin>461</ymin>
			<xmax>593</xmax>
			<ymax>580</ymax>
		</bndbox>
	</object>
	<object>
		<name>sp22</name>
		<pose>Unspecified</pose>
		<truncated>0</truncated>
		<difficult>0</difficult>
		<bndbox>
			<xmin>650</xmin>
			<ymin>458</ymin>
			<xmax>728</xmax>
			<ymax>550</ymax>
		</bndbox>
	</object>
	<object>
		<name>sp22</name>
		<pose>Unspecified</pose>
		<truncated>0</truncated>
		<difficult>0</difficult>
		<bndbox>
			<xmin>759</xmin>
			<ymin>363</ymin>
			<xmax>864</xmax>
			<ymax>475</ymax>
		</bndbox>
	</object>
	<object>
		<name>sp22</name>
		<pose>Unspecified</pose>
		<truncated>0</truncated>
		<difficult>0</difficult>
		<bndbox>
			<xmin>650</xmin>
			<ymin>210</ymin>
			<xmax>731</xmax>
			<ymax>312</ymax>
		</bndbox>
	</object>
	<object>
		<name>sp22</name>
		<pose>Unspecified</pose>
		<truncated>0</truncated>
		<difficult>0</difficult>
		<bndbox>
			<xmin>732</xmin>
			<ymin>98</ymin>
			<xmax>827</xmax>
			<ymax>193</ymax>
		</bndbox>
	</object>
	<object>
		<name>sp22</name>
		<pose>Unspecified</pose>
		<truncated>0</truncated>
		<difficult>0</difficult>
		<bndbox>
			<xmin>915</xmin>
			<ymin>0</ymin>
			<xmax>983</xmax>
			<ymax>58</ymax>
		</bndbox>
	</object>
	<object>
		<name>sp22</name>
		<pose>Unspecified</pose>
		<truncated>0</truncated>
		<difficult>0</difficult>
		<bndbox>
			<xmin>976</xmin>
			<ymin>0</ymin>
			<xmax>1037</xmax>
			<ymax>54</ymax>
		</bndbox>
	</object>
	<object>
		<name>sp22</name>
		<pose>Unspecified</pose>
		<truncated>0</truncated>
		<difficult>0</difficult>
		<bndbox>
			<xmin>1088</xmin>
			<ymin>10</ymin>
			<xmax>1122</xmax>
			<ymax>47</ymax>
		</bndbox>
	</object>
	<object>
		<name>sp22</name>
		<pose>Unspecified</pose>
		<truncated>0</truncated>
		<difficult>0</difficult>
		<bndbox>
			<xmin>1112</xmin>
			<ymin>85</ymin>
			<xmax>1193</xmax>
			<ymax>166</ymax>
		</bndbox>
	</object>
	<object>
		<name>sp22</name>
		<pose>Unspecified</pose>
		<truncated>0</truncated>
		<difficult>0</difficult>
		<bndbox>
			<xmin>1261</xmin>
			<ymin>143</ymin>
			<xmax>1359</xmax>
			<ymax>235</ymax>
		</bndbox>
	</object>
	<object>
		<name>sp22</name>
		<pose>Unspecified</pose>
		<truncated>0</truncated>
		<difficult>0</difficult>
		<bndbox>
			<xmin>1041</xmin>
			<ymin>299</ymin>
			<xmax>1112</xmax>
			<ymax>377</ymax>
		</bndbox>
	</object>
	<object>
		<name>sp22</name>
		<pose>Unspecified</pose>
		<truncated>0</truncated>
		<difficult>0</difficult>
		<bndbox>
			<xmin>1071</xmin>
			<ymin>373</ymin>
			<xmax>1132</xmax>
			<ymax>434</ymax>
		</bndbox>
	</object>
	<object>
		<name>sp22</name>
		<pose>Unspecified</pose>
		<truncated>0</truncated>
		<difficult>0</difficult>
		<bndbox>
			<xmin>1149</xmin>
			<ymin>336</ymin>
			<xmax>1213</xmax>
			<ymax>434</ymax>
		</bndbox>
	</object>
	<object>
		<name>sp22</name>
		<pose>Unspecified</pose>
		<truncated>0</truncated>
		<difficult>0</difficult>
		<bndbox>
			<xmin>891</xmin>
			<ymin>519</ymin>
			<xmax>942</xmax>
			<ymax>560</ymax>
		</bndbox>
	</object>
	<object>
		<name>sp22</name>
		<pose>Unspecified</pose>
		<truncated>0</truncated>
		<difficult>0</difficult>
		<bndbox>
			<xmin>1010</xmin>
			<ymin>509</ymin>
			<xmax>1081</xmax>
			<ymax>601</ymax>
		</bndbox>
	</object>
	<object>
		<name>sp22</name>
		<pose>Unspecified</pose>
		<truncated>0</truncated>
		<difficult>0</difficult>
		<bndbox>
			<xmin>1492</xmin>
			<ymin>502</ymin>
			<xmax>1577</xmax>
			<ymax>570</ymax>
		</bndbox>
	</object>
	<object>
		<name>sp22</name>
		<pose>Unspecified</pose>
		<truncated>0</truncated>
		<difficult>0</difficult>
		<bndbox>
			<xmin>1203</xmin>
			<ymin>709</ymin>
			<xmax>1305</xmax>
			<ymax>804</ymax>
		</bndbox>
	</object>
	<object>
		<name>sp22</name>
		<pose>Unspecified</pose>
		<truncated>0</truncated>
		<difficult>0</difficult>
		<bndbox>
			<xmin>990</xmin>
			<ymin>699</ymin>
			<xmax>1099</xmax>
			<ymax>797</ymax>
		</bndbox>
	</object>
	<object>
		<name>sp22</name>
		<pose>Unspecified</pose>
		<truncated>0</truncated>
		<difficult>0</difficult>
		<bndbox>
			<xmin>884</xmin>
			<ymin>730</ymin>
			<xmax>969</xmax>
			<ymax>828</ymax>
		</bndbox>
	</object>
	<object>
		<name>sp22</name>
		<pose>Unspecified</pose>
		<truncated>0</truncated>
		<difficult>0</difficult>
		<bndbox>
			<xmin>725</xmin>
			<ymin>740</ymin>
			<xmax>820</xmax>
			<ymax>815</ymax>
		</bndbox>
	</object>
	<object>
		<name>sp22</name>
		<pose>Unspecified</pose>
		<truncated>0</truncated>
		<difficult>0</difficult>
		<bndbox>
			<xmin>732</xmin>
			<ymin>825</ymin>
			<xmax>810</xmax>
			<ymax>910</ymax>
		</bndbox>
	</object>
	<object>
		<name>sp22</name>
		<pose>Unspecified</pose>
		<truncated>0</truncated>
		<difficult>0</difficult>
		<bndbox>
			<xmin>664</xmin>
			<ymin>967</ymin>
			<xmax>732</xmax>
			<ymax>1042</ymax>
		</bndbox>
	</object>
	<object>
		<name>sp22</name>
		<pose>Unspecified</pose>
		<truncated>0</truncated>
		<difficult>0</difficult>
		<bndbox>
			<xmin>705</xmin>
			<ymin>882</ymin>
			<xmax>773</xmax>
			<ymax>946</ymax>
		</bndbox>
	</object>
	<object>
		<name>sp22</name>
		<pose>Unspecified</pose>
		<truncated>0</truncated>
		<difficult>0</difficult>
		<bndbox>
			<xmin>732</xmin>
			<ymin>1011</ymin>
			<xmax>810</xmax>
			<ymax>1092</ymax>
		</bndbox>
	</object>
	<object>
		<name>sp22</name>
		<pose>Unspecified</pose>
		<truncated>0</truncated>
		<difficult>0</difficult>
		<bndbox>
			<xmin>813</xmin>
			<ymin>1191</ymin>
			<xmax>861</xmax>
			<ymax>1235</ymax>
		</bndbox>
	</object>
	<object>
		<name>sp22</name>
		<pose>Unspecified</pose>
		<truncated>0</truncated>
		<difficult>0</difficult>
		<bndbox>
			<xmin>647</xmin>
			<ymin>1225</ymin>
			<xmax>732</xmax>
			<ymax>1303</ymax>
		</bndbox>
	</object>
	<object>
		<name>sp22</name>
		<pose>Unspecified</pose>
		<truncated>0</truncated>
		<difficult>0</difficult>
		<bndbox>
			<xmin>728</xmin>
			<ymin>1306</ymin>
			<xmax>809</xmax>
			<ymax>1370</ymax>
		</bndbox>
	</object>
	<object>
		<name>sp22</name>
		<pose>Unspecified</pose>
		<truncated>0</truncated>
		<difficult>0</difficult>
		<bndbox>
			<xmin>715</xmin>
			<ymin>1378</ymin>
			<xmax>817</xmax>
			<ymax>1449</ymax>
		</bndbox>
	</object>
	<object>
		<name>sp22</name>
		<pose>Unspecified</pose>
		<truncated>0</truncated>
		<difficult>0</difficult>
		<bndbox>
			<xmin>905</xmin>
			<ymin>1340</ymin>
			<xmax>980</xmax>
			<ymax>1381</ymax>
		</bndbox>
	</object>
	<object>
		<name>sp22</name>
		<pose>Unspecified</pose>
		<truncated>0</truncated>
		<difficult>0</difficult>
		<bndbox>
			<xmin>891</xmin>
			<ymin>1242</ymin>
			<xmax>1013</xmax>
			<ymax>1310</ymax>
		</bndbox>
	</object>
	<object>
		<name>sp22</name>
		<pose>Unspecified</pose>
		<truncated>0</truncated>
		<difficult>0</difficult>
		<bndbox>
			<xmin>912</xmin>
			<ymin>1191</ymin>
			<xmax>1000</xmax>
			<ymax>1245</ymax>
		</bndbox>
	</object>
	<object>
		<name>sp22</name>
		<pose>Unspecified</pose>
		<truncated>0</truncated>
		<difficult>0</difficult>
		<bndbox>
			<xmin>1027</xmin>
			<ymin>1710</ymin>
			<xmax>1122</xmax>
			<ymax>1771</ymax>
		</bndbox>
	</object>
	<object>
		<name>sp22</name>
		<pose>Unspecified</pose>
		<truncated>0</truncated>
		<difficult>0</difficult>
		<bndbox>
			<xmin>1041</xmin>
			<ymin>1778</ymin>
			<xmax>1129</xmax>
			<ymax>1836</ymax>
		</bndbox>
	</object>
	<object>
		<name>sp22</name>
		<pose>Unspecified</pose>
		<truncated>0</truncated>
		<difficult>0</difficult>
		<bndbox>
			<xmin>1227</xmin>
			<ymin>1469</ymin>
			<xmax>1339</xmax>
			<ymax>1598</ymax>
		</bndbox>
	</object>
	<object>
		<name>sp22</name>
		<pose>Unspecified</pose>
		<truncated>0</truncated>
		<difficult>0</difficult>
		<bndbox>
			<xmin>1292</xmin>
			<ymin>1649</ymin>
			<xmax>1373</xmax>
			<ymax>1707</ymax>
		</bndbox>
	</object>
	<object>
		<name>sp22</name>
		<pose>Unspecified</pose>
		<truncated>0</truncated>
		<difficult>0</difficult>
		<bndbox>
			<xmin>1298</xmin>
			<ymin>1703</ymin>
			<xmax>1342</xmax>
			<ymax>1751</ymax>
		</bndbox>
	</object>
	<object>
		<name>sp22</name>
		<pose>Unspecified</pose>
		<truncated>0</truncated>
		<difficult>0</difficult>
		<bndbox>
			<xmin>1264</xmin>
			<ymin>1748</ymin>
			<xmax>1322</xmax>
			<ymax>1816</ymax>
		</bndbox>
	</object>
	<object>
		<name>sp22</name>
		<pose>Unspecified</pose>
		<truncated>0</truncated>
		<difficult>0</difficult>
		<bndbox>
			<xmin>1156</xmin>
			<ymin>1890</ymin>
			<xmax>1231</xmax>
			<ymax>1958</ymax>
		</bndbox>
	</object>
	<object>
		<name>sp22</name>
		<pose>Unspecified</pose>
		<truncated>0</truncated>
		<difficult>0</difficult>
		<bndbox>
			<xmin>1224</xmin>
			<ymin>1931</ymin>
			<xmax>1272</xmax>
			<ymax>1995</ymax>
		</bndbox>
	</object>
	<object>
		<name>sp22</name>
		<pose>Unspecified</pose>
		<truncated>0</truncated>
		<difficult>0</difficult>
		<bndbox>
			<xmin>1336</xmin>
			<ymin>1965</ymin>
			<xmax>1377</xmax>
			<ymax>2002</ymax>
		</bndbox>
	</object>
	<object>
		<name>sp22</name>
		<pose>Unspecified</pose>
		<truncated>0</truncated>
		<difficult>0</difficult>
		<bndbox>
			<xmin>1271</xmin>
			<ymin>1921</ymin>
			<xmax>1342</xmax>
			<ymax>1992</ymax>
		</bndbox>
	</object>
	<object>
		<name>sp22</name>
		<pose>Unspecified</pose>
		<truncated>0</truncated>
		<difficult>0</difficult>
		<bndbox>
			<xmin>1305</xmin>
			<ymin>1836</ymin>
			<xmax>1376</xmax>
			<ymax>1897</ymax>
		</bndbox>
	</object>
	<object>
		<name>sp22</name>
		<pose>Unspecified</pose>
		<truncated>0</truncated>
		<difficult>0</difficult>
		<bndbox>
			<xmin>1370</xmin>
			<ymin>1819</ymin>
			<xmax>1441</xmax>
			<ymax>1877</ymax>
		</bndbox>
	</object>
	<object>
		<name>sp22</name>
		<pose>Unspecified</pose>
		<truncated>0</truncated>
		<difficult>0</difficult>
		<bndbox>
			<xmin>1427</xmin>
			<ymin>1707</ymin>
			<xmax>1485</xmax>
			<ymax>1761</ymax>
		</bndbox>
	</object>
	<object>
		<name>sp22</name>
		<pose>Unspecified</pose>
		<truncated>0</truncated>
		<difficult>0</difficult>
		<bndbox>
			<xmin>1390</xmin>
			<ymin>1744</ymin>
			<xmax>1454</xmax>
			<ymax>1802</ymax>
		</bndbox>
	</object>
	<object>
		<name>sp22</name>
		<pose>Unspecified</pose>
		<truncated>0</truncated>
		<difficult>0</difficult>
		<bndbox>
			<xmin>1448</xmin>
			<ymin>1775</ymin>
			<xmax>1496</xmax>
			<ymax>1826</ymax>
		</bndbox>
	</object>
	<object>
		<name>sp22</name>
		<pose>Unspecified</pose>
		<truncated>0</truncated>
		<difficult>0</difficult>
		<bndbox>
			<xmin>1573</xmin>
			<ymin>1751</ymin>
			<xmax>1654</xmax>
			<ymax>1819</ymax>
		</bndbox>
	</object>
	<object>
		<name>sp22</name>
		<pose>Unspecified</pose>
		<truncated>0</truncated>
		<difficult>0</difficult>
		<bndbox>
			<xmin>1003</xmin>
			<ymin>2005</ymin>
			<xmax>1105</xmax>
			<ymax>2100</ymax>
		</bndbox>
	</object>
	<object>
		<name>sp22</name>
		<pose>Unspecified</pose>
		<truncated>0</truncated>
		<difficult>0</difficult>
		<bndbox>
			<xmin>1030</xmin>
			<ymin>2243</ymin>
			<xmax>1101</xmax>
			<ymax>2352</ymax>
		</bndbox>
	</object>
	<object>
		<name>sp22</name>
		<pose>Unspecified</pose>
		<truncated>0</truncated>
		<difficult>0</difficult>
		<bndbox>
			<xmin>1112</xmin>
			<ymin>2240</ymin>
			<xmax>1193</xmax>
			<ymax>2342</ymax>
		</bndbox>
	</object>
	<object>
		<name>sp22</name>
		<pose>Unspecified</pose>
		<truncated>0</truncated>
		<difficult>0</difficult>
		<bndbox>
			<xmin>1095</xmin>
			<ymin>2145</ymin>
			<xmax>1153</xmax>
			<ymax>2226</ymax>
		</bndbox>
	</object>
	<object>
		<name>sp22</name>
		<pose>Unspecified</pose>
		<truncated>0</truncated>
		<difficult>0</difficult>
		<bndbox>
			<xmin>1149</xmin>
			<ymin>2117</ymin>
			<xmax>1190</xmax>
			<ymax>2212</ymax>
		</bndbox>
	</object>
	<object>
		<name>sp22</name>
		<pose>Unspecified</pose>
		<truncated>0</truncated>
		<difficult>0</difficult>
		<bndbox>
			<xmin>1197</xmin>
			<ymin>2124</ymin>
			<xmax>1251</xmax>
			<ymax>2185</ymax>
		</bndbox>
	</object>
	<object>
		<name>sp22</name>
		<pose>Unspecified</pose>
		<truncated>0</truncated>
		<difficult>0</difficult>
		<bndbox>
			<xmin>1217</xmin>
			<ymin>2070</ymin>
			<xmax>1268</xmax>
			<ymax>2121</ymax>
		</bndbox>
	</object>
	<object>
		<name>sp22</name>
		<pose>Unspecified</pose>
		<truncated>0</truncated>
		<difficult>0</difficult>
		<bndbox>
			<xmin>1258</xmin>
			<ymin>2049</ymin>
			<xmax>1316</xmax>
			<ymax>2107</ymax>
		</bndbox>
	</object>
	<object>
		<name>sp22</name>
		<pose>Unspecified</pose>
		<truncated>0</truncated>
		<difficult>0</difficult>
		<bndbox>
			<xmin>1254</xmin>
			<ymin>2107</ymin>
			<xmax>1315</xmax>
			<ymax>2161</ymax>
		</bndbox>
	</object>
	<object>
		<name>sp22</name>
		<pose>Unspecified</pose>
		<truncated>0</truncated>
		<difficult>0</difficult>
		<bndbox>
			<xmin>1251</xmin>
			<ymin>2158</ymin>
			<xmax>1312</xmax>
			<ymax>2219</ymax>
		</bndbox>
	</object>
	<object>
		<name>sp22</name>
		<pose>Unspecified</pose>
		<truncated>0</truncated>
		<difficult>0</difficult>
		<bndbox>
			<xmin>1285</xmin>
			<ymin>2209</ymin>
			<xmax>1356</xmax>
			<ymax>2277</ymax>
		</bndbox>
	</object>
	<object>
		<name>sp22</name>
		<pose>Unspecified</pose>
		<truncated>0</truncated>
		<difficult>0</difficult>
		<bndbox>
			<xmin>1336</xmin>
			<ymin>2138</ymin>
			<xmax>1384</xmax>
			<ymax>2206</ymax>
		</bndbox>
	</object>
	<object>
		<name>sp22</name>
		<pose>Unspecified</pose>
		<truncated>0</truncated>
		<difficult>0</difficult>
		<bndbox>
			<xmin>1373</xmin>
			<ymin>2077</ymin>
			<xmax>1404</xmax>
			<ymax>2125</ymax>
		</bndbox>
	</object>
	<object>
		<name>sp22</name>
		<pose>Unspecified</pose>
		<truncated>0</truncated>
		<difficult>0</difficult>
		<bndbox>
			<xmin>1363</xmin>
			<ymin>2297</ymin>
			<xmax>1438</xmax>
			<ymax>2368</ymax>
		</bndbox>
	</object>
	<object>
		<name>sp22</name>
		<pose>Unspecified</pose>
		<truncated>0</truncated>
		<difficult>0</difficult>
		<bndbox>
			<xmin>1414</xmin>
			<ymin>2223</ymin>
			<xmax>1482</xmax>
			<ymax>2308</ymax>
		</bndbox>
	</object>
	<object>
		<name>sp22</name>
		<pose>Unspecified</pose>
		<truncated>0</truncated>
		<difficult>0</difficult>
		<bndbox>
			<xmin>1380</xmin>
			<ymin>2053</ymin>
			<xmax>1448</xmax>
			<ymax>2121</ymax>
		</bndbox>
	</object>
	<object>
		<name>sp22</name>
		<pose>Unspecified</pose>
		<truncated>0</truncated>
		<difficult>0</difficult>
		<bndbox>
			<xmin>1393</xmin>
			<ymin>1992</ymin>
			<xmax>1457</xmax>
			<ymax>2056</ymax>
		</bndbox>
	</object>
	<object>
		<name>sp22</name>
		<pose>Unspecified</pose>
		<truncated>0</truncated>
		<difficult>0</difficult>
		<bndbox>
			<xmin>1461</xmin>
			<ymin>1948</ymin>
			<xmax>1515</xmax>
			<ymax>2006</ymax>
		</bndbox>
	</object>
	<object>
		<name>sp22</name>
		<pose>Unspecified</pose>
		<truncated>0</truncated>
		<difficult>0</difficult>
		<bndbox>
			<xmin>1438</xmin>
			<ymin>1890</ymin>
			<xmax>1506</xmax>
			<ymax>1951</ymax>
		</bndbox>
	</object>
	<object>
		<name>sp22</name>
		<pose>Unspecified</pose>
		<truncated>0</truncated>
		<difficult>0</difficult>
		<bndbox>
			<xmin>1499</xmin>
			<ymin>1853</ymin>
			<xmax>1574</xmax>
			<ymax>1914</ymax>
		</bndbox>
	</object>
	<object>
		<name>sp22</name>
		<pose>Unspecified</pose>
		<truncated>0</truncated>
		<difficult>0</difficult>
		<bndbox>
			<xmin>1587</xmin>
			<ymin>1829</ymin>
			<xmax>1668</xmax>
			<ymax>1890</ymax>
		</bndbox>
	</object>
	<object>
		<name>sp22</name>
		<pose>Unspecified</pose>
		<truncated>0</truncated>
		<difficult>0</difficult>
		<bndbox>
			<xmin>1628</xmin>
			<ymin>1897</ymin>
			<xmax>1686</xmax>
			<ymax>1941</ymax>
		</bndbox>
	</object>
	<object>
		<name>sp22</name>
		<pose>Unspecified</pose>
		<truncated>0</truncated>
		<difficult>0</difficult>
		<bndbox>
			<xmin>1587</xmin>
			<ymin>1931</ymin>
			<xmax>1635</xmax>
			<ymax>1995</ymax>
		</bndbox>
	</object>
	<object>
		<name>sp22</name>
		<pose>Unspecified</pose>
		<truncated>0</truncated>
		<difficult>0</difficult>
		<bndbox>
			<xmin>1641</xmin>
			<ymin>1941</ymin>
			<xmax>1712</xmax>
			<ymax>2005</ymax>
		</bndbox>
	</object>
	<object>
		<name>sp22</name>
		<pose>Unspecified</pose>
		<truncated>0</truncated>
		<difficult>0</difficult>
		<bndbox>
			<xmin>1675</xmin>
			<ymin>2022</ymin>
			<xmax>1736</xmax>
			<ymax>2083</ymax>
		</bndbox>
	</object>
	<object>
		<name>sp22</name>
		<pose>Unspecified</pose>
		<truncated>0</truncated>
		<difficult>0</difficult>
		<bndbox>
			<xmin>1516</xmin>
			<ymin>2128</ymin>
			<xmax>1597</xmax>
			<ymax>2192</ymax>
		</bndbox>
	</object>
	<object>
		<name>sp22</name>
		<pose>Unspecified</pose>
		<truncated>0</truncated>
		<difficult>0</difficult>
		<bndbox>
			<xmin>1522</xmin>
			<ymin>2199</ymin>
			<xmax>1580</xmax>
			<ymax>2270</ymax>
		</bndbox>
	</object>
	<object>
		<name>sp22</name>
		<pose>Unspecified</pose>
		<truncated>0</truncated>
		<difficult>0</difficult>
		<bndbox>
			<xmin>1488</xmin>
			<ymin>2195</ymin>
			<xmax>1525</xmax>
			<ymax>2283</ymax>
		</bndbox>
	</object>
	<object>
		<name>sp22</name>
		<pose>Unspecified</pose>
		<truncated>0</truncated>
		<difficult>0</difficult>
		<bndbox>
			<xmin>1604</xmin>
			<ymin>2246</ymin>
			<xmax>1665</xmax>
			<ymax>2327</ymax>
		</bndbox>
	</object>
	<object>
		<name>sp22</name>
		<pose>Unspecified</pose>
		<truncated>0</truncated>
		<difficult>0</difficult>
		<bndbox>
			<xmin>1668</xmin>
			<ymin>2233</ymin>
			<xmax>1729</xmax>
			<ymax>2294</ymax>
		</bndbox>
	</object>
	<object>
		<name>sp22</name>
		<pose>Unspecified</pose>
		<truncated>0</truncated>
		<difficult>0</difficult>
		<bndbox>
			<xmin>1458</xmin>
			<ymin>1537</ymin>
			<xmax>1553</xmax>
			<ymax>1635</ymax>
		</bndbox>
	</object>
	<object>
		<name>sp22</name>
		<pose>Unspecified</pose>
		<truncated>0</truncated>
		<difficult>0</difficult>
		<bndbox>
			<xmin>1600</xmin>
			<ymin>1422</ymin>
			<xmax>1671</xmax>
			<ymax>1503</ymax>
		</bndbox>
	</object>
	<object>
		<name>sp22</name>
		<pose>Unspecified</pose>
		<truncated>0</truncated>
		<difficult>0</difficult>
		<bndbox>
			<xmin>1651</xmin>
			<ymin>1493</ymin>
			<xmax>1743</xmax>
			<ymax>1578</ymax>
		</bndbox>
	</object>
	<object>
		<name>sp22</name>
		<pose>Unspecified</pose>
		<truncated>0</truncated>
		<difficult>0</difficult>
		<bndbox>
			<xmin>1848</xmin>
			<ymin>1873</ymin>
			<xmax>1902</xmax>
			<ymax>1917</ymax>
		</bndbox>
	</object>
	<object>
		<name>sp22</name>
		<pose>Unspecified</pose>
		<truncated>0</truncated>
		<difficult>0</difficult>
		<bndbox>
			<xmin>1818</xmin>
			<ymin>1788</ymin>
			<xmax>1872</xmax>
			<ymax>1863</ymax>
		</bndbox>
	</object>
	<object>
		<name>sp22</name>
		<pose>Unspecified</pose>
		<truncated>0</truncated>
		<difficult>0</difficult>
		<bndbox>
			<xmin>1767</xmin>
			<ymin>1826</ymin>
			<xmax>1842</xmax>
			<ymax>1914</ymax>
		</bndbox>
	</object>
	<object>
		<name>sp22</name>
		<pose>Unspecified</pose>
		<truncated>0</truncated>
		<difficult>0</difficult>
		<bndbox>
			<xmin>1726</xmin>
			<ymin>1727</ymin>
			<xmax>1780</xmax>
			<ymax>1771</ymax>
		</bndbox>
	</object>
	<object>
		<name>sp22</name>
		<pose>Unspecified</pose>
		<truncated>0</truncated>
		<difficult>0</difficult>
		<bndbox>
			<xmin>1777</xmin>
			<ymin>1914</ymin>
			<xmax>1841</xmax>
			<ymax>1965</ymax>
		</bndbox>
	</object>
	<object>
		<name>sp22</name>
		<pose>Unspecified</pose>
		<truncated>0</truncated>
		<difficult>0</difficult>
		<bndbox>
			<xmin>1828</xmin>
			<ymin>1917</ymin>
			<xmax>1882</xmax>
			<ymax>1981</ymax>
		</bndbox>
	</object>
	<object>
		<name>sp22</name>
		<pose>Unspecified</pose>
		<truncated>0</truncated>
		<difficult>0</difficult>
		<bndbox>
			<xmin>1777</xmin>
			<ymin>1965</ymin>
			<xmax>1852</xmax>
			<ymax>2040</ymax>
		</bndbox>
	</object>
	<object>
		<name>sp22</name>
		<pose>Unspecified</pose>
		<truncated>0</truncated>
		<difficult>0</difficult>
		<bndbox>
			<xmin>1896</xmin>
			<ymin>1781</ymin>
			<xmax>1974</xmax>
			<ymax>1859</ymax>
		</bndbox>
	</object>
	<object>
		<name>sp22</name>
		<pose>Unspecified</pose>
		<truncated>0</truncated>
		<difficult>0</difficult>
		<bndbox>
			<xmin>1984</xmin>
			<ymin>1771</ymin>
			<xmax>2062</xmax>
			<ymax>1859</ymax>
		</bndbox>
	</object>
	<object>
		<name>sp22</name>
		<pose>Unspecified</pose>
		<truncated>0</truncated>
		<difficult>0</difficult>
		<bndbox>
			<xmin>1916</xmin>
			<ymin>1591</ymin>
			<xmax>1987</xmax>
			<ymax>1672</ymax>
		</bndbox>
	</object>
	<object>
		<name>sp22</name>
		<pose>Unspecified</pose>
		<truncated>0</truncated>
		<difficult>0</difficult>
		<bndbox>
			<xmin>1577</xmin>
			<ymin>1595</ymin>
			<xmax>1614</xmax>
			<ymax>1649</ymax>
		</bndbox>
	</object>
	<object>
		<name>sp22</name>
		<pose>Unspecified</pose>
		<truncated>0</truncated>
		<difficult>0</difficult>
		<bndbox>
			<xmin>1604</xmin>
			<ymin>1608</ymin>
			<xmax>1648</xmax>
			<ymax>1672</ymax>
		</bndbox>
	</object>
	<object>
		<name>sp22</name>
		<pose>Unspecified</pose>
		<truncated>0</truncated>
		<difficult>0</difficult>
		<bndbox>
			<xmin>1631</xmin>
			<ymin>1646</ymin>
			<xmax>1689</xmax>
			<ymax>1717</ymax>
		</bndbox>
	</object>
	<object>
		<name>sp22</name>
		<pose>Unspecified</pose>
		<truncated>0</truncated>
		<difficult>0</difficult>
		<bndbox>
			<xmin>1665</xmin>
			<ymin>1581</ymin>
			<xmax>1716</xmax>
			<ymax>1649</ymax>
		</bndbox>
	</object>
	<object>
		<name>sp22</name>
		<pose>Unspecified</pose>
		<truncated>0</truncated>
		<difficult>0</difficult>
		<bndbox>
			<xmin>1695</xmin>
			<ymin>1622</ymin>
			<xmax>1763</xmax>
			<ymax>1686</ymax>
		</bndbox>
	</object>
	<object>
		<name>sp22</name>
		<pose>Unspecified</pose>
		<truncated>0</truncated>
		<difficult>0</difficult>
		<bndbox>
			<xmin>2265</xmin>
			<ymin>1378</ymin>
			<xmax>2367</xmax>
			<ymax>1466</ymax>
		</bndbox>
	</object>
	<object>
		<name>sp22</name>
		<pose>Unspecified</pose>
		<truncated>0</truncated>
		<difficult>0</difficult>
		<bndbox>
			<xmin>2113</xmin>
			<ymin>1449</ymin>
			<xmax>2181</xmax>
			<ymax>1530</ymax>
		</bndbox>
	</object>
	<object>
		<name>sp22</name>
		<pose>Unspecified</pose>
		<truncated>0</truncated>
		<difficult>0</difficult>
		<bndbox>
			<xmin>2153</xmin>
			<ymin>1208</ymin>
			<xmax>2306</xmax>
			<ymax>1313</ymax>
		</bndbox>
	</object>
	<object>
		<name>sp22</name>
		<pose>Unspecified</pose>
		<truncated>0</truncated>
		<difficult>0</difficult>
		<bndbox>
			<xmin>2025</xmin>
			<ymin>1381</ymin>
			<xmax>2120</xmax>
			<ymax>1483</ymax>
		</bndbox>
	</object>
	<object>
		<name>sp22</name>
		<pose>Unspecified</pose>
		<truncated>0</truncated>
		<difficult>0</difficult>
		<bndbox>
			<xmin>1906</xmin>
			<ymin>1361</ymin>
			<xmax>1970</xmax>
			<ymax>1412</ymax>
		</bndbox>
	</object>
	<object>
		<name>sp22</name>
		<pose>Unspecified</pose>
		<truncated>0</truncated>
		<difficult>0</difficult>
		<bndbox>
			<xmin>1835</xmin>
			<ymin>1435</ymin>
			<xmax>1899</xmax>
			<ymax>1483</ymax>
		</bndbox>
	</object>
	<object>
		<name>sp22</name>
		<pose>Unspecified</pose>
		<truncated>0</truncated>
		<difficult>0</difficult>
		<bndbox>
			<xmin>1814</xmin>
			<ymin>1476</ymin>
			<xmax>1882</xmax>
			<ymax>1534</ymax>
		</bndbox>
	</object>
	<object>
		<name>sp22</name>
		<pose>Unspecified</pose>
		<truncated>0</truncated>
		<difficult>0</difficult>
		<bndbox>
			<xmin>1838</xmin>
			<ymin>1534</ymin>
			<xmax>1930</xmax>
			<ymax>1585</ymax>
		</bndbox>
	</object>
	<object>
		<name>sp22</name>
		<pose>Unspecified</pose>
		<truncated>0</truncated>
		<difficult>0</difficult>
		<bndbox>
			<xmin>1926</xmin>
			<ymin>1439</ymin>
			<xmax>2011</xmax>
			<ymax>1531</ymax>
		</bndbox>
	</object>
	<object>
		<name>sp22</name>
		<pose>Unspecified</pose>
		<truncated>0</truncated>
		<difficult>0</difficult>
		<bndbox>
			<xmin>1712</xmin>
			<ymin>1235</ymin>
			<xmax>1770</xmax>
			<ymax>1293</ymax>
		</bndbox>
	</object>
	<object>
		<name>sp22</name>
		<pose>Unspecified</pose>
		<truncated>0</truncated>
		<difficult>0</difficult>
		<bndbox>
			<xmin>1634</xmin>
			<ymin>1201</ymin>
			<xmax>1702</xmax>
			<ymax>1272</ymax>
		</bndbox>
	</object>
	<object>
		<name>sp22</name>
		<pose>Unspecified</pose>
		<truncated>0</truncated>
		<difficult>0</difficult>
		<bndbox>
			<xmin>1787</xmin>
			<ymin>926</ymin>
			<xmax>1845</xmax>
			<ymax>994</ymax>
		</bndbox>
	</object>
	<object>
		<name>sp22</name>
		<pose>Unspecified</pose>
		<truncated>0</truncated>
		<difficult>0</difficult>
		<bndbox>
			<xmin>1668</xmin>
			<ymin>977</ymin>
			<xmax>1766</xmax>
			<ymax>1058</ymax>
		</bndbox>
	</object>
	<object>
		<name>sp22</name>
		<pose>Unspecified</pose>
		<truncated>0</truncated>
		<difficult>0</difficult>
		<bndbox>
			<xmin>1746</xmin>
			<ymin>1110</ymin>
			<xmax>1834</xmax>
			<ymax>1198</ymax>
		</bndbox>
	</object>
	<object>
		<name>sp22</name>
		<pose>Unspecified</pose>
		<truncated>0</truncated>
		<difficult>0</difficult>
		<bndbox>
			<xmin>1594</xmin>
			<ymin>763</ymin>
			<xmax>1686</xmax>
			<ymax>872</ymax>
		</bndbox>
	</object>
	<object>
		<name>sp22</name>
		<pose>Unspecified</pose>
		<truncated>0</truncated>
		<difficult>0</difficult>
		<bndbox>
			<xmin>1726</xmin>
			<ymin>706</ymin>
			<xmax>1787</xmax>
			<ymax>764</ymax>
		</bndbox>
	</object>
	<object>
		<name>sp22</name>
		<pose>Unspecified</pose>
		<truncated>0</truncated>
		<difficult>0</difficult>
		<bndbox>
			<xmin>1760</xmin>
			<ymin>638</ymin>
			<xmax>1831</xmax>
			<ymax>730</ymax>
		</bndbox>
	</object>
	<object>
		<name>sp22</name>
		<pose>Unspecified</pose>
		<truncated>0</truncated>
		<difficult>0</difficult>
		<bndbox>
			<xmin>1058</xmin>
			<ymin>1252</ymin>
			<xmax>1126</xmax>
			<ymax>1332</ymax>
		</bndbox>
	</object>
	<object>
		<name>sp22</name>
		<pose>Unspecified</pose>
		<truncated>0</truncated>
		<difficult>0</difficult>
		<bndbox>
			<xmin>1135</xmin>
			<ymin>1223</ymin>
			<xmax>1192</xmax>
			<ymax>1286</ymax>
		</bndbox>
	</object>
	<object>
		<name>sp22</name>
		<pose>Unspecified</pose>
		<truncated>0</truncated>
		<difficult>0</difficult>
		<bndbox>
			<xmin>1089</xmin>
			<ymin>1025</ymin>
			<xmax>1152</xmax>
			<ymax>1089</ymax>
		</bndbox>
	</object>
	<object>
		<name>sp22</name>
		<pose>Unspecified</pose>
		<truncated>0</truncated>
		<difficult>0</difficult>
		<bndbox>
			<xmin>1085</xmin>
			<ymin>1084</ymin>
			<xmax>1135</xmax>
			<ymax>1139</ymax>
		</bndbox>
	</object>
	<object>
		<name>sp22</name>
		<pose>Unspecified</pose>
		<truncated>0</truncated>
		<difficult>0</difficult>
		<bndbox>
			<xmin>1057</xmin>
			<ymin>1122</ymin>
			<xmax>1114</xmax>
			<ymax>1193</ymax>
		</bndbox>
	</object>
	<object>
		<name>sp22</name>
		<pose>Unspecified</pose>
		<truncated>0</truncated>
		<difficult>0</difficult>
		<bndbox>
			<xmin>1173</xmin>
			<ymin>1066</ymin>
			<xmax>1236</xmax>
			<ymax>1130</ymax>
		</bndbox>
	</object>
	<object>
		<name>sp22</name>
		<pose>Unspecified</pose>
		<truncated>0</truncated>
		<difficult>0</difficult>
		<bndbox>
			<xmin>1198</xmin>
			<ymin>1129</ymin>
			<xmax>1280</xmax>
			<ymax>1195</ymax>
		</bndbox>
	</object>
	<object>
		<name>sp22</name>
		<pose>Unspecified</pose>
		<truncated>0</truncated>
		<difficult>0</difficult>
		<bndbox>
			<xmin>1241</xmin>
			<ymin>1204</ymin>
			<xmax>1316</xmax>
			<ymax>1284</ymax>
		</bndbox>
	</object>
	<object>
		<name>sp22</name>
		<pose>Unspecified</pose>
		<truncated>0</truncated>
		<difficult>0</difficult>
		<bndbox>
			<xmin>1342</xmin>
			<ymin>1205</ymin>
			<xmax>1376</xmax>
			<ymax>1243</ymax>
		</bndbox>
	</object>
	<object>
		<name>sp22</name>
		<pose>Unspecified</pose>
		<truncated>0</truncated>
		<difficult>0</difficult>
		<bndbox>
			<xmin>1191</xmin>
			<ymin>873</ymin>
			<xmax>1248</xmax>
			<ymax>934</ymax>
		</bndbox>
	</object>
	<object>
		<name>sp22</name>
		<pose>Unspecified</pose>
		<truncated>0</truncated>
		<difficult>0</difficult>
		<bndbox>
			<xmin>1319</xmin>
			<ymin>884</ymin>
			<xmax>1385</xmax>
			<ymax>955</ymax>
		</bndbox>
	</object>
	<object>
		<name>sp22</name>
		<pose>Unspecified</pose>
		<truncated>0</truncated>
		<difficult>0</difficult>
		<bndbox>
			<xmin>1264</xmin>
			<ymin>918</ymin>
			<xmax>1316</xmax>
			<ymax>977</ymax>
		</bndbox>
	</object>
	<object>
		<name>sp22</name>
		<pose>Unspecified</pose>
		<truncated>0</truncated>
		<difficult>0</difficult>
		<bndbox>
			<xmin>1196</xmin>
			<ymin>941</ymin>
			<xmax>1278</xmax>
			<ymax>1018</ymax>
		</bndbox>
	</object>
	<object>
		<name>sp22</name>
		<pose>Unspecified</pose>
		<truncated>0</truncated>
		<difficult>0</difficult>
		<bndbox>
			<xmin>1437</xmin>
			<ymin>1050</ymin>
			<xmax>1480</xmax>
			<ymax>1096</ymax>
		</bndbox>
	</object>
	<object>
		<name>sp22</name>
		<pose>Unspecified</pose>
		<truncated>0</truncated>
		<difficult>0</difficult>
		<bndbox>
			<xmin>1951</xmin>
			<ymin>743</ymin>
			<xmax>2030</xmax>
			<ymax>818</ymax>
		</bndbox>
	</object>
	<object>
		<name>sp22</name>
		<pose>Unspecified</pose>
		<truncated>0</truncated>
		<difficult>0</difficult>
		<bndbox>
			<xmin>1987</xmin>
			<ymin>650</ymin>
			<xmax>2046</xmax>
			<ymax>721</ymax>
		</bndbox>
	</object>
	<object>
		<name>sp22</name>
		<pose>Unspecified</pose>
		<truncated>0</truncated>
		<difficult>0</difficult>
		<bndbox>
			<xmin>1941</xmin>
			<ymin>525</ymin>
			<xmax>1991</xmax>
			<ymax>573</ymax>
		</bndbox>
	</object>
	<object>
		<name>sp22</name>
		<pose>Unspecified</pose>
		<truncated>0</truncated>
		<difficult>0</difficult>
		<bndbox>
			<xmin>1916</xmin>
			<ymin>595</ymin>
			<xmax>1996</xmax>
			<ymax>670</ymax>
		</bndbox>
	</object>
	<object>
		<name>sp22</name>
		<pose>Unspecified</pose>
		<truncated>0</truncated>
		<difficult>0</difficult>
		<bndbox>
			<xmin>1814</xmin>
			<ymin>518</ymin>
			<xmax>1891</xmax>
			<ymax>589</ymax>
		</bndbox>
	</object>
	<object>
		<name>sp22</name>
		<pose>Unspecified</pose>
		<truncated>0</truncated>
		<difficult>0</difficult>
		<bndbox>
			<xmin>1735</xmin>
			<ymin>457</ymin>
			<xmax>1790</xmax>
			<ymax>518</ymax>
		</bndbox>
	</object>
	<object>
		<name>sp22</name>
		<pose>Unspecified</pose>
		<truncated>0</truncated>
		<difficult>0</difficult>
		<bndbox>
			<xmin>1739</xmin>
			<ymin>355</ymin>
			<xmax>1803</xmax>
			<ymax>423</ymax>
		</bndbox>
	</object>
	<object>
		<name>sp22</name>
		<pose>Unspecified</pose>
		<truncated>0</truncated>
		<difficult>0</difficult>
		<bndbox>
			<xmin>1841</xmin>
			<ymin>386</ymin>
			<xmax>1886</xmax>
			<ymax>447</ymax>
		</bndbox>
	</object>
	<object>
		<name>sp22</name>
		<pose>Unspecified</pose>
		<truncated>0</truncated>
		<difficult>0</difficult>
		<bndbox>
			<xmin>1914</xmin>
			<ymin>373</ymin>
			<xmax>1982</xmax>
			<ymax>443</ymax>
		</bndbox>
	</object>
	<object>
		<name>sp22</name>
		<pose>Unspecified</pose>
		<truncated>0</truncated>
		<difficult>0</difficult>
		<bndbox>
			<xmin>1894</xmin>
			<ymin>445</ymin>
			<xmax>1962</xmax>
			<ymax>504</ymax>
		</bndbox>
	</object>
	<object>
		<name>sp22</name>
		<pose>Unspecified</pose>
		<truncated>0</truncated>
		<difficult>0</difficult>
		<bndbox>
			<xmin>1757</xmin>
			<ymin>184</ymin>
			<xmax>1818</xmax>
			<ymax>264</ymax>
		</bndbox>
	</object>
	<object>
		<name>sp22</name>
		<pose>Unspecified</pose>
		<truncated>0</truncated>
		<difficult>0</difficult>
		<bndbox>
			<xmin>1689</xmin>
			<ymin>198</ymin>
			<xmax>1760</xmax>
			<ymax>268</ymax>
		</bndbox>
	</object>
	<object>
		<name>sp22</name>
		<pose>Unspecified</pose>
		<truncated>0</truncated>
		<difficult>0</difficult>
		<bndbox>
			<xmin>1696</xmin>
			<ymin>268</ymin>
			<xmax>1764</xmax>
			<ymax>332</ymax>
		</bndbox>
	</object>
	<object>
		<name>sp22</name>
		<pose>Unspecified</pose>
		<truncated>0</truncated>
		<difficult>0</difficult>
		<bndbox>
			<xmin>1535</xmin>
			<ymin>164</ymin>
			<xmax>1621</xmax>
			<ymax>246</ymax>
		</bndbox>
	</object>
	<object>
		<name>sp22</name>
		<pose>Unspecified</pose>
		<truncated>0</truncated>
		<difficult>0</difficult>
		<bndbox>
			<xmin>1671</xmin>
			<ymin>368</ymin>
			<xmax>1734</xmax>
			<ymax>441</ymax>
		</bndbox>
	</object>
	<object>
		<name>sp22</name>
		<pose>Unspecified</pose>
		<truncated>0</truncated>
		<difficult>0</difficult>
		<bndbox>
			<xmin>1576</xmin>
			<ymin>359</ymin>
			<xmax>1647</xmax>
			<ymax>441</ymax>
		</bndbox>
	</object>
	<object>
		<name>sp22</name>
		<pose>Unspecified</pose>
		<truncated>0</truncated>
		<difficult>0</difficult>
		<bndbox>
			<xmin>1516</xmin>
			<ymin>373</ymin>
			<xmax>1582</xmax>
			<ymax>441</ymax>
		</bndbox>
	</object>
	<object>
		<name>sp22</name>
		<pose>Unspecified</pose>
		<truncated>0</truncated>
		<difficult>0</difficult>
		<bndbox>
			<xmin>1510</xmin>
			<ymin>305</ymin>
			<xmax>1569</xmax>
			<ymax>364</ymax>
		</bndbox>
	</object>
	<object>
		<name>sp22</name>
		<pose>Unspecified</pose>
		<truncated>0</truncated>
		<difficult>0</difficult>
		<bndbox>
			<xmin>1475</xmin>
			<ymin>268</ymin>
			<xmax>1518</xmax>
			<ymax>311</ymax>
		</bndbox>
	</object>
	<object>
		<name>sp22</name>
		<pose>Unspecified</pose>
		<truncated>0</truncated>
		<difficult>0</difficult>
		<bndbox>
			<xmin>1437</xmin>
			<ymin>288</ymin>
			<xmax>1473</xmax>
			<ymax>329</ymax>
		</bndbox>
	</object>
	<object>
		<name>sp22</name>
		<pose>Unspecified</pose>
		<truncated>0</truncated>
		<difficult>0</difficult>
		<bndbox>
			<xmin>1453</xmin>
			<ymin>318</ymin>
			<xmax>1508</xmax>
			<ymax>379</ymax>
		</bndbox>
	</object>
	<object>
		<name>sp22</name>
		<pose>Unspecified</pose>
		<truncated>0</truncated>
		<difficult>0</difficult>
		<bndbox>
			<xmin>1330</xmin>
			<ymin>288</ymin>
			<xmax>1376</xmax>
			<ymax>320</ymax>
		</bndbox>
	</object>
	<object>
		<name>sp22</name>
		<pose>Unspecified</pose>
		<truncated>0</truncated>
		<difficult>0</difficult>
		<bndbox>
			<xmin>1241</xmin>
			<ymin>329</ymin>
			<xmax>1275</xmax>
			<ymax>368</ymax>
		</bndbox>
	</object>
	<object>
		<name>sp22</name>
		<pose>Unspecified</pose>
		<truncated>0</truncated>
		<difficult>0</difficult>
		<bndbox>
			<xmin>1269</xmin>
			<ymin>291</ymin>
			<xmax>1310</xmax>
			<ymax>368</ymax>
		</bndbox>
	</object>
	<object>
		<name>sp22</name>
		<pose>Unspecified</pose>
		<truncated>0</truncated>
		<difficult>0</difficult>
		<bndbox>
			<xmin>1314</xmin>
			<ymin>321</ymin>
			<xmax>1389</xmax>
			<ymax>373</ymax>
		</bndbox>
	</object>
	<object>
		<name>sp22</name>
		<pose>Unspecified</pose>
		<truncated>0</truncated>
		<difficult>0</difficult>
		<bndbox>
			<xmin>1323</xmin>
			<ymin>379</ymin>
			<xmax>1394</xmax>
			<ymax>425</ymax>
		</bndbox>
	</object>
	<object>
		<name>sp22</name>
		<pose>Unspecified</pose>
		<truncated>0</truncated>
		<difficult>0</difficult>
		<bndbox>
			<xmin>2196</xmin>
			<ymin>775</ymin>
			<xmax>2278</xmax>
			<ymax>854</ymax>
		</bndbox>
	</object>
	<object>
		<name>sp22</name>
		<pose>Unspecified</pose>
		<truncated>0</truncated>
		<difficult>0</difficult>
		<bndbox>
			<xmin>2191</xmin>
			<ymin>866</ymin>
			<xmax>2280</xmax>
			<ymax>943</ymax>
		</bndbox>
	</object>
	<object>
		<name>sp22</name>
		<pose>Unspecified</pose>
		<truncated>0</truncated>
		<difficult>0</difficult>
		<bndbox>
			<xmin>1521</xmin>
			<ymin>1080</ymin>
			<xmax>1580</xmax>
			<ymax>1159</ymax>
		</bndbox>
	</object>
	<object>
		<name>sp22</name>
		<pose>Unspecified</pose>
		<truncated>0</truncated>
		<difficult>0</difficult>
		<bndbox>
			<xmin>1453</xmin>
			<ymin>1122</ymin>
			<xmax>1521</xmax>
			<ymax>1183</ymax>
		</bndbox>
	</object>
	<object>
		<name>sp22</name>
		<pose>Unspecified</pose>
		<truncated>0</truncated>
		<difficult>0</difficult>
		<bndbox>
			<xmin>1412</xmin>
			<ymin>1159</ymin>
			<xmax>1446</xmax>
			<ymax>1205</ymax>
		</bndbox>
	</object>
	<object>
		<name>sp22</name>
		<pose>Unspecified</pose>
		<truncated>0</truncated>
		<difficult>0</difficult>
		<bndbox>
			<xmin>1380</xmin>
			<ymin>1180</ymin>
			<xmax>1410</xmax>
			<ymax>1210</ymax>
		</bndbox>
	</object>
	<object>
		<name>sp22</name>
		<pose>Unspecified</pose>
		<truncated>0</truncated>
		<difficult>0</difficult>
		<bndbox>
			<xmin>1428</xmin>
			<ymin>1193</ymin>
			<xmax>1483</xmax>
			<ymax>1252</ymax>
		</bndbox>
	</object>
	<object>
		<name>sp22</name>
		<pose>Unspecified</pose>
		<truncated>0</truncated>
		<difficult>0</difficult>
		<bndbox>
			<xmin>1364</xmin>
			<ymin>1238</ymin>
			<xmax>1448</xmax>
			<ymax>1320</ymax>
		</bndbox>
	</object>
	<object>
		<name>sp22</name>
		<pose>Unspecified</pose>
		<truncated>0</truncated>
		<difficult>0</difficult>
		<bndbox>
			<xmin>1362</xmin>
			<ymin>1338</ymin>
			<xmax>1453</xmax>
			<ymax>1411</ymax>
		</bndbox>
	</object>
	<object>
		<name>sp22</name>
		<pose>Unspecified</pose>
		<truncated>0</truncated>
		<difficult>0</difficult>
		<bndbox>
			<xmin>1608</xmin>
			<ymin>1320</ymin>
			<xmax>1687</xmax>
			<ymax>1395</ymax>
		</bndbox>
	</object>
	<object>
		<name>sp22</name>
		<pose>Unspecified</pose>
		<truncated>0</truncated>
		<difficult>0</difficult>
		<bndbox>
			<xmin>1694</xmin>
			<ymin>1357</ymin>
			<xmax>1765</xmax>
			<ymax>1425</ymax>
		</bndbox>
	</object>
	<object>
		<name>sp22</name>
		<pose>Unspecified</pose>
		<truncated>0</truncated>
		<difficult>0</difficult>
		<bndbox>
			<xmin>1766</xmin>
			<ymin>1379</ymin>
			<xmax>1816</xmax>
			<ymax>1442</ymax>
		</bndbox>
	</object>
	<object>
		<name>sp22</name>
		<pose>Unspecified</pose>
		<truncated>0</truncated>
		<difficult>0</difficult>
		<bndbox>
			<xmin>1789</xmin>
			<ymin>1272</ymin>
			<xmax>1877</xmax>
			<ymax>1354</ymax>
		</bndbox>
	</object>
	<object>
		<name>sp22</name>
		<pose>Unspecified</pose>
		<truncated>0</truncated>
		<difficult>0</difficult>
		<bndbox>
			<xmin>1942</xmin>
			<ymin>1173</ymin>
			<xmax>2021</xmax>
			<ymax>1246</ymax>
		</bndbox>
	</object>
	<object>
		<name>sp22</name>
		<pose>Unspecified</pose>
		<truncated>0</truncated>
		<difficult>0</difficult>
		<bndbox>
			<xmin>2007</xmin>
			<ymin>1141</ymin>
			<xmax>2052</xmax>
			<ymax>1186</ymax>
		</bndbox>
	</object>
	<object>
		<name>sp22</name>
		<pose>Unspecified</pose>
		<truncated>0</truncated>
		<difficult>0</difficult>
		<bndbox>
			<xmin>2030</xmin>
			<ymin>1180</ymin>
			<xmax>2094</xmax>
			<ymax>1257</ymax>
		</bndbox>
	</object>
	<object>
		<name>sp22</name>
		<pose>Unspecified</pose>
		<truncated>0</truncated>
		<difficult>0</difficult>
		<bndbox>
			<xmin>2117</xmin>
			<ymin>1079</ymin>
			<xmax>2190</xmax>
			<ymax>1156</ymax>
		</bndbox>
	</object>
	<object>
		<name>sp22</name>
		<pose>Unspecified</pose>
		<truncated>0</truncated>
		<difficult>0</difficult>
		<bndbox>
			<xmin>2087</xmin>
			<ymin>1002</ymin>
			<xmax>2155</xmax>
			<ymax>1066</ymax>
		</bndbox>
	</object>
	<object>
		<name>sp22</name>
		<pose>Unspecified</pose>
		<truncated>0</truncated>
		<difficult>0</difficult>
		<bndbox>
			<xmin>2001</xmin>
			<ymin>1048</ymin>
			<xmax>2065</xmax>
			<ymax>1100</ymax>
		</bndbox>
	</object>
	<object>
		<name>sp22</name>
		<pose>Unspecified</pose>
		<truncated>0</truncated>
		<difficult>0</difficult>
		<bndbox>
			<xmin>1934</xmin>
			<ymin>904</ymin>
			<xmax>1998</xmax>
			<ymax>977</ymax>
		</bndbox>
	</object>
	<object>
		<name>sp22</name>
		<pose>Unspecified</pose>
		<truncated>0</truncated>
		<difficult>0</difficult>
		<bndbox>
			<xmin>1967</xmin>
			<ymin>959</ymin>
			<xmax>2037</xmax>
			<ymax>1029</ymax>
		</bndbox>
	</object>
</annotation>