<annotation>
	<folder>my-project-name</folder>
	<filename>sp22_img12.jpg</filename>
	<path>/my-project-name/sp22_img12.jpg</path>
	<source>
		<database>Unspecified</database>
	</source>
	<size>
		<width>2396</width>
		<height>2390</height>
		<depth>3</depth>
	</size>
	<object>
		<name>sp22</name>
		<pose>Unspecified</pose>
		<truncated>0</truncated>
		<difficult>0</difficult>
		<bndbox>
			<xmin>73</xmin>
			<ymin>816</ymin>
			<xmax>149</xmax>
			<ymax>894</ymax>
		</bndbox>
	</object>
	<object>
		<name>sp22</name>
		<pose>Unspecified</pose>
		<truncated>0</truncated>
		<difficult>0</difficult>
		<bndbox>
			<xmin>375</xmin>
			<ymin>739</ymin>
			<xmax>417</xmax>
			<ymax>790</ymax>
		</bndbox>
	</object>
	<object>
		<name>sp22</name>
		<pose>Unspecified</pose>
		<truncated>0</truncated>
		<difficult>0</difficult>
		<bndbox>
			<xmin>320</xmin>
			<ymin>778</ymin>
			<xmax>383</xmax>
			<ymax>852</ymax>
		</bndbox>
	</object>
	<object>
		<name>sp22</name>
		<pose>Unspecified</pose>
		<truncated>0</truncated>
		<difficult>0</difficult>
		<bndbox>
			<xmin>197</xmin>
			<ymin>585</ymin>
			<xmax>260</xmax>
			<ymax>653</ymax>
		</bndbox>
	</object>
	<object>
		<name>sp22</name>
		<pose>Unspecified</pose>
		<truncated>0</truncated>
		<difficult>0</difficult>
		<bndbox>
			<xmin>229</xmin>
			<ymin>543</ymin>
			<xmax>280</xmax>
			<ymax>600</ymax>
		</bndbox>
	</object>
	<object>
		<name>sp22</name>
		<pose>Unspecified</pose>
		<truncated>0</truncated>
		<difficult>0</difficult>
		<bndbox>
			<xmin>252</xmin>
			<ymin>484</ymin>
			<xmax>332</xmax>
			<ymax>569</ymax>
		</bndbox>
	</object>
	<object>
		<name>sp22</name>
		<pose>Unspecified</pose>
		<truncated>0</truncated>
		<difficult>0</difficult>
		<bndbox>
			<xmin>326</xmin>
			<ymin>435</ymin>
			<xmax>413</xmax>
			<ymax>511</ymax>
		</bndbox>
	</object>
	<object>
		<name>sp22</name>
		<pose>Unspecified</pose>
		<truncated>0</truncated>
		<difficult>0</difficult>
		<bndbox>
			<xmin>607</xmin>
			<ymin>423</ymin>
			<xmax>668</xmax>
			<ymax>488</ymax>
		</bndbox>
	</object>
	<object>
		<name>sp22</name>
		<pose>Unspecified</pose>
		<truncated>0</truncated>
		<difficult>0</difficult>
		<bndbox>
			<xmin>795</xmin>
			<ymin>526</ymin>
			<xmax>863</xmax>
			<ymax>604</ymax>
		</bndbox>
	</object>
	<object>
		<name>sp22</name>
		<pose>Unspecified</pose>
		<truncated>0</truncated>
		<difficult>0</difficult>
		<bndbox>
			<xmin>897</xmin>
			<ymin>488</ymin>
			<xmax>943</xmax>
			<ymax>543</ymax>
		</bndbox>
	</object>
	<object>
		<name>sp22</name>
		<pose>Unspecified</pose>
		<truncated>0</truncated>
		<difficult>0</difficult>
		<bndbox>
			<xmin>823</xmin>
			<ymin>452</ymin>
			<xmax>888</xmax>
			<ymax>511</ymax>
		</bndbox>
	</object>
	<object>
		<name>sp22</name>
		<pose>Unspecified</pose>
		<truncated>0</truncated>
		<difficult>0</difficult>
		<bndbox>
			<xmin>774</xmin>
			<ymin>376</ymin>
			<xmax>825</xmax>
			<ymax>456</ymax>
		</bndbox>
	</object>
	<object>
		<name>sp22</name>
		<pose>Unspecified</pose>
		<truncated>0</truncated>
		<difficult>0</difficult>
		<bndbox>
			<xmin>643</xmin>
			<ymin>313</ymin>
			<xmax>715</xmax>
			<ymax>395</ymax>
		</bndbox>
	</object>
	<object>
		<name>sp22</name>
		<pose>Unspecified</pose>
		<truncated>0</truncated>
		<difficult>0</difficult>
		<bndbox>
			<xmin>447</xmin>
			<ymin>353</ymin>
			<xmax>496</xmax>
			<ymax>421</ymax>
		</bndbox>
	</object>
	<object>
		<name>sp22</name>
		<pose>Unspecified</pose>
		<truncated>0</truncated>
		<difficult>0</difficult>
		<bndbox>
			<xmin>759</xmin>
			<ymin>247</ymin>
			<xmax>822</xmax>
			<ymax>325</ymax>
		</bndbox>
	</object>
	<object>
		<name>sp22</name>
		<pose>Unspecified</pose>
		<truncated>0</truncated>
		<difficult>0</difficult>
		<bndbox>
			<xmin>831</xmin>
			<ymin>256</ymin>
			<xmax>867</xmax>
			<ymax>298</ymax>
		</bndbox>
	</object>
	<object>
		<name>sp22</name>
		<pose>Unspecified</pose>
		<truncated>0</truncated>
		<difficult>0</difficult>
		<bndbox>
			<xmin>937</xmin>
			<ymin>243</ymin>
			<xmax>986</xmax>
			<ymax>287</ymax>
		</bndbox>
	</object>
	<object>
		<name>sp22</name>
		<pose>Unspecified</pose>
		<truncated>0</truncated>
		<difficult>0</difficult>
		<bndbox>
			<xmin>757</xmin>
			<ymin>108</ymin>
			<xmax>829</xmax>
			<ymax>184</ymax>
		</bndbox>
	</object>
	<object>
		<name>sp22</name>
		<pose>Unspecified</pose>
		<truncated>0</truncated>
		<difficult>0</difficult>
		<bndbox>
			<xmin>1045</xmin>
			<ymin>131</ymin>
			<xmax>1127</xmax>
			<ymax>232</ymax>
		</bndbox>
	</object>
	<object>
		<name>sp22</name>
		<pose>Unspecified</pose>
		<truncated>0</truncated>
		<difficult>0</difficult>
		<bndbox>
			<xmin>1288</xmin>
			<ymin>148</ymin>
			<xmax>1332</xmax>
			<ymax>209</ymax>
		</bndbox>
	</object>
	<object>
		<name>sp22</name>
		<pose>Unspecified</pose>
		<truncated>0</truncated>
		<difficult>0</difficult>
		<bndbox>
			<xmin>1328</xmin>
			<ymin>165</ymin>
			<xmax>1387</xmax>
			<ymax>235</ymax>
		</bndbox>
	</object>
	<object>
		<name>sp22</name>
		<pose>Unspecified</pose>
		<truncated>0</truncated>
		<difficult>0</difficult>
		<bndbox>
			<xmin>1450</xmin>
			<ymin>203</ymin>
			<xmax>1530</xmax>
			<ymax>281</ymax>
		</bndbox>
	</object>
	<object>
		<name>sp22</name>
		<pose>Unspecified</pose>
		<truncated>0</truncated>
		<difficult>0</difficult>
		<bndbox>
			<xmin>1598</xmin>
			<ymin>152</ymin>
			<xmax>1659</xmax>
			<ymax>220</ymax>
		</bndbox>
	</object>
	<object>
		<name>sp22</name>
		<pose>Unspecified</pose>
		<truncated>0</truncated>
		<difficult>0</difficult>
		<bndbox>
			<xmin>1440</xmin>
			<ymin>330</ymin>
			<xmax>1505</xmax>
			<ymax>404</ymax>
		</bndbox>
	</object>
	<object>
		<name>sp22</name>
		<pose>Unspecified</pose>
		<truncated>0</truncated>
		<difficult>0</difficult>
		<bndbox>
			<xmin>1393</xmin>
			<ymin>321</ymin>
			<xmax>1442</xmax>
			<ymax>384</ymax>
		</bndbox>
	</object>
	<object>
		<name>sp22</name>
		<pose>Unspecified</pose>
		<truncated>0</truncated>
		<difficult>0</difficult>
		<bndbox>
			<xmin>1326</xmin>
			<ymin>325</ymin>
			<xmax>1368</xmax>
			<ymax>382</ymax>
		</bndbox>
	</object>
	<object>
		<name>sp22</name>
		<pose>Unspecified</pose>
		<truncated>0</truncated>
		<difficult>0</difficult>
		<bndbox>
			<xmin>1233</xmin>
			<ymin>296</ymin>
			<xmax>1294</xmax>
			<ymax>357</ymax>
		</bndbox>
	</object>
	<object>
		<name>sp22</name>
		<pose>Unspecified</pose>
		<truncated>0</truncated>
		<difficult>0</difficult>
		<bndbox>
			<xmin>1222</xmin>
			<ymin>349</ymin>
			<xmax>1258</xmax>
			<ymax>404</ymax>
		</bndbox>
	</object>
	<object>
		<name>sp22</name>
		<pose>Unspecified</pose>
		<truncated>0</truncated>
		<difficult>0</difficult>
		<bndbox>
			<xmin>1152</xmin>
			<ymin>342</ymin>
			<xmax>1215</xmax>
			<ymax>420</ymax>
		</bndbox>
	</object>
	<object>
		<name>sp22</name>
		<pose>Unspecified</pose>
		<truncated>0</truncated>
		<difficult>0</difficult>
		<bndbox>
			<xmin>1047</xmin>
			<ymin>389</ymin>
			<xmax>1108</xmax>
			<ymax>457</ymax>
		</bndbox>
	</object>
	<object>
		<name>sp22</name>
		<pose>Unspecified</pose>
		<truncated>0</truncated>
		<difficult>0</difficult>
		<bndbox>
			<xmin>1045</xmin>
			<ymin>448</ymin>
			<xmax>1102</xmax>
			<ymax>520</ymax>
		</bndbox>
	</object>
	<object>
		<name>sp22</name>
		<pose>Unspecified</pose>
		<truncated>0</truncated>
		<difficult>0</difficult>
		<bndbox>
			<xmin>1135</xmin>
			<ymin>501</ymin>
			<xmax>1186</xmax>
			<ymax>562</ymax>
		</bndbox>
	</object>
	<object>
		<name>sp22</name>
		<pose>Unspecified</pose>
		<truncated>0</truncated>
		<difficult>0</difficult>
		<bndbox>
			<xmin>918</xmin>
			<ymin>587</ymin>
			<xmax>983</xmax>
			<ymax>659</ymax>
		</bndbox>
	</object>
	<object>
		<name>sp22</name>
		<pose>Unspecified</pose>
		<truncated>0</truncated>
		<difficult>0</difficult>
		<bndbox>
			<xmin>1277</xmin>
			<ymin>391</ymin>
			<xmax>1340</xmax>
			<ymax>452</ymax>
		</bndbox>
	</object>
	<object>
		<name>sp22</name>
		<pose>Unspecified</pose>
		<truncated>0</truncated>
		<difficult>0</difficult>
		<bndbox>
			<xmin>1294</xmin>
			<ymin>465</ymin>
			<xmax>1357</xmax>
			<ymax>537</ymax>
		</bndbox>
	</object>
	<object>
		<name>sp22</name>
		<pose>Unspecified</pose>
		<truncated>0</truncated>
		<difficult>0</difficult>
		<bndbox>
			<xmin>1359</xmin>
			<ymin>507</ymin>
			<xmax>1416</xmax>
			<ymax>579</ymax>
		</bndbox>
	</object>
	<object>
		<name>sp22</name>
		<pose>Unspecified</pose>
		<truncated>0</truncated>
		<difficult>0</difficult>
		<bndbox>
			<xmin>1416</xmin>
			<ymin>499</ymin>
			<xmax>1469</xmax>
			<ymax>560</ymax>
		</bndbox>
	</object>
	<object>
		<name>sp22</name>
		<pose>Unspecified</pose>
		<truncated>0</truncated>
		<difficult>0</difficult>
		<bndbox>
			<xmin>1444</xmin>
			<ymin>444</ymin>
			<xmax>1501</xmax>
			<ymax>493</ymax>
		</bndbox>
	</object>
	<object>
		<name>sp22</name>
		<pose>Unspecified</pose>
		<truncated>0</truncated>
		<difficult>0</difficult>
		<bndbox>
			<xmin>1843</xmin>
			<ymin>425</ymin>
			<xmax>1902</xmax>
			<ymax>501</ymax>
		</bndbox>
	</object>
	<object>
		<name>sp22</name>
		<pose>Unspecified</pose>
		<truncated>0</truncated>
		<difficult>0</difficult>
		<bndbox>
			<xmin>1955</xmin>
			<ymin>461</ymin>
			<xmax>2020</xmax>
			<ymax>552</ymax>
		</bndbox>
	</object>
	<object>
		<name>sp22</name>
		<pose>Unspecified</pose>
		<truncated>0</truncated>
		<difficult>0</difficult>
		<bndbox>
			<xmin>2042</xmin>
			<ymin>547</ymin>
			<xmax>2110</xmax>
			<ymax>612</ymax>
		</bndbox>
	</object>
	<object>
		<name>sp22</name>
		<pose>Unspecified</pose>
		<truncated>0</truncated>
		<difficult>0</difficult>
		<bndbox>
			<xmin>1987</xmin>
			<ymin>589</ymin>
			<xmax>2044</xmax>
			<ymax>642</ymax>
		</bndbox>
	</object>
	<object>
		<name>sp22</name>
		<pose>Unspecified</pose>
		<truncated>0</truncated>
		<difficult>0</difficult>
		<bndbox>
			<xmin>2054</xmin>
			<ymin>623</ymin>
			<xmax>2109</xmax>
			<ymax>680</ymax>
		</bndbox>
	</object>
	<object>
		<name>sp22</name>
		<pose>Unspecified</pose>
		<truncated>0</truncated>
		<difficult>0</difficult>
		<bndbox>
			<xmin>1900</xmin>
			<ymin>663</ymin>
			<xmax>1942</xmax>
			<ymax>720</ymax>
		</bndbox>
	</object>
	<object>
		<name>sp22</name>
		<pose>Unspecified</pose>
		<truncated>0</truncated>
		<difficult>0</difficult>
		<bndbox>
			<xmin>1945</xmin>
			<ymin>655</ymin>
			<xmax>1996</xmax>
			<ymax>712</ymax>
		</bndbox>
	</object>
	<object>
		<name>sp22</name>
		<pose>Unspecified</pose>
		<truncated>0</truncated>
		<difficult>0</difficult>
		<bndbox>
			<xmin>1932</xmin>
			<ymin>710</ymin>
			<xmax>2006</xmax>
			<ymax>763</ymax>
		</bndbox>
	</object>
	<object>
		<name>sp22</name>
		<pose>Unspecified</pose>
		<truncated>0</truncated>
		<difficult>0</difficult>
		<bndbox>
			<xmin>2109</xmin>
			<ymin>663</ymin>
			<xmax>2185</xmax>
			<ymax>726</ymax>
		</bndbox>
	</object>
	<object>
		<name>sp22</name>
		<pose>Unspecified</pose>
		<truncated>0</truncated>
		<difficult>0</difficult>
		<bndbox>
			<xmin>22</xmin>
			<ymin>936</ymin>
			<xmax>58</xmax>
			<ymax>995</ymax>
		</bndbox>
	</object>
	<object>
		<name>sp22</name>
		<pose>Unspecified</pose>
		<truncated>0</truncated>
		<difficult>0</difficult>
		<bndbox>
			<xmin>54</xmin>
			<ymin>923</ymin>
			<xmax>124</xmax>
			<ymax>999</ymax>
		</bndbox>
	</object>
	<object>
		<name>sp22</name>
		<pose>Unspecified</pose>
		<truncated>0</truncated>
		<difficult>0</difficult>
		<bndbox>
			<xmin>66</xmin>
			<ymin>1001</ymin>
			<xmax>129</xmax>
			<ymax>1054</ymax>
		</bndbox>
	</object>
	<object>
		<name>sp22</name>
		<pose>Unspecified</pose>
		<truncated>0</truncated>
		<difficult>0</difficult>
		<bndbox>
			<xmin>64</xmin>
			<ymin>1046</ymin>
			<xmax>113</xmax>
			<ymax>1103</ymax>
		</bndbox>
	</object>
	<object>
		<name>sp22</name>
		<pose>Unspecified</pose>
		<truncated>0</truncated>
		<difficult>0</difficult>
		<bndbox>
			<xmin>113</xmin>
			<ymin>1067</ymin>
			<xmax>174</xmax>
			<ymax>1118</ymax>
		</bndbox>
	</object>
	<object>
		<name>sp22</name>
		<pose>Unspecified</pose>
		<truncated>0</truncated>
		<difficult>0</difficult>
		<bndbox>
			<xmin>100</xmin>
			<ymin>1120</ymin>
			<xmax>193</xmax>
			<ymax>1202</ymax>
		</bndbox>
	</object>
	<object>
		<name>sp22</name>
		<pose>Unspecified</pose>
		<truncated>0</truncated>
		<difficult>0</difficult>
		<bndbox>
			<xmin>149</xmin>
			<ymin>1211</ymin>
			<xmax>225</xmax>
			<ymax>1272</ymax>
		</bndbox>
	</object>
	<object>
		<name>sp22</name>
		<pose>Unspecified</pose>
		<truncated>0</truncated>
		<difficult>0</difficult>
		<bndbox>
			<xmin>195</xmin>
			<ymin>1268</ymin>
			<xmax>256</xmax>
			<ymax>1327</ymax>
		</bndbox>
	</object>
	<object>
		<name>sp22</name>
		<pose>Unspecified</pose>
		<truncated>0</truncated>
		<difficult>0</difficult>
		<bndbox>
			<xmin>64</xmin>
			<ymin>1335</ymin>
			<xmax>108</xmax>
			<ymax>1371</ymax>
		</bndbox>
	</object>
	<object>
		<name>sp22</name>
		<pose>Unspecified</pose>
		<truncated>0</truncated>
		<difficult>0</difficult>
		<bndbox>
			<xmin>140</xmin>
			<ymin>1325</ymin>
			<xmax>189</xmax>
			<ymax>1369</ymax>
		</bndbox>
	</object>
	<object>
		<name>sp22</name>
		<pose>Unspecified</pose>
		<truncated>0</truncated>
		<difficult>0</difficult>
		<bndbox>
			<xmin>271</xmin>
			<ymin>1306</ymin>
			<xmax>332</xmax>
			<ymax>1376</ymax>
		</bndbox>
	</object>
	<object>
		<name>sp22</name>
		<pose>Unspecified</pose>
		<truncated>0</truncated>
		<difficult>0</difficult>
		<bndbox>
			<xmin>147</xmin>
			<ymin>1367</ymin>
			<xmax>202</xmax>
			<ymax>1428</ymax>
		</bndbox>
	</object>
	<object>
		<name>sp22</name>
		<pose>Unspecified</pose>
		<truncated>0</truncated>
		<difficult>0</difficult>
		<bndbox>
			<xmin>54</xmin>
			<ymin>1401</ymin>
			<xmax>115</xmax>
			<ymax>1450</ymax>
		</bndbox>
	</object>
	<object>
		<name>sp22</name>
		<pose>Unspecified</pose>
		<truncated>0</truncated>
		<difficult>0</difficult>
		<bndbox>
			<xmin>47</xmin>
			<ymin>1451</ymin>
			<xmax>85</xmax>
			<ymax>1493</ymax>
		</bndbox>
	</object>
	<object>
		<name>sp22</name>
		<pose>Unspecified</pose>
		<truncated>0</truncated>
		<difficult>0</difficult>
		<bndbox>
			<xmin>87</xmin>
			<ymin>1456</ymin>
			<xmax>144</xmax>
			<ymax>1496</ymax>
		</bndbox>
	</object>
	<object>
		<name>sp22</name>
		<pose>Unspecified</pose>
		<truncated>0</truncated>
		<difficult>0</difficult>
		<bndbox>
			<xmin>66</xmin>
			<ymin>1500</ymin>
			<xmax>93</xmax>
			<ymax>1546</ymax>
		</bndbox>
	</object>
	<object>
		<name>sp22</name>
		<pose>Unspecified</pose>
		<truncated>0</truncated>
		<difficult>0</difficult>
		<bndbox>
			<xmin>92</xmin>
			<ymin>1500</ymin>
			<xmax>149</xmax>
			<ymax>1530</ymax>
		</bndbox>
	</object>
	<object>
		<name>sp22</name>
		<pose>Unspecified</pose>
		<truncated>0</truncated>
		<difficult>0</difficult>
		<bndbox>
			<xmin>90</xmin>
			<ymin>1530</ymin>
			<xmax>160</xmax>
			<ymax>1581</ymax>
		</bndbox>
	</object>
	<object>
		<name>sp22</name>
		<pose>Unspecified</pose>
		<truncated>0</truncated>
		<difficult>0</difficult>
		<bndbox>
			<xmin>189</xmin>
			<ymin>1413</ymin>
			<xmax>244</xmax>
			<ymax>1464</ymax>
		</bndbox>
	</object>
	<object>
		<name>sp22</name>
		<pose>Unspecified</pose>
		<truncated>0</truncated>
		<difficult>0</difficult>
		<bndbox>
			<xmin>197</xmin>
			<ymin>1458</ymin>
			<xmax>256</xmax>
			<ymax>1517</ymax>
		</bndbox>
	</object>
	<object>
		<name>sp22</name>
		<pose>Unspecified</pose>
		<truncated>0</truncated>
		<difficult>0</difficult>
		<bndbox>
			<xmin>208</xmin>
			<ymin>1521</ymin>
			<xmax>231</xmax>
			<ymax>1546</ymax>
		</bndbox>
	</object>
	<object>
		<name>sp22</name>
		<pose>Unspecified</pose>
		<truncated>0</truncated>
		<difficult>0</difficult>
		<bndbox>
			<xmin>229</xmin>
			<ymin>1504</ymin>
			<xmax>282</xmax>
			<ymax>1546</ymax>
		</bndbox>
	</object>
	<object>
		<name>sp22</name>
		<pose>Unspecified</pose>
		<truncated>0</truncated>
		<difficult>0</difficult>
		<bndbox>
			<xmin>206</xmin>
			<ymin>1549</ymin>
			<xmax>246</xmax>
			<ymax>1587</ymax>
		</bndbox>
	</object>
	<object>
		<name>sp22</name>
		<pose>Unspecified</pose>
		<truncated>0</truncated>
		<difficult>0</difficult>
		<bndbox>
			<xmin>242</xmin>
			<ymin>1542</ymin>
			<xmax>310</xmax>
			<ymax>1580</ymax>
		</bndbox>
	</object>
	<object>
		<name>sp22</name>
		<pose>Unspecified</pose>
		<truncated>0</truncated>
		<difficult>0</difficult>
		<bndbox>
			<xmin>206</xmin>
			<ymin>1585</ymin>
			<xmax>318</xmax>
			<ymax>1646</ymax>
		</bndbox>
	</object>
	<object>
		<name>sp22</name>
		<pose>Unspecified</pose>
		<truncated>0</truncated>
		<difficult>0</difficult>
		<bndbox>
			<xmin>227</xmin>
			<ymin>1735</ymin>
			<xmax>282</xmax>
			<ymax>1786</ymax>
		</bndbox>
	</object>
	<object>
		<name>sp22</name>
		<pose>Unspecified</pose>
		<truncated>0</truncated>
		<difficult>0</difficult>
		<bndbox>
			<xmin>208</xmin>
			<ymin>1783</ymin>
			<xmax>293</xmax>
			<ymax>1857</ymax>
		</bndbox>
	</object>
	<object>
		<name>sp22</name>
		<pose>Unspecified</pose>
		<truncated>0</truncated>
		<difficult>0</difficult>
		<bndbox>
			<xmin>445</xmin>
			<ymin>1669</ymin>
			<xmax>521</xmax>
			<ymax>1739</ymax>
		</bndbox>
	</object>
	<object>
		<name>sp22</name>
		<pose>Unspecified</pose>
		<truncated>0</truncated>
		<difficult>0</difficult>
		<bndbox>
			<xmin>516</xmin>
			<ymin>1794</ymin>
			<xmax>581</xmax>
			<ymax>1853</ymax>
		</bndbox>
	</object>
	<object>
		<name>sp22</name>
		<pose>Unspecified</pose>
		<truncated>0</truncated>
		<difficult>0</difficult>
		<bndbox>
			<xmin>480</xmin>
			<ymin>1855</ymin>
			<xmax>514</xmax>
			<ymax>1887</ymax>
		</bndbox>
	</object>
	<object>
		<name>sp22</name>
		<pose>Unspecified</pose>
		<truncated>0</truncated>
		<difficult>0</difficult>
		<bndbox>
			<xmin>339</xmin>
			<ymin>1950</ymin>
			<xmax>394</xmax>
			<ymax>2013</ymax>
		</bndbox>
	</object>
	<object>
		<name>sp22</name>
		<pose>Unspecified</pose>
		<truncated>0</truncated>
		<difficult>0</difficult>
		<bndbox>
			<xmin>299</xmin>
			<ymin>1868</ymin>
			<xmax>354</xmax>
			<ymax>1917</ymax>
		</bndbox>
	</object>
	<object>
		<name>sp22</name>
		<pose>Unspecified</pose>
		<truncated>0</truncated>
		<difficult>0</difficult>
		<bndbox>
			<xmin>320</xmin>
			<ymin>1906</ymin>
			<xmax>379</xmax>
			<ymax>1952</ymax>
		</bndbox>
	</object>
	<object>
		<name>sp22</name>
		<pose>Unspecified</pose>
		<truncated>0</truncated>
		<difficult>0</difficult>
		<bndbox>
			<xmin>540</xmin>
			<ymin>2005</ymin>
			<xmax>599</xmax>
			<ymax>2085</ymax>
		</bndbox>
	</object>
	<object>
		<name>sp22</name>
		<pose>Unspecified</pose>
		<truncated>0</truncated>
		<difficult>0</difficult>
		<bndbox>
			<xmin>656</xmin>
			<ymin>2001</ymin>
			<xmax>730</xmax>
			<ymax>2073</ymax>
		</bndbox>
	</object>
	<object>
		<name>sp22</name>
		<pose>Unspecified</pose>
		<truncated>0</truncated>
		<difficult>0</difficult>
		<bndbox>
			<xmin>643</xmin>
			<ymin>1931</ymin>
			<xmax>679</xmax>
			<ymax>1984</ymax>
		</bndbox>
	</object>
	<object>
		<name>sp22</name>
		<pose>Unspecified</pose>
		<truncated>0</truncated>
		<difficult>0</difficult>
		<bndbox>
			<xmin>573</xmin>
			<ymin>1899</ymin>
			<xmax>611</xmax>
			<ymax>1952</ymax>
		</bndbox>
	</object>
	<object>
		<name>sp22</name>
		<pose>Unspecified</pose>
		<truncated>0</truncated>
		<difficult>0</difficult>
		<bndbox>
			<xmin>599</xmin>
			<ymin>1866</ymin>
			<xmax>637</xmax>
			<ymax>1938</ymax>
		</bndbox>
	</object>
	<object>
		<name>sp22</name>
		<pose>Unspecified</pose>
		<truncated>0</truncated>
		<difficult>0</difficult>
		<bndbox>
			<xmin>635</xmin>
			<ymin>1868</ymin>
			<xmax>662</xmax>
			<ymax>1925</ymax>
		</bndbox>
	</object>
	<object>
		<name>sp22</name>
		<pose>Unspecified</pose>
		<truncated>0</truncated>
		<difficult>0</difficult>
		<bndbox>
			<xmin>654</xmin>
			<ymin>1857</ymin>
			<xmax>705</xmax>
			<ymax>1895</ymax>
		</bndbox>
	</object>
	<object>
		<name>sp22</name>
		<pose>Unspecified</pose>
		<truncated>0</truncated>
		<difficult>0</difficult>
		<bndbox>
			<xmin>664</xmin>
			<ymin>1806</ymin>
			<xmax>708</xmax>
			<ymax>1859</ymax>
		</bndbox>
	</object>
	<object>
		<name>sp22</name>
		<pose>Unspecified</pose>
		<truncated>0</truncated>
		<difficult>0</difficult>
		<bndbox>
			<xmin>704</xmin>
			<ymin>1781</ymin>
			<xmax>757</xmax>
			<ymax>1821</ymax>
		</bndbox>
	</object>
	<object>
		<name>sp22</name>
		<pose>Unspecified</pose>
		<truncated>0</truncated>
		<difficult>0</difficult>
		<bndbox>
			<xmin>711</xmin>
			<ymin>1895</ymin>
			<xmax>757</xmax>
			<ymax>1941</ymax>
		</bndbox>
	</object>
	<object>
		<name>sp22</name>
		<pose>Unspecified</pose>
		<truncated>0</truncated>
		<difficult>0</difficult>
		<bndbox>
			<xmin>780</xmin>
			<ymin>1878</ymin>
			<xmax>841</xmax>
			<ymax>1922</ymax>
		</bndbox>
	</object>
	<object>
		<name>sp22</name>
		<pose>Unspecified</pose>
		<truncated>0</truncated>
		<difficult>0</difficult>
		<bndbox>
			<xmin>799</xmin>
			<ymin>2049</ymin>
			<xmax>829</xmax>
			<ymax>2087</ymax>
		</bndbox>
	</object>
	<object>
		<name>sp22</name>
		<pose>Unspecified</pose>
		<truncated>0</truncated>
		<difficult>0</difficult>
		<bndbox>
			<xmin>812</xmin>
			<ymin>2001</ymin>
			<xmax>858</xmax>
			<ymax>2054</ymax>
		</bndbox>
	</object>
	<object>
		<name>sp22</name>
		<pose>Unspecified</pose>
		<truncated>0</truncated>
		<difficult>0</difficult>
		<bndbox>
			<xmin>861</xmin>
			<ymin>2003</ymin>
			<xmax>931</xmax>
			<ymax>2077</ymax>
		</bndbox>
	</object>
	<object>
		<name>sp22</name>
		<pose>Unspecified</pose>
		<truncated>0</truncated>
		<difficult>0</difficult>
		<bndbox>
			<xmin>848</xmin>
			<ymin>2119</ymin>
			<xmax>901</xmax>
			<ymax>2180</ymax>
		</bndbox>
	</object>
	<object>
		<name>sp22</name>
		<pose>Unspecified</pose>
		<truncated>0</truncated>
		<difficult>0</difficult>
		<bndbox>
			<xmin>895</xmin>
			<ymin>2164</ymin>
			<xmax>944</xmax>
			<ymax>2217</ymax>
		</bndbox>
	</object>
	<object>
		<name>sp22</name>
		<pose>Unspecified</pose>
		<truncated>0</truncated>
		<difficult>0</difficult>
		<bndbox>
			<xmin>802</xmin>
			<ymin>2157</ymin>
			<xmax>859</xmax>
			<ymax>2206</ymax>
		</bndbox>
	</object>
	<object>
		<name>sp22</name>
		<pose>Unspecified</pose>
		<truncated>0</truncated>
		<difficult>0</difficult>
		<bndbox>
			<xmin>778</xmin>
			<ymin>2189</ymin>
			<xmax>831</xmax>
			<ymax>2265</ymax>
		</bndbox>
	</object>
	<object>
		<name>sp22</name>
		<pose>Unspecified</pose>
		<truncated>0</truncated>
		<difficult>0</difficult>
		<bndbox>
			<xmin>721</xmin>
			<ymin>2176</ymin>
			<xmax>776</xmax>
			<ymax>2252</ymax>
		</bndbox>
	</object>
	<object>
		<name>sp22</name>
		<pose>Unspecified</pose>
		<truncated>0</truncated>
		<difficult>0</difficult>
		<bndbox>
			<xmin>1021</xmin>
			<ymin>2170</ymin>
			<xmax>1076</xmax>
			<ymax>2259</ymax>
		</bndbox>
	</object>
	<object>
		<name>sp22</name>
		<pose>Unspecified</pose>
		<truncated>0</truncated>
		<difficult>0</difficult>
		<bndbox>
			<xmin>983</xmin>
			<ymin>2178</ymin>
			<xmax>1010</xmax>
			<ymax>2210</ymax>
		</bndbox>
	</object>
	<object>
		<name>sp22</name>
		<pose>Unspecified</pose>
		<truncated>0</truncated>
		<difficult>0</difficult>
		<bndbox>
			<xmin>1163</xmin>
			<ymin>1956</ymin>
			<xmax>1212</xmax>
			<ymax>2021</ymax>
		</bndbox>
	</object>
	<object>
		<name>sp22</name>
		<pose>Unspecified</pose>
		<truncated>0</truncated>
		<difficult>0</difficult>
		<bndbox>
			<xmin>1102</xmin>
			<ymin>2104</ymin>
			<xmax>1151</xmax>
			<ymax>2180</ymax>
		</bndbox>
	</object>
	<object>
		<name>sp22</name>
		<pose>Unspecified</pose>
		<truncated>0</truncated>
		<difficult>0</difficult>
		<bndbox>
			<xmin>1332</xmin>
			<ymin>2090</ymin>
			<xmax>1410</xmax>
			<ymax>2183</ymax>
		</bndbox>
	</object>
	<object>
		<name>sp22</name>
		<pose>Unspecified</pose>
		<truncated>0</truncated>
		<difficult>0</difficult>
		<bndbox>
			<xmin>1543</xmin>
			<ymin>2094</ymin>
			<xmax>1634</xmax>
			<ymax>2159</ymax>
		</bndbox>
	</object>
	<object>
		<name>sp22</name>
		<pose>Unspecified</pose>
		<truncated>0</truncated>
		<difficult>0</difficult>
		<bndbox>
			<xmin>1613</xmin>
			<ymin>2176</ymin>
			<xmax>1672</xmax>
			<ymax>2248</ymax>
		</bndbox>
	</object>
	<object>
		<name>sp22</name>
		<pose>Unspecified</pose>
		<truncated>0</truncated>
		<difficult>0</difficult>
		<bndbox>
			<xmin>1554</xmin>
			<ymin>2168</ymin>
			<xmax>1605</xmax>
			<ymax>2246</ymax>
		</bndbox>
	</object>
	<object>
		<name>sp22</name>
		<pose>Unspecified</pose>
		<truncated>0</truncated>
		<difficult>0</difficult>
		<bndbox>
			<xmin>1266</xmin>
			<ymin>1889</ymin>
			<xmax>1327</xmax>
			<ymax>1965</ymax>
		</bndbox>
	</object>
	<object>
		<name>sp22</name>
		<pose>Unspecified</pose>
		<truncated>0</truncated>
		<difficult>0</difficult>
		<bndbox>
			<xmin>1205</xmin>
			<ymin>1842</ymin>
			<xmax>1266</xmax>
			<ymax>1903</ymax>
		</bndbox>
	</object>
	<object>
		<name>sp22</name>
		<pose>Unspecified</pose>
		<truncated>0</truncated>
		<difficult>0</difficult>
		<bndbox>
			<xmin>1002</xmin>
			<ymin>1874</ymin>
			<xmax>1082</xmax>
			<ymax>1967</ymax>
		</bndbox>
	</object>
	<object>
		<name>sp22</name>
		<pose>Unspecified</pose>
		<truncated>0</truncated>
		<difficult>0</difficult>
		<bndbox>
			<xmin>926</xmin>
			<ymin>1868</ymin>
			<xmax>953</xmax>
			<ymax>1898</ymax>
		</bndbox>
	</object>
	<object>
		<name>sp22</name>
		<pose>Unspecified</pose>
		<truncated>0</truncated>
		<difficult>0</difficult>
		<bndbox>
			<xmin>880</xmin>
			<ymin>1828</ymin>
			<xmax>950</xmax>
			<ymax>1889</ymax>
		</bndbox>
	</object>
	<object>
		<name>sp22</name>
		<pose>Unspecified</pose>
		<truncated>0</truncated>
		<difficult>0</difficult>
		<bndbox>
			<xmin>871</xmin>
			<ymin>1792</ymin>
			<xmax>924</xmax>
			<ymax>1836</ymax>
		</bndbox>
	</object>
	<object>
		<name>sp22</name>
		<pose>Unspecified</pose>
		<truncated>0</truncated>
		<difficult>0</difficult>
		<bndbox>
			<xmin>711</xmin>
			<ymin>1830</ymin>
			<xmax>764</xmax>
			<ymax>1887</ymax>
		</bndbox>
	</object>
	<object>
		<name>sp22</name>
		<pose>Unspecified</pose>
		<truncated>0</truncated>
		<difficult>0</difficult>
		<bndbox>
			<xmin>698</xmin>
			<ymin>1866</ymin>
			<xmax>730</xmax>
			<ymax>1904</ymax>
		</bndbox>
	</object>
	<object>
		<name>sp22</name>
		<pose>Unspecified</pose>
		<truncated>0</truncated>
		<difficult>0</difficult>
		<bndbox>
			<xmin>584</xmin>
			<ymin>1621</ymin>
			<xmax>666</xmax>
			<ymax>1708</ymax>
		</bndbox>
	</object>
	<object>
		<name>sp22</name>
		<pose>Unspecified</pose>
		<truncated>0</truncated>
		<difficult>0</difficult>
		<bndbox>
			<xmin>685</xmin>
			<ymin>1361</ymin>
			<xmax>759</xmax>
			<ymax>1456</ymax>
		</bndbox>
	</object>
	<object>
		<name>sp22</name>
		<pose>Unspecified</pose>
		<truncated>0</truncated>
		<difficult>0</difficult>
		<bndbox>
			<xmin>392</xmin>
			<ymin>1382</ymin>
			<xmax>472</xmax>
			<ymax>1435</ymax>
		</bndbox>
	</object>
	<object>
		<name>sp22</name>
		<pose>Unspecified</pose>
		<truncated>0</truncated>
		<difficult>0</difficult>
		<bndbox>
			<xmin>421</xmin>
			<ymin>1432</ymin>
			<xmax>470</xmax>
			<ymax>1474</ymax>
		</bndbox>
	</object>
	<object>
		<name>sp22</name>
		<pose>Unspecified</pose>
		<truncated>0</truncated>
		<difficult>0</difficult>
		<bndbox>
			<xmin>354</xmin>
			<ymin>1449</ymin>
			<xmax>407</xmax>
			<ymax>1510</ymax>
		</bndbox>
	</object>
	<object>
		<name>sp22</name>
		<pose>Unspecified</pose>
		<truncated>0</truncated>
		<difficult>0</difficult>
		<bndbox>
			<xmin>404</xmin>
			<ymin>1479</ymin>
			<xmax>440</xmax>
			<ymax>1517</ymax>
		</bndbox>
	</object>
	<object>
		<name>sp22</name>
		<pose>Unspecified</pose>
		<truncated>0</truncated>
		<difficult>0</difficult>
		<bndbox>
			<xmin>390</xmin>
			<ymin>1511</ymin>
			<xmax>441</xmax>
			<ymax>1564</ymax>
		</bndbox>
	</object>
	<object>
		<name>sp22</name>
		<pose>Unspecified</pose>
		<truncated>0</truncated>
		<difficult>0</difficult>
		<bndbox>
			<xmin>402</xmin>
			<ymin>1559</ymin>
			<xmax>459</xmax>
			<ymax>1618</ymax>
		</bndbox>
	</object>
	<object>
		<name>sp22</name>
		<pose>Unspecified</pose>
		<truncated>0</truncated>
		<difficult>0</difficult>
		<bndbox>
			<xmin>457</xmin>
			<ymin>1494</ymin>
			<xmax>497</xmax>
			<ymax>1543</ymax>
		</bndbox>
	</object>
	<object>
		<name>sp22</name>
		<pose>Unspecified</pose>
		<truncated>0</truncated>
		<difficult>0</difficult>
		<bndbox>
			<xmin>487</xmin>
			<ymin>1511</ymin>
			<xmax>538</xmax>
			<ymax>1593</ymax>
		</bndbox>
	</object>
	<object>
		<name>sp22</name>
		<pose>Unspecified</pose>
		<truncated>0</truncated>
		<difficult>0</difficult>
		<bndbox>
			<xmin>1142</xmin>
			<ymin>1743</ymin>
			<xmax>1201</xmax>
			<ymax>1808</ymax>
		</bndbox>
	</object>
	<object>
		<name>sp22</name>
		<pose>Unspecified</pose>
		<truncated>0</truncated>
		<difficult>0</difficult>
		<bndbox>
			<xmin>1235</xmin>
			<ymin>1766</ymin>
			<xmax>1303</xmax>
			<ymax>1827</ymax>
		</bndbox>
	</object>
	<object>
		<name>sp22</name>
		<pose>Unspecified</pose>
		<truncated>0</truncated>
		<difficult>0</difficult>
		<bndbox>
			<xmin>1431</xmin>
			<ymin>1718</ymin>
			<xmax>1496</xmax>
			<ymax>1779</ymax>
		</bndbox>
	</object>
	<object>
		<name>sp22</name>
		<pose>Unspecified</pose>
		<truncated>0</truncated>
		<difficult>0</difficult>
		<bndbox>
			<xmin>1509</xmin>
			<ymin>1857</ymin>
			<xmax>1583</xmax>
			<ymax>1918</ymax>
		</bndbox>
	</object>
	<object>
		<name>sp22</name>
		<pose>Unspecified</pose>
		<truncated>0</truncated>
		<difficult>0</difficult>
		<bndbox>
			<xmin>1511</xmin>
			<ymin>1745</ymin>
			<xmax>1574</xmax>
			<ymax>1821</ymax>
		</bndbox>
	</object>
	<object>
		<name>sp22</name>
		<pose>Unspecified</pose>
		<truncated>0</truncated>
		<difficult>0</difficult>
		<bndbox>
			<xmin>1583</xmin>
			<ymin>1654</ymin>
			<xmax>1665</xmax>
			<ymax>1732</ymax>
		</bndbox>
	</object>
	<object>
		<name>sp22</name>
		<pose>Unspecified</pose>
		<truncated>0</truncated>
		<difficult>0</difficult>
		<bndbox>
			<xmin>1588</xmin>
			<ymin>1800</ymin>
			<xmax>1632</xmax>
			<ymax>1865</ymax>
		</bndbox>
	</object>
	<object>
		<name>sp22</name>
		<pose>Unspecified</pose>
		<truncated>0</truncated>
		<difficult>0</difficult>
		<bndbox>
			<xmin>1623</xmin>
			<ymin>1779</ymin>
			<xmax>1667</xmax>
			<ymax>1832</ymax>
		</bndbox>
	</object>
	<object>
		<name>sp22</name>
		<pose>Unspecified</pose>
		<truncated>0</truncated>
		<difficult>0</difficult>
		<bndbox>
			<xmin>1628</xmin>
			<ymin>1842</ymin>
			<xmax>1685</xmax>
			<ymax>1886</ymax>
		</bndbox>
	</object>
	<object>
		<name>sp22</name>
		<pose>Unspecified</pose>
		<truncated>0</truncated>
		<difficult>0</difficult>
		<bndbox>
			<xmin>1761</xmin>
			<ymin>1959</ymin>
			<xmax>1812</xmax>
			<ymax>2035</ymax>
		</bndbox>
	</object>
	<object>
		<name>sp22</name>
		<pose>Unspecified</pose>
		<truncated>0</truncated>
		<difficult>0</difficult>
		<bndbox>
			<xmin>1790</xmin>
			<ymin>1921</ymin>
			<xmax>1855</xmax>
			<ymax>1980</ymax>
		</bndbox>
	</object>
	<object>
		<name>sp22</name>
		<pose>Unspecified</pose>
		<truncated>0</truncated>
		<difficult>0</difficult>
		<bndbox>
			<xmin>1850</xmin>
			<ymin>1940</ymin>
			<xmax>1915</xmax>
			<ymax>2012</ymax>
		</bndbox>
	</object>
	<object>
		<name>sp22</name>
		<pose>Unspecified</pose>
		<truncated>0</truncated>
		<difficult>0</difficult>
		<bndbox>
			<xmin>1801</xmin>
			<ymin>2020</ymin>
			<xmax>1864</xmax>
			<ymax>2094</ymax>
		</bndbox>
	</object>
	<object>
		<name>sp22</name>
		<pose>Unspecified</pose>
		<truncated>0</truncated>
		<difficult>0</difficult>
		<bndbox>
			<xmin>1989</xmin>
			<ymin>1825</ymin>
			<xmax>2038</xmax>
			<ymax>1874</ymax>
		</bndbox>
	</object>
	<object>
		<name>sp22</name>
		<pose>Unspecified</pose>
		<truncated>0</truncated>
		<difficult>0</difficult>
		<bndbox>
			<xmin>2004</xmin>
			<ymin>1781</ymin>
			<xmax>2069</xmax>
			<ymax>1827</ymax>
		</bndbox>
	</object>
	<object>
		<name>sp22</name>
		<pose>Unspecified</pose>
		<truncated>0</truncated>
		<difficult>0</difficult>
		<bndbox>
			<xmin>2010</xmin>
			<ymin>1713</ymin>
			<xmax>2101</xmax>
			<ymax>1787</ymax>
		</bndbox>
	</object>
	<object>
		<name>sp22</name>
		<pose>Unspecified</pose>
		<truncated>0</truncated>
		<difficult>0</difficult>
		<bndbox>
			<xmin>892</xmin>
			<ymin>1711</ymin>
			<xmax>949</xmax>
			<ymax>1785</ymax>
		</bndbox>
	</object>
	<object>
		<name>sp22</name>
		<pose>Unspecified</pose>
		<truncated>0</truncated>
		<difficult>0</difficult>
		<bndbox>
			<xmin>2095</xmin>
			<ymin>1608</ymin>
			<xmax>2177</xmax>
			<ymax>1671</ymax>
		</bndbox>
	</object>
	<object>
		<name>sp22</name>
		<pose>Unspecified</pose>
		<truncated>0</truncated>
		<difficult>0</difficult>
		<bndbox>
			<xmin>1850</xmin>
			<ymin>1525</ymin>
			<xmax>1909</xmax>
			<ymax>1576</ymax>
		</bndbox>
	</object>
	<object>
		<name>sp22</name>
		<pose>Unspecified</pose>
		<truncated>0</truncated>
		<difficult>0</difficult>
		<bndbox>
			<xmin>1486</xmin>
			<ymin>1515</ymin>
			<xmax>1545</xmax>
			<ymax>1574</ymax>
		</bndbox>
	</object>
	<object>
		<name>sp22</name>
		<pose>Unspecified</pose>
		<truncated>0</truncated>
		<difficult>0</difficult>
		<bndbox>
			<xmin>1473</xmin>
			<ymin>1568</ymin>
			<xmax>1532</xmax>
			<ymax>1627</ymax>
		</bndbox>
	</object>
	<object>
		<name>sp22</name>
		<pose>Unspecified</pose>
		<truncated>0</truncated>
		<difficult>0</difficult>
		<bndbox>
			<xmin>1180</xmin>
			<ymin>1460</ymin>
			<xmax>1210</xmax>
			<ymax>1496</ymax>
		</bndbox>
	</object>
	<object>
		<name>sp22</name>
		<pose>Unspecified</pose>
		<truncated>0</truncated>
		<difficult>0</difficult>
		<bndbox>
			<xmin>987</xmin>
			<ymin>1367</ymin>
			<xmax>1017</xmax>
			<ymax>1399</ymax>
		</bndbox>
	</object>
	<object>
		<name>sp22</name>
		<pose>Unspecified</pose>
		<truncated>0</truncated>
		<difficult>0</difficult>
		<bndbox>
			<xmin>1015</xmin>
			<ymin>1314</ymin>
			<xmax>1080</xmax>
			<ymax>1382</ymax>
		</bndbox>
	</object>
	<object>
		<name>sp22</name>
		<pose>Unspecified</pose>
		<truncated>0</truncated>
		<difficult>0</difficult>
		<bndbox>
			<xmin>1061</xmin>
			<ymin>1397</ymin>
			<xmax>1124</xmax>
			<ymax>1452</ymax>
		</bndbox>
	</object>
	<object>
		<name>sp22</name>
		<pose>Unspecified</pose>
		<truncated>0</truncated>
		<difficult>0</difficult>
		<bndbox>
			<xmin>833</xmin>
			<ymin>1468</ymin>
			<xmax>892</xmax>
			<ymax>1531</ymax>
		</bndbox>
	</object>
	<object>
		<name>sp22</name>
		<pose>Unspecified</pose>
		<truncated>0</truncated>
		<difficult>0</difficult>
		<bndbox>
			<xmin>878</xmin>
			<ymin>1519</ymin>
			<xmax>939</xmax>
			<ymax>1580</ymax>
		</bndbox>
	</object>
	<object>
		<name>sp22</name>
		<pose>Unspecified</pose>
		<truncated>0</truncated>
		<difficult>0</difficult>
		<bndbox>
			<xmin>852</xmin>
			<ymin>1604</ymin>
			<xmax>926</xmax>
			<ymax>1663</ymax>
		</bndbox>
	</object>
	<object>
		<name>sp22</name>
		<pose>Unspecified</pose>
		<truncated>0</truncated>
		<difficult>0</difficult>
		<bndbox>
			<xmin>1032</xmin>
			<ymin>1642</ymin>
			<xmax>1081</xmax>
			<ymax>1701</ymax>
		</bndbox>
	</object>
	<object>
		<name>sp22</name>
		<pose>Unspecified</pose>
		<truncated>0</truncated>
		<difficult>0</difficult>
		<bndbox>
			<xmin>1061</xmin>
			<ymin>1608</ymin>
			<xmax>1103</xmax>
			<ymax>1654</ymax>
		</bndbox>
	</object>
	<object>
		<name>sp22</name>
		<pose>Unspecified</pose>
		<truncated>0</truncated>
		<difficult>0</difficult>
		<bndbox>
			<xmin>1097</xmin>
			<ymin>1587</ymin>
			<xmax>1120</xmax>
			<ymax>1619</ymax>
		</bndbox>
	</object>
	<object>
		<name>sp22</name>
		<pose>Unspecified</pose>
		<truncated>0</truncated>
		<difficult>0</difficult>
		<bndbox>
			<xmin>1138</xmin>
			<ymin>1589</ymin>
			<xmax>1163</xmax>
			<ymax>1608</ymax>
		</bndbox>
	</object>
	<object>
		<name>sp22</name>
		<pose>Unspecified</pose>
		<truncated>0</truncated>
		<difficult>0</difficult>
		<bndbox>
			<xmin>1116</xmin>
			<ymin>1593</ymin>
			<xmax>1152</xmax>
			<ymax>1642</ymax>
		</bndbox>
	</object>
	<object>
		<name>sp22</name>
		<pose>Unspecified</pose>
		<truncated>0</truncated>
		<difficult>0</difficult>
		<bndbox>
			<xmin>1099</xmin>
			<ymin>1625</ymin>
			<xmax>1143</xmax>
			<ymax>1674</ymax>
		</bndbox>
	</object>
	<object>
		<name>sp22</name>
		<pose>Unspecified</pose>
		<truncated>0</truncated>
		<difficult>0</difficult>
		<bndbox>
			<xmin>1150</xmin>
			<ymin>1610</ymin>
			<xmax>1196</xmax>
			<ymax>1669</ymax>
		</bndbox>
	</object>
	<object>
		<name>sp22</name>
		<pose>Unspecified</pose>
		<truncated>0</truncated>
		<difficult>0</difficult>
		<bndbox>
			<xmin>1061</xmin>
			<ymin>1540</ymin>
			<xmax>1116</xmax>
			<ymax>1597</ymax>
		</bndbox>
	</object>
	<object>
		<name>sp22</name>
		<pose>Unspecified</pose>
		<truncated>0</truncated>
		<difficult>0</difficult>
		<bndbox>
			<xmin>1116</xmin>
			<ymin>1542</ymin>
			<xmax>1160</xmax>
			<ymax>1580</ymax>
		</bndbox>
	</object>
	<object>
		<name>sp22</name>
		<pose>Unspecified</pose>
		<truncated>0</truncated>
		<difficult>0</difficult>
		<bndbox>
			<xmin>1146</xmin>
			<ymin>1515</ymin>
			<xmax>1178</xmax>
			<ymax>1555</ymax>
		</bndbox>
	</object>
	<object>
		<name>sp22</name>
		<pose>Unspecified</pose>
		<truncated>0</truncated>
		<difficult>0</difficult>
		<bndbox>
			<xmin>1184</xmin>
			<ymin>1523</ymin>
			<xmax>1233</xmax>
			<ymax>1555</ymax>
		</bndbox>
	</object>
	<object>
		<name>sp22</name>
		<pose>Unspecified</pose>
		<truncated>0</truncated>
		<difficult>0</difficult>
		<bndbox>
			<xmin>1180</xmin>
			<ymin>1549</ymin>
			<xmax>1226</xmax>
			<ymax>1600</ymax>
		</bndbox>
	</object>
	<object>
		<name>sp22</name>
		<pose>Unspecified</pose>
		<truncated>0</truncated>
		<difficult>0</difficult>
		<bndbox>
			<xmin>1226</xmin>
			<ymin>1547</ymin>
			<xmax>1270</xmax>
			<ymax>1606</ymax>
		</bndbox>
	</object>
	<object>
		<name>sp22</name>
		<pose>Unspecified</pose>
		<truncated>0</truncated>
		<difficult>0</difficult>
		<bndbox>
			<xmin>1275</xmin>
			<ymin>1490</ymin>
			<xmax>1332</xmax>
			<ymax>1543</ymax>
		</bndbox>
	</object>
	<object>
		<name>sp22</name>
		<pose>Unspecified</pose>
		<truncated>0</truncated>
		<difficult>0</difficult>
		<bndbox>
			<xmin>1311</xmin>
			<ymin>1528</ymin>
			<xmax>1360</xmax>
			<ymax>1583</ymax>
		</bndbox>
	</object>
	<object>
		<name>sp22</name>
		<pose>Unspecified</pose>
		<truncated>0</truncated>
		<difficult>0</difficult>
		<bndbox>
			<xmin>1866</xmin>
			<ymin>1462</ymin>
			<xmax>1906</xmax>
			<ymax>1496</ymax>
		</bndbox>
	</object>
	<object>
		<name>sp22</name>
		<pose>Unspecified</pose>
		<truncated>0</truncated>
		<difficult>0</difficult>
		<bndbox>
			<xmin>2008</xmin>
			<ymin>1437</ymin>
			<xmax>2065</xmax>
			<ymax>1505</ymax>
		</bndbox>
	</object>
	<object>
		<name>sp22</name>
		<pose>Unspecified</pose>
		<truncated>0</truncated>
		<difficult>0</difficult>
		<bndbox>
			<xmin>2179</xmin>
			<ymin>1422</ymin>
			<xmax>2215</xmax>
			<ymax>1458</ymax>
		</bndbox>
	</object>
	<object>
		<name>sp22</name>
		<pose>Unspecified</pose>
		<truncated>0</truncated>
		<difficult>0</difficult>
		<bndbox>
			<xmin>2143</xmin>
			<ymin>1456</ymin>
			<xmax>2208</xmax>
			<ymax>1519</ymax>
		</bndbox>
	</object>
	<object>
		<name>sp22</name>
		<pose>Unspecified</pose>
		<truncated>0</truncated>
		<difficult>0</difficult>
		<bndbox>
			<xmin>1847</xmin>
			<ymin>1409</ymin>
			<xmax>1906</xmax>
			<ymax>1453</ymax>
		</bndbox>
	</object>
	<object>
		<name>sp22</name>
		<pose>Unspecified</pose>
		<truncated>0</truncated>
		<difficult>0</difficult>
		<bndbox>
			<xmin>1516</xmin>
			<ymin>1344</ymin>
			<xmax>1569</xmax>
			<ymax>1399</ymax>
		</bndbox>
	</object>
	<object>
		<name>sp22</name>
		<pose>Unspecified</pose>
		<truncated>0</truncated>
		<difficult>0</difficult>
		<bndbox>
			<xmin>1473</xmin>
			<ymin>1405</ymin>
			<xmax>1551</xmax>
			<ymax>1466</ymax>
		</bndbox>
	</object>
	<object>
		<name>sp22</name>
		<pose>Unspecified</pose>
		<truncated>0</truncated>
		<difficult>0</difficult>
		<bndbox>
			<xmin>540</xmin>
			<ymin>1162</ymin>
			<xmax>599</xmax>
			<ymax>1240</ymax>
		</bndbox>
	</object>
	<object>
		<name>sp22</name>
		<pose>Unspecified</pose>
		<truncated>0</truncated>
		<difficult>0</difficult>
		<bndbox>
			<xmin>601</xmin>
			<ymin>1225</ymin>
			<xmax>660</xmax>
			<ymax>1286</ymax>
		</bndbox>
	</object>
	<object>
		<name>sp22</name>
		<pose>Unspecified</pose>
		<truncated>0</truncated>
		<difficult>0</difficult>
		<bndbox>
			<xmin>713</xmin>
			<ymin>1120</ymin>
			<xmax>772</xmax>
			<ymax>1190</ymax>
		</bndbox>
	</object>
	<object>
		<name>sp22</name>
		<pose>Unspecified</pose>
		<truncated>0</truncated>
		<difficult>0</difficult>
		<bndbox>
			<xmin>772</xmin>
			<ymin>1137</ymin>
			<xmax>825</xmax>
			<ymax>1198</ymax>
		</bndbox>
	</object>
	<object>
		<name>sp22</name>
		<pose>Unspecified</pose>
		<truncated>0</truncated>
		<difficult>0</difficult>
		<bndbox>
			<xmin>728</xmin>
			<ymin>1194</ymin>
			<xmax>787</xmax>
			<ymax>1253</ymax>
		</bndbox>
	</object>
	<object>
		<name>sp22</name>
		<pose>Unspecified</pose>
		<truncated>0</truncated>
		<difficult>0</difficult>
		<bndbox>
			<xmin>829</xmin>
			<ymin>1162</ymin>
			<xmax>890</xmax>
			<ymax>1236</ymax>
		</bndbox>
	</object>
	<object>
		<name>sp22</name>
		<pose>Unspecified</pose>
		<truncated>0</truncated>
		<difficult>0</difficult>
		<bndbox>
			<xmin>973</xmin>
			<ymin>1031</ymin>
			<xmax>1015</xmax>
			<ymax>1086</ymax>
		</bndbox>
	</object>
	<object>
		<name>sp22</name>
		<pose>Unspecified</pose>
		<truncated>0</truncated>
		<difficult>0</difficult>
		<bndbox>
			<xmin>1017</xmin>
			<ymin>1027</ymin>
			<xmax>1072</xmax>
			<ymax>1101</ymax>
		</bndbox>
	</object>
	<object>
		<name>sp22</name>
		<pose>Unspecified</pose>
		<truncated>0</truncated>
		<difficult>0</difficult>
		<bndbox>
			<xmin>1704</xmin>
			<ymin>763</ymin>
			<xmax>1765</xmax>
			<ymax>852</ymax>
		</bndbox>
	</object>
	<object>
		<name>sp22</name>
		<pose>Unspecified</pose>
		<truncated>0</truncated>
		<difficult>0</difficult>
		<bndbox>
			<xmin>1167</xmin>
			<ymin>921</ymin>
			<xmax>1243</xmax>
			<ymax>993</ymax>
		</bndbox>
	</object>
	<object>
		<name>sp22</name>
		<pose>Unspecified</pose>
		<truncated>0</truncated>
		<difficult>0</difficult>
		<bndbox>
			<xmin>1146</xmin>
			<ymin>982</ymin>
			<xmax>1207</xmax>
			<ymax>1039</ymax>
		</bndbox>
	</object>
	<object>
		<name>sp22</name>
		<pose>Unspecified</pose>
		<truncated>0</truncated>
		<difficult>0</difficult>
		<bndbox>
			<xmin>1245</xmin>
			<ymin>1088</ymin>
			<xmax>1294</xmax>
			<ymax>1158</ymax>
		</bndbox>
	</object>
	<object>
		<name>sp22</name>
		<pose>Unspecified</pose>
		<truncated>0</truncated>
		<difficult>0</difficult>
		<bndbox>
			<xmin>1184</xmin>
			<ymin>1065</ymin>
			<xmax>1228</xmax>
			<ymax>1137</ymax>
		</bndbox>
	</object>
	<object>
		<name>sp22</name>
		<pose>Unspecified</pose>
		<truncated>0</truncated>
		<difficult>0</difficult>
		<bndbox>
			<xmin>1142</xmin>
			<ymin>1050</ymin>
			<xmax>1186</xmax>
			<ymax>1103</ymax>
		</bndbox>
	</object>
	<object>
		<name>sp22</name>
		<pose>Unspecified</pose>
		<truncated>0</truncated>
		<difficult>0</difficult>
		<bndbox>
			<xmin>1085</xmin>
			<ymin>1086</ymin>
			<xmax>1127</xmax>
			<ymax>1147</ymax>
		</bndbox>
	</object>
	<object>
		<name>sp22</name>
		<pose>Unspecified</pose>
		<truncated>0</truncated>
		<difficult>0</difficult>
		<bndbox>
			<xmin>1114</xmin>
			<ymin>1149</ymin>
			<xmax>1167</xmax>
			<ymax>1206</ymax>
		</bndbox>
	</object>
	<object>
		<name>sp22</name>
		<pose>Unspecified</pose>
		<truncated>0</truncated>
		<difficult>0</difficult>
		<bndbox>
			<xmin>1049</xmin>
			<ymin>1196</ymin>
			<xmax>1112</xmax>
			<ymax>1259</ymax>
		</bndbox>
	</object>
	<object>
		<name>sp22</name>
		<pose>Unspecified</pose>
		<truncated>0</truncated>
		<difficult>0</difficult>
		<bndbox>
			<xmin>1879</xmin>
			<ymin>809</ymin>
			<xmax>1940</xmax>
			<ymax>891</ymax>
		</bndbox>
	</object>
	<object>
		<name>sp22</name>
		<pose>Unspecified</pose>
		<truncated>0</truncated>
		<difficult>0</difficult>
		<bndbox>
			<xmin>1938</xmin>
			<ymin>788</ymin>
			<xmax>1999</xmax>
			<ymax>870</ymax>
		</bndbox>
	</object>
	<object>
		<name>sp22</name>
		<pose>Unspecified</pose>
		<truncated>0</truncated>
		<difficult>0</difficult>
		<bndbox>
			<xmin>2006</xmin>
			<ymin>794</ymin>
			<xmax>2067</xmax>
			<ymax>855</ymax>
		</bndbox>
	</object>
	<object>
		<name>sp22</name>
		<pose>Unspecified</pose>
		<truncated>0</truncated>
		<difficult>0</difficult>
		<bndbox>
			<xmin>2080</xmin>
			<ymin>737</ymin>
			<xmax>2124</xmax>
			<ymax>796</ymax>
		</bndbox>
	</object>
	<object>
		<name>sp22</name>
		<pose>Unspecified</pose>
		<truncated>0</truncated>
		<difficult>0</difficult>
		<bndbox>
			<xmin>2124</xmin>
			<ymin>739</ymin>
			<xmax>2156</xmax>
			<ymax>788</ymax>
		</bndbox>
	</object>
	<object>
		<name>sp22</name>
		<pose>Unspecified</pose>
		<truncated>0</truncated>
		<difficult>0</difficult>
		<bndbox>
			<xmin>2156</xmin>
			<ymin>727</ymin>
			<xmax>2217</xmax>
			<ymax>792</ymax>
		</bndbox>
	</object>
	<object>
		<name>sp22</name>
		<pose>Unspecified</pose>
		<truncated>0</truncated>
		<difficult>0</difficult>
		<bndbox>
			<xmin>2126</xmin>
			<ymin>786</ymin>
			<xmax>2194</xmax>
			<ymax>845</ymax>
		</bndbox>
	</object>
	<object>
		<name>sp22</name>
		<pose>Unspecified</pose>
		<truncated>0</truncated>
		<difficult>0</difficult>
		<bndbox>
			<xmin>2004</xmin>
			<ymin>915</ymin>
			<xmax>2067</xmax>
			<ymax>972</ymax>
		</bndbox>
	</object>
	<object>
		<name>sp22</name>
		<pose>Unspecified</pose>
		<truncated>0</truncated>
		<difficult>0</difficult>
		<bndbox>
			<xmin>2145</xmin>
			<ymin>885</ymin>
			<xmax>2206</xmax>
			<ymax>942</ymax>
		</bndbox>
	</object>
	<object>
		<name>sp22</name>
		<pose>Unspecified</pose>
		<truncated>0</truncated>
		<difficult>0</difficult>
		<bndbox>
			<xmin>2181</xmin>
			<ymin>928</ymin>
			<xmax>2261</xmax>
			<ymax>1000</ymax>
		</bndbox>
	</object>
	<object>
		<name>sp22</name>
		<pose>Unspecified</pose>
		<truncated>0</truncated>
		<difficult>0</difficult>
		<bndbox>
			<xmin>2114</xmin>
			<ymin>1035</ymin>
			<xmax>2182</xmax>
			<ymax>1109</ymax>
		</bndbox>
	</object>
	<object>
		<name>sp22</name>
		<pose>Unspecified</pose>
		<truncated>0</truncated>
		<difficult>0</difficult>
		<bndbox>
			<xmin>2217</xmin>
			<ymin>1113</ymin>
			<xmax>2270</xmax>
			<ymax>1174</ymax>
		</bndbox>
	</object>
	<object>
		<name>sp22</name>
		<pose>Unspecified</pose>
		<truncated>0</truncated>
		<difficult>0</difficult>
		<bndbox>
			<xmin>2169</xmin>
			<ymin>1154</ymin>
			<xmax>2228</xmax>
			<ymax>1211</ymax>
		</bndbox>
	</object>
	<object>
		<name>sp22</name>
		<pose>Unspecified</pose>
		<truncated>0</truncated>
		<difficult>0</difficult>
		<bndbox>
			<xmin>1968</xmin>
			<ymin>1067</ymin>
			<xmax>2038</xmax>
			<ymax>1137</ymax>
		</bndbox>
	</object>
	<object>
		<name>sp22</name>
		<pose>Unspecified</pose>
		<truncated>0</truncated>
		<difficult>0</difficult>
		<bndbox>
			<xmin>1864</xmin>
			<ymin>1080</ymin>
			<xmax>1923</xmax>
			<ymax>1148</ymax>
		</bndbox>
	</object>
	<object>
		<name>sp22</name>
		<pose>Unspecified</pose>
		<truncated>0</truncated>
		<difficult>0</difficult>
		<bndbox>
			<xmin>1716</xmin>
			<ymin>1048</ymin>
			<xmax>1754</xmax>
			<ymax>1088</ymax>
		</bndbox>
	</object>
	<object>
		<name>sp22</name>
		<pose>Unspecified</pose>
		<truncated>0</truncated>
		<difficult>0</difficult>
		<bndbox>
			<xmin>1657</xmin>
			<ymin>991</ymin>
			<xmax>1725</xmax>
			<ymax>1059</ymax>
		</bndbox>
	</object>
	<object>
		<name>sp22</name>
		<pose>Unspecified</pose>
		<truncated>0</truncated>
		<difficult>0</difficult>
		<bndbox>
			<xmin>1575</xmin>
			<ymin>1084</ymin>
			<xmax>1638</xmax>
			<ymax>1158</ymax>
		</bndbox>
	</object>
	<object>
		<name>sp22</name>
		<pose>Unspecified</pose>
		<truncated>0</truncated>
		<difficult>0</difficult>
		<bndbox>
			<xmin>1636</xmin>
			<ymin>1147</ymin>
			<xmax>1672</xmax>
			<ymax>1204</ymax>
		</bndbox>
	</object>
	<object>
		<name>sp22</name>
		<pose>Unspecified</pose>
		<truncated>0</truncated>
		<difficult>0</difficult>
		<bndbox>
			<xmin>1535</xmin>
			<ymin>1137</ymin>
			<xmax>1594</xmax>
			<ymax>1209</ymax>
		</bndbox>
	</object>
	<object>
		<name>sp22</name>
		<pose>Unspecified</pose>
		<truncated>0</truncated>
		<difficult>0</difficult>
		<bndbox>
			<xmin>1478</xmin>
			<ymin>1198</ymin>
			<xmax>1546</xmax>
			<ymax>1270</ymax>
		</bndbox>
	</object>
	<object>
		<name>sp22</name>
		<pose>Unspecified</pose>
		<truncated>0</truncated>
		<difficult>0</difficult>
		<bndbox>
			<xmin>1421</xmin>
			<ymin>1225</ymin>
			<xmax>1480</xmax>
			<ymax>1276</ymax>
		</bndbox>
	</object>
	<object>
		<name>sp22</name>
		<pose>Unspecified</pose>
		<truncated>0</truncated>
		<difficult>0</difficult>
		<bndbox>
			<xmin>1431</xmin>
			<ymin>1291</ymin>
			<xmax>1484</xmax>
			<ymax>1340</ymax>
		</bndbox>
	</object>
	<object>
		<name>sp22</name>
		<pose>Unspecified</pose>
		<truncated>0</truncated>
		<difficult>0</difficult>
		<bndbox>
			<xmin>1480</xmin>
			<ymin>1278</ymin>
			<xmax>1537</xmax>
			<ymax>1327</ymax>
		</bndbox>
	</object>
	<object>
		<name>sp22</name>
		<pose>Unspecified</pose>
		<truncated>0</truncated>
		<difficult>0</difficult>
		<bndbox>
			<xmin>1433</xmin>
			<ymin>1340</ymin>
			<xmax>1486</xmax>
			<ymax>1389</ymax>
		</bndbox>
	</object>
	<object>
		<name>sp22</name>
		<pose>Unspecified</pose>
		<truncated>0</truncated>
		<difficult>0</difficult>
		<bndbox>
			<xmin>1763</xmin>
			<ymin>1190</ymin>
			<xmax>1820</xmax>
			<ymax>1247</ymax>
		</bndbox>
	</object>
	<object>
		<name>sp22</name>
		<pose>Unspecified</pose>
		<truncated>0</truncated>
		<difficult>0</difficult>
		<bndbox>
			<xmin>1845</xmin>
			<ymin>1225</ymin>
			<xmax>1896</xmax>
			<ymax>1278</ymax>
		</bndbox>
	</object>
	<object>
		<name>sp22</name>
		<pose>Unspecified</pose>
		<truncated>0</truncated>
		<difficult>0</difficult>
		<bndbox>
			<xmin>2209</xmin>
			<ymin>1244</ymin>
			<xmax>2279</xmax>
			<ymax>1299</ymax>
		</bndbox>
	</object>
	<object>
		<name>sp22</name>
		<pose>Unspecified</pose>
		<truncated>0</truncated>
		<difficult>0</difficult>
		<bndbox>
			<xmin>2192</xmin>
			<ymin>1325</ymin>
			<xmax>2260</xmax>
			<ymax>1380</ymax>
		</bndbox>
	</object>
	<object>
		<name>sp22</name>
		<pose>Unspecified</pose>
		<truncated>0</truncated>
		<difficult>0</difficult>
		<bndbox>
			<xmin>2143</xmin>
			<ymin>1348</ymin>
			<xmax>2198</xmax>
			<ymax>1401</ymax>
		</bndbox>
	</object>
	<object>
		<name>sp22</name>
		<pose>Unspecified</pose>
		<truncated>0</truncated>
		<difficult>0</difficult>
		<bndbox>
			<xmin>1779</xmin>
			<ymin>1246</ymin>
			<xmax>1835</xmax>
			<ymax>1288</ymax>
		</bndbox>
	</object>
	<object>
		<name>sp22</name>
		<pose>Unspecified</pose>
		<truncated>0</truncated>
		<difficult>0</difficult>
		<bndbox>
			<xmin>1779</xmin>
			<ymin>1288</ymin>
			<xmax>1816</xmax>
			<ymax>1323</ymax>
		</bndbox>
	</object>
	<object>
		<name>sp22</name>
		<pose>Unspecified</pose>
		<truncated>0</truncated>
		<difficult>0</difficult>
		<bndbox>
			<xmin>1771</xmin>
			<ymin>1320</ymin>
			<xmax>1819</xmax>
			<ymax>1373</ymax>
		</bndbox>
	</object>
	<object>
		<name>sp22</name>
		<pose>Unspecified</pose>
		<truncated>0</truncated>
		<difficult>0</difficult>
		<bndbox>
			<xmin>1833</xmin>
			<ymin>1328</ymin>
			<xmax>1860</xmax>
			<ymax>1362</ymax>
		</bndbox>
	</object>
	<object>
		<name>sp22</name>
		<pose>Unspecified</pose>
		<truncated>0</truncated>
		<difficult>0</difficult>
		<bndbox>
			<xmin>1855</xmin>
			<ymin>1344</ymin>
			<xmax>1908</xmax>
			<ymax>1392</ymax>
		</bndbox>
	</object>
	<object>
		<name>sp22</name>
		<pose>Unspecified</pose>
		<truncated>0</truncated>
		<difficult>0</difficult>
		<bndbox>
			<xmin>1847</xmin>
			<ymin>1293</ymin>
			<xmax>1910</xmax>
			<ymax>1341</ymax>
		</bndbox>
	</object>
	<object>
		<name>sp22</name>
		<pose>Unspecified</pose>
		<truncated>0</truncated>
		<difficult>0</difficult>
		<bndbox>
			<xmin>1293</xmin>
			<ymin>2316</ymin>
			<xmax>1367</xmax>
			<ymax>2377</ymax>
		</bndbox>
	</object>
</annotation>