<annotation>
	<folder>my-project-name</folder>
	<filename>sp22_img08.jpg</filename>
	<path>/my-project-name/sp22_img08.jpg</path>
	<source>
		<database>Unspecified</database>
	</source>
	<size>
		<width>2361</width>
		<height>2373</height>
		<depth>3</depth>
	</size>
	<object>
		<name>sp22</name>
		<pose>Unspecified</pose>
		<truncated>0</truncated>
		<difficult>0</difficult>
		<bndbox>
			<xmin>2312</xmin>
			<ymin>1145</ymin>
			<xmax>2361</xmax>
			<ymax>1219</ymax>
		</bndbox>
	</object>
	<object>
		<name>sp22</name>
		<pose>Unspecified</pose>
		<truncated>0</truncated>
		<difficult>0</difficult>
		<bndbox>
			<xmin>2288</xmin>
			<ymin>1245</ymin>
			<xmax>2361</xmax>
			<ymax>1305</ymax>
		</bndbox>
	</object>
	<object>
		<name>sp22</name>
		<pose>Unspecified</pose>
		<truncated>0</truncated>
		<difficult>0</difficult>
		<bndbox>
			<xmin>2318</xmin>
			<ymin>1312</ymin>
			<xmax>2361</xmax>
			<ymax>1372</ymax>
		</bndbox>
	</object>
	<object>
		<name>sp22</name>
		<pose>Unspecified</pose>
		<truncated>0</truncated>
		<difficult>0</difficult>
		<bndbox>
			<xmin>2248</xmin>
			<ymin>1383</ymin>
			<xmax>2342</xmax>
			<ymax>1443</ymax>
		</bndbox>
	</object>
	<object>
		<name>sp22</name>
		<pose>Unspecified</pose>
		<truncated>0</truncated>
		<difficult>0</difficult>
		<bndbox>
			<xmin>2144</xmin>
			<ymin>1205</ymin>
			<xmax>2238</xmax>
			<ymax>1302</ymax>
		</bndbox>
	</object>
	<object>
		<name>sp22</name>
		<pose>Unspecified</pose>
		<truncated>0</truncated>
		<difficult>0</difficult>
		<bndbox>
			<xmin>2073</xmin>
			<ymin>866</ymin>
			<xmax>2174</xmax>
			<ymax>990</ymax>
		</bndbox>
	</object>
	<object>
		<name>sp22</name>
		<pose>Unspecified</pose>
		<truncated>0</truncated>
		<difficult>0</difficult>
		<bndbox>
			<xmin>1892</xmin>
			<ymin>900</ymin>
			<xmax>1979</xmax>
			<ymax>967</ymax>
		</bndbox>
	</object>
	<object>
		<name>sp22</name>
		<pose>Unspecified</pose>
		<truncated>0</truncated>
		<difficult>0</difficult>
		<bndbox>
			<xmin>1805</xmin>
			<ymin>618</ymin>
			<xmax>1946</xmax>
			<ymax>759</ymax>
		</bndbox>
	</object>
	<object>
		<name>sp22</name>
		<pose>Unspecified</pose>
		<truncated>0</truncated>
		<difficult>0</difficult>
		<bndbox>
			<xmin>1587</xmin>
			<ymin>534</ymin>
			<xmax>1684</xmax>
			<ymax>645</ymax>
		</bndbox>
	</object>
	<object>
		<name>sp22</name>
		<pose>Unspecified</pose>
		<truncated>0</truncated>
		<difficult>0</difficult>
		<bndbox>
			<xmin>1721</xmin>
			<ymin>346</ymin>
			<xmax>1805</xmax>
			<ymax>443</ymax>
		</bndbox>
	</object>
	<object>
		<name>sp22</name>
		<pose>Unspecified</pose>
		<truncated>0</truncated>
		<difficult>0</difficult>
		<bndbox>
			<xmin>1748</xmin>
			<ymin>275</ymin>
			<xmax>1802</xmax>
			<ymax>335</ymax>
		</bndbox>
	</object>
	<object>
		<name>sp22</name>
		<pose>Unspecified</pose>
		<truncated>0</truncated>
		<difficult>0</difficult>
		<bndbox>
			<xmin>1681</xmin>
			<ymin>201</ymin>
			<xmax>1751</xmax>
			<ymax>288</ymax>
		</bndbox>
	</object>
	<object>
		<name>sp22</name>
		<pose>Unspecified</pose>
		<truncated>0</truncated>
		<difficult>0</difficult>
		<bndbox>
			<xmin>1526</xmin>
			<ymin>131</ymin>
			<xmax>1613</xmax>
			<ymax>242</ymax>
		</bndbox>
	</object>
	<object>
		<name>sp22</name>
		<pose>Unspecified</pose>
		<truncated>0</truncated>
		<difficult>0</difficult>
		<bndbox>
			<xmin>1550</xmin>
			<ymin>346</ymin>
			<xmax>1637</xmax>
			<ymax>413</ymax>
		</bndbox>
	</object>
	<object>
		<name>sp22</name>
		<pose>Unspecified</pose>
		<truncated>0</truncated>
		<difficult>0</difficult>
		<bndbox>
			<xmin>1473</xmin>
			<ymin>591</ymin>
			<xmax>1540</xmax>
			<ymax>648</ymax>
		</bndbox>
	</object>
	<object>
		<name>sp22</name>
		<pose>Unspecified</pose>
		<truncated>0</truncated>
		<difficult>0</difficult>
		<bndbox>
			<xmin>1513</xmin>
			<ymin>641</ymin>
			<xmax>1580</xmax>
			<ymax>718</ymax>
		</bndbox>
	</object>
	<object>
		<name>sp22</name>
		<pose>Unspecified</pose>
		<truncated>0</truncated>
		<difficult>0</difficult>
		<bndbox>
			<xmin>1412</xmin>
			<ymin>742</ymin>
			<xmax>1496</xmax>
			<ymax>826</ymax>
		</bndbox>
	</object>
	<object>
		<name>sp22</name>
		<pose>Unspecified</pose>
		<truncated>0</truncated>
		<difficult>0</difficult>
		<bndbox>
			<xmin>1607</xmin>
			<ymin>1044</ymin>
			<xmax>1677</xmax>
			<ymax>1135</ymax>
		</bndbox>
	</object>
	<object>
		<name>sp22</name>
		<pose>Unspecified</pose>
		<truncated>0</truncated>
		<difficult>0</difficult>
		<bndbox>
			<xmin>1372</xmin>
			<ymin>1010</ymin>
			<xmax>1449</xmax>
			<ymax>1084</ymax>
		</bndbox>
	</object>
	<object>
		<name>sp22</name>
		<pose>Unspecified</pose>
		<truncated>0</truncated>
		<difficult>0</difficult>
		<bndbox>
			<xmin>1298</xmin>
			<ymin>1037</ymin>
			<xmax>1348</xmax>
			<ymax>1107</ymax>
		</bndbox>
	</object>
	<object>
		<name>sp22</name>
		<pose>Unspecified</pose>
		<truncated>0</truncated>
		<difficult>0</difficult>
		<bndbox>
			<xmin>1704</xmin>
			<ymin>1339</ymin>
			<xmax>1781</xmax>
			<ymax>1413</ymax>
		</bndbox>
	</object>
	<object>
		<name>sp22</name>
		<pose>Unspecified</pose>
		<truncated>0</truncated>
		<difficult>0</difficult>
		<bndbox>
			<xmin>1654</xmin>
			<ymin>1393</ymin>
			<xmax>1708</xmax>
			<ymax>1453</ymax>
		</bndbox>
	</object>
	<object>
		<name>sp22</name>
		<pose>Unspecified</pose>
		<truncated>0</truncated>
		<difficult>0</difficult>
		<bndbox>
			<xmin>1560</xmin>
			<ymin>1440</ymin>
			<xmax>1630</xmax>
			<ymax>1484</ymax>
		</bndbox>
	</object>
	<object>
		<name>sp22</name>
		<pose>Unspecified</pose>
		<truncated>0</truncated>
		<difficult>0</difficult>
		<bndbox>
			<xmin>1570</xmin>
			<ymin>1487</ymin>
			<xmax>1624</xmax>
			<ymax>1541</ymax>
		</bndbox>
	</object>
	<object>
		<name>sp22</name>
		<pose>Unspecified</pose>
		<truncated>0</truncated>
		<difficult>0</difficult>
		<bndbox>
			<xmin>1530</xmin>
			<ymin>1353</ymin>
			<xmax>1584</xmax>
			<ymax>1410</ymax>
		</bndbox>
	</object>
	<object>
		<name>sp22</name>
		<pose>Unspecified</pose>
		<truncated>0</truncated>
		<difficult>0</difficult>
		<bndbox>
			<xmin>1513</xmin>
			<ymin>1249</ymin>
			<xmax>1594</xmax>
			<ymax>1336</ymax>
		</bndbox>
	</object>
	<object>
		<name>sp22</name>
		<pose>Unspecified</pose>
		<truncated>0</truncated>
		<difficult>0</difficult>
		<bndbox>
			<xmin>1469</xmin>
			<ymin>1145</ymin>
			<xmax>1529</xmax>
			<ymax>1215</ymax>
		</bndbox>
	</object>
	<object>
		<name>sp22</name>
		<pose>Unspecified</pose>
		<truncated>0</truncated>
		<difficult>0</difficult>
		<bndbox>
			<xmin>1436</xmin>
			<ymin>1121</ymin>
			<xmax>1480</xmax>
			<ymax>1178</ymax>
		</bndbox>
	</object>
	<object>
		<name>sp22</name>
		<pose>Unspecified</pose>
		<truncated>0</truncated>
		<difficult>0</difficult>
		<bndbox>
			<xmin>2023</xmin>
			<ymin>1806</ymin>
			<xmax>2110</xmax>
			<ymax>1876</ymax>
		</bndbox>
	</object>
	<object>
		<name>sp22</name>
		<pose>Unspecified</pose>
		<truncated>0</truncated>
		<difficult>0</difficult>
		<bndbox>
			<xmin>1667</xmin>
			<ymin>1674</ymin>
			<xmax>1730</xmax>
			<ymax>1733</ymax>
		</bndbox>
	</object>
	<object>
		<name>sp22</name>
		<pose>Unspecified</pose>
		<truncated>0</truncated>
		<difficult>0</difficult>
		<bndbox>
			<xmin>1566</xmin>
			<ymin>1710</ymin>
			<xmax>1637</xmax>
			<ymax>1775</ymax>
		</bndbox>
	</object>
	<object>
		<name>sp22</name>
		<pose>Unspecified</pose>
		<truncated>0</truncated>
		<difficult>0</difficult>
		<bndbox>
			<xmin>1583</xmin>
			<ymin>1783</ymin>
			<xmax>1650</xmax>
			<ymax>1859</ymax>
		</bndbox>
	</object>
	<object>
		<name>sp22</name>
		<pose>Unspecified</pose>
		<truncated>0</truncated>
		<difficult>0</difficult>
		<bndbox>
			<xmin>1478</xmin>
			<ymin>1798</ymin>
			<xmax>1549</xmax>
			<ymax>1878</ymax>
		</bndbox>
	</object>
	<object>
		<name>sp22</name>
		<pose>Unspecified</pose>
		<truncated>0</truncated>
		<difficult>0</difficult>
		<bndbox>
			<xmin>1380</xmin>
			<ymin>1580</ymin>
			<xmax>1456</xmax>
			<ymax>1658</ymax>
		</bndbox>
	</object>
	<object>
		<name>sp22</name>
		<pose>Unspecified</pose>
		<truncated>0</truncated>
		<difficult>0</difficult>
		<bndbox>
			<xmin>1392</xmin>
			<ymin>1441</ymin>
			<xmax>1434</xmax>
			<ymax>1512</ymax>
		</bndbox>
	</object>
	<object>
		<name>sp22</name>
		<pose>Unspecified</pose>
		<truncated>0</truncated>
		<difficult>0</difficult>
		<bndbox>
			<xmin>1344</xmin>
			<ymin>1351</ymin>
			<xmax>1392</xmax>
			<ymax>1403</ymax>
		</bndbox>
	</object>
	<object>
		<name>sp22</name>
		<pose>Unspecified</pose>
		<truncated>0</truncated>
		<difficult>0</difficult>
		<bndbox>
			<xmin>1294</xmin>
			<ymin>1303</ymin>
			<xmax>1349</xmax>
			<ymax>1362</ymax>
		</bndbox>
	</object>
	<object>
		<name>sp22</name>
		<pose>Unspecified</pose>
		<truncated>0</truncated>
		<difficult>0</difficult>
		<bndbox>
			<xmin>1264</xmin>
			<ymin>1353</ymin>
			<xmax>1310</xmax>
			<ymax>1408</ymax>
		</bndbox>
	</object>
	<object>
		<name>sp22</name>
		<pose>Unspecified</pose>
		<truncated>0</truncated>
		<difficult>0</difficult>
		<bndbox>
			<xmin>1206</xmin>
			<ymin>1429</ymin>
			<xmax>1250</xmax>
			<ymax>1479</ymax>
		</bndbox>
	</object>
	<object>
		<name>sp22</name>
		<pose>Unspecified</pose>
		<truncated>0</truncated>
		<difficult>0</difficult>
		<bndbox>
			<xmin>1235</xmin>
			<ymin>1475</ymin>
			<xmax>1285</xmax>
			<ymax>1540</ymax>
		</bndbox>
	</object>
	<object>
		<name>sp22</name>
		<pose>Unspecified</pose>
		<truncated>0</truncated>
		<difficult>0</difficult>
		<bndbox>
			<xmin>1254</xmin>
			<ymin>1418</ymin>
			<xmax>1315</xmax>
			<ymax>1475</ymax>
		</bndbox>
	</object>
	<object>
		<name>sp22</name>
		<pose>Unspecified</pose>
		<truncated>0</truncated>
		<difficult>0</difficult>
		<bndbox>
			<xmin>1306</xmin>
			<ymin>1439</ymin>
			<xmax>1358</xmax>
			<ymax>1515</ymax>
		</bndbox>
	</object>
	<object>
		<name>sp22</name>
		<pose>Unspecified</pose>
		<truncated>0</truncated>
		<difficult>0</difficult>
		<bndbox>
			<xmin>1346</xmin>
			<ymin>1886</ymin>
			<xmax>1382</xmax>
			<ymax>1943</ymax>
		</bndbox>
	</object>
	<object>
		<name>sp22</name>
		<pose>Unspecified</pose>
		<truncated>0</truncated>
		<difficult>0</difficult>
		<bndbox>
			<xmin>1384</xmin>
			<ymin>1865</ymin>
			<xmax>1447</xmax>
			<ymax>1932</ymax>
		</bndbox>
	</object>
	<object>
		<name>sp22</name>
		<pose>Unspecified</pose>
		<truncated>0</truncated>
		<difficult>0</difficult>
		<bndbox>
			<xmin>1415</xmin>
			<ymin>1934</ymin>
			<xmax>1472</xmax>
			<ymax>1982</ymax>
		</bndbox>
	</object>
	<object>
		<name>sp22</name>
		<pose>Unspecified</pose>
		<truncated>0</truncated>
		<difficult>0</difficult>
		<bndbox>
			<xmin>1443</xmin>
			<ymin>2020</ymin>
			<xmax>1479</xmax>
			<ymax>2068</ymax>
		</bndbox>
	</object>
	<object>
		<name>sp22</name>
		<pose>Unspecified</pose>
		<truncated>0</truncated>
		<difficult>0</difficult>
		<bndbox>
			<xmin>1384</xmin>
			<ymin>2018</ymin>
			<xmax>1441</xmax>
			<ymax>2098</ymax>
		</bndbox>
	</object>
	<object>
		<name>sp22</name>
		<pose>Unspecified</pose>
		<truncated>0</truncated>
		<difficult>0</difficult>
		<bndbox>
			<xmin>2089</xmin>
			<ymin>1884</ymin>
			<xmax>2131</xmax>
			<ymax>1930</ymax>
		</bndbox>
	</object>
	<object>
		<name>sp22</name>
		<pose>Unspecified</pose>
		<truncated>0</truncated>
		<difficult>0</difficult>
		<bndbox>
			<xmin>2026</xmin>
			<ymin>1932</ymin>
			<xmax>2085</xmax>
			<ymax>1989</ymax>
		</bndbox>
	</object>
	<object>
		<name>sp22</name>
		<pose>Unspecified</pose>
		<truncated>0</truncated>
		<difficult>0</difficult>
		<bndbox>
			<xmin>1873</xmin>
			<ymin>2100</ymin>
			<xmax>1913</xmax>
			<ymax>2155</ymax>
		</bndbox>
	</object>
	<object>
		<name>sp22</name>
		<pose>Unspecified</pose>
		<truncated>0</truncated>
		<difficult>0</difficult>
		<bndbox>
			<xmin>1843</xmin>
			<ymin>1919</ymin>
			<xmax>1902</xmax>
			<ymax>1986</ymax>
		</bndbox>
	</object>
	<object>
		<name>sp22</name>
		<pose>Unspecified</pose>
		<truncated>0</truncated>
		<difficult>0</difficult>
		<bndbox>
			<xmin>1585</xmin>
			<ymin>1949</ymin>
			<xmax>1665</xmax>
			<ymax>2016</ymax>
		</bndbox>
	</object>
	<object>
		<name>sp22</name>
		<pose>Unspecified</pose>
		<truncated>0</truncated>
		<difficult>0</difficult>
		<bndbox>
			<xmin>1692</xmin>
			<ymin>2054</ymin>
			<xmax>1751</xmax>
			<ymax>2115</ymax>
		</bndbox>
	</object>
	<object>
		<name>sp22</name>
		<pose>Unspecified</pose>
		<truncated>0</truncated>
		<difficult>0</difficult>
		<bndbox>
			<xmin>1759</xmin>
			<ymin>2024</ymin>
			<xmax>1793</xmax>
			<ymax>2064</ymax>
		</bndbox>
	</object>
	<object>
		<name>sp22</name>
		<pose>Unspecified</pose>
		<truncated>0</truncated>
		<difficult>0</difficult>
		<bndbox>
			<xmin>1741</xmin>
			<ymin>1970</ymin>
			<xmax>1804</xmax>
			<ymax>2022</ymax>
		</bndbox>
	</object>
	<object>
		<name>sp22</name>
		<pose>Unspecified</pose>
		<truncated>0</truncated>
		<difficult>0</difficult>
		<bndbox>
			<xmin>1795</xmin>
			<ymin>2014</ymin>
			<xmax>1850</xmax>
			<ymax>2081</ymax>
		</bndbox>
	</object>
	<object>
		<name>sp22</name>
		<pose>Unspecified</pose>
		<truncated>0</truncated>
		<difficult>0</difficult>
		<bndbox>
			<xmin>1252</xmin>
			<ymin>2131</ymin>
			<xmax>1330</xmax>
			<ymax>2209</ymax>
		</bndbox>
	</object>
	<object>
		<name>sp22</name>
		<pose>Unspecified</pose>
		<truncated>0</truncated>
		<difficult>0</difficult>
		<bndbox>
			<xmin>1147</xmin>
			<ymin>2127</ymin>
			<xmax>1214</xmax>
			<ymax>2207</ymax>
		</bndbox>
	</object>
	<object>
		<name>sp22</name>
		<pose>Unspecified</pose>
		<truncated>0</truncated>
		<difficult>0</difficult>
		<bndbox>
			<xmin>1027</xmin>
			<ymin>2129</ymin>
			<xmax>1098</xmax>
			<ymax>2198</ymax>
		</bndbox>
	</object>
	<object>
		<name>sp22</name>
		<pose>Unspecified</pose>
		<truncated>0</truncated>
		<difficult>0</difficult>
		<bndbox>
			<xmin>985</xmin>
			<ymin>2138</ymin>
			<xmax>1027</xmax>
			<ymax>2193</ymax>
		</bndbox>
	</object>
	<object>
		<name>sp22</name>
		<pose>Unspecified</pose>
		<truncated>0</truncated>
		<difficult>0</difficult>
		<bndbox>
			<xmin>948</xmin>
			<ymin>1928</ymin>
			<xmax>1015</xmax>
			<ymax>2031</ymax>
		</bndbox>
	</object>
	<object>
		<name>sp22</name>
		<pose>Unspecified</pose>
		<truncated>0</truncated>
		<difficult>0</difficult>
		<bndbox>
			<xmin>843</xmin>
			<ymin>2102</ymin>
			<xmax>937</xmax>
			<ymax>2222</ymax>
		</bndbox>
	</object>
	<object>
		<name>sp22</name>
		<pose>Unspecified</pose>
		<truncated>0</truncated>
		<difficult>0</difficult>
		<bndbox>
			<xmin>599</xmin>
			<ymin>1938</ymin>
			<xmax>677</xmax>
			<ymax>2037</ymax>
		</bndbox>
	</object>
	<object>
		<name>sp22</name>
		<pose>Unspecified</pose>
		<truncated>0</truncated>
		<difficult>0</difficult>
		<bndbox>
			<xmin>415</xmin>
			<ymin>1928</ymin>
			<xmax>497</xmax>
			<ymax>2050</ymax>
		</bndbox>
	</object>
	<object>
		<name>sp22</name>
		<pose>Unspecified</pose>
		<truncated>0</truncated>
		<difficult>0</difficult>
		<bndbox>
			<xmin>1187</xmin>
			<ymin>1993</ymin>
			<xmax>1218</xmax>
			<ymax>2031</ymax>
		</bndbox>
	</object>
	<object>
		<name>sp22</name>
		<pose>Unspecified</pose>
		<truncated>0</truncated>
		<difficult>0</difficult>
		<bndbox>
			<xmin>1155</xmin>
			<ymin>1930</ymin>
			<xmax>1195</xmax>
			<ymax>2001</ymax>
		</bndbox>
	</object>
	<object>
		<name>sp22</name>
		<pose>Unspecified</pose>
		<truncated>0</truncated>
		<difficult>0</difficult>
		<bndbox>
			<xmin>1101</xmin>
			<ymin>1947</ymin>
			<xmax>1149</xmax>
			<ymax>2023</ymax>
		</bndbox>
	</object>
	<object>
		<name>sp22</name>
		<pose>Unspecified</pose>
		<truncated>0</truncated>
		<difficult>0</difficult>
		<bndbox>
			<xmin>1063</xmin>
			<ymin>1808</ymin>
			<xmax>1126</xmax>
			<ymax>1867</ymax>
		</bndbox>
	</object>
	<object>
		<name>sp22</name>
		<pose>Unspecified</pose>
		<truncated>0</truncated>
		<difficult>0</difficult>
		<bndbox>
			<xmin>1073</xmin>
			<ymin>1756</ymin>
			<xmax>1134</xmax>
			<ymax>1811</ymax>
		</bndbox>
	</object>
	<object>
		<name>sp22</name>
		<pose>Unspecified</pose>
		<truncated>0</truncated>
		<difficult>0</difficult>
		<bndbox>
			<xmin>1071</xmin>
			<ymin>1689</ymin>
			<xmax>1142</xmax>
			<ymax>1760</ymax>
		</bndbox>
	</object>
	<object>
		<name>sp22</name>
		<pose>Unspecified</pose>
		<truncated>0</truncated>
		<difficult>0</difficult>
		<bndbox>
			<xmin>811</xmin>
			<ymin>1844</ymin>
			<xmax>907</xmax>
			<ymax>1936</ymax>
		</bndbox>
	</object>
	<object>
		<name>sp22</name>
		<pose>Unspecified</pose>
		<truncated>0</truncated>
		<difficult>0</difficult>
		<bndbox>
			<xmin>734</xmin>
			<ymin>1850</ymin>
			<xmax>795</xmax>
			<ymax>1923</ymax>
		</bndbox>
	</object>
	<object>
		<name>sp22</name>
		<pose>Unspecified</pose>
		<truncated>0</truncated>
		<difficult>0</difficult>
		<bndbox>
			<xmin>652</xmin>
			<ymin>1852</ymin>
			<xmax>732</xmax>
			<ymax>1932</ymax>
		</bndbox>
	</object>
	<object>
		<name>sp22</name>
		<pose>Unspecified</pose>
		<truncated>0</truncated>
		<difficult>0</difficult>
		<bndbox>
			<xmin>301</xmin>
			<ymin>1789</ymin>
			<xmax>379</xmax>
			<ymax>1865</ymax>
		</bndbox>
	</object>
	<object>
		<name>sp22</name>
		<pose>Unspecified</pose>
		<truncated>0</truncated>
		<difficult>0</difficult>
		<bndbox>
			<xmin>257</xmin>
			<ymin>1724</ymin>
			<xmax>326</xmax>
			<ymax>1781</ymax>
		</bndbox>
	</object>
	<object>
		<name>sp22</name>
		<pose>Unspecified</pose>
		<truncated>0</truncated>
		<difficult>0</difficult>
		<bndbox>
			<xmin>297</xmin>
			<ymin>1661</ymin>
			<xmax>343</xmax>
			<ymax>1722</ymax>
		</bndbox>
	</object>
	<object>
		<name>sp22</name>
		<pose>Unspecified</pose>
		<truncated>0</truncated>
		<difficult>0</difficult>
		<bndbox>
			<xmin>245</xmin>
			<ymin>1659</ymin>
			<xmax>300</xmax>
			<ymax>1718</ymax>
		</bndbox>
	</object>
	<object>
		<name>sp22</name>
		<pose>Unspecified</pose>
		<truncated>0</truncated>
		<difficult>0</difficult>
		<bndbox>
			<xmin>354</xmin>
			<ymin>1607</ymin>
			<xmax>390</xmax>
			<ymax>1657</ymax>
		</bndbox>
	</object>
	<object>
		<name>sp22</name>
		<pose>Unspecified</pose>
		<truncated>0</truncated>
		<difficult>0</difficult>
		<bndbox>
			<xmin>666</xmin>
			<ymin>1664</ymin>
			<xmax>697</xmax>
			<ymax>1706</ymax>
		</bndbox>
	</object>
	<object>
		<name>sp22</name>
		<pose>Unspecified</pose>
		<truncated>0</truncated>
		<difficult>0</difficult>
		<bndbox>
			<xmin>708</xmin>
			<ymin>1655</ymin>
			<xmax>748</xmax>
			<ymax>1722</ymax>
		</bndbox>
	</object>
	<object>
		<name>sp22</name>
		<pose>Unspecified</pose>
		<truncated>0</truncated>
		<difficult>0</difficult>
		<bndbox>
			<xmin>606</xmin>
			<ymin>1565</ymin>
			<xmax>650</xmax>
			<ymax>1632</ymax>
		</bndbox>
	</object>
	<object>
		<name>sp22</name>
		<pose>Unspecified</pose>
		<truncated>0</truncated>
		<difficult>0</difficult>
		<bndbox>
			<xmin>648</xmin>
			<ymin>1548</ymin>
			<xmax>673</xmax>
			<ymax>1598</ymax>
		</bndbox>
	</object>
	<object>
		<name>sp22</name>
		<pose>Unspecified</pose>
		<truncated>0</truncated>
		<difficult>0</difficult>
		<bndbox>
			<xmin>706</xmin>
			<ymin>1536</ymin>
			<xmax>761</xmax>
			<ymax>1612</ymax>
		</bndbox>
	</object>
	<object>
		<name>sp22</name>
		<pose>Unspecified</pose>
		<truncated>0</truncated>
		<difficult>0</difficult>
		<bndbox>
			<xmin>711</xmin>
			<ymin>1359</ymin>
			<xmax>774</xmax>
			<ymax>1443</ymax>
		</bndbox>
	</object>
	<object>
		<name>sp22</name>
		<pose>Unspecified</pose>
		<truncated>0</truncated>
		<difficult>0</difficult>
		<bndbox>
			<xmin>643</xmin>
			<ymin>1391</ymin>
			<xmax>693</xmax>
			<ymax>1477</ymax>
		</bndbox>
	</object>
	<object>
		<name>sp22</name>
		<pose>Unspecified</pose>
		<truncated>0</truncated>
		<difficult>0</difficult>
		<bndbox>
			<xmin>515</xmin>
			<ymin>1462</ymin>
			<xmax>603</xmax>
			<ymax>1550</ymax>
		</bndbox>
	</object>
	<object>
		<name>sp22</name>
		<pose>Unspecified</pose>
		<truncated>0</truncated>
		<difficult>0</difficult>
		<bndbox>
			<xmin>272</xmin>
			<ymin>1473</ymin>
			<xmax>377</xmax>
			<ymax>1561</ymax>
		</bndbox>
	</object>
	<object>
		<name>sp22</name>
		<pose>Unspecified</pose>
		<truncated>0</truncated>
		<difficult>0</difficult>
		<bndbox>
			<xmin>205</xmin>
			<ymin>1504</ymin>
			<xmax>253</xmax>
			<ymax>1544</ymax>
		</bndbox>
	</object>
	<object>
		<name>sp22</name>
		<pose>Unspecified</pose>
		<truncated>0</truncated>
		<difficult>0</difficult>
		<bndbox>
			<xmin>222</xmin>
			<ymin>1550</ymin>
			<xmax>249</xmax>
			<ymax>1586</ymax>
		</bndbox>
	</object>
	<object>
		<name>sp22</name>
		<pose>Unspecified</pose>
		<truncated>0</truncated>
		<difficult>0</difficult>
		<bndbox>
			<xmin>153</xmin>
			<ymin>1605</ymin>
			<xmax>231</xmax>
			<ymax>1674</ymax>
		</bndbox>
	</object>
	<object>
		<name>sp22</name>
		<pose>Unspecified</pose>
		<truncated>0</truncated>
		<difficult>0</difficult>
		<bndbox>
			<xmin>111</xmin>
			<ymin>1456</ymin>
			<xmax>166</xmax>
			<ymax>1523</ymax>
		</bndbox>
	</object>
	<object>
		<name>sp22</name>
		<pose>Unspecified</pose>
		<truncated>0</truncated>
		<difficult>0</difficult>
		<bndbox>
			<xmin>48</xmin>
			<ymin>1401</ymin>
			<xmax>107</xmax>
			<ymax>1462</ymax>
		</bndbox>
	</object>
	<object>
		<name>sp22</name>
		<pose>Unspecified</pose>
		<truncated>0</truncated>
		<difficult>0</difficult>
		<bndbox>
			<xmin>29</xmin>
			<ymin>1374</ymin>
			<xmax>60</xmax>
			<ymax>1420</ymax>
		</bndbox>
	</object>
	<object>
		<name>sp22</name>
		<pose>Unspecified</pose>
		<truncated>0</truncated>
		<difficult>0</difficult>
		<bndbox>
			<xmin>157</xmin>
			<ymin>1345</ymin>
			<xmax>233</xmax>
			<ymax>1404</ymax>
		</bndbox>
	</object>
	<object>
		<name>sp22</name>
		<pose>Unspecified</pose>
		<truncated>0</truncated>
		<difficult>0</difficult>
		<bndbox>
			<xmin>828</xmin>
			<ymin>1544</ymin>
			<xmax>857</xmax>
			<ymax>1580</ymax>
		</bndbox>
	</object>
	<object>
		<name>sp22</name>
		<pose>Unspecified</pose>
		<truncated>0</truncated>
		<difficult>0</difficult>
		<bndbox>
			<xmin>857</xmin>
			<ymin>1523</ymin>
			<xmax>901</xmax>
			<ymax>1580</ymax>
		</bndbox>
	</object>
	<object>
		<name>sp22</name>
		<pose>Unspecified</pose>
		<truncated>0</truncated>
		<difficult>0</difficult>
		<bndbox>
			<xmin>918</xmin>
			<ymin>1519</ymin>
			<xmax>960</xmax>
			<ymax>1574</ymax>
		</bndbox>
	</object>
	<object>
		<name>sp22</name>
		<pose>Unspecified</pose>
		<truncated>0</truncated>
		<difficult>0</difficult>
		<bndbox>
			<xmin>872</xmin>
			<ymin>1578</ymin>
			<xmax>935</xmax>
			<ymax>1630</ymax>
		</bndbox>
	</object>
	<object>
		<name>sp22</name>
		<pose>Unspecified</pose>
		<truncated>0</truncated>
		<difficult>0</difficult>
		<bndbox>
			<xmin>996</xmin>
			<ymin>1544</ymin>
			<xmax>1051</xmax>
			<ymax>1613</ymax>
		</bndbox>
	</object>
	<object>
		<name>sp22</name>
		<pose>Unspecified</pose>
		<truncated>0</truncated>
		<difficult>0</difficult>
		<bndbox>
			<xmin>1065</xmin>
			<ymin>1525</ymin>
			<xmax>1096</xmax>
			<ymax>1559</ymax>
		</bndbox>
	</object>
	<object>
		<name>sp22</name>
		<pose>Unspecified</pose>
		<truncated>0</truncated>
		<difficult>0</difficult>
		<bndbox>
			<xmin>1105</xmin>
			<ymin>1466</ymin>
			<xmax>1139</xmax>
			<ymax>1521</ymax>
		</bndbox>
	</object>
	<object>
		<name>sp22</name>
		<pose>Unspecified</pose>
		<truncated>0</truncated>
		<difficult>0</difficult>
		<bndbox>
			<xmin>998</xmin>
			<ymin>1464</ymin>
			<xmax>1050</xmax>
			<ymax>1519</ymax>
		</bndbox>
	</object>
	<object>
		<name>sp22</name>
		<pose>Unspecified</pose>
		<truncated>0</truncated>
		<difficult>0</difficult>
		<bndbox>
			<xmin>1101</xmin>
			<ymin>1313</ymin>
			<xmax>1172</xmax>
			<ymax>1407</ymax>
		</bndbox>
	</object>
	<object>
		<name>sp22</name>
		<pose>Unspecified</pose>
		<truncated>0</truncated>
		<difficult>0</difficult>
		<bndbox>
			<xmin>960</xmin>
			<ymin>1382</ymin>
			<xmax>1010</xmax>
			<ymax>1437</ymax>
		</bndbox>
	</object>
	<object>
		<name>sp22</name>
		<pose>Unspecified</pose>
		<truncated>0</truncated>
		<difficult>0</difficult>
		<bndbox>
			<xmin>981</xmin>
			<ymin>1313</ymin>
			<xmax>1036</xmax>
			<ymax>1372</ymax>
		</bndbox>
	</object>
	<object>
		<name>sp22</name>
		<pose>Unspecified</pose>
		<truncated>0</truncated>
		<difficult>0</difficult>
		<bndbox>
			<xmin>1052</xmin>
			<ymin>1561</ymin>
			<xmax>1088</xmax>
			<ymax>1605</ymax>
		</bndbox>
	</object>
	<object>
		<name>sp22</name>
		<pose>Unspecified</pose>
		<truncated>0</truncated>
		<difficult>0</difficult>
		<bndbox>
			<xmin>1103</xmin>
			<ymin>1563</ymin>
			<xmax>1160</xmax>
			<ymax>1630</ymax>
		</bndbox>
	</object>
	<object>
		<name>sp22</name>
		<pose>Unspecified</pose>
		<truncated>0</truncated>
		<difficult>0</difficult>
		<bndbox>
			<xmin>763</xmin>
			<ymin>424</ymin>
			<xmax>792</xmax>
			<ymax>462</ymax>
		</bndbox>
	</object>
	<object>
		<name>sp22</name>
		<pose>Unspecified</pose>
		<truncated>0</truncated>
		<difficult>0</difficult>
		<bndbox>
			<xmin>830</xmin>
			<ymin>524</ymin>
			<xmax>889</xmax>
			<ymax>589</ymax>
		</bndbox>
	</object>
	<object>
		<name>sp22</name>
		<pose>Unspecified</pose>
		<truncated>0</truncated>
		<difficult>0</difficult>
		<bndbox>
			<xmin>1004</xmin>
			<ymin>510</ymin>
			<xmax>1067</xmax>
			<ymax>583</ymax>
		</bndbox>
	</object>
	<object>
		<name>sp22</name>
		<pose>Unspecified</pose>
		<truncated>0</truncated>
		<difficult>0</difficult>
		<bndbox>
			<xmin>964</xmin>
			<ymin>568</ymin>
			<xmax>1016</xmax>
			<ymax>629</ymax>
		</bndbox>
	</object>
	<object>
		<name>sp22</name>
		<pose>Unspecified</pose>
		<truncated>0</truncated>
		<difficult>0</difficult>
		<bndbox>
			<xmin>1128</xmin>
			<ymin>451</ymin>
			<xmax>1206</xmax>
			<ymax>520</ymax>
		</bndbox>
	</object>
	<object>
		<name>sp22</name>
		<pose>Unspecified</pose>
		<truncated>0</truncated>
		<difficult>0</difficult>
		<bndbox>
			<xmin>484</xmin>
			<ymin>430</ymin>
			<xmax>532</xmax>
			<ymax>476</ymax>
		</bndbox>
	</object>
	<object>
		<name>sp22</name>
		<pose>Unspecified</pose>
		<truncated>0</truncated>
		<difficult>0</difficult>
		<bndbox>
			<xmin>484</xmin>
			<ymin>480</ymin>
			<xmax>526</xmax>
			<ymax>528</ymax>
		</bndbox>
	</object>
	<object>
		<name>sp22</name>
		<pose>Unspecified</pose>
		<truncated>0</truncated>
		<difficult>0</difficult>
		<bndbox>
			<xmin>440</xmin>
			<ymin>480</ymin>
			<xmax>482</xmax>
			<ymax>539</ymax>
		</bndbox>
	</object>
	<object>
		<name>sp22</name>
		<pose>Unspecified</pose>
		<truncated>0</truncated>
		<difficult>0</difficult>
		<bndbox>
			<xmin>818</xmin>
			<ymin>201</ymin>
			<xmax>879</xmax>
			<ymax>277</ymax>
		</bndbox>
	</object>
	<object>
		<name>sp22</name>
		<pose>Unspecified</pose>
		<truncated>0</truncated>
		<difficult>0</difficult>
		<bndbox>
			<xmin>906</xmin>
			<ymin>172</ymin>
			<xmax>969</xmax>
			<ymax>250</ymax>
		</bndbox>
	</object>
	<object>
		<name>sp22</name>
		<pose>Unspecified</pose>
		<truncated>0</truncated>
		<difficult>0</difficult>
		<bndbox>
			<xmin>637</xmin>
			<ymin>592</ymin>
			<xmax>706</xmax>
			<ymax>674</ymax>
		</bndbox>
	</object>
	<object>
		<name>sp22</name>
		<pose>Unspecified</pose>
		<truncated>0</truncated>
		<difficult>0</difficult>
		<bndbox>
			<xmin>585</xmin>
			<ymin>585</ymin>
			<xmax>635</xmax>
			<ymax>673</ymax>
		</bndbox>
	</object>
	<object>
		<name>sp22</name>
		<pose>Unspecified</pose>
		<truncated>0</truncated>
		<difficult>0</difficult>
		<bndbox>
			<xmin>387</xmin>
			<ymin>655</ymin>
			<xmax>433</xmax>
			<ymax>712</ymax>
		</bndbox>
	</object>
	<object>
		<name>sp22</name>
		<pose>Unspecified</pose>
		<truncated>0</truncated>
		<difficult>0</difficult>
		<bndbox>
			<xmin>322</xmin>
			<ymin>640</ymin>
			<xmax>379</xmax>
			<ymax>701</ymax>
		</bndbox>
	</object>
	<object>
		<name>sp22</name>
		<pose>Unspecified</pose>
		<truncated>0</truncated>
		<difficult>0</difficult>
		<bndbox>
			<xmin>354</xmin>
			<ymin>741</ymin>
			<xmax>417</xmax>
			<ymax>812</ymax>
		</bndbox>
	</object>
	<object>
		<name>sp22</name>
		<pose>Unspecified</pose>
		<truncated>0</truncated>
		<difficult>0</difficult>
		<bndbox>
			<xmin>677</xmin>
			<ymin>772</ymin>
			<xmax>700</xmax>
			<ymax>812</ymax>
		</bndbox>
	</object>
	<object>
		<name>sp22</name>
		<pose>Unspecified</pose>
		<truncated>0</truncated>
		<difficult>0</difficult>
		<bndbox>
			<xmin>658</xmin>
			<ymin>871</ymin>
			<xmax>694</xmax>
			<ymax>905</ymax>
		</bndbox>
	</object>
	<object>
		<name>sp22</name>
		<pose>Unspecified</pose>
		<truncated>0</truncated>
		<difficult>0</difficult>
		<bndbox>
			<xmin>587</xmin>
			<ymin>770</ymin>
			<xmax>656</xmax>
			<ymax>841</ymax>
		</bndbox>
	</object>
	<object>
		<name>sp22</name>
		<pose>Unspecified</pose>
		<truncated>0</truncated>
		<difficult>0</difficult>
		<bndbox>
			<xmin>488</xmin>
			<ymin>835</ymin>
			<xmax>553</xmax>
			<ymax>890</ymax>
		</bndbox>
	</object>
	<object>
		<name>sp22</name>
		<pose>Unspecified</pose>
		<truncated>0</truncated>
		<difficult>0</difficult>
		<bndbox>
			<xmin>606</xmin>
			<ymin>931</ymin>
			<xmax>661</xmax>
			<ymax>979</ymax>
		</bndbox>
	</object>
	<object>
		<name>sp22</name>
		<pose>Unspecified</pose>
		<truncated>0</truncated>
		<difficult>0</difficult>
		<bndbox>
			<xmin>868</xmin>
			<ymin>850</ymin>
			<xmax>908</xmax>
			<ymax>886</ymax>
		</bndbox>
	</object>
	<object>
		<name>sp22</name>
		<pose>Unspecified</pose>
		<truncated>0</truncated>
		<difficult>0</difficult>
		<bndbox>
			<xmin>826</xmin>
			<ymin>881</ymin>
			<xmax>881</xmax>
			<ymax>938</ymax>
		</bndbox>
	</object>
	<object>
		<name>sp22</name>
		<pose>Unspecified</pose>
		<truncated>0</truncated>
		<difficult>0</difficult>
		<bndbox>
			<xmin>859</xmin>
			<ymin>925</ymin>
			<xmax>907</xmax>
			<ymax>980</ymax>
		</bndbox>
	</object>
	<object>
		<name>sp22</name>
		<pose>Unspecified</pose>
		<truncated>0</truncated>
		<difficult>0</difficult>
		<bndbox>
			<xmin>914</xmin>
			<ymin>864</ymin>
			<xmax>969</xmax>
			<ymax>910</ymax>
		</bndbox>
	</object>
	<object>
		<name>sp22</name>
		<pose>Unspecified</pose>
		<truncated>0</truncated>
		<difficult>0</difficult>
		<bndbox>
			<xmin>904</xmin>
			<ymin>923</ymin>
			<xmax>954</xmax>
			<ymax>967</ymax>
		</bndbox>
	</object>
	<object>
		<name>sp22</name>
		<pose>Unspecified</pose>
		<truncated>0</truncated>
		<difficult>0</difficult>
		<bndbox>
			<xmin>927</xmin>
			<ymin>959</ymin>
			<xmax>982</xmax>
			<ymax>1005</ymax>
		</bndbox>
	</object>
	<object>
		<name>sp22</name>
		<pose>Unspecified</pose>
		<truncated>0</truncated>
		<difficult>0</difficult>
		<bndbox>
			<xmin>889</xmin>
			<ymin>992</ymin>
			<xmax>929</xmax>
			<ymax>1030</ymax>
		</bndbox>
	</object>
	<object>
		<name>sp22</name>
		<pose>Unspecified</pose>
		<truncated>0</truncated>
		<difficult>0</difficult>
		<bndbox>
			<xmin>883</xmin>
			<ymin>1030</ymin>
			<xmax>954</xmax>
			<ymax>1076</ymax>
		</bndbox>
	</object>
	<object>
		<name>sp22</name>
		<pose>Unspecified</pose>
		<truncated>0</truncated>
		<difficult>0</difficult>
		<bndbox>
			<xmin>161</xmin>
			<ymin>776</ymin>
			<xmax>222</xmax>
			<ymax>845</ymax>
		</bndbox>
	</object>
	<object>
		<name>sp22</name>
		<pose>Unspecified</pose>
		<truncated>0</truncated>
		<difficult>0</difficult>
		<bndbox>
			<xmin>253</xmin>
			<ymin>847</ymin>
			<xmax>312</xmax>
			<ymax>893</ymax>
		</bndbox>
	</object>
	<object>
		<name>sp22</name>
		<pose>Unspecified</pose>
		<truncated>0</truncated>
		<difficult>0</difficult>
		<bndbox>
			<xmin>234</xmin>
			<ymin>898</ymin>
			<xmax>284</xmax>
			<ymax>950</ymax>
		</bndbox>
	</object>
	<object>
		<name>sp22</name>
		<pose>Unspecified</pose>
		<truncated>0</truncated>
		<difficult>0</difficult>
		<bndbox>
			<xmin>127</xmin>
			<ymin>923</ymin>
			<xmax>186</xmax>
			<ymax>1009</ymax>
		</bndbox>
	</object>
	<object>
		<name>sp22</name>
		<pose>Unspecified</pose>
		<truncated>0</truncated>
		<difficult>0</difficult>
		<bndbox>
			<xmin>188</xmin>
			<ymin>942</ymin>
			<xmax>247</xmax>
			<ymax>1007</ymax>
		</bndbox>
	</object>
	<object>
		<name>sp22</name>
		<pose>Unspecified</pose>
		<truncated>0</truncated>
		<difficult>0</difficult>
		<bndbox>
			<xmin>199</xmin>
			<ymin>1032</ymin>
			<xmax>241</xmax>
			<ymax>1072</ymax>
		</bndbox>
	</object>
	<object>
		<name>sp22</name>
		<pose>Unspecified</pose>
		<truncated>0</truncated>
		<difficult>0</difficult>
		<bndbox>
			<xmin>295</xmin>
			<ymin>927</ymin>
			<xmax>366</xmax>
			<ymax>992</ymax>
		</bndbox>
	</object>
	<object>
		<name>sp22</name>
		<pose>Unspecified</pose>
		<truncated>0</truncated>
		<difficult>0</difficult>
		<bndbox>
			<xmin>320</xmin>
			<ymin>1028</ymin>
			<xmax>385</xmax>
			<ymax>1108</ymax>
		</bndbox>
	</object>
	<object>
		<name>sp22</name>
		<pose>Unspecified</pose>
		<truncated>0</truncated>
		<difficult>0</difficult>
		<bndbox>
			<xmin>148</xmin>
			<ymin>1091</ymin>
			<xmax>217</xmax>
			<ymax>1162</ymax>
		</bndbox>
	</object>
	<object>
		<name>sp22</name>
		<pose>Unspecified</pose>
		<truncated>0</truncated>
		<difficult>0</difficult>
		<bndbox>
			<xmin>176</xmin>
			<ymin>1198</ymin>
			<xmax>220</xmax>
			<ymax>1246</ymax>
		</bndbox>
	</object>
	<object>
		<name>sp22</name>
		<pose>Unspecified</pose>
		<truncated>0</truncated>
		<difficult>0</difficult>
		<bndbox>
			<xmin>132</xmin>
			<ymin>1231</ymin>
			<xmax>189</xmax>
			<ymax>1273</ymax>
		</bndbox>
	</object>
	<object>
		<name>sp22</name>
		<pose>Unspecified</pose>
		<truncated>0</truncated>
		<difficult>0</difficult>
		<bndbox>
			<xmin>184</xmin>
			<ymin>1271</ymin>
			<xmax>236</xmax>
			<ymax>1321</ymax>
		</bndbox>
	</object>
	<object>
		<name>sp22</name>
		<pose>Unspecified</pose>
		<truncated>0</truncated>
		<difficult>0</difficult>
		<bndbox>
			<xmin>530</xmin>
			<ymin>1152</ymin>
			<xmax>559</xmax>
			<ymax>1179</ymax>
		</bndbox>
	</object>
	<object>
		<name>sp22</name>
		<pose>Unspecified</pose>
		<truncated>0</truncated>
		<difficult>0</difficult>
		<bndbox>
			<xmin>545</xmin>
			<ymin>1196</ymin>
			<xmax>604</xmax>
			<ymax>1248</ymax>
		</bndbox>
	</object>
	<object>
		<name>sp22</name>
		<pose>Unspecified</pose>
		<truncated>0</truncated>
		<difficult>0</difficult>
		<bndbox>
			<xmin>564</xmin>
			<ymin>1141</ymin>
			<xmax>602</xmax>
			<ymax>1198</ymax>
		</bndbox>
	</object>
	<object>
		<name>sp22</name>
		<pose>Unspecified</pose>
		<truncated>0</truncated>
		<difficult>0</difficult>
		<bndbox>
			<xmin>608</xmin>
			<ymin>1187</ymin>
			<xmax>642</xmax>
			<ymax>1231</ymax>
		</bndbox>
	</object>
	<object>
		<name>sp22</name>
		<pose>Unspecified</pose>
		<truncated>0</truncated>
		<difficult>0</difficult>
		<bndbox>
			<xmin>606</xmin>
			<ymin>1118</ymin>
			<xmax>654</xmax>
			<ymax>1181</ymax>
		</bndbox>
	</object>
	<object>
		<name>sp22</name>
		<pose>Unspecified</pose>
		<truncated>0</truncated>
		<difficult>0</difficult>
		<bndbox>
			<xmin>650</xmin>
			<ymin>1064</ymin>
			<xmax>690</xmax>
			<ymax>1116</ymax>
		</bndbox>
	</object>
	<object>
		<name>sp22</name>
		<pose>Unspecified</pose>
		<truncated>0</truncated>
		<difficult>0</difficult>
		<bndbox>
			<xmin>715</xmin>
			<ymin>980</ymin>
			<xmax>765</xmax>
			<ymax>1032</ymax>
		</bndbox>
	</object>
	<object>
		<name>sp22</name>
		<pose>Unspecified</pose>
		<truncated>0</truncated>
		<difficult>0</difficult>
		<bndbox>
			<xmin>937</xmin>
			<ymin>661</ymin>
			<xmax>1008</xmax>
			<ymax>720</ymax>
		</bndbox>
	</object>
	<object>
		<name>sp22</name>
		<pose>Unspecified</pose>
		<truncated>0</truncated>
		<difficult>0</difficult>
		<bndbox>
			<xmin>1013</xmin>
			<ymin>761</ymin>
			<xmax>1072</xmax>
			<ymax>818</ymax>
		</bndbox>
	</object>
	<object>
		<name>sp22</name>
		<pose>Unspecified</pose>
		<truncated>0</truncated>
		<difficult>0</difficult>
		<bndbox>
			<xmin>1094</xmin>
			<ymin>711</ymin>
			<xmax>1121</xmax>
			<ymax>757</ymax>
		</bndbox>
	</object>
	<object>
		<name>sp22</name>
		<pose>Unspecified</pose>
		<truncated>0</truncated>
		<difficult>0</difficult>
		<bndbox>
			<xmin>1061</xmin>
			<ymin>564</ymin>
			<xmax>1120</xmax>
			<ymax>629</ymax>
		</bndbox>
	</object>
	<object>
		<name>sp22</name>
		<pose>Unspecified</pose>
		<truncated>0</truncated>
		<difficult>0</difficult>
		<bndbox>
			<xmin>1122</xmin>
			<ymin>564</ymin>
			<xmax>1183</xmax>
			<ymax>642</ymax>
		</bndbox>
	</object>
	<object>
		<name>sp22</name>
		<pose>Unspecified</pose>
		<truncated>0</truncated>
		<difficult>0</difficult>
		<bndbox>
			<xmin>1222</xmin>
			<ymin>625</ymin>
			<xmax>1268</xmax>
			<ymax>686</ymax>
		</bndbox>
	</object>
	<object>
		<name>sp22</name>
		<pose>Unspecified</pose>
		<truncated>0</truncated>
		<difficult>0</difficult>
		<bndbox>
			<xmin>1141</xmin>
			<ymin>692</ymin>
			<xmax>1225</xmax>
			<ymax>751</ymax>
		</bndbox>
	</object>
	<object>
		<name>sp22</name>
		<pose>Unspecified</pose>
		<truncated>0</truncated>
		<difficult>0</difficult>
		<bndbox>
			<xmin>1141</xmin>
			<ymin>757</ymin>
			<xmax>1217</xmax>
			<ymax>814</ymax>
		</bndbox>
	</object>
	<object>
		<name>sp22</name>
		<pose>Unspecified</pose>
		<truncated>0</truncated>
		<difficult>0</difficult>
		<bndbox>
			<xmin>1141</xmin>
			<ymin>812</ymin>
			<xmax>1200</xmax>
			<ymax>867</ymax>
		</bndbox>
	</object>
	<object>
		<name>sp22</name>
		<pose>Unspecified</pose>
		<truncated>0</truncated>
		<difficult>0</difficult>
		<bndbox>
			<xmin>1105</xmin>
			<ymin>864</ymin>
			<xmax>1153</xmax>
			<ymax>923</ymax>
		</bndbox>
	</object>
	<object>
		<name>sp22</name>
		<pose>Unspecified</pose>
		<truncated>0</truncated>
		<difficult>0</difficult>
		<bndbox>
			<xmin>1084</xmin>
			<ymin>839</ymin>
			<xmax>1107</xmax>
			<ymax>877</ymax>
		</bndbox>
	</object>
	<object>
		<name>sp22</name>
		<pose>Unspecified</pose>
		<truncated>0</truncated>
		<difficult>0</difficult>
		<bndbox>
			<xmin>1040</xmin>
			<ymin>852</ymin>
			<xmax>1084</xmax>
			<ymax>907</ymax>
		</bndbox>
	</object>
	<object>
		<name>sp22</name>
		<pose>Unspecified</pose>
		<truncated>0</truncated>
		<difficult>0</difficult>
		<bndbox>
			<xmin>994</xmin>
			<ymin>860</ymin>
			<xmax>1040</xmax>
			<ymax>917</ymax>
		</bndbox>
	</object>
	<object>
		<name>sp22</name>
		<pose>Unspecified</pose>
		<truncated>0</truncated>
		<difficult>0</difficult>
		<bndbox>
			<xmin>1256</xmin>
			<ymin>508</ymin>
			<xmax>1319</xmax>
			<ymax>560</ymax>
		</bndbox>
	</object>
	<object>
		<name>sp22</name>
		<pose>Unspecified</pose>
		<truncated>0</truncated>
		<difficult>0</difficult>
		<bndbox>
			<xmin>1258</xmin>
			<ymin>564</ymin>
			<xmax>1327</xmax>
			<ymax>606</ymax>
		</bndbox>
	</object>
	<object>
		<name>sp22</name>
		<pose>Unspecified</pose>
		<truncated>0</truncated>
		<difficult>0</difficult>
		<bndbox>
			<xmin>1296</xmin>
			<ymin>420</ymin>
			<xmax>1344</xmax>
			<ymax>470</ymax>
		</bndbox>
	</object>
	<object>
		<name>sp22</name>
		<pose>Unspecified</pose>
		<truncated>0</truncated>
		<difficult>0</difficult>
		<bndbox>
			<xmin>1321</xmin>
			<ymin>373</ymin>
			<xmax>1373</xmax>
			<ymax>421</ymax>
		</bndbox>
	</object>
	<object>
		<name>sp22</name>
		<pose>Unspecified</pose>
		<truncated>0</truncated>
		<difficult>0</difficult>
		<bndbox>
			<xmin>662</xmin>
			<ymin>1122</ymin>
			<xmax>719</xmax>
			<ymax>1185</ymax>
		</bndbox>
	</object>
	<object>
		<name>sp22</name>
		<pose>Unspecified</pose>
		<truncated>0</truncated>
		<difficult>0</difficult>
		<bndbox>
			<xmin>692</xmin>
			<ymin>1085</ymin>
			<xmax>736</xmax>
			<ymax>1123</ymax>
		</bndbox>
	</object>
	<object>
		<name>sp22</name>
		<pose>Unspecified</pose>
		<truncated>0</truncated>
		<difficult>0</difficult>
		<bndbox>
			<xmin>696</xmin>
			<ymin>1034</ymin>
			<xmax>767</xmax>
			<ymax>1084</ymax>
		</bndbox>
	</object>
	<object>
		<name>sp22</name>
		<pose>Unspecified</pose>
		<truncated>0</truncated>
		<difficult>0</difficult>
		<bndbox>
			<xmin>719</xmin>
			<ymin>1106</ymin>
			<xmax>763</xmax>
			<ymax>1146</ymax>
		</bndbox>
	</object>
	<object>
		<name>sp22</name>
		<pose>Unspecified</pose>
		<truncated>0</truncated>
		<difficult>0</difficult>
		<bndbox>
			<xmin>790</xmin>
			<ymin>1030</ymin>
			<xmax>849</xmax>
			<ymax>1078</ymax>
		</bndbox>
	</object>
	<object>
		<name>sp22</name>
		<pose>Unspecified</pose>
		<truncated>0</truncated>
		<difficult>0</difficult>
		<bndbox>
			<xmin>776</xmin>
			<ymin>1106</ymin>
			<xmax>828</xmax>
			<ymax>1169</ymax>
		</bndbox>
	</object>
	<object>
		<name>sp22</name>
		<pose>Unspecified</pose>
		<truncated>0</truncated>
		<difficult>0</difficult>
		<bndbox>
			<xmin>847</xmin>
			<ymin>1101</ymin>
			<xmax>897</xmax>
			<ymax>1135</ymax>
		</bndbox>
	</object>
	<object>
		<name>sp22</name>
		<pose>Unspecified</pose>
		<truncated>0</truncated>
		<difficult>0</difficult>
		<bndbox>
			<xmin>918</xmin>
			<ymin>1131</ymin>
			<xmax>954</xmax>
			<ymax>1175</ymax>
		</bndbox>
	</object>
	<object>
		<name>sp22</name>
		<pose>Unspecified</pose>
		<truncated>0</truncated>
		<difficult>0</difficult>
		<bndbox>
			<xmin>864</xmin>
			<ymin>1116</ymin>
			<xmax>916</xmax>
			<ymax>1175</ymax>
		</bndbox>
	</object>
	<object>
		<name>sp22</name>
		<pose>Unspecified</pose>
		<truncated>0</truncated>
		<difficult>0</difficult>
		<bndbox>
			<xmin>937</xmin>
			<ymin>1217</ymin>
			<xmax>971</xmax>
			<ymax>1253</ymax>
		</bndbox>
	</object>
	<object>
		<name>sp22</name>
		<pose>Unspecified</pose>
		<truncated>0</truncated>
		<difficult>0</difficult>
		<bndbox>
			<xmin>943</xmin>
			<ymin>1254</ymin>
			<xmax>979</xmax>
			<ymax>1302</ymax>
		</bndbox>
	</object>
	<object>
		<name>sp22</name>
		<pose>Unspecified</pose>
		<truncated>0</truncated>
		<difficult>0</difficult>
		<bndbox>
			<xmin>981</xmin>
			<ymin>1227</ymin>
			<xmax>1040</xmax>
			<ymax>1292</ymax>
		</bndbox>
	</object>
	<object>
		<name>sp22</name>
		<pose>Unspecified</pose>
		<truncated>0</truncated>
		<difficult>0</difficult>
		<bndbox>
			<xmin>1302</xmin>
			<ymin>10</ymin>
			<xmax>1371</xmax>
			<ymax>67</ymax>
		</bndbox>
	</object>
	<object>
		<name>sp22</name>
		<pose>Unspecified</pose>
		<truncated>0</truncated>
		<difficult>0</difficult>
		<bndbox>
			<xmin>1434</xmin>
			<ymin>168</ymin>
			<xmax>1493</xmax>
			<ymax>227</ymax>
		</bndbox>
	</object>
	<object>
		<name>sp22</name>
		<pose>Unspecified</pose>
		<truncated>0</truncated>
		<difficult>0</difficult>
		<bndbox>
			<xmin>1392</xmin>
			<ymin>206</ymin>
			<xmax>1457</xmax>
			<ymax>263</ymax>
		</bndbox>
	</object>
	<object>
		<name>sp22</name>
		<pose>Unspecified</pose>
		<truncated>0</truncated>
		<difficult>0</difficult>
		<bndbox>
			<xmin>1325</xmin>
			<ymin>283</ymin>
			<xmax>1419</xmax>
			<ymax>344</ymax>
		</bndbox>
	</object>
	<object>
		<name>sp22</name>
		<pose>Unspecified</pose>
		<truncated>0</truncated>
		<difficult>0</difficult>
		<bndbox>
			<xmin>1218</xmin>
			<ymin>294</ymin>
			<xmax>1262</xmax>
			<ymax>357</ymax>
		</bndbox>
	</object>
	<object>
		<name>sp22</name>
		<pose>Unspecified</pose>
		<truncated>0</truncated>
		<difficult>0</difficult>
		<bndbox>
			<xmin>1281</xmin>
			<ymin>206</ymin>
			<xmax>1310</xmax>
			<ymax>246</ymax>
		</bndbox>
	</object>
	<object>
		<name>sp22</name>
		<pose>Unspecified</pose>
		<truncated>0</truncated>
		<difficult>0</difficult>
		<bndbox>
			<xmin>1170</xmin>
			<ymin>277</ymin>
			<xmax>1216</xmax>
			<ymax>327</ymax>
		</bndbox>
	</object>
	<object>
		<name>sp22</name>
		<pose>Unspecified</pose>
		<truncated>0</truncated>
		<difficult>0</difficult>
		<bndbox>
			<xmin>1061</xmin>
			<ymin>208</ymin>
			<xmax>1120</xmax>
			<ymax>267</ymax>
		</bndbox>
	</object>
	<object>
		<name>sp22</name>
		<pose>Unspecified</pose>
		<truncated>0</truncated>
		<difficult>0</difficult>
		<bndbox>
			<xmin>1092</xmin>
			<ymin>132</ymin>
			<xmax>1130</xmax>
			<ymax>170</ymax>
		</bndbox>
	</object>
	<object>
		<name>sp22</name>
		<pose>Unspecified</pose>
		<truncated>0</truncated>
		<difficult>0</difficult>
		<bndbox>
			<xmin>1097</xmin>
			<ymin>172</ymin>
			<xmax>1143</xmax>
			<ymax>214</ymax>
		</bndbox>
	</object>
	<object>
		<name>sp22</name>
		<pose>Unspecified</pose>
		<truncated>0</truncated>
		<difficult>0</difficult>
		<bndbox>
			<xmin>1132</xmin>
			<ymin>132</ymin>
			<xmax>1189</xmax>
			<ymax>189</ymax>
		</bndbox>
	</object>
	<object>
		<name>sp22</name>
		<pose>Unspecified</pose>
		<truncated>0</truncated>
		<difficult>0</difficult>
		<bndbox>
			<xmin>1149</xmin>
			<ymin>191</ymin>
			<xmax>1206</xmax>
			<ymax>256</ymax>
		</bndbox>
	</object>
	<object>
		<name>sp22</name>
		<pose>Unspecified</pose>
		<truncated>0</truncated>
		<difficult>0</difficult>
		<bndbox>
			<xmin>1199</xmin>
			<ymin>170</ymin>
			<xmax>1254</xmax>
			<ymax>229</ymax>
		</bndbox>
	</object>
	<object>
		<name>sp22</name>
		<pose>Unspecified</pose>
		<truncated>0</truncated>
		<difficult>0</difficult>
		<bndbox>
			<xmin>1269</xmin>
			<ymin>107</ymin>
			<xmax>1313</xmax>
			<ymax>145</ymax>
		</bndbox>
	</object>
	<object>
		<name>sp22</name>
		<pose>Unspecified</pose>
		<truncated>0</truncated>
		<difficult>0</difficult>
		<bndbox>
			<xmin>1248</xmin>
			<ymin>145</ymin>
			<xmax>1300</xmax>
			<ymax>195</ymax>
		</bndbox>
	</object>
	<object>
		<name>sp22</name>
		<pose>Unspecified</pose>
		<truncated>0</truncated>
		<difficult>0</difficult>
		<bndbox>
			<xmin>1342</xmin>
			<ymin>117</ymin>
			<xmax>1394</xmax>
			<ymax>178</ymax>
		</bndbox>
	</object>
</annotation>