<annotation>
	<folder>my-project-name</folder>
	<filename>sp22_img11.jpg</filename>
	<path>/my-project-name/sp22_img11.jpg</path>
	<source>
		<database>Unspecified</database>
	</source>
	<size>
		<width>2593</width>
		<height>2578</height>
		<depth>3</depth>
	</size>
	<object>
		<name>sp22</name>
		<pose>Unspecified</pose>
		<truncated>0</truncated>
		<difficult>0</difficult>
		<bndbox>
			<xmin>1904</xmin>
			<ymin>518</ymin>
			<xmax>2044</xmax>
			<ymax>627</ymax>
		</bndbox>
	</object>
	<object>
		<name>sp22</name>
		<pose>Unspecified</pose>
		<truncated>0</truncated>
		<difficult>0</difficult>
		<bndbox>
			<xmin>1759</xmin>
			<ymin>513</ymin>
			<xmax>1911</xmax>
			<ymax>628</ymax>
		</bndbox>
	</object>
	<object>
		<name>sp22</name>
		<pose>Unspecified</pose>
		<truncated>0</truncated>
		<difficult>0</difficult>
		<bndbox>
			<xmin>1618</xmin>
			<ymin>518</ymin>
			<xmax>1718</xmax>
			<ymax>596</ymax>
		</bndbox>
	</object>
	<object>
		<name>sp22</name>
		<pose>Unspecified</pose>
		<truncated>0</truncated>
		<difficult>0</difficult>
		<bndbox>
			<xmin>1603</xmin>
			<ymin>574</ymin>
			<xmax>1712</xmax>
			<ymax>659</ymax>
		</bndbox>
	</object>
	<object>
		<name>sp22</name>
		<pose>Unspecified</pose>
		<truncated>0</truncated>
		<difficult>0</difficult>
		<bndbox>
			<xmin>1540</xmin>
			<ymin>443</ymin>
			<xmax>1649</xmax>
			<ymax>542</ymax>
		</bndbox>
	</object>
	<object>
		<name>sp22</name>
		<pose>Unspecified</pose>
		<truncated>0</truncated>
		<difficult>0</difficult>
		<bndbox>
			<xmin>1503</xmin>
			<ymin>509</ymin>
			<xmax>1590</xmax>
			<ymax>596</ymax>
		</bndbox>
	</object>
	<object>
		<name>sp22</name>
		<pose>Unspecified</pose>
		<truncated>0</truncated>
		<difficult>0</difficult>
		<bndbox>
			<xmin>1445</xmin>
			<ymin>521</ymin>
			<xmax>1539</xmax>
			<ymax>606</ymax>
		</bndbox>
	</object>
	<object>
		<name>sp22</name>
		<pose>Unspecified</pose>
		<truncated>0</truncated>
		<difficult>0</difficult>
		<bndbox>
			<xmin>1383</xmin>
			<ymin>478</ymin>
			<xmax>1494</xmax>
			<ymax>571</ymax>
		</bndbox>
	</object>
	<object>
		<name>sp22</name>
		<pose>Unspecified</pose>
		<truncated>0</truncated>
		<difficult>0</difficult>
		<bndbox>
			<xmin>1327</xmin>
			<ymin>382</ymin>
			<xmax>1443</xmax>
			<ymax>476</ymax>
		</bndbox>
	</object>
	<object>
		<name>sp22</name>
		<pose>Unspecified</pose>
		<truncated>0</truncated>
		<difficult>0</difficult>
		<bndbox>
			<xmin>1321</xmin>
			<ymin>502</ymin>
			<xmax>1420</xmax>
			<ymax>611</ymax>
		</bndbox>
	</object>
	<object>
		<name>sp22</name>
		<pose>Unspecified</pose>
		<truncated>0</truncated>
		<difficult>0</difficult>
		<bndbox>
			<xmin>1238</xmin>
			<ymin>516</ymin>
			<xmax>1341</xmax>
			<ymax>613</ymax>
		</bndbox>
	</object>
	<object>
		<name>sp22</name>
		<pose>Unspecified</pose>
		<truncated>0</truncated>
		<difficult>0</difficult>
		<bndbox>
			<xmin>1145</xmin>
			<ymin>468</ymin>
			<xmax>1259</xmax>
			<ymax>573</ymax>
		</bndbox>
	</object>
	<object>
		<name>sp22</name>
		<pose>Unspecified</pose>
		<truncated>0</truncated>
		<difficult>0</difficult>
		<bndbox>
			<xmin>1082</xmin>
			<ymin>441</ymin>
			<xmax>1186</xmax>
			<ymax>539</ymax>
		</bndbox>
	</object>
	<object>
		<name>sp22</name>
		<pose>Unspecified</pose>
		<truncated>0</truncated>
		<difficult>0</difficult>
		<bndbox>
			<xmin>1041</xmin>
			<ymin>571</ymin>
			<xmax>1152</xmax>
			<ymax>670</ymax>
		</bndbox>
	</object>
	<object>
		<name>sp22</name>
		<pose>Unspecified</pose>
		<truncated>0</truncated>
		<difficult>0</difficult>
		<bndbox>
			<xmin>1443</xmin>
			<ymin>662</ymin>
			<xmax>1559</xmax>
			<ymax>766</ymax>
		</bndbox>
	</object>
	<object>
		<name>sp22</name>
		<pose>Unspecified</pose>
		<truncated>0</truncated>
		<difficult>0</difficult>
		<bndbox>
			<xmin>1629</xmin>
			<ymin>685</ymin>
			<xmax>1749</xmax>
			<ymax>792</ymax>
		</bndbox>
	</object>
	<object>
		<name>sp22</name>
		<pose>Unspecified</pose>
		<truncated>0</truncated>
		<difficult>0</difficult>
		<bndbox>
			<xmin>1816</xmin>
			<ymin>753</ymin>
			<xmax>1915</xmax>
			<ymax>851</ymax>
		</bndbox>
	</object>
	<object>
		<name>sp22</name>
		<pose>Unspecified</pose>
		<truncated>0</truncated>
		<difficult>0</difficult>
		<bndbox>
			<xmin>1799</xmin>
			<ymin>831</ymin>
			<xmax>1900</xmax>
			<ymax>918</ymax>
		</bndbox>
	</object>
	<object>
		<name>sp22</name>
		<pose>Unspecified</pose>
		<truncated>0</truncated>
		<difficult>0</difficult>
		<bndbox>
			<xmin>1798</xmin>
			<ymin>890</ymin>
			<xmax>1897</xmax>
			<ymax>954</ymax>
		</bndbox>
	</object>
	<object>
		<name>sp22</name>
		<pose>Unspecified</pose>
		<truncated>0</truncated>
		<difficult>0</difficult>
		<bndbox>
			<xmin>1878</xmin>
			<ymin>824</ymin>
			<xmax>1961</xmax>
			<ymax>914</ymax>
		</bndbox>
	</object>
	<object>
		<name>sp22</name>
		<pose>Unspecified</pose>
		<truncated>0</truncated>
		<difficult>0</difficult>
		<bndbox>
			<xmin>1932</xmin>
			<ymin>817</ymin>
			<xmax>2016</xmax>
			<ymax>910</ymax>
		</bndbox>
	</object>
	<object>
		<name>sp22</name>
		<pose>Unspecified</pose>
		<truncated>0</truncated>
		<difficult>0</difficult>
		<bndbox>
			<xmin>908</xmin>
			<ymin>574</ymin>
			<xmax>1022</xmax>
			<ymax>668</ymax>
		</bndbox>
	</object>
	<object>
		<name>sp22</name>
		<pose>Unspecified</pose>
		<truncated>0</truncated>
		<difficult>0</difficult>
		<bndbox>
			<xmin>1997</xmin>
			<ymin>767</ymin>
			<xmax>2107</xmax>
			<ymax>859</ymax>
		</bndbox>
	</object>
	<object>
		<name>sp22</name>
		<pose>Unspecified</pose>
		<truncated>0</truncated>
		<difficult>0</difficult>
		<bndbox>
			<xmin>1879</xmin>
			<ymin>919</ymin>
			<xmax>1986</xmax>
			<ymax>1018</ymax>
		</bndbox>
	</object>
	<object>
		<name>sp22</name>
		<pose>Unspecified</pose>
		<truncated>0</truncated>
		<difficult>0</difficult>
		<bndbox>
			<xmin>1979</xmin>
			<ymin>894</ymin>
			<xmax>2074</xmax>
			<ymax>968</ymax>
		</bndbox>
	</object>
	<object>
		<name>sp22</name>
		<pose>Unspecified</pose>
		<truncated>0</truncated>
		<difficult>0</difficult>
		<bndbox>
			<xmin>1978</xmin>
			<ymin>955</ymin>
			<xmax>2075</xmax>
			<ymax>1024</ymax>
		</bndbox>
	</object>
	<object>
		<name>sp22</name>
		<pose>Unspecified</pose>
		<truncated>0</truncated>
		<difficult>0</difficult>
		<bndbox>
			<xmin>2184</xmin>
			<ymin>973</ymin>
			<xmax>2286</xmax>
			<ymax>1068</ymax>
		</bndbox>
	</object>
	<object>
		<name>sp22</name>
		<pose>Unspecified</pose>
		<truncated>0</truncated>
		<difficult>0</difficult>
		<bndbox>
			<xmin>2166</xmin>
			<ymin>1058</ymin>
			<xmax>2276</xmax>
			<ymax>1158</ymax>
		</bndbox>
	</object>
	<object>
		<name>sp22</name>
		<pose>Unspecified</pose>
		<truncated>0</truncated>
		<difficult>0</difficult>
		<bndbox>
			<xmin>2056</xmin>
			<ymin>1064</ymin>
			<xmax>2148</xmax>
			<ymax>1155</ymax>
		</bndbox>
	</object>
	<object>
		<name>sp22</name>
		<pose>Unspecified</pose>
		<truncated>0</truncated>
		<difficult>0</difficult>
		<bndbox>
			<xmin>1999</xmin>
			<ymin>1030</ymin>
			<xmax>2090</xmax>
			<ymax>1118</ymax>
		</bndbox>
	</object>
	<object>
		<name>sp22</name>
		<pose>Unspecified</pose>
		<truncated>0</truncated>
		<difficult>0</difficult>
		<bndbox>
			<xmin>1912</xmin>
			<ymin>1036</ymin>
			<xmax>1997</xmax>
			<ymax>1111</ymax>
		</bndbox>
	</object>
	<object>
		<name>sp22</name>
		<pose>Unspecified</pose>
		<truncated>0</truncated>
		<difficult>0</difficult>
		<bndbox>
			<xmin>1892</xmin>
			<ymin>1087</ymin>
			<xmax>2001</xmax>
			<ymax>1190</ymax>
		</bndbox>
	</object>
	<object>
		<name>sp22</name>
		<pose>Unspecified</pose>
		<truncated>0</truncated>
		<difficult>0</difficult>
		<bndbox>
			<xmin>1837</xmin>
			<ymin>1128</ymin>
			<xmax>1930</xmax>
			<ymax>1213</ymax>
		</bndbox>
	</object>
	<object>
		<name>sp22</name>
		<pose>Unspecified</pose>
		<truncated>0</truncated>
		<difficult>0</difficult>
		<bndbox>
			<xmin>1760</xmin>
			<ymin>1097</ymin>
			<xmax>1855</xmax>
			<ymax>1173</ymax>
		</bndbox>
	</object>
	<object>
		<name>sp22</name>
		<pose>Unspecified</pose>
		<truncated>0</truncated>
		<difficult>0</difficult>
		<bndbox>
			<xmin>1675</xmin>
			<ymin>969</ymin>
			<xmax>1788</xmax>
			<ymax>1079</ymax>
		</bndbox>
	</object>
	<object>
		<name>sp22</name>
		<pose>Unspecified</pose>
		<truncated>0</truncated>
		<difficult>0</difficult>
		<bndbox>
			<xmin>1792</xmin>
			<ymin>1165</ymin>
			<xmax>1877</xmax>
			<ymax>1244</ymax>
		</bndbox>
	</object>
	<object>
		<name>sp22</name>
		<pose>Unspecified</pose>
		<truncated>0</truncated>
		<difficult>0</difficult>
		<bndbox>
			<xmin>1930</xmin>
			<ymin>1215</ymin>
			<xmax>2010</xmax>
			<ymax>1302</ymax>
		</bndbox>
	</object>
	<object>
		<name>sp22</name>
		<pose>Unspecified</pose>
		<truncated>0</truncated>
		<difficult>0</difficult>
		<bndbox>
			<xmin>1854</xmin>
			<ymin>1218</ymin>
			<xmax>1944</xmax>
			<ymax>1297</ymax>
		</bndbox>
	</object>
	<object>
		<name>sp22</name>
		<pose>Unspecified</pose>
		<truncated>0</truncated>
		<difficult>0</difficult>
		<bndbox>
			<xmin>2030</xmin>
			<ymin>1252</ymin>
			<xmax>2108</xmax>
			<ymax>1318</ymax>
		</bndbox>
	</object>
	<object>
		<name>sp22</name>
		<pose>Unspecified</pose>
		<truncated>0</truncated>
		<difficult>0</difficult>
		<bndbox>
			<xmin>2087</xmin>
			<ymin>1202</ymin>
			<xmax>2188</xmax>
			<ymax>1302</ymax>
		</bndbox>
	</object>
	<object>
		<name>sp22</name>
		<pose>Unspecified</pose>
		<truncated>0</truncated>
		<difficult>0</difficult>
		<bndbox>
			<xmin>2202</xmin>
			<ymin>1175</ymin>
			<xmax>2296</xmax>
			<ymax>1268</ymax>
		</bndbox>
	</object>
	<object>
		<name>sp22</name>
		<pose>Unspecified</pose>
		<truncated>0</truncated>
		<difficult>0</difficult>
		<bndbox>
			<xmin>2280</xmin>
			<ymin>1207</ymin>
			<xmax>2368</xmax>
			<ymax>1288</ymax>
		</bndbox>
	</object>
	<object>
		<name>sp22</name>
		<pose>Unspecified</pose>
		<truncated>0</truncated>
		<difficult>0</difficult>
		<bndbox>
			<xmin>1603</xmin>
			<ymin>1129</ymin>
			<xmax>1708</xmax>
			<ymax>1214</ymax>
		</bndbox>
	</object>
	<object>
		<name>sp22</name>
		<pose>Unspecified</pose>
		<truncated>0</truncated>
		<difficult>0</difficult>
		<bndbox>
			<xmin>1634</xmin>
			<ymin>1200</ymin>
			<xmax>1707</xmax>
			<ymax>1250</ymax>
		</bndbox>
	</object>
	<object>
		<name>sp22</name>
		<pose>Unspecified</pose>
		<truncated>0</truncated>
		<difficult>0</difficult>
		<bndbox>
			<xmin>1468</xmin>
			<ymin>1089</ymin>
			<xmax>1576</xmax>
			<ymax>1162</ymax>
		</bndbox>
	</object>
	<object>
		<name>sp22</name>
		<pose>Unspecified</pose>
		<truncated>0</truncated>
		<difficult>0</difficult>
		<bndbox>
			<xmin>1232</xmin>
			<ymin>1001</ymin>
			<xmax>1345</xmax>
			<ymax>1103</ymax>
		</bndbox>
	</object>
	<object>
		<name>sp22</name>
		<pose>Unspecified</pose>
		<truncated>0</truncated>
		<difficult>0</difficult>
		<bndbox>
			<xmin>1455</xmin>
			<ymin>1199</ymin>
			<xmax>1562</xmax>
			<ymax>1283</ymax>
		</bndbox>
	</object>
	<object>
		<name>sp22</name>
		<pose>Unspecified</pose>
		<truncated>0</truncated>
		<difficult>0</difficult>
		<bndbox>
			<xmin>1486</xmin>
			<ymin>1153</ymin>
			<xmax>1599</xmax>
			<ymax>1229</ymax>
		</bndbox>
	</object>
	<object>
		<name>sp22</name>
		<pose>Unspecified</pose>
		<truncated>0</truncated>
		<difficult>0</difficult>
		<bndbox>
			<xmin>2323</xmin>
			<ymin>1161</ymin>
			<xmax>2423</xmax>
			<ymax>1260</ymax>
		</bndbox>
	</object>
	<object>
		<name>sp22</name>
		<pose>Unspecified</pose>
		<truncated>0</truncated>
		<difficult>0</difficult>
		<bndbox>
			<xmin>2373</xmin>
			<ymin>1425</ymin>
			<xmax>2486</xmax>
			<ymax>1527</ymax>
		</bndbox>
	</object>
	<object>
		<name>sp22</name>
		<pose>Unspecified</pose>
		<truncated>0</truncated>
		<difficult>0</difficult>
		<bndbox>
			<xmin>2261</xmin>
			<ymin>1389</ymin>
			<xmax>2343</xmax>
			<ymax>1461</ymax>
		</bndbox>
	</object>
	<object>
		<name>sp22</name>
		<pose>Unspecified</pose>
		<truncated>0</truncated>
		<difficult>0</difficult>
		<bndbox>
			<xmin>2215</xmin>
			<ymin>1407</ymin>
			<xmax>2313</xmax>
			<ymax>1477</ymax>
		</bndbox>
	</object>
	<object>
		<name>sp22</name>
		<pose>Unspecified</pose>
		<truncated>0</truncated>
		<difficult>0</difficult>
		<bndbox>
			<xmin>2173</xmin>
			<ymin>1449</ymin>
			<xmax>2262</xmax>
			<ymax>1526</ymax>
		</bndbox>
	</object>
	<object>
		<name>sp22</name>
		<pose>Unspecified</pose>
		<truncated>0</truncated>
		<difficult>0</difficult>
		<bndbox>
			<xmin>2131</xmin>
			<ymin>1482</ymin>
			<xmax>2230</xmax>
			<ymax>1567</ymax>
		</bndbox>
	</object>
	<object>
		<name>sp22</name>
		<pose>Unspecified</pose>
		<truncated>0</truncated>
		<difficult>0</difficult>
		<bndbox>
			<xmin>2115</xmin>
			<ymin>1428</ymin>
			<xmax>2193</xmax>
			<ymax>1494</ymax>
		</bndbox>
	</object>
	<object>
		<name>sp22</name>
		<pose>Unspecified</pose>
		<truncated>0</truncated>
		<difficult>0</difficult>
		<bndbox>
			<xmin>2096</xmin>
			<ymin>1395</ymin>
			<xmax>2172</xmax>
			<ymax>1461</ymax>
		</bndbox>
	</object>
	<object>
		<name>sp22</name>
		<pose>Unspecified</pose>
		<truncated>0</truncated>
		<difficult>0</difficult>
		<bndbox>
			<xmin>2189</xmin>
			<ymin>1340</ymin>
			<xmax>2280</xmax>
			<ymax>1430</ymax>
		</bndbox>
	</object>
	<object>
		<name>sp22</name>
		<pose>Unspecified</pose>
		<truncated>0</truncated>
		<difficult>0</difficult>
		<bndbox>
			<xmin>2138</xmin>
			<ymin>1298</ymin>
			<xmax>2207</xmax>
			<ymax>1360</ymax>
		</bndbox>
	</object>
	<object>
		<name>sp22</name>
		<pose>Unspecified</pose>
		<truncated>0</truncated>
		<difficult>0</difficult>
		<bndbox>
			<xmin>2035</xmin>
			<ymin>1305</ymin>
			<xmax>2113</xmax>
			<ymax>1367</ymax>
		</bndbox>
	</object>
	<object>
		<name>sp22</name>
		<pose>Unspecified</pose>
		<truncated>0</truncated>
		<difficult>0</difficult>
		<bndbox>
			<xmin>2035</xmin>
			<ymin>1343</ymin>
			<xmax>2115</xmax>
			<ymax>1414</ymax>
		</bndbox>
	</object>
	<object>
		<name>sp22</name>
		<pose>Unspecified</pose>
		<truncated>0</truncated>
		<difficult>0</difficult>
		<bndbox>
			<xmin>1981</xmin>
			<ymin>1382</ymin>
			<xmax>2054</xmax>
			<ymax>1442</ymax>
		</bndbox>
	</object>
	<object>
		<name>sp22</name>
		<pose>Unspecified</pose>
		<truncated>0</truncated>
		<difficult>0</difficult>
		<bndbox>
			<xmin>1928</xmin>
			<ymin>1404</ymin>
			<xmax>2016</xmax>
			<ymax>1472</ymax>
		</bndbox>
	</object>
	<object>
		<name>sp22</name>
		<pose>Unspecified</pose>
		<truncated>0</truncated>
		<difficult>0</difficult>
		<bndbox>
			<xmin>2010</xmin>
			<ymin>1418</ymin>
			<xmax>2093</xmax>
			<ymax>1467</ymax>
		</bndbox>
	</object>
	<object>
		<name>sp22</name>
		<pose>Unspecified</pose>
		<truncated>0</truncated>
		<difficult>0</difficult>
		<bndbox>
			<xmin>2020</xmin>
			<ymin>1452</ymin>
			<xmax>2106</xmax>
			<ymax>1516</ymax>
		</bndbox>
	</object>
	<object>
		<name>sp22</name>
		<pose>Unspecified</pose>
		<truncated>0</truncated>
		<difficult>0</difficult>
		<bndbox>
			<xmin>2008</xmin>
			<ymin>1506</ymin>
			<xmax>2084</xmax>
			<ymax>1584</ymax>
		</bndbox>
	</object>
	<object>
		<name>sp22</name>
		<pose>Unspecified</pose>
		<truncated>0</truncated>
		<difficult>0</difficult>
		<bndbox>
			<xmin>1948</xmin>
			<ymin>1529</ymin>
			<xmax>2023</xmax>
			<ymax>1594</ymax>
		</bndbox>
	</object>
	<object>
		<name>sp22</name>
		<pose>Unspecified</pose>
		<truncated>0</truncated>
		<difficult>0</difficult>
		<bndbox>
			<xmin>1957</xmin>
			<ymin>1502</ymin>
			<xmax>2034</xmax>
			<ymax>1544</ymax>
		</bndbox>
	</object>
	<object>
		<name>sp22</name>
		<pose>Unspecified</pose>
		<truncated>0</truncated>
		<difficult>0</difficult>
		<bndbox>
			<xmin>1954</xmin>
			<ymin>1454</ymin>
			<xmax>2027</xmax>
			<ymax>1510</ymax>
		</bndbox>
	</object>
	<object>
		<name>sp22</name>
		<pose>Unspecified</pose>
		<truncated>0</truncated>
		<difficult>0</difficult>
		<bndbox>
			<xmin>1861</xmin>
			<ymin>1497</ymin>
			<xmax>1956</xmax>
			<ymax>1579</ymax>
		</bndbox>
	</object>
	<object>
		<name>sp22</name>
		<pose>Unspecified</pose>
		<truncated>0</truncated>
		<difficult>0</difficult>
		<bndbox>
			<xmin>1847</xmin>
			<ymin>1412</ymin>
			<xmax>1923</xmax>
			<ymax>1496</ymax>
		</bndbox>
	</object>
	<object>
		<name>sp22</name>
		<pose>Unspecified</pose>
		<truncated>0</truncated>
		<difficult>0</difficult>
		<bndbox>
			<xmin>1767</xmin>
			<ymin>1422</ymin>
			<xmax>1865</xmax>
			<ymax>1492</ymax>
		</bndbox>
	</object>
	<object>
		<name>sp22</name>
		<pose>Unspecified</pose>
		<truncated>0</truncated>
		<difficult>0</difficult>
		<bndbox>
			<xmin>1758</xmin>
			<ymin>1379</ymin>
			<xmax>1847</xmax>
			<ymax>1443</ymax>
		</bndbox>
	</object>
	<object>
		<name>sp22</name>
		<pose>Unspecified</pose>
		<truncated>0</truncated>
		<difficult>0</difficult>
		<bndbox>
			<xmin>1810</xmin>
			<ymin>1287</ymin>
			<xmax>1894</xmax>
			<ymax>1361</ymax>
		</bndbox>
	</object>
	<object>
		<name>sp22</name>
		<pose>Unspecified</pose>
		<truncated>0</truncated>
		<difficult>0</difficult>
		<bndbox>
			<xmin>1739</xmin>
			<ymin>1300</ymin>
			<xmax>1823</xmax>
			<ymax>1380</ymax>
		</bndbox>
	</object>
	<object>
		<name>sp22</name>
		<pose>Unspecified</pose>
		<truncated>0</truncated>
		<difficult>0</difficult>
		<bndbox>
			<xmin>1720</xmin>
			<ymin>1264</ymin>
			<xmax>1792</xmax>
			<ymax>1332</ymax>
		</bndbox>
	</object>
	<object>
		<name>sp22</name>
		<pose>Unspecified</pose>
		<truncated>0</truncated>
		<difficult>0</difficult>
		<bndbox>
			<xmin>1664</xmin>
			<ymin>1269</ymin>
			<xmax>1744</xmax>
			<ymax>1341</ymax>
		</bndbox>
	</object>
	<object>
		<name>sp22</name>
		<pose>Unspecified</pose>
		<truncated>0</truncated>
		<difficult>0</difficult>
		<bndbox>
			<xmin>1565</xmin>
			<ymin>1305</ymin>
			<xmax>1660</xmax>
			<ymax>1388</ymax>
		</bndbox>
	</object>
	<object>
		<name>sp22</name>
		<pose>Unspecified</pose>
		<truncated>0</truncated>
		<difficult>0</difficult>
		<bndbox>
			<xmin>1621</xmin>
			<ymin>1323</ymin>
			<xmax>1704</xmax>
			<ymax>1389</ymax>
		</bndbox>
	</object>
	<object>
		<name>sp22</name>
		<pose>Unspecified</pose>
		<truncated>0</truncated>
		<difficult>0</difficult>
		<bndbox>
			<xmin>1633</xmin>
			<ymin>1375</ymin>
			<xmax>1754</xmax>
			<ymax>1462</ymax>
		</bndbox>
	</object>
	<object>
		<name>sp22</name>
		<pose>Unspecified</pose>
		<truncated>0</truncated>
		<difficult>0</difficult>
		<bndbox>
			<xmin>1475</xmin>
			<ymin>1367</ymin>
			<xmax>1589</xmax>
			<ymax>1461</ymax>
		</bndbox>
	</object>
	<object>
		<name>sp22</name>
		<pose>Unspecified</pose>
		<truncated>0</truncated>
		<difficult>0</difficult>
		<bndbox>
			<xmin>2106</xmin>
			<ymin>1629</ymin>
			<xmax>2200</xmax>
			<ymax>1713</ymax>
		</bndbox>
	</object>
	<object>
		<name>sp22</name>
		<pose>Unspecified</pose>
		<truncated>0</truncated>
		<difficult>0</difficult>
		<bndbox>
			<xmin>2318</xmin>
			<ymin>1663</ymin>
			<xmax>2420</xmax>
			<ymax>1763</ymax>
		</bndbox>
	</object>
	<object>
		<name>sp22</name>
		<pose>Unspecified</pose>
		<truncated>0</truncated>
		<difficult>0</difficult>
		<bndbox>
			<xmin>2195</xmin>
			<ymin>1710</ymin>
			<xmax>2281</xmax>
			<ymax>1798</ymax>
		</bndbox>
	</object>
	<object>
		<name>sp22</name>
		<pose>Unspecified</pose>
		<truncated>0</truncated>
		<difficult>0</difficult>
		<bndbox>
			<xmin>2314</xmin>
			<ymin>1790</ymin>
			<xmax>2403</xmax>
			<ymax>1867</ymax>
		</bndbox>
	</object>
	<object>
		<name>sp22</name>
		<pose>Unspecified</pose>
		<truncated>0</truncated>
		<difficult>0</difficult>
		<bndbox>
			<xmin>2138</xmin>
			<ymin>1736</ymin>
			<xmax>2218</xmax>
			<ymax>1810</ymax>
		</bndbox>
	</object>
	<object>
		<name>sp22</name>
		<pose>Unspecified</pose>
		<truncated>0</truncated>
		<difficult>0</difficult>
		<bndbox>
			<xmin>1902</xmin>
			<ymin>1598</ymin>
			<xmax>1989</xmax>
			<ymax>1682</ymax>
		</bndbox>
	</object>
	<object>
		<name>sp22</name>
		<pose>Unspecified</pose>
		<truncated>0</truncated>
		<difficult>0</difficult>
		<bndbox>
			<xmin>1959</xmin>
			<ymin>1594</ymin>
			<xmax>2037</xmax>
			<ymax>1678</ymax>
		</bndbox>
	</object>
	<object>
		<name>sp22</name>
		<pose>Unspecified</pose>
		<truncated>0</truncated>
		<difficult>0</difficult>
		<bndbox>
			<xmin>1996</xmin>
			<ymin>1667</ymin>
			<xmax>2075</xmax>
			<ymax>1722</ymax>
		</bndbox>
	</object>
	<object>
		<name>sp22</name>
		<pose>Unspecified</pose>
		<truncated>0</truncated>
		<difficult>0</difficult>
		<bndbox>
			<xmin>1993</xmin>
			<ymin>1712</ymin>
			<xmax>2077</xmax>
			<ymax>1766</ymax>
		</bndbox>
	</object>
	<object>
		<name>sp22</name>
		<pose>Unspecified</pose>
		<truncated>0</truncated>
		<difficult>0</difficult>
		<bndbox>
			<xmin>1993</xmin>
			<ymin>1749</ymin>
			<xmax>2073</xmax>
			<ymax>1811</ymax>
		</bndbox>
	</object>
	<object>
		<name>sp22</name>
		<pose>Unspecified</pose>
		<truncated>0</truncated>
		<difficult>0</difficult>
		<bndbox>
			<xmin>1866</xmin>
			<ymin>1669</ymin>
			<xmax>1957</xmax>
			<ymax>1740</ymax>
		</bndbox>
	</object>
	<object>
		<name>sp22</name>
		<pose>Unspecified</pose>
		<truncated>0</truncated>
		<difficult>0</difficult>
		<bndbox>
			<xmin>1902</xmin>
			<ymin>1720</ymin>
			<xmax>1988</xmax>
			<ymax>1791</ymax>
		</bndbox>
	</object>
	<object>
		<name>sp22</name>
		<pose>Unspecified</pose>
		<truncated>0</truncated>
		<difficult>0</difficult>
		<bndbox>
			<xmin>1822</xmin>
			<ymin>1781</ymin>
			<xmax>1899</xmax>
			<ymax>1851</ymax>
		</bndbox>
	</object>
	<object>
		<name>sp22</name>
		<pose>Unspecified</pose>
		<truncated>0</truncated>
		<difficult>0</difficult>
		<bndbox>
			<xmin>1844</xmin>
			<ymin>1830</ymin>
			<xmax>1929</xmax>
			<ymax>1900</ymax>
		</bndbox>
	</object>
	<object>
		<name>sp22</name>
		<pose>Unspecified</pose>
		<truncated>0</truncated>
		<difficult>0</difficult>
		<bndbox>
			<xmin>1786</xmin>
			<ymin>1809</ymin>
			<xmax>1855</xmax>
			<ymax>1885</ymax>
		</bndbox>
	</object>
	<object>
		<name>sp22</name>
		<pose>Unspecified</pose>
		<truncated>0</truncated>
		<difficult>0</difficult>
		<bndbox>
			<xmin>1744</xmin>
			<ymin>1849</ymin>
			<xmax>1844</xmax>
			<ymax>1926</ymax>
		</bndbox>
	</object>
	<object>
		<name>sp22</name>
		<pose>Unspecified</pose>
		<truncated>0</truncated>
		<difficult>0</difficult>
		<bndbox>
			<xmin>1975</xmin>
			<ymin>1797</ymin>
			<xmax>2065</xmax>
			<ymax>1872</ymax>
		</bndbox>
	</object>
	<object>
		<name>sp22</name>
		<pose>Unspecified</pose>
		<truncated>0</truncated>
		<difficult>0</difficult>
		<bndbox>
			<xmin>2051</xmin>
			<ymin>1804</ymin>
			<xmax>2098</xmax>
			<ymax>1855</ymax>
		</bndbox>
	</object>
	<object>
		<name>sp22</name>
		<pose>Unspecified</pose>
		<truncated>0</truncated>
		<difficult>0</difficult>
		<bndbox>
			<xmin>2009</xmin>
			<ymin>1847</ymin>
			<xmax>2079</xmax>
			<ymax>1892</ymax>
		</bndbox>
	</object>
	<object>
		<name>sp22</name>
		<pose>Unspecified</pose>
		<truncated>0</truncated>
		<difficult>0</difficult>
		<bndbox>
			<xmin>1990</xmin>
			<ymin>1887</ymin>
			<xmax>2072</xmax>
			<ymax>1962</ymax>
		</bndbox>
	</object>
	<object>
		<name>sp22</name>
		<pose>Unspecified</pose>
		<truncated>0</truncated>
		<difficult>0</difficult>
		<bndbox>
			<xmin>2053</xmin>
			<ymin>1877</ymin>
			<xmax>2123</xmax>
			<ymax>1932</ymax>
		</bndbox>
	</object>
	<object>
		<name>sp22</name>
		<pose>Unspecified</pose>
		<truncated>0</truncated>
		<difficult>0</difficult>
		<bndbox>
			<xmin>2082</xmin>
			<ymin>1857</ymin>
			<xmax>2161</xmax>
			<ymax>1910</ymax>
		</bndbox>
	</object>
	<object>
		<name>sp22</name>
		<pose>Unspecified</pose>
		<truncated>0</truncated>
		<difficult>0</difficult>
		<bndbox>
			<xmin>2071</xmin>
			<ymin>1810</ymin>
			<xmax>2146</xmax>
			<ymax>1868</ymax>
		</bndbox>
	</object>
	<object>
		<name>sp22</name>
		<pose>Unspecified</pose>
		<truncated>0</truncated>
		<difficult>0</difficult>
		<bndbox>
			<xmin>2061</xmin>
			<ymin>1931</ymin>
			<xmax>2135</xmax>
			<ymax>1998</ymax>
		</bndbox>
	</object>
	<object>
		<name>sp22</name>
		<pose>Unspecified</pose>
		<truncated>0</truncated>
		<difficult>0</difficult>
		<bndbox>
			<xmin>1999</xmin>
			<ymin>1952</ymin>
			<xmax>2085</xmax>
			<ymax>2022</ymax>
		</bndbox>
	</object>
	<object>
		<name>sp22</name>
		<pose>Unspecified</pose>
		<truncated>0</truncated>
		<difficult>0</difficult>
		<bndbox>
			<xmin>2004</xmin>
			<ymin>2018</ymin>
			<xmax>2089</xmax>
			<ymax>2101</ymax>
		</bndbox>
	</object>
	<object>
		<name>sp22</name>
		<pose>Unspecified</pose>
		<truncated>0</truncated>
		<difficult>0</difficult>
		<bndbox>
			<xmin>2065</xmin>
			<ymin>1997</ymin>
			<xmax>2146</xmax>
			<ymax>2080</ymax>
		</bndbox>
	</object>
	<object>
		<name>sp22</name>
		<pose>Unspecified</pose>
		<truncated>0</truncated>
		<difficult>0</difficult>
		<bndbox>
			<xmin>2123</xmin>
			<ymin>2019</ymin>
			<xmax>2205</xmax>
			<ymax>2106</ymax>
		</bndbox>
	</object>
	<object>
		<name>sp22</name>
		<pose>Unspecified</pose>
		<truncated>0</truncated>
		<difficult>0</difficult>
		<bndbox>
			<xmin>1600</xmin>
			<ymin>1952</ymin>
			<xmax>1699</xmax>
			<ymax>2049</ymax>
		</bndbox>
	</object>
	<object>
		<name>sp22</name>
		<pose>Unspecified</pose>
		<truncated>0</truncated>
		<difficult>0</difficult>
		<bndbox>
			<xmin>1670</xmin>
			<ymin>1957</ymin>
			<xmax>1769</xmax>
			<ymax>2058</ymax>
		</bndbox>
	</object>
	<object>
		<name>sp22</name>
		<pose>Unspecified</pose>
		<truncated>0</truncated>
		<difficult>0</difficult>
		<bndbox>
			<xmin>2025</xmin>
			<ymin>2088</ymin>
			<xmax>2126</xmax>
			<ymax>2166</ymax>
		</bndbox>
	</object>
	<object>
		<name>sp22</name>
		<pose>Unspecified</pose>
		<truncated>0</truncated>
		<difficult>0</difficult>
		<bndbox>
			<xmin>2110</xmin>
			<ymin>2102</ymin>
			<xmax>2178</xmax>
			<ymax>2159</ymax>
		</bndbox>
	</object>
	<object>
		<name>sp22</name>
		<pose>Unspecified</pose>
		<truncated>0</truncated>
		<difficult>0</difficult>
		<bndbox>
			<xmin>2026</xmin>
			<ymin>2142</ymin>
			<xmax>2111</xmax>
			<ymax>2220</ymax>
		</bndbox>
	</object>
	<object>
		<name>sp22</name>
		<pose>Unspecified</pose>
		<truncated>0</truncated>
		<difficult>0</difficult>
		<bndbox>
			<xmin>1704</xmin>
			<ymin>2114</ymin>
			<xmax>1823</xmax>
			<ymax>2213</ymax>
		</bndbox>
	</object>
	<object>
		<name>sp22</name>
		<pose>Unspecified</pose>
		<truncated>0</truncated>
		<difficult>0</difficult>
		<bndbox>
			<xmin>1314</xmin>
			<ymin>2112</ymin>
			<xmax>1448</xmax>
			<ymax>2207</ymax>
		</bndbox>
	</object>
	<object>
		<name>sp22</name>
		<pose>Unspecified</pose>
		<truncated>0</truncated>
		<difficult>0</difficult>
		<bndbox>
			<xmin>1150</xmin>
			<ymin>2081</ymin>
			<xmax>1257</xmax>
			<ymax>2195</ymax>
		</bndbox>
	</object>
	<object>
		<name>sp22</name>
		<pose>Unspecified</pose>
		<truncated>0</truncated>
		<difficult>0</difficult>
		<bndbox>
			<xmin>1508</xmin>
			<ymin>2269</ymin>
			<xmax>1597</xmax>
			<ymax>2369</ymax>
		</bndbox>
	</object>
	<object>
		<name>sp22</name>
		<pose>Unspecified</pose>
		<truncated>0</truncated>
		<difficult>0</difficult>
		<bndbox>
			<xmin>1453</xmin>
			<ymin>2284</ymin>
			<xmax>1539</xmax>
			<ymax>2366</ymax>
		</bndbox>
	</object>
	<object>
		<name>sp22</name>
		<pose>Unspecified</pose>
		<truncated>0</truncated>
		<difficult>0</difficult>
		<bndbox>
			<xmin>1410</xmin>
			<ymin>2313</ymin>
			<xmax>1510</xmax>
			<ymax>2398</ymax>
		</bndbox>
	</object>
	<object>
		<name>sp22</name>
		<pose>Unspecified</pose>
		<truncated>0</truncated>
		<difficult>0</difficult>
		<bndbox>
			<xmin>1469</xmin>
			<ymin>2380</ymin>
			<xmax>1584</xmax>
			<ymax>2474</ymax>
		</bndbox>
	</object>
	<object>
		<name>sp22</name>
		<pose>Unspecified</pose>
		<truncated>0</truncated>
		<difficult>0</difficult>
		<bndbox>
			<xmin>1651</xmin>
			<ymin>2359</ymin>
			<xmax>1753</xmax>
			<ymax>2446</ymax>
		</bndbox>
	</object>
	<object>
		<name>sp22</name>
		<pose>Unspecified</pose>
		<truncated>0</truncated>
		<difficult>0</difficult>
		<bndbox>
			<xmin>1286</xmin>
			<ymin>2406</ymin>
			<xmax>1395</xmax>
			<ymax>2498</ymax>
		</bndbox>
	</object>
	<object>
		<name>sp22</name>
		<pose>Unspecified</pose>
		<truncated>0</truncated>
		<difficult>0</difficult>
		<bndbox>
			<xmin>1035</xmin>
			<ymin>2435</ymin>
			<xmax>1142</xmax>
			<ymax>2516</ymax>
		</bndbox>
	</object>
	<object>
		<name>sp22</name>
		<pose>Unspecified</pose>
		<truncated>0</truncated>
		<difficult>0</difficult>
		<bndbox>
			<xmin>824</xmin>
			<ymin>2371</ymin>
			<xmax>938</xmax>
			<ymax>2441</ymax>
		</bndbox>
	</object>
	<object>
		<name>sp22</name>
		<pose>Unspecified</pose>
		<truncated>0</truncated>
		<difficult>0</difficult>
		<bndbox>
			<xmin>912</xmin>
			<ymin>2267</ymin>
			<xmax>1018</xmax>
			<ymax>2369</ymax>
		</bndbox>
	</object>
	<object>
		<name>sp22</name>
		<pose>Unspecified</pose>
		<truncated>0</truncated>
		<difficult>0</difficult>
		<bndbox>
			<xmin>869</xmin>
			<ymin>2260</ymin>
			<xmax>958</xmax>
			<ymax>2348</ymax>
		</bndbox>
	</object>
	<object>
		<name>sp22</name>
		<pose>Unspecified</pose>
		<truncated>0</truncated>
		<difficult>0</difficult>
		<bndbox>
			<xmin>884</xmin>
			<ymin>2162</ymin>
			<xmax>991</xmax>
			<ymax>2260</ymax>
		</bndbox>
	</object>
	<object>
		<name>sp22</name>
		<pose>Unspecified</pose>
		<truncated>0</truncated>
		<difficult>0</difficult>
		<bndbox>
			<xmin>869</xmin>
			<ymin>2132</ymin>
			<xmax>966</xmax>
			<ymax>2216</ymax>
		</bndbox>
	</object>
	<object>
		<name>sp22</name>
		<pose>Unspecified</pose>
		<truncated>0</truncated>
		<difficult>0</difficult>
		<bndbox>
			<xmin>781</xmin>
			<ymin>2109</ymin>
			<xmax>891</xmax>
			<ymax>2189</ymax>
		</bndbox>
	</object>
	<object>
		<name>sp22</name>
		<pose>Unspecified</pose>
		<truncated>0</truncated>
		<difficult>0</difficult>
		<bndbox>
			<xmin>806</xmin>
			<ymin>2172</ymin>
			<xmax>894</xmax>
			<ymax>2255</ymax>
		</bndbox>
	</object>
	<object>
		<name>sp22</name>
		<pose>Unspecified</pose>
		<truncated>0</truncated>
		<difficult>0</difficult>
		<bndbox>
			<xmin>729</xmin>
			<ymin>2161</ymin>
			<xmax>830</xmax>
			<ymax>2255</ymax>
		</bndbox>
	</object>
	<object>
		<name>sp22</name>
		<pose>Unspecified</pose>
		<truncated>0</truncated>
		<difficult>0</difficult>
		<bndbox>
			<xmin>697</xmin>
			<ymin>2209</ymin>
			<xmax>802</xmax>
			<ymax>2302</ymax>
		</bndbox>
	</object>
	<object>
		<name>sp22</name>
		<pose>Unspecified</pose>
		<truncated>0</truncated>
		<difficult>0</difficult>
		<bndbox>
			<xmin>1269</xmin>
			<ymin>1676</ymin>
			<xmax>1392</xmax>
			<ymax>1769</ymax>
		</bndbox>
	</object>
	<object>
		<name>sp22</name>
		<pose>Unspecified</pose>
		<truncated>0</truncated>
		<difficult>0</difficult>
		<bndbox>
			<xmin>1259</xmin>
			<ymin>1740</ymin>
			<xmax>1377</xmax>
			<ymax>1815</ymax>
		</bndbox>
	</object>
	<object>
		<name>sp22</name>
		<pose>Unspecified</pose>
		<truncated>0</truncated>
		<difficult>0</difficult>
		<bndbox>
			<xmin>1247</xmin>
			<ymin>1799</ymin>
			<xmax>1356</xmax>
			<ymax>1885</ymax>
		</bndbox>
	</object>
	<object>
		<name>sp22</name>
		<pose>Unspecified</pose>
		<truncated>0</truncated>
		<difficult>0</difficult>
		<bndbox>
			<xmin>1165</xmin>
			<ymin>1617</ymin>
			<xmax>1274</xmax>
			<ymax>1710</ymax>
		</bndbox>
	</object>
	<object>
		<name>sp22</name>
		<pose>Unspecified</pose>
		<truncated>0</truncated>
		<difficult>0</difficult>
		<bndbox>
			<xmin>1257</xmin>
			<ymin>1560</ymin>
			<xmax>1358</xmax>
			<ymax>1643</ymax>
		</bndbox>
	</object>
	<object>
		<name>sp22</name>
		<pose>Unspecified</pose>
		<truncated>0</truncated>
		<difficult>0</difficult>
		<bndbox>
			<xmin>1333</xmin>
			<ymin>1537</ymin>
			<xmax>1431</xmax>
			<ymax>1617</ymax>
		</bndbox>
	</object>
	<object>
		<name>sp22</name>
		<pose>Unspecified</pose>
		<truncated>0</truncated>
		<difficult>0</difficult>
		<bndbox>
			<xmin>1364</xmin>
			<ymin>1448</ymin>
			<xmax>1474</xmax>
			<ymax>1553</ymax>
		</bndbox>
	</object>
	<object>
		<name>sp22</name>
		<pose>Unspecified</pose>
		<truncated>0</truncated>
		<difficult>0</difficult>
		<bndbox>
			<xmin>1014</xmin>
			<ymin>1607</ymin>
			<xmax>1123</xmax>
			<ymax>1712</ymax>
		</bndbox>
	</object>
	<object>
		<name>sp22</name>
		<pose>Unspecified</pose>
		<truncated>0</truncated>
		<difficult>0</difficult>
		<bndbox>
			<xmin>956</xmin>
			<ymin>1483</ymin>
			<xmax>1069</xmax>
			<ymax>1598</ymax>
		</bndbox>
	</object>
	<object>
		<name>sp22</name>
		<pose>Unspecified</pose>
		<truncated>0</truncated>
		<difficult>0</difficult>
		<bndbox>
			<xmin>844</xmin>
			<ymin>1533</ymin>
			<xmax>968</xmax>
			<ymax>1628</ymax>
		</bndbox>
	</object>
	<object>
		<name>sp22</name>
		<pose>Unspecified</pose>
		<truncated>0</truncated>
		<difficult>0</difficult>
		<bndbox>
			<xmin>636</xmin>
			<ymin>1562</ymin>
			<xmax>735</xmax>
			<ymax>1638</ymax>
		</bndbox>
	</object>
	<object>
		<name>sp22</name>
		<pose>Unspecified</pose>
		<truncated>0</truncated>
		<difficult>0</difficult>
		<bndbox>
			<xmin>694</xmin>
			<ymin>1578</ymin>
			<xmax>769</xmax>
			<ymax>1667</ymax>
		</bndbox>
	</object>
	<object>
		<name>sp22</name>
		<pose>Unspecified</pose>
		<truncated>0</truncated>
		<difficult>0</difficult>
		<bndbox>
			<xmin>637</xmin>
			<ymin>1648</ymin>
			<xmax>766</xmax>
			<ymax>1744</ymax>
		</bndbox>
	</object>
	<object>
		<name>sp22</name>
		<pose>Unspecified</pose>
		<truncated>0</truncated>
		<difficult>0</difficult>
		<bndbox>
			<xmin>647</xmin>
			<ymin>1459</ymin>
			<xmax>732</xmax>
			<ymax>1529</ymax>
		</bndbox>
	</object>
	<object>
		<name>sp22</name>
		<pose>Unspecified</pose>
		<truncated>0</truncated>
		<difficult>0</difficult>
		<bndbox>
			<xmin>670</xmin>
			<ymin>1389</ymin>
			<xmax>747</xmax>
			<ymax>1450</ymax>
		</bndbox>
	</object>
	<object>
		<name>sp22</name>
		<pose>Unspecified</pose>
		<truncated>0</truncated>
		<difficult>0</difficult>
		<bndbox>
			<xmin>722</xmin>
			<ymin>1374</ymin>
			<xmax>804</xmax>
			<ymax>1452</ymax>
		</bndbox>
	</object>
	<object>
		<name>sp22</name>
		<pose>Unspecified</pose>
		<truncated>0</truncated>
		<difficult>0</difficult>
		<bndbox>
			<xmin>701</xmin>
			<ymin>1434</ymin>
			<xmax>788</xmax>
			<ymax>1497</ymax>
		</bndbox>
	</object>
	<object>
		<name>sp22</name>
		<pose>Unspecified</pose>
		<truncated>0</truncated>
		<difficult>0</difficult>
		<bndbox>
			<xmin>1335</xmin>
			<ymin>1302</ymin>
			<xmax>1416</xmax>
			<ymax>1397</ymax>
		</bndbox>
	</object>
	<object>
		<name>sp22</name>
		<pose>Unspecified</pose>
		<truncated>0</truncated>
		<difficult>0</difficult>
		<bndbox>
			<xmin>1280</xmin>
			<ymin>1311</ymin>
			<xmax>1361</xmax>
			<ymax>1402</ymax>
		</bndbox>
	</object>
	<object>
		<name>sp22</name>
		<pose>Unspecified</pose>
		<truncated>0</truncated>
		<difficult>0</difficult>
		<bndbox>
			<xmin>1193</xmin>
			<ymin>1284</ymin>
			<xmax>1288</xmax>
			<ymax>1357</ymax>
		</bndbox>
	</object>
	<object>
		<name>sp22</name>
		<pose>Unspecified</pose>
		<truncated>0</truncated>
		<difficult>0</difficult>
		<bndbox>
			<xmin>1176</xmin>
			<ymin>1219</ymin>
			<xmax>1276</xmax>
			<ymax>1303</ymax>
		</bndbox>
	</object>
	<object>
		<name>sp22</name>
		<pose>Unspecified</pose>
		<truncated>0</truncated>
		<difficult>0</difficult>
		<bndbox>
			<xmin>1126</xmin>
			<ymin>1252</ymin>
			<xmax>1212</xmax>
			<ymax>1332</ymax>
		</bndbox>
	</object>
	<object>
		<name>sp22</name>
		<pose>Unspecified</pose>
		<truncated>0</truncated>
		<difficult>0</difficult>
		<bndbox>
			<xmin>1130</xmin>
			<ymin>1328</ymin>
			<xmax>1243</xmax>
			<ymax>1433</ymax>
		</bndbox>
	</object>
	<object>
		<name>sp22</name>
		<pose>Unspecified</pose>
		<truncated>0</truncated>
		<difficult>0</difficult>
		<bndbox>
			<xmin>1033</xmin>
			<ymin>1299</ymin>
			<xmax>1128</xmax>
			<ymax>1383</ymax>
		</bndbox>
	</object>
	<object>
		<name>sp22</name>
		<pose>Unspecified</pose>
		<truncated>0</truncated>
		<difficult>0</difficult>
		<bndbox>
			<xmin>960</xmin>
			<ymin>1347</ymin>
			<xmax>1052</xmax>
			<ymax>1422</ymax>
		</bndbox>
	</object>
	<object>
		<name>sp22</name>
		<pose>Unspecified</pose>
		<truncated>0</truncated>
		<difficult>0</difficult>
		<bndbox>
			<xmin>994</xmin>
			<ymin>1373</ymin>
			<xmax>1079</xmax>
			<ymax>1472</ymax>
		</bndbox>
	</object>
	<object>
		<name>sp22</name>
		<pose>Unspecified</pose>
		<truncated>0</truncated>
		<difficult>0</difficult>
		<bndbox>
			<xmin>1046</xmin>
			<ymin>1203</ymin>
			<xmax>1150</xmax>
			<ymax>1291</ymax>
		</bndbox>
	</object>
	<object>
		<name>sp22</name>
		<pose>Unspecified</pose>
		<truncated>0</truncated>
		<difficult>0</difficult>
		<bndbox>
			<xmin>1116</xmin>
			<ymin>1064</ymin>
			<xmax>1227</xmax>
			<ymax>1154</ymax>
		</bndbox>
	</object>
	<object>
		<name>sp22</name>
		<pose>Unspecified</pose>
		<truncated>0</truncated>
		<difficult>0</difficult>
		<bndbox>
			<xmin>991</xmin>
			<ymin>1113</ymin>
			<xmax>1090</xmax>
			<ymax>1188</ymax>
		</bndbox>
	</object>
	<object>
		<name>sp22</name>
		<pose>Unspecified</pose>
		<truncated>0</truncated>
		<difficult>0</difficult>
		<bndbox>
			<xmin>962</xmin>
			<ymin>1175</ymin>
			<xmax>1057</xmax>
			<ymax>1257</ymax>
		</bndbox>
	</object>
	<object>
		<name>sp22</name>
		<pose>Unspecified</pose>
		<truncated>0</truncated>
		<difficult>0</difficult>
		<bndbox>
			<xmin>934</xmin>
			<ymin>1225</ymin>
			<xmax>1037</xmax>
			<ymax>1282</ymax>
		</bndbox>
	</object>
	<object>
		<name>sp22</name>
		<pose>Unspecified</pose>
		<truncated>0</truncated>
		<difficult>0</difficult>
		<bndbox>
			<xmin>820</xmin>
			<ymin>1313</ymin>
			<xmax>922</xmax>
			<ymax>1383</ymax>
		</bndbox>
	</object>
	<object>
		<name>sp22</name>
		<pose>Unspecified</pose>
		<truncated>0</truncated>
		<difficult>0</difficult>
		<bndbox>
			<xmin>834</xmin>
			<ymin>1361</ymin>
			<xmax>937</xmax>
			<ymax>1435</ymax>
		</bndbox>
	</object>
	<object>
		<name>sp22</name>
		<pose>Unspecified</pose>
		<truncated>0</truncated>
		<difficult>0</difficult>
		<bndbox>
			<xmin>843</xmin>
			<ymin>1163</ymin>
			<xmax>933</xmax>
			<ymax>1234</ymax>
		</bndbox>
	</object>
	<object>
		<name>sp22</name>
		<pose>Unspecified</pose>
		<truncated>0</truncated>
		<difficult>0</difficult>
		<bndbox>
			<xmin>779</xmin>
			<ymin>1200</ymin>
			<xmax>868</xmax>
			<ymax>1285</ymax>
		</bndbox>
	</object>
	<object>
		<name>sp22</name>
		<pose>Unspecified</pose>
		<truncated>0</truncated>
		<difficult>0</difficult>
		<bndbox>
			<xmin>990</xmin>
			<ymin>1059</ymin>
			<xmax>1078</xmax>
			<ymax>1118</ymax>
		</bndbox>
	</object>
	<object>
		<name>sp22</name>
		<pose>Unspecified</pose>
		<truncated>0</truncated>
		<difficult>0</difficult>
		<bndbox>
			<xmin>1004</xmin>
			<ymin>994</ymin>
			<xmax>1088</xmax>
			<ymax>1069</ymax>
		</bndbox>
	</object>
	<object>
		<name>sp22</name>
		<pose>Unspecified</pose>
		<truncated>0</truncated>
		<difficult>0</difficult>
		<bndbox>
			<xmin>931</xmin>
			<ymin>998</ymin>
			<xmax>1019</xmax>
			<ymax>1084</ymax>
		</bndbox>
	</object>
	<object>
		<name>sp22</name>
		<pose>Unspecified</pose>
		<truncated>0</truncated>
		<difficult>0</difficult>
		<bndbox>
			<xmin>852</xmin>
			<ymin>1015</ymin>
			<xmax>937</xmax>
			<ymax>1091</ymax>
		</bndbox>
	</object>
	<object>
		<name>sp22</name>
		<pose>Unspecified</pose>
		<truncated>0</truncated>
		<difficult>0</difficult>
		<bndbox>
			<xmin>829</xmin>
			<ymin>1080</ymin>
			<xmax>923</xmax>
			<ymax>1162</ymax>
		</bndbox>
	</object>
	<object>
		<name>sp22</name>
		<pose>Unspecified</pose>
		<truncated>0</truncated>
		<difficult>0</difficult>
		<bndbox>
			<xmin>750</xmin>
			<ymin>1050</ymin>
			<xmax>832</xmax>
			<ymax>1107</ymax>
		</bndbox>
	</object>
	<object>
		<name>sp22</name>
		<pose>Unspecified</pose>
		<truncated>0</truncated>
		<difficult>0</difficult>
		<bndbox>
			<xmin>759</xmin>
			<ymin>1098</ymin>
			<xmax>849</xmax>
			<ymax>1166</ymax>
		</bndbox>
	</object>
	<object>
		<name>sp22</name>
		<pose>Unspecified</pose>
		<truncated>0</truncated>
		<difficult>0</difficult>
		<bndbox>
			<xmin>718</xmin>
			<ymin>1132</ymin>
			<xmax>799</xmax>
			<ymax>1197</ymax>
		</bndbox>
	</object>
	<object>
		<name>sp22</name>
		<pose>Unspecified</pose>
		<truncated>0</truncated>
		<difficult>0</difficult>
		<bndbox>
			<xmin>670</xmin>
			<ymin>1150</ymin>
			<xmax>752</xmax>
			<ymax>1216</ymax>
		</bndbox>
	</object>
	<object>
		<name>sp22</name>
		<pose>Unspecified</pose>
		<truncated>0</truncated>
		<difficult>0</difficult>
		<bndbox>
			<xmin>700</xmin>
			<ymin>1196</ymin>
			<xmax>781</xmax>
			<ymax>1265</ymax>
		</bndbox>
	</object>
	<object>
		<name>sp22</name>
		<pose>Unspecified</pose>
		<truncated>0</truncated>
		<difficult>0</difficult>
		<bndbox>
			<xmin>663</xmin>
			<ymin>1240</ymin>
			<xmax>753</xmax>
			<ymax>1315</ymax>
		</bndbox>
	</object>
	<object>
		<name>sp22</name>
		<pose>Unspecified</pose>
		<truncated>0</truncated>
		<difficult>0</difficult>
		<bndbox>
			<xmin>586</xmin>
			<ymin>1187</ymin>
			<xmax>672</xmax>
			<ymax>1270</ymax>
		</bndbox>
	</object>
	<object>
		<name>sp22</name>
		<pose>Unspecified</pose>
		<truncated>0</truncated>
		<difficult>0</difficult>
		<bndbox>
			<xmin>575</xmin>
			<ymin>1134</ymin>
			<xmax>646</xmax>
			<ymax>1186</ymax>
		</bndbox>
	</object>
	<object>
		<name>sp22</name>
		<pose>Unspecified</pose>
		<truncated>0</truncated>
		<difficult>0</difficult>
		<bndbox>
			<xmin>496</xmin>
			<ymin>1138</ymin>
			<xmax>597</xmax>
			<ymax>1224</ymax>
		</bndbox>
	</object>
	<object>
		<name>sp22</name>
		<pose>Unspecified</pose>
		<truncated>0</truncated>
		<difficult>0</difficult>
		<bndbox>
			<xmin>638</xmin>
			<ymin>1084</ymin>
			<xmax>718</xmax>
			<ymax>1144</ymax>
		</bndbox>
	</object>
	<object>
		<name>sp22</name>
		<pose>Unspecified</pose>
		<truncated>0</truncated>
		<difficult>0</difficult>
		<bndbox>
			<xmin>591</xmin>
			<ymin>1049</ymin>
			<xmax>672</xmax>
			<ymax>1113</ymax>
		</bndbox>
	</object>
	<object>
		<name>sp22</name>
		<pose>Unspecified</pose>
		<truncated>0</truncated>
		<difficult>0</difficult>
		<bndbox>
			<xmin>664</xmin>
			<ymin>987</ymin>
			<xmax>751</xmax>
			<ymax>1069</ymax>
		</bndbox>
	</object>
	<object>
		<name>sp22</name>
		<pose>Unspecified</pose>
		<truncated>0</truncated>
		<difficult>0</difficult>
		<bndbox>
			<xmin>591</xmin>
			<ymin>986</ymin>
			<xmax>676</xmax>
			<ymax>1061</ymax>
		</bndbox>
	</object>
	<object>
		<name>sp22</name>
		<pose>Unspecified</pose>
		<truncated>0</truncated>
		<difficult>0</difficult>
		<bndbox>
			<xmin>550</xmin>
			<ymin>1067</ymin>
			<xmax>630</xmax>
			<ymax>1148</ymax>
		</bndbox>
	</object>
	<object>
		<name>sp22</name>
		<pose>Unspecified</pose>
		<truncated>0</truncated>
		<difficult>0</difficult>
		<bndbox>
			<xmin>481</xmin>
			<ymin>1051</ymin>
			<xmax>576</xmax>
			<ymax>1139</ymax>
		</bndbox>
	</object>
	<object>
		<name>sp22</name>
		<pose>Unspecified</pose>
		<truncated>0</truncated>
		<difficult>0</difficult>
		<bndbox>
			<xmin>614</xmin>
			<ymin>1332</ymin>
			<xmax>708</xmax>
			<ymax>1412</ymax>
		</bndbox>
	</object>
	<object>
		<name>sp22</name>
		<pose>Unspecified</pose>
		<truncated>0</truncated>
		<difficult>0</difficult>
		<bndbox>
			<xmin>556</xmin>
			<ymin>1403</ymin>
			<xmax>645</xmax>
			<ymax>1478</ymax>
		</bndbox>
	</object>
	<object>
		<name>sp22</name>
		<pose>Unspecified</pose>
		<truncated>0</truncated>
		<difficult>0</difficult>
		<bndbox>
			<xmin>485</xmin>
			<ymin>1346</ymin>
			<xmax>577</xmax>
			<ymax>1424</ymax>
		</bndbox>
	</object>
	<object>
		<name>sp22</name>
		<pose>Unspecified</pose>
		<truncated>0</truncated>
		<difficult>0</difficult>
		<bndbox>
			<xmin>494</xmin>
			<ymin>1253</ymin>
			<xmax>582</xmax>
			<ymax>1327</ymax>
		</bndbox>
	</object>
	<object>
		<name>sp22</name>
		<pose>Unspecified</pose>
		<truncated>0</truncated>
		<difficult>0</difficult>
		<bndbox>
			<xmin>427</xmin>
			<ymin>1730</ymin>
			<xmax>553</xmax>
			<ymax>1822</ymax>
		</bndbox>
	</object>
	<object>
		<name>sp22</name>
		<pose>Unspecified</pose>
		<truncated>0</truncated>
		<difficult>0</difficult>
		<bndbox>
			<xmin>386</xmin>
			<ymin>1648</ymin>
			<xmax>497</xmax>
			<ymax>1739</ymax>
		</bndbox>
	</object>
	<object>
		<name>sp22</name>
		<pose>Unspecified</pose>
		<truncated>0</truncated>
		<difficult>0</difficult>
		<bndbox>
			<xmin>277</xmin>
			<ymin>1570</ymin>
			<xmax>390</xmax>
			<ymax>1659</ymax>
		</bndbox>
	</object>
	<object>
		<name>sp22</name>
		<pose>Unspecified</pose>
		<truncated>0</truncated>
		<difficult>0</difficult>
		<bndbox>
			<xmin>284</xmin>
			<ymin>1500</ymin>
			<xmax>387</xmax>
			<ymax>1577</ymax>
		</bndbox>
	</object>
	<object>
		<name>sp22</name>
		<pose>Unspecified</pose>
		<truncated>0</truncated>
		<difficult>0</difficult>
		<bndbox>
			<xmin>245</xmin>
			<ymin>1452</ymin>
			<xmax>376</xmax>
			<ymax>1535</ymax>
		</bndbox>
	</object>
	<object>
		<name>sp22</name>
		<pose>Unspecified</pose>
		<truncated>0</truncated>
		<difficult>0</difficult>
		<bndbox>
			<xmin>410</xmin>
			<ymin>1586</ymin>
			<xmax>511</xmax>
			<ymax>1651</ymax>
		</bndbox>
	</object>
	<object>
		<name>sp22</name>
		<pose>Unspecified</pose>
		<truncated>0</truncated>
		<difficult>0</difficult>
		<bndbox>
			<xmin>508</xmin>
			<ymin>1520</ymin>
			<xmax>604</xmax>
			<ymax>1593</ymax>
		</bndbox>
	</object>
	<object>
		<name>sp22</name>
		<pose>Unspecified</pose>
		<truncated>0</truncated>
		<difficult>0</difficult>
		<bndbox>
			<xmin>490</xmin>
			<ymin>1453</ymin>
			<xmax>585</xmax>
			<ymax>1534</ymax>
		</bndbox>
	</object>
	<object>
		<name>sp22</name>
		<pose>Unspecified</pose>
		<truncated>0</truncated>
		<difficult>0</difficult>
		<bndbox>
			<xmin>449</xmin>
			<ymin>1428</ymin>
			<xmax>525</xmax>
			<ymax>1496</ymax>
		</bndbox>
	</object>
	<object>
		<name>sp22</name>
		<pose>Unspecified</pose>
		<truncated>0</truncated>
		<difficult>0</difficult>
		<bndbox>
			<xmin>369</xmin>
			<ymin>1438</ymin>
			<xmax>471</xmax>
			<ymax>1510</ymax>
		</bndbox>
	</object>
	<object>
		<name>sp22</name>
		<pose>Unspecified</pose>
		<truncated>0</truncated>
		<difficult>0</difficult>
		<bndbox>
			<xmin>436</xmin>
			<ymin>1492</ymin>
			<xmax>509</xmax>
			<ymax>1544</ymax>
		</bndbox>
	</object>
	<object>
		<name>sp22</name>
		<pose>Unspecified</pose>
		<truncated>0</truncated>
		<difficult>0</difficult>
		<bndbox>
			<xmin>391</xmin>
			<ymin>1514</ymin>
			<xmax>465</xmax>
			<ymax>1564</ymax>
		</bndbox>
	</object>
	<object>
		<name>sp22</name>
		<pose>Unspecified</pose>
		<truncated>0</truncated>
		<difficult>0</difficult>
		<bndbox>
			<xmin>330</xmin>
			<ymin>1223</ymin>
			<xmax>447</xmax>
			<ymax>1324</ymax>
		</bndbox>
	</object>
	<object>
		<name>sp22</name>
		<pose>Unspecified</pose>
		<truncated>0</truncated>
		<difficult>0</difficult>
		<bndbox>
			<xmin>433</xmin>
			<ymin>1208</ymin>
			<xmax>534</xmax>
			<ymax>1324</ymax>
		</bndbox>
	</object>
	<object>
		<name>sp22</name>
		<pose>Unspecified</pose>
		<truncated>0</truncated>
		<difficult>0</difficult>
		<bndbox>
			<xmin>444</xmin>
			<ymin>1315</ymin>
			<xmax>549</xmax>
			<ymax>1377</ymax>
		</bndbox>
	</object>
	<object>
		<name>sp22</name>
		<pose>Unspecified</pose>
		<truncated>0</truncated>
		<difficult>0</difficult>
		<bndbox>
			<xmin>538</xmin>
			<ymin>906</ymin>
			<xmax>648</xmax>
			<ymax>995</ymax>
		</bndbox>
	</object>
	<object>
		<name>sp22</name>
		<pose>Unspecified</pose>
		<truncated>0</truncated>
		<difficult>0</difficult>
		<bndbox>
			<xmin>634</xmin>
			<ymin>891</ymin>
			<xmax>728</xmax>
			<ymax>973</ymax>
		</bndbox>
	</object>
	<object>
		<name>sp22</name>
		<pose>Unspecified</pose>
		<truncated>0</truncated>
		<difficult>0</difficult>
		<bndbox>
			<xmin>735</xmin>
			<ymin>900</ymin>
			<xmax>814</xmax>
			<ymax>976</ymax>
		</bndbox>
	</object>
	<object>
		<name>sp22</name>
		<pose>Unspecified</pose>
		<truncated>0</truncated>
		<difficult>0</difficult>
		<bndbox>
			<xmin>776</xmin>
			<ymin>917</ymin>
			<xmax>848</xmax>
			<ymax>988</ymax>
		</bndbox>
	</object>
	<object>
		<name>sp22</name>
		<pose>Unspecified</pose>
		<truncated>0</truncated>
		<difficult>0</difficult>
		<bndbox>
			<xmin>802</xmin>
			<ymin>880</ymin>
			<xmax>892</xmax>
			<ymax>950</ymax>
		</bndbox>
	</object>
	<object>
		<name>sp22</name>
		<pose>Unspecified</pose>
		<truncated>0</truncated>
		<difficult>0</difficult>
		<bndbox>
			<xmin>922</xmin>
			<ymin>775</ymin>
			<xmax>1021</xmax>
			<ymax>861</ymax>
		</bndbox>
	</object>
	<object>
		<name>sp22</name>
		<pose>Unspecified</pose>
		<truncated>0</truncated>
		<difficult>0</difficult>
		<bndbox>
			<xmin>927</xmin>
			<ymin>867</ymin>
			<xmax>1024</xmax>
			<ymax>940</ymax>
		</bndbox>
	</object>
	<object>
		<name>sp22</name>
		<pose>Unspecified</pose>
		<truncated>0</truncated>
		<difficult>0</difficult>
		<bndbox>
			<xmin>902</xmin>
			<ymin>909</ymin>
			<xmax>1004</xmax>
			<ymax>966</ymax>
		</bndbox>
	</object>
	<object>
		<name>sp22</name>
		<pose>Unspecified</pose>
		<truncated>0</truncated>
		<difficult>0</difficult>
		<bndbox>
			<xmin>931</xmin>
			<ymin>937</ymin>
			<xmax>1014</xmax>
			<ymax>1024</ymax>
		</bndbox>
	</object>
	<object>
		<name>sp22</name>
		<pose>Unspecified</pose>
		<truncated>0</truncated>
		<difficult>0</difficult>
		<bndbox>
			<xmin>886</xmin>
			<ymin>692</ymin>
			<xmax>991</xmax>
			<ymax>777</ymax>
		</bndbox>
	</object>
	<object>
		<name>sp22</name>
		<pose>Unspecified</pose>
		<truncated>0</truncated>
		<difficult>0</difficult>
		<bndbox>
			<xmin>841</xmin>
			<ymin>627</ymin>
			<xmax>949</xmax>
			<ymax>713</ymax>
		</bndbox>
	</object>
	<object>
		<name>sp22</name>
		<pose>Unspecified</pose>
		<truncated>0</truncated>
		<difficult>0</difficult>
		<bndbox>
			<xmin>776</xmin>
			<ymin>671</ymin>
			<xmax>881</xmax>
			<ymax>755</ymax>
		</bndbox>
	</object>
	<object>
		<name>sp22</name>
		<pose>Unspecified</pose>
		<truncated>0</truncated>
		<difficult>0</difficult>
		<bndbox>
			<xmin>776</xmin>
			<ymin>789</ymin>
			<xmax>871</xmax>
			<ymax>874</ymax>
		</bndbox>
	</object>
	<object>
		<name>sp22</name>
		<pose>Unspecified</pose>
		<truncated>0</truncated>
		<difficult>0</difficult>
		<bndbox>
			<xmin>759</xmin>
			<ymin>755</ymin>
			<xmax>838</xmax>
			<ymax>846</ymax>
		</bndbox>
	</object>
	<object>
		<name>sp22</name>
		<pose>Unspecified</pose>
		<truncated>0</truncated>
		<difficult>0</difficult>
		<bndbox>
			<xmin>703</xmin>
			<ymin>777</ymin>
			<xmax>788</xmax>
			<ymax>842</ymax>
		</bndbox>
	</object>
	<object>
		<name>sp22</name>
		<pose>Unspecified</pose>
		<truncated>0</truncated>
		<difficult>0</difficult>
		<bndbox>
			<xmin>714</xmin>
			<ymin>826</ymin>
			<xmax>803</xmax>
			<ymax>903</ymax>
		</bndbox>
	</object>
	<object>
		<name>sp22</name>
		<pose>Unspecified</pose>
		<truncated>0</truncated>
		<difficult>0</difficult>
		<bndbox>
			<xmin>681</xmin>
			<ymin>631</ymin>
			<xmax>771</xmax>
			<ymax>724</ymax>
		</bndbox>
	</object>
	<object>
		<name>sp22</name>
		<pose>Unspecified</pose>
		<truncated>0</truncated>
		<difficult>0</difficult>
		<bndbox>
			<xmin>627</xmin>
			<ymin>636</ymin>
			<xmax>705</xmax>
			<ymax>710</ymax>
		</bndbox>
	</object>
	<object>
		<name>sp22</name>
		<pose>Unspecified</pose>
		<truncated>0</truncated>
		<difficult>0</difficult>
		<bndbox>
			<xmin>578</xmin>
			<ymin>677</ymin>
			<xmax>666</xmax>
			<ymax>747</ymax>
		</bndbox>
	</object>
	<object>
		<name>sp22</name>
		<pose>Unspecified</pose>
		<truncated>0</truncated>
		<difficult>0</difficult>
		<bndbox>
			<xmin>550</xmin>
			<ymin>736</ymin>
			<xmax>651</xmax>
			<ymax>823</ymax>
		</bndbox>
	</object>
	<object>
		<name>sp22</name>
		<pose>Unspecified</pose>
		<truncated>0</truncated>
		<difficult>0</difficult>
		<bndbox>
			<xmin>626</xmin>
			<ymin>710</ymin>
			<xmax>713</xmax>
			<ymax>782</ymax>
		</bndbox>
	</object>
	<object>
		<name>sp22</name>
		<pose>Unspecified</pose>
		<truncated>0</truncated>
		<difficult>0</difficult>
		<bndbox>
			<xmin>860</xmin>
			<ymin>514</ymin>
			<xmax>965</xmax>
			<ymax>603</ymax>
		</bndbox>
	</object>
</annotation>