<annotation>
	<folder>my-project-name</folder>
	<filename>sp22_img07.jpg</filename>
	<path>/my-project-name/sp22_img07.jpg</path>
	<source>
		<database>Unspecified</database>
	</source>
	<size>
		<width>2400</width>
		<height>2412</height>
		<depth>3</depth>
	</size>
	<object>
		<name>sp22</name>
		<pose>Unspecified</pose>
		<truncated>0</truncated>
		<difficult>0</difficult>
		<bndbox>
			<xmin>30</xmin>
			<ymin>802</ymin>
			<xmax>91</xmax>
			<ymax>867</ymax>
		</bndbox>
	</object>
	<object>
		<name>sp22</name>
		<pose>Unspecified</pose>
		<truncated>0</truncated>
		<difficult>0</difficult>
		<bndbox>
			<xmin>139</xmin>
			<ymin>1563</ymin>
			<xmax>207</xmax>
			<ymax>1628</ymax>
		</bndbox>
	</object>
	<object>
		<name>sp22</name>
		<pose>Unspecified</pose>
		<truncated>0</truncated>
		<difficult>0</difficult>
		<bndbox>
			<xmin>105</xmin>
			<ymin>1037</ymin>
			<xmax>207</xmax>
			<ymax>1173</ymax>
		</bndbox>
	</object>
	<object>
		<name>sp22</name>
		<pose>Unspecified</pose>
		<truncated>0</truncated>
		<difficult>0</difficult>
		<bndbox>
			<xmin>272</xmin>
			<ymin>1109</ymin>
			<xmax>357</xmax>
			<ymax>1198</ymax>
		</bndbox>
	</object>
	<object>
		<name>sp22</name>
		<pose>Unspecified</pose>
		<truncated>0</truncated>
		<difficult>0</difficult>
		<bndbox>
			<xmin>224</xmin>
			<ymin>733</ymin>
			<xmax>292</xmax>
			<ymax>808</ymax>
		</bndbox>
	</object>
	<object>
		<name>sp22</name>
		<pose>Unspecified</pose>
		<truncated>0</truncated>
		<difficult>0</difficult>
		<bndbox>
			<xmin>347</xmin>
			<ymin>682</ymin>
			<xmax>412</xmax>
			<ymax>760</ymax>
		</bndbox>
	</object>
	<object>
		<name>sp22</name>
		<pose>Unspecified</pose>
		<truncated>0</truncated>
		<difficult>0</difficult>
		<bndbox>
			<xmin>453</xmin>
			<ymin>635</ymin>
			<xmax>559</xmax>
			<ymax>741</ymax>
		</bndbox>
	</object>
	<object>
		<name>sp22</name>
		<pose>Unspecified</pose>
		<truncated>0</truncated>
		<difficult>0</difficult>
		<bndbox>
			<xmin>640</xmin>
			<ymin>515</ymin>
			<xmax>725</xmax>
			<ymax>634</ymax>
		</bndbox>
	</object>
	<object>
		<name>sp22</name>
		<pose>Unspecified</pose>
		<truncated>0</truncated>
		<difficult>0</difficult>
		<bndbox>
			<xmin>678</xmin>
			<ymin>413</ymin>
			<xmax>770</xmax>
			<ymax>498</ymax>
		</bndbox>
	</object>
	<object>
		<name>sp22</name>
		<pose>Unspecified</pose>
		<truncated>0</truncated>
		<difficult>0</difficult>
		<bndbox>
			<xmin>610</xmin>
			<ymin>307</ymin>
			<xmax>675</xmax>
			<ymax>382</ymax>
		</bndbox>
	</object>
	<object>
		<name>sp22</name>
		<pose>Unspecified</pose>
		<truncated>0</truncated>
		<difficult>0</difficult>
		<bndbox>
			<xmin>647</xmin>
			<ymin>249</ymin>
			<xmax>705</xmax>
			<ymax>324</ymax>
		</bndbox>
	</object>
	<object>
		<name>sp22</name>
		<pose>Unspecified</pose>
		<truncated>0</truncated>
		<difficult>0</difficult>
		<bndbox>
			<xmin>729</xmin>
			<ymin>99</ymin>
			<xmax>794</xmax>
			<ymax>184</ymax>
		</bndbox>
	</object>
	<object>
		<name>sp22</name>
		<pose>Unspecified</pose>
		<truncated>0</truncated>
		<difficult>0</difficult>
		<bndbox>
			<xmin>835</xmin>
			<ymin>38</ymin>
			<xmax>941</xmax>
			<ymax>151</ymax>
		</bndbox>
	</object>
	<object>
		<name>sp22</name>
		<pose>Unspecified</pose>
		<truncated>0</truncated>
		<difficult>0</difficult>
		<bndbox>
			<xmin>1524</xmin>
			<ymin>150</ymin>
			<xmax>1599</xmax>
			<ymax>246</ymax>
		</bndbox>
	</object>
	<object>
		<name>sp22</name>
		<pose>Unspecified</pose>
		<truncated>0</truncated>
		<difficult>0</difficult>
		<bndbox>
			<xmin>1667</xmin>
			<ymin>140</ymin>
			<xmax>1763</xmax>
			<ymax>246</ymax>
		</bndbox>
	</object>
	<object>
		<name>sp22</name>
		<pose>Unspecified</pose>
		<truncated>0</truncated>
		<difficult>0</difficult>
		<bndbox>
			<xmin>1889</xmin>
			<ymin>215</ymin>
			<xmax>1937</xmax>
			<ymax>259</ymax>
		</bndbox>
	</object>
	<object>
		<name>sp22</name>
		<pose>Unspecified</pose>
		<truncated>0</truncated>
		<difficult>0</difficult>
		<bndbox>
			<xmin>1930</xmin>
			<ymin>252</ymin>
			<xmax>1988</xmax>
			<ymax>313</ymax>
		</bndbox>
	</object>
	<object>
		<name>sp22</name>
		<pose>Unspecified</pose>
		<truncated>0</truncated>
		<difficult>0</difficult>
		<bndbox>
			<xmin>1998</xmin>
			<ymin>331</ymin>
			<xmax>2042</xmax>
			<ymax>392</ymax>
		</bndbox>
	</object>
	<object>
		<name>sp22</name>
		<pose>Unspecified</pose>
		<truncated>0</truncated>
		<difficult>0</difficult>
		<bndbox>
			<xmin>1933</xmin>
			<ymin>413</ymin>
			<xmax>2022</xmax>
			<ymax>509</ymax>
		</bndbox>
	</object>
	<object>
		<name>sp22</name>
		<pose>Unspecified</pose>
		<truncated>0</truncated>
		<difficult>0</difficult>
		<bndbox>
			<xmin>1470</xmin>
			<ymin>345</ymin>
			<xmax>1583</xmax>
			<ymax>430</ymax>
		</bndbox>
	</object>
	<object>
		<name>sp22</name>
		<pose>Unspecified</pose>
		<truncated>0</truncated>
		<difficult>0</difficult>
		<bndbox>
			<xmin>1459</xmin>
			<ymin>515</ymin>
			<xmax>1551</xmax>
			<ymax>593</ymax>
		</bndbox>
	</object>
	<object>
		<name>sp22</name>
		<pose>Unspecified</pose>
		<truncated>0</truncated>
		<difficult>0</difficult>
		<bndbox>
			<xmin>1343</xmin>
			<ymin>314</ymin>
			<xmax>1442</xmax>
			<ymax>416</ymax>
		</bndbox>
	</object>
	<object>
		<name>sp22</name>
		<pose>Unspecified</pose>
		<truncated>0</truncated>
		<difficult>0</difficult>
		<bndbox>
			<xmin>1234</xmin>
			<ymin>218</ymin>
			<xmax>1330</xmax>
			<ymax>320</ymax>
		</bndbox>
	</object>
	<object>
		<name>sp22</name>
		<pose>Unspecified</pose>
		<truncated>0</truncated>
		<difficult>0</difficult>
		<bndbox>
			<xmin>286</xmin>
			<ymin>856</ymin>
			<xmax>364</xmax>
			<ymax>958</ymax>
		</bndbox>
	</object>
	<object>
		<name>sp22</name>
		<pose>Unspecified</pose>
		<truncated>0</truncated>
		<difficult>0</difficult>
		<bndbox>
			<xmin>351</xmin>
			<ymin>805</ymin>
			<xmax>433</xmax>
			<ymax>887</ymax>
		</bndbox>
	</object>
	<object>
		<name>sp22</name>
		<pose>Unspecified</pose>
		<truncated>0</truncated>
		<difficult>0</difficult>
		<bndbox>
			<xmin>780</xmin>
			<ymin>822</ymin>
			<xmax>845</xmax>
			<ymax>911</ymax>
		</bndbox>
	</object>
	<object>
		<name>sp22</name>
		<pose>Unspecified</pose>
		<truncated>0</truncated>
		<difficult>0</difficult>
		<bndbox>
			<xmin>907</xmin>
			<ymin>907</ymin>
			<xmax>968</xmax>
			<ymax>979</ymax>
		</bndbox>
	</object>
	<object>
		<name>sp22</name>
		<pose>Unspecified</pose>
		<truncated>0</truncated>
		<difficult>0</difficult>
		<bndbox>
			<xmin>780</xmin>
			<ymin>945</ymin>
			<xmax>855</xmax>
			<ymax>1030</ymax>
		</bndbox>
	</object>
	<object>
		<name>sp22</name>
		<pose>Unspecified</pose>
		<truncated>0</truncated>
		<difficult>0</difficult>
		<bndbox>
			<xmin>705</xmin>
			<ymin>979</ymin>
			<xmax>787</xmax>
			<ymax>1044</ymax>
		</bndbox>
	</object>
	<object>
		<name>sp22</name>
		<pose>Unspecified</pose>
		<truncated>0</truncated>
		<difficult>0</difficult>
		<bndbox>
			<xmin>542</xmin>
			<ymin>979</ymin>
			<xmax>661</xmax>
			<ymax>1129</ymax>
		</bndbox>
	</object>
	<object>
		<name>sp22</name>
		<pose>Unspecified</pose>
		<truncated>0</truncated>
		<difficult>0</difficult>
		<bndbox>
			<xmin>456</xmin>
			<ymin>1245</ymin>
			<xmax>534</xmax>
			<ymax>1327</ymax>
		</bndbox>
	</object>
	<object>
		<name>sp22</name>
		<pose>Unspecified</pose>
		<truncated>0</truncated>
		<difficult>0</difficult>
		<bndbox>
			<xmin>562</xmin>
			<ymin>1262</ymin>
			<xmax>620</xmax>
			<ymax>1344</ymax>
		</bndbox>
	</object>
	<object>
		<name>sp22</name>
		<pose>Unspecified</pose>
		<truncated>0</truncated>
		<difficult>0</difficult>
		<bndbox>
			<xmin>671</xmin>
			<ymin>1276</ymin>
			<xmax>753</xmax>
			<ymax>1365</ymax>
		</bndbox>
	</object>
	<object>
		<name>sp22</name>
		<pose>Unspecified</pose>
		<truncated>0</truncated>
		<difficult>0</difficult>
		<bndbox>
			<xmin>521</xmin>
			<ymin>1477</ymin>
			<xmax>586</xmax>
			<ymax>1545</ymax>
		</bndbox>
	</object>
	<object>
		<name>sp22</name>
		<pose>Unspecified</pose>
		<truncated>0</truncated>
		<difficult>0</difficult>
		<bndbox>
			<xmin>651</xmin>
			<ymin>1498</ymin>
			<xmax>706</xmax>
			<ymax>1559</ymax>
		</bndbox>
	</object>
	<object>
		<name>sp22</name>
		<pose>Unspecified</pose>
		<truncated>0</truncated>
		<difficult>0</difficult>
		<bndbox>
			<xmin>668</xmin>
			<ymin>1440</ymin>
			<xmax>746</xmax>
			<ymax>1508</ymax>
		</bndbox>
	</object>
	<object>
		<name>sp22</name>
		<pose>Unspecified</pose>
		<truncated>0</truncated>
		<difficult>0</difficult>
		<bndbox>
			<xmin>971</xmin>
			<ymin>1426</ymin>
			<xmax>1056</xmax>
			<ymax>1539</ymax>
		</bndbox>
	</object>
	<object>
		<name>sp22</name>
		<pose>Unspecified</pose>
		<truncated>0</truncated>
		<difficult>0</difficult>
		<bndbox>
			<xmin>1145</xmin>
			<ymin>1436</ymin>
			<xmax>1241</xmax>
			<ymax>1532</ymax>
		</bndbox>
	</object>
	<object>
		<name>sp22</name>
		<pose>Unspecified</pose>
		<truncated>0</truncated>
		<difficult>0</difficult>
		<bndbox>
			<xmin>872</xmin>
			<ymin>1641</ymin>
			<xmax>906</xmax>
			<ymax>1665</ymax>
		</bndbox>
	</object>
	<object>
		<name>sp22</name>
		<pose>Unspecified</pose>
		<truncated>0</truncated>
		<difficult>0</difficult>
		<bndbox>
			<xmin>896</xmin>
			<ymin>1590</ymin>
			<xmax>974</xmax>
			<ymax>1675</ymax>
		</bndbox>
	</object>
	<object>
		<name>sp22</name>
		<pose>Unspecified</pose>
		<truncated>0</truncated>
		<difficult>0</difficult>
		<bndbox>
			<xmin>797</xmin>
			<ymin>1641</ymin>
			<xmax>855</xmax>
			<ymax>1699</ymax>
		</bndbox>
	</object>
	<object>
		<name>sp22</name>
		<pose>Unspecified</pose>
		<truncated>0</truncated>
		<difficult>0</difficult>
		<bndbox>
			<xmin>610</xmin>
			<ymin>1661</ymin>
			<xmax>716</xmax>
			<ymax>1722</ymax>
		</bndbox>
	</object>
	<object>
		<name>sp22</name>
		<pose>Unspecified</pose>
		<truncated>0</truncated>
		<difficult>0</difficult>
		<bndbox>
			<xmin>634</xmin>
			<ymin>1716</ymin>
			<xmax>692</xmax>
			<ymax>1776</ymax>
		</bndbox>
	</object>
	<object>
		<name>sp22</name>
		<pose>Unspecified</pose>
		<truncated>0</truncated>
		<difficult>0</difficult>
		<bndbox>
			<xmin>426</xmin>
			<ymin>1638</ymin>
			<xmax>508</xmax>
			<ymax>1699</ymax>
		</bndbox>
	</object>
	<object>
		<name>sp22</name>
		<pose>Unspecified</pose>
		<truncated>0</truncated>
		<difficult>0</difficult>
		<bndbox>
			<xmin>231</xmin>
			<ymin>1798</ymin>
			<xmax>316</xmax>
			<ymax>1870</ymax>
		</bndbox>
	</object>
	<object>
		<name>sp22</name>
		<pose>Unspecified</pose>
		<truncated>0</truncated>
		<difficult>0</difficult>
		<bndbox>
			<xmin>316</xmin>
			<ymin>1863</ymin>
			<xmax>401</xmax>
			<ymax>1945</ymax>
		</bndbox>
	</object>
	<object>
		<name>sp22</name>
		<pose>Unspecified</pose>
		<truncated>0</truncated>
		<difficult>0</difficult>
		<bndbox>
			<xmin>374</xmin>
			<ymin>1784</ymin>
			<xmax>432</xmax>
			<ymax>1849</ymax>
		</bndbox>
	</object>
	<object>
		<name>sp22</name>
		<pose>Unspecified</pose>
		<truncated>0</truncated>
		<difficult>0</difficult>
		<bndbox>
			<xmin>429</xmin>
			<ymin>1784</ymin>
			<xmax>494</xmax>
			<ymax>1856</ymax>
		</bndbox>
	</object>
	<object>
		<name>sp22</name>
		<pose>Unspecified</pose>
		<truncated>0</truncated>
		<difficult>0</difficult>
		<bndbox>
			<xmin>492</xmin>
			<ymin>1830</ymin>
			<xmax>532</xmax>
			<ymax>1889</ymax>
		</bndbox>
	</object>
	<object>
		<name>sp22</name>
		<pose>Unspecified</pose>
		<truncated>0</truncated>
		<difficult>0</difficult>
		<bndbox>
			<xmin>985</xmin>
			<ymin>754</ymin>
			<xmax>1070</xmax>
			<ymax>850</ymax>
		</bndbox>
	</object>
	<object>
		<name>sp22</name>
		<pose>Unspecified</pose>
		<truncated>0</truncated>
		<difficult>0</difficult>
		<bndbox>
			<xmin>971</xmin>
			<ymin>669</ymin>
			<xmax>1043</xmax>
			<ymax>734</ymax>
		</bndbox>
	</object>
	<object>
		<name>sp22</name>
		<pose>Unspecified</pose>
		<truncated>0</truncated>
		<difficult>0</difficult>
		<bndbox>
			<xmin>1197</xmin>
			<ymin>563</ymin>
			<xmax>1265</xmax>
			<ymax>641</ymax>
		</bndbox>
	</object>
	<object>
		<name>sp22</name>
		<pose>Unspecified</pose>
		<truncated>0</truncated>
		<difficult>0</difficult>
		<bndbox>
			<xmin>1302</xmin>
			<ymin>655</ymin>
			<xmax>1380</xmax>
			<ymax>747</ymax>
		</bndbox>
	</object>
	<object>
		<name>sp22</name>
		<pose>Unspecified</pose>
		<truncated>0</truncated>
		<difficult>0</difficult>
		<bndbox>
			<xmin>1398</xmin>
			<ymin>730</ymin>
			<xmax>1483</xmax>
			<ymax>829</ymax>
		</bndbox>
	</object>
	<object>
		<name>sp22</name>
		<pose>Unspecified</pose>
		<truncated>0</truncated>
		<difficult>0</difficult>
		<bndbox>
			<xmin>1528</xmin>
			<ymin>621</ymin>
			<xmax>1634</xmax>
			<ymax>710</ymax>
		</bndbox>
	</object>
	<object>
		<name>sp22</name>
		<pose>Unspecified</pose>
		<truncated>0</truncated>
		<difficult>0</difficult>
		<bndbox>
			<xmin>1978</xmin>
			<ymin>580</ymin>
			<xmax>2080</xmax>
			<ymax>676</ymax>
		</bndbox>
	</object>
	<object>
		<name>sp22</name>
		<pose>Unspecified</pose>
		<truncated>0</truncated>
		<difficult>0</difficult>
		<bndbox>
			<xmin>1722</xmin>
			<ymin>502</ymin>
			<xmax>1800</xmax>
			<ymax>577</ymax>
		</bndbox>
	</object>
	<object>
		<name>sp22</name>
		<pose>Unspecified</pose>
		<truncated>0</truncated>
		<difficult>0</difficult>
		<bndbox>
			<xmin>1702</xmin>
			<ymin>560</ymin>
			<xmax>1777</xmax>
			<ymax>638</ymax>
		</bndbox>
	</object>
	<object>
		<name>sp22</name>
		<pose>Unspecified</pose>
		<truncated>0</truncated>
		<difficult>0</difficult>
		<bndbox>
			<xmin>1760</xmin>
			<ymin>621</ymin>
			<xmax>1849</xmax>
			<ymax>689</ymax>
		</bndbox>
	</object>
	<object>
		<name>sp22</name>
		<pose>Unspecified</pose>
		<truncated>0</truncated>
		<difficult>0</difficult>
		<bndbox>
			<xmin>1528</xmin>
			<ymin>914</ymin>
			<xmax>1630</xmax>
			<ymax>992</ymax>
		</bndbox>
	</object>
	<object>
		<name>sp22</name>
		<pose>Unspecified</pose>
		<truncated>0</truncated>
		<difficult>0</difficult>
		<bndbox>
			<xmin>1879</xmin>
			<ymin>993</ymin>
			<xmax>1954</xmax>
			<ymax>1065</ymax>
		</bndbox>
	</object>
	<object>
		<name>sp22</name>
		<pose>Unspecified</pose>
		<truncated>0</truncated>
		<difficult>0</difficult>
		<bndbox>
			<xmin>1722</xmin>
			<ymin>1238</ymin>
			<xmax>1818</xmax>
			<ymax>1337</ymax>
		</bndbox>
	</object>
	<object>
		<name>sp22</name>
		<pose>Unspecified</pose>
		<truncated>0</truncated>
		<difficult>0</difficult>
		<bndbox>
			<xmin>1896</xmin>
			<ymin>1303</ymin>
			<xmax>1940</xmax>
			<ymax>1351</ymax>
		</bndbox>
	</object>
	<object>
		<name>sp22</name>
		<pose>Unspecified</pose>
		<truncated>0</truncated>
		<difficult>0</difficult>
		<bndbox>
			<xmin>1923</xmin>
			<ymin>1269</ymin>
			<xmax>2005</xmax>
			<ymax>1358</ymax>
		</bndbox>
	</object>
	<object>
		<name>sp22</name>
		<pose>Unspecified</pose>
		<truncated>0</truncated>
		<difficult>0</difficult>
		<bndbox>
			<xmin>2080</xmin>
			<ymin>1232</ymin>
			<xmax>2155</xmax>
			<ymax>1307</ymax>
		</bndbox>
	</object>
	<object>
		<name>sp22</name>
		<pose>Unspecified</pose>
		<truncated>0</truncated>
		<difficult>0</difficult>
		<bndbox>
			<xmin>1623</xmin>
			<ymin>1447</ymin>
			<xmax>1715</xmax>
			<ymax>1536</ymax>
		</bndbox>
	</object>
	<object>
		<name>sp22</name>
		<pose>Unspecified</pose>
		<truncated>0</truncated>
		<difficult>0</difficult>
		<bndbox>
			<xmin>1760</xmin>
			<ymin>1477</ymin>
			<xmax>1835</xmax>
			<ymax>1542</ymax>
		</bndbox>
	</object>
	<object>
		<name>sp22</name>
		<pose>Unspecified</pose>
		<truncated>0</truncated>
		<difficult>0</difficult>
		<bndbox>
			<xmin>1589</xmin>
			<ymin>1576</ymin>
			<xmax>1671</xmax>
			<ymax>1675</ymax>
		</bndbox>
	</object>
	<object>
		<name>sp22</name>
		<pose>Unspecified</pose>
		<truncated>0</truncated>
		<difficult>0</difficult>
		<bndbox>
			<xmin>1995</xmin>
			<ymin>1481</ymin>
			<xmax>2067</xmax>
			<ymax>1566</ymax>
		</bndbox>
	</object>
	<object>
		<name>sp22</name>
		<pose>Unspecified</pose>
		<truncated>0</truncated>
		<difficult>0</difficult>
		<bndbox>
			<xmin>2090</xmin>
			<ymin>1443</ymin>
			<xmax>2168</xmax>
			<ymax>1508</ymax>
		</bndbox>
	</object>
	<object>
		<name>sp22</name>
		<pose>Unspecified</pose>
		<truncated>0</truncated>
		<difficult>0</difficult>
		<bndbox>
			<xmin>2087</xmin>
			<ymin>1361</ymin>
			<xmax>2159</xmax>
			<ymax>1446</ymax>
		</bndbox>
	</object>
	<object>
		<name>sp22</name>
		<pose>Unspecified</pose>
		<truncated>0</truncated>
		<difficult>0</difficult>
		<bndbox>
			<xmin>2162</xmin>
			<ymin>1327</ymin>
			<xmax>2213</xmax>
			<ymax>1375</ymax>
		</bndbox>
	</object>
	<object>
		<name>sp22</name>
		<pose>Unspecified</pose>
		<truncated>0</truncated>
		<difficult>0</difficult>
		<bndbox>
			<xmin>1579</xmin>
			<ymin>2064</ymin>
			<xmax>1654</xmax>
			<ymax>2146</ymax>
		</bndbox>
	</object>
	<object>
		<name>sp22</name>
		<pose>Unspecified</pose>
		<truncated>0</truncated>
		<difficult>0</difficult>
		<bndbox>
			<xmin>1558</xmin>
			<ymin>1938</ymin>
			<xmax>1647</xmax>
			<ymax>2047</ymax>
		</bndbox>
	</object>
	<object>
		<name>sp22</name>
		<pose>Unspecified</pose>
		<truncated>0</truncated>
		<difficult>0</difficult>
		<bndbox>
			<xmin>1777</xmin>
			<ymin>1934</ymin>
			<xmax>1879</xmax>
			<ymax>2040</ymax>
		</bndbox>
	</object>
	<object>
		<name>sp22</name>
		<pose>Unspecified</pose>
		<truncated>0</truncated>
		<difficult>0</difficult>
		<bndbox>
			<xmin>1463</xmin>
			<ymin>1928</ymin>
			<xmax>1548</xmax>
			<ymax>2010</ymax>
		</bndbox>
	</object>
	<object>
		<name>sp22</name>
		<pose>Unspecified</pose>
		<truncated>0</truncated>
		<difficult>0</difficult>
		<bndbox>
			<xmin>1514</xmin>
			<ymin>1849</ymin>
			<xmax>1572</xmax>
			<ymax>1910</ymax>
		</bndbox>
	</object>
	<object>
		<name>sp22</name>
		<pose>Unspecified</pose>
		<truncated>0</truncated>
		<difficult>0</difficult>
		<bndbox>
			<xmin>1347</xmin>
			<ymin>1928</ymin>
			<xmax>1422</xmax>
			<ymax>2010</ymax>
		</bndbox>
	</object>
	<object>
		<name>sp22</name>
		<pose>Unspecified</pose>
		<truncated>0</truncated>
		<difficult>0</difficult>
		<bndbox>
			<xmin>1333</xmin>
			<ymin>2009</ymin>
			<xmax>1418</xmax>
			<ymax>2098</ymax>
		</bndbox>
	</object>
	<object>
		<name>sp22</name>
		<pose>Unspecified</pose>
		<truncated>0</truncated>
		<difficult>0</difficult>
		<bndbox>
			<xmin>1115</xmin>
			<ymin>1958</ymin>
			<xmax>1193</xmax>
			<ymax>2002</ymax>
		</bndbox>
	</object>
	<object>
		<name>sp22</name>
		<pose>Unspecified</pose>
		<truncated>0</truncated>
		<difficult>0</difficult>
		<bndbox>
			<xmin>2128</xmin>
			<ymin>1685</ymin>
			<xmax>2220</xmax>
			<ymax>1763</ymax>
		</bndbox>
	</object>
	<object>
		<name>sp22</name>
		<pose>Unspecified</pose>
		<truncated>0</truncated>
		<difficult>0</difficult>
		<bndbox>
			<xmin>2070</xmin>
			<ymin>1733</ymin>
			<xmax>2145</xmax>
			<ymax>1832</ymax>
		</bndbox>
	</object>
	<object>
		<name>sp22</name>
		<pose>Unspecified</pose>
		<truncated>0</truncated>
		<difficult>0</difficult>
		<bndbox>
			<xmin>893</xmin>
			<ymin>1102</ymin>
			<xmax>927</xmax>
			<ymax>1137</ymax>
		</bndbox>
	</object>
	<object>
		<name>sp22</name>
		<pose>Unspecified</pose>
		<truncated>0</truncated>
		<difficult>0</difficult>
		<bndbox>
			<xmin>945</xmin>
			<ymin>1037</ymin>
			<xmax>1012</xmax>
			<ymax>1114</ymax>
		</bndbox>
	</object>
	<object>
		<name>sp22</name>
		<pose>Unspecified</pose>
		<truncated>0</truncated>
		<difficult>0</difficult>
		<bndbox>
			<xmin>986</xmin>
			<ymin>993</ymin>
			<xmax>1051</xmax>
			<ymax>1070</ymax>
		</bndbox>
	</object>
	<object>
		<name>sp22</name>
		<pose>Unspecified</pose>
		<truncated>0</truncated>
		<difficult>0</difficult>
		<bndbox>
			<xmin>1122</xmin>
			<ymin>1058</ymin>
			<xmax>1184</xmax>
			<ymax>1134</ymax>
		</bndbox>
	</object>
	<object>
		<name>sp22</name>
		<pose>Unspecified</pose>
		<truncated>0</truncated>
		<difficult>0</difficult>
		<bndbox>
			<xmin>1022</xmin>
			<ymin>1156</ymin>
			<xmax>1092</xmax>
			<ymax>1235</ymax>
		</bndbox>
	</object>
	<object>
		<name>sp22</name>
		<pose>Unspecified</pose>
		<truncated>0</truncated>
		<difficult>0</difficult>
		<bndbox>
			<xmin>1112</xmin>
			<ymin>1187</ymin>
			<xmax>1162</xmax>
			<ymax>1246</ymax>
		</bndbox>
	</object>
	<object>
		<name>sp22</name>
		<pose>Unspecified</pose>
		<truncated>0</truncated>
		<difficult>0</difficult>
		<bndbox>
			<xmin>1177</xmin>
			<ymin>1263</ymin>
			<xmax>1251</xmax>
			<ymax>1340</ymax>
		</bndbox>
	</object>
	<object>
		<name>sp22</name>
		<pose>Unspecified</pose>
		<truncated>0</truncated>
		<difficult>0</difficult>
		<bndbox>
			<xmin>1214</xmin>
			<ymin>1179</ymin>
			<xmax>1297</xmax>
			<ymax>1248</ymax>
		</bndbox>
	</object>
	<object>
		<name>sp22</name>
		<pose>Unspecified</pose>
		<truncated>0</truncated>
		<difficult>0</difficult>
		<bndbox>
			<xmin>1245</xmin>
			<ymin>1110</ymin>
			<xmax>1311</xmax>
			<ymax>1176</ymax>
		</bndbox>
	</object>
	<object>
		<name>sp22</name>
		<pose>Unspecified</pose>
		<truncated>0</truncated>
		<difficult>0</difficult>
		<bndbox>
			<xmin>1188</xmin>
			<ymin>1041</ymin>
			<xmax>1232</xmax>
			<ymax>1117</ymax>
		</bndbox>
	</object>
	<object>
		<name>sp22</name>
		<pose>Unspecified</pose>
		<truncated>0</truncated>
		<difficult>0</difficult>
		<bndbox>
			<xmin>1226</xmin>
			<ymin>1025</ymin>
			<xmax>1279</xmax>
			<ymax>1092</ymax>
		</bndbox>
	</object>
	<object>
		<name>sp22</name>
		<pose>Unspecified</pose>
		<truncated>0</truncated>
		<difficult>0</difficult>
		<bndbox>
			<xmin>1405</xmin>
			<ymin>996</ymin>
			<xmax>1459</xmax>
			<ymax>1053</ymax>
		</bndbox>
	</object>
	<object>
		<name>sp22</name>
		<pose>Unspecified</pose>
		<truncated>0</truncated>
		<difficult>0</difficult>
		<bndbox>
			<xmin>1352</xmin>
			<ymin>1047</ymin>
			<xmax>1413</xmax>
			<ymax>1105</ymax>
		</bndbox>
	</object>
	<object>
		<name>sp22</name>
		<pose>Unspecified</pose>
		<truncated>0</truncated>
		<difficult>0</difficult>
		<bndbox>
			<xmin>1368</xmin>
			<ymin>1102</ymin>
			<xmax>1416</xmax>
			<ymax>1154</ymax>
		</bndbox>
	</object>
	<object>
		<name>sp22</name>
		<pose>Unspecified</pose>
		<truncated>0</truncated>
		<difficult>0</difficult>
		<bndbox>
			<xmin>1415</xmin>
			<ymin>1083</ymin>
			<xmax>1473</xmax>
			<ymax>1144</ymax>
		</bndbox>
	</object>
	<object>
		<name>sp22</name>
		<pose>Unspecified</pose>
		<truncated>0</truncated>
		<difficult>0</difficult>
		<bndbox>
			<xmin>1476</xmin>
			<ymin>1094</ymin>
			<xmax>1537</xmax>
			<ymax>1171</ymax>
		</bndbox>
	</object>
	<object>
		<name>sp22</name>
		<pose>Unspecified</pose>
		<truncated>0</truncated>
		<difficult>0</difficult>
		<bndbox>
			<xmin>1444</xmin>
			<ymin>1301</ymin>
			<xmax>1490</xmax>
			<ymax>1346</ymax>
		</bndbox>
	</object>
	<object>
		<name>sp22</name>
		<pose>Unspecified</pose>
		<truncated>0</truncated>
		<difficult>0</difficult>
		<bndbox>
			<xmin>1465</xmin>
			<ymin>1377</ymin>
			<xmax>1534</xmax>
			<ymax>1452</ymax>
		</bndbox>
	</object>
	<object>
		<name>sp22</name>
		<pose>Unspecified</pose>
		<truncated>0</truncated>
		<difficult>0</difficult>
		<bndbox>
			<xmin>1400</xmin>
			<ymin>1357</ymin>
			<xmax>1461</xmax>
			<ymax>1427</ymax>
		</bndbox>
	</object>
	<object>
		<name>sp22</name>
		<pose>Unspecified</pose>
		<truncated>0</truncated>
		<difficult>0</difficult>
		<bndbox>
			<xmin>1262</xmin>
			<ymin>1321</ymin>
			<xmax>1307</xmax>
			<ymax>1374</ymax>
		</bndbox>
	</object>
	<object>
		<name>sp22</name>
		<pose>Unspecified</pose>
		<truncated>0</truncated>
		<difficult>0</difficult>
		<bndbox>
			<xmin>1315</xmin>
			<ymin>1332</ymin>
			<xmax>1351</xmax>
			<ymax>1382</ymax>
		</bndbox>
	</object>
	<object>
		<name>sp22</name>
		<pose>Unspecified</pose>
		<truncated>0</truncated>
		<difficult>0</difficult>
		<bndbox>
			<xmin>1345</xmin>
			<ymin>1333</ymin>
			<xmax>1393</xmax>
			<ymax>1389</ymax>
		</bndbox>
	</object>
	<object>
		<name>sp22</name>
		<pose>Unspecified</pose>
		<truncated>0</truncated>
		<difficult>0</difficult>
		<bndbox>
			<xmin>1328</xmin>
			<ymin>1393</ymin>
			<xmax>1387</xmax>
			<ymax>1457</ymax>
		</bndbox>
	</object>
	<object>
		<name>sp22</name>
		<pose>Unspecified</pose>
		<truncated>0</truncated>
		<difficult>0</difficult>
		<bndbox>
			<xmin>1287</xmin>
			<ymin>1384</ymin>
			<xmax>1327</xmax>
			<ymax>1448</ymax>
		</bndbox>
	</object>
	<object>
		<name>sp22</name>
		<pose>Unspecified</pose>
		<truncated>0</truncated>
		<difficult>0</difficult>
		<bndbox>
			<xmin>1242</xmin>
			<ymin>1395</ymin>
			<xmax>1284</xmax>
			<ymax>1446</ymax>
		</bndbox>
	</object>
	<object>
		<name>sp22</name>
		<pose>Unspecified</pose>
		<truncated>0</truncated>
		<difficult>0</difficult>
		<bndbox>
			<xmin>1453</xmin>
			<ymin>1546</ymin>
			<xmax>1521</xmax>
			<ymax>1624</ymax>
		</bndbox>
	</object>
	<object>
		<name>sp22</name>
		<pose>Unspecified</pose>
		<truncated>0</truncated>
		<difficult>0</difficult>
		<bndbox>
			<xmin>1488</xmin>
			<ymin>1641</ymin>
			<xmax>1532</xmax>
			<ymax>1693</ymax>
		</bndbox>
	</object>
	<object>
		<name>sp22</name>
		<pose>Unspecified</pose>
		<truncated>0</truncated>
		<difficult>0</difficult>
		<bndbox>
			<xmin>1348</xmin>
			<ymin>1614</ymin>
			<xmax>1421</xmax>
			<ymax>1688</ymax>
		</bndbox>
	</object>
	<object>
		<name>sp22</name>
		<pose>Unspecified</pose>
		<truncated>0</truncated>
		<difficult>0</difficult>
		<bndbox>
			<xmin>1272</xmin>
			<ymin>1682</ymin>
			<xmax>1326</xmax>
			<ymax>1745</ymax>
		</bndbox>
	</object>
	<object>
		<name>sp22</name>
		<pose>Unspecified</pose>
		<truncated>0</truncated>
		<difficult>0</difficult>
		<bndbox>
			<xmin>1378</xmin>
			<ymin>1700</ymin>
			<xmax>1443</xmax>
			<ymax>1774</ymax>
		</bndbox>
	</object>
	<object>
		<name>sp22</name>
		<pose>Unspecified</pose>
		<truncated>0</truncated>
		<difficult>0</difficult>
		<bndbox>
			<xmin>1403</xmin>
			<ymin>1770</ymin>
			<xmax>1459</xmax>
			<ymax>1832</ymax>
		</bndbox>
	</object>
	<object>
		<name>sp22</name>
		<pose>Unspecified</pose>
		<truncated>0</truncated>
		<difficult>0</difficult>
		<bndbox>
			<xmin>1482</xmin>
			<ymin>1718</ymin>
			<xmax>1527</xmax>
			<ymax>1768</ymax>
		</bndbox>
	</object>
	<object>
		<name>sp22</name>
		<pose>Unspecified</pose>
		<truncated>0</truncated>
		<difficult>0</difficult>
		<bndbox>
			<xmin>1517</xmin>
			<ymin>1743</ymin>
			<xmax>1572</xmax>
			<ymax>1805</ymax>
		</bndbox>
	</object>
	<object>
		<name>sp22</name>
		<pose>Unspecified</pose>
		<truncated>0</truncated>
		<difficult>0</difficult>
		<bndbox>
			<xmin>1676</xmin>
			<ymin>1760</ymin>
			<xmax>1741</xmax>
			<ymax>1843</ymax>
		</bndbox>
	</object>
	<object>
		<name>sp22</name>
		<pose>Unspecified</pose>
		<truncated>0</truncated>
		<difficult>0</difficult>
		<bndbox>
			<xmin>1823</xmin>
			<ymin>1712</ymin>
			<xmax>1880</xmax>
			<ymax>1777</ymax>
		</bndbox>
	</object>
	<object>
		<name>sp22</name>
		<pose>Unspecified</pose>
		<truncated>0</truncated>
		<difficult>0</difficult>
		<bndbox>
			<xmin>1750</xmin>
			<ymin>1783</ymin>
			<xmax>1803</xmax>
			<ymax>1838</ymax>
		</bndbox>
	</object>
	<object>
		<name>sp22</name>
		<pose>Unspecified</pose>
		<truncated>0</truncated>
		<difficult>0</difficult>
		<bndbox>
			<xmin>1735</xmin>
			<ymin>1832</ymin>
			<xmax>1793</xmax>
			<ymax>1890</ymax>
		</bndbox>
	</object>
	<object>
		<name>sp22</name>
		<pose>Unspecified</pose>
		<truncated>0</truncated>
		<difficult>0</difficult>
		<bndbox>
			<xmin>1424</xmin>
			<ymin>1851</ymin>
			<xmax>1472</xmax>
			<ymax>1912</ymax>
		</bndbox>
	</object>
	<object>
		<name>sp22</name>
		<pose>Unspecified</pose>
		<truncated>0</truncated>
		<difficult>0</difficult>
		<bndbox>
			<xmin>1380</xmin>
			<ymin>1862</ymin>
			<xmax>1426</xmax>
			<ymax>1923</ymax>
		</bndbox>
	</object>
	<object>
		<name>sp22</name>
		<pose>Unspecified</pose>
		<truncated>0</truncated>
		<difficult>0</difficult>
		<bndbox>
			<xmin>1236</xmin>
			<ymin>1767</ymin>
			<xmax>1299</xmax>
			<ymax>1833</ymax>
		</bndbox>
	</object>
	<object>
		<name>sp22</name>
		<pose>Unspecified</pose>
		<truncated>0</truncated>
		<difficult>0</difficult>
		<bndbox>
			<xmin>1088</xmin>
			<ymin>1660</ymin>
			<xmax>1160</xmax>
			<ymax>1729</ymax>
		</bndbox>
	</object>
	<object>
		<name>sp22</name>
		<pose>Unspecified</pose>
		<truncated>0</truncated>
		<difficult>0</difficult>
		<bndbox>
			<xmin>1120</xmin>
			<ymin>1763</ymin>
			<xmax>1175</xmax>
			<ymax>1807</ymax>
		</bndbox>
	</object>
	<object>
		<name>sp22</name>
		<pose>Unspecified</pose>
		<truncated>0</truncated>
		<difficult>0</difficult>
		<bndbox>
			<xmin>1123</xmin>
			<ymin>1804</ymin>
			<xmax>1185</xmax>
			<ymax>1845</ymax>
		</bndbox>
	</object>
	<object>
		<name>sp22</name>
		<pose>Unspecified</pose>
		<truncated>0</truncated>
		<difficult>0</difficult>
		<bndbox>
			<xmin>1124</xmin>
			<ymin>1848</ymin>
			<xmax>1177</xmax>
			<ymax>1903</ymax>
		</bndbox>
	</object>
	<object>
		<name>sp22</name>
		<pose>Unspecified</pose>
		<truncated>0</truncated>
		<difficult>0</difficult>
		<bndbox>
			<xmin>1194</xmin>
			<ymin>1820</ymin>
			<xmax>1249</xmax>
			<ymax>1876</ymax>
		</bndbox>
	</object>
	<object>
		<name>sp22</name>
		<pose>Unspecified</pose>
		<truncated>0</truncated>
		<difficult>0</difficult>
		<bndbox>
			<xmin>1188</xmin>
			<ymin>1868</ymin>
			<xmax>1236</xmax>
			<ymax>1919</ymax>
		</bndbox>
	</object>
	<object>
		<name>sp22</name>
		<pose>Unspecified</pose>
		<truncated>0</truncated>
		<difficult>0</difficult>
		<bndbox>
			<xmin>1000</xmin>
			<ymin>1874</ymin>
			<xmax>1067</xmax>
			<ymax>1946</ymax>
		</bndbox>
	</object>
	<object>
		<name>sp22</name>
		<pose>Unspecified</pose>
		<truncated>0</truncated>
		<difficult>0</difficult>
		<bndbox>
			<xmin>956</xmin>
			<ymin>1931</ymin>
			<xmax>1033</xmax>
			<ymax>1997</ymax>
		</bndbox>
	</object>
	<object>
		<name>sp22</name>
		<pose>Unspecified</pose>
		<truncated>0</truncated>
		<difficult>0</difficult>
		<bndbox>
			<xmin>944</xmin>
			<ymin>2001</ymin>
			<xmax>997</xmax>
			<ymax>2046</ymax>
		</bndbox>
	</object>
	<object>
		<name>sp22</name>
		<pose>Unspecified</pose>
		<truncated>0</truncated>
		<difficult>0</difficult>
		<bndbox>
			<xmin>876</xmin>
			<ymin>2003</ymin>
			<xmax>937</xmax>
			<ymax>2056</ymax>
		</bndbox>
	</object>
	<object>
		<name>sp22</name>
		<pose>Unspecified</pose>
		<truncated>0</truncated>
		<difficult>0</difficult>
		<bndbox>
			<xmin>898</xmin>
			<ymin>2045</ymin>
			<xmax>989</xmax>
			<ymax>2102</ymax>
		</bndbox>
	</object>
	<object>
		<name>sp22</name>
		<pose>Unspecified</pose>
		<truncated>0</truncated>
		<difficult>0</difficult>
		<bndbox>
			<xmin>947</xmin>
			<ymin>1723</ymin>
			<xmax>1004</xmax>
			<ymax>1788</ymax>
		</bndbox>
	</object>
	<object>
		<name>sp22</name>
		<pose>Unspecified</pose>
		<truncated>0</truncated>
		<difficult>0</difficult>
		<bndbox>
			<xmin>901</xmin>
			<ymin>1726</ymin>
			<xmax>948</xmax>
			<ymax>1787</ymax>
		</bndbox>
	</object>
	<object>
		<name>sp22</name>
		<pose>Unspecified</pose>
		<truncated>0</truncated>
		<difficult>0</difficult>
		<bndbox>
			<xmin>912</xmin>
			<ymin>1785</ymin>
			<xmax>954</xmax>
			<ymax>1830</ymax>
		</bndbox>
	</object>
	<object>
		<name>sp22</name>
		<pose>Unspecified</pose>
		<truncated>0</truncated>
		<difficult>0</difficult>
		<bndbox>
			<xmin>826</xmin>
			<ymin>1756</ymin>
			<xmax>890</xmax>
			<ymax>1821</ymax>
		</bndbox>
	</object>
	<object>
		<name>sp22</name>
		<pose>Unspecified</pose>
		<truncated>0</truncated>
		<difficult>0</difficult>
		<bndbox>
			<xmin>774</xmin>
			<ymin>1733</ymin>
			<xmax>831</xmax>
			<ymax>1797</ymax>
		</bndbox>
	</object>
	<object>
		<name>sp22</name>
		<pose>Unspecified</pose>
		<truncated>0</truncated>
		<difficult>0</difficult>
		<bndbox>
			<xmin>683</xmin>
			<ymin>1760</ymin>
			<xmax>745</xmax>
			<ymax>1827</ymax>
		</bndbox>
	</object>
	<object>
		<name>sp22</name>
		<pose>Unspecified</pose>
		<truncated>0</truncated>
		<difficult>0</difficult>
		<bndbox>
			<xmin>697</xmin>
			<ymin>1832</ymin>
			<xmax>737</xmax>
			<ymax>1861</ymax>
		</bndbox>
	</object>
	<object>
		<name>sp22</name>
		<pose>Unspecified</pose>
		<truncated>0</truncated>
		<difficult>0</difficult>
		<bndbox>
			<xmin>787</xmin>
			<ymin>1916</ymin>
			<xmax>835</xmax>
			<ymax>1962</ymax>
		</bndbox>
	</object>
	<object>
		<name>sp22</name>
		<pose>Unspecified</pose>
		<truncated>0</truncated>
		<difficult>0</difficult>
		<bndbox>
			<xmin>812</xmin>
			<ymin>1855</ymin>
			<xmax>867</xmax>
			<ymax>1916</ymax>
		</bndbox>
	</object>
	<object>
		<name>sp22</name>
		<pose>Unspecified</pose>
		<truncated>0</truncated>
		<difficult>0</difficult>
		<bndbox>
			<xmin>883</xmin>
			<ymin>1882</ymin>
			<xmax>944</xmax>
			<ymax>1940</ymax>
		</bndbox>
	</object>
	<object>
		<name>sp22</name>
		<pose>Unspecified</pose>
		<truncated>0</truncated>
		<difficult>0</difficult>
		<bndbox>
			<xmin>1245</xmin>
			<ymin>2192</ymin>
			<xmax>1306</xmax>
			<ymax>2273</ymax>
		</bndbox>
	</object>
	<object>
		<name>sp22</name>
		<pose>Unspecified</pose>
		<truncated>0</truncated>
		<difficult>0</difficult>
		<bndbox>
			<xmin>1199</xmin>
			<ymin>2139</ymin>
			<xmax>1260</xmax>
			<ymax>2208</ymax>
		</bndbox>
	</object>
	<object>
		<name>sp22</name>
		<pose>Unspecified</pose>
		<truncated>0</truncated>
		<difficult>0</difficult>
		<bndbox>
			<xmin>1119</xmin>
			<ymin>2155</ymin>
			<xmax>1163</xmax>
			<ymax>2201</ymax>
		</bndbox>
	</object>
	<object>
		<name>sp22</name>
		<pose>Unspecified</pose>
		<truncated>0</truncated>
		<difficult>0</difficult>
		<bndbox>
			<xmin>1123</xmin>
			<ymin>2079</ymin>
			<xmax>1180</xmax>
			<ymax>2145</ymax>
		</bndbox>
	</object>
	<object>
		<name>sp22</name>
		<pose>Unspecified</pose>
		<truncated>0</truncated>
		<difficult>0</difficult>
		<bndbox>
			<xmin>1066</xmin>
			<ymin>2058</ymin>
			<xmax>1123</xmax>
			<ymax>2139</ymax>
		</bndbox>
	</object>
	<object>
		<name>sp22</name>
		<pose>Unspecified</pose>
		<truncated>0</truncated>
		<difficult>0</difficult>
		<bndbox>
			<xmin>1025</xmin>
			<ymin>2122</ymin>
			<xmax>1076</xmax>
			<ymax>2185</ymax>
		</bndbox>
	</object>
	<object>
		<name>sp22</name>
		<pose>Unspecified</pose>
		<truncated>0</truncated>
		<difficult>0</difficult>
		<bndbox>
			<xmin>1051</xmin>
			<ymin>2176</ymin>
			<xmax>1096</xmax>
			<ymax>2219</ymax>
		</bndbox>
	</object>
	<object>
		<name>sp22</name>
		<pose>Unspecified</pose>
		<truncated>0</truncated>
		<difficult>0</difficult>
		<bndbox>
			<xmin>987</xmin>
			<ymin>2149</ymin>
			<xmax>1042</xmax>
			<ymax>2221</ymax>
		</bndbox>
	</object>
	<object>
		<name>sp22</name>
		<pose>Unspecified</pose>
		<truncated>0</truncated>
		<difficult>0</difficult>
		<bndbox>
			<xmin>872</xmin>
			<ymin>2125</ymin>
			<xmax>931</xmax>
			<ymax>2193</ymax>
		</bndbox>
	</object>
	<object>
		<name>sp22</name>
		<pose>Unspecified</pose>
		<truncated>0</truncated>
		<difficult>0</difficult>
		<bndbox>
			<xmin>708</xmin>
			<ymin>1892</ymin>
			<xmax>767</xmax>
			<ymax>1961</ymax>
		</bndbox>
	</object>
	<object>
		<name>sp22</name>
		<pose>Unspecified</pose>
		<truncated>0</truncated>
		<difficult>0</difficult>
		<bndbox>
			<xmin>646</xmin>
			<ymin>1930</ymin>
			<xmax>677</xmax>
			<ymax>1962</ymax>
		</bndbox>
	</object>
	<object>
		<name>sp22</name>
		<pose>Unspecified</pose>
		<truncated>0</truncated>
		<difficult>0</difficult>
		<bndbox>
			<xmin>666</xmin>
			<ymin>1936</ymin>
			<xmax>713</xmax>
			<ymax>1990</ymax>
		</bndbox>
	</object>
	<object>
		<name>sp22</name>
		<pose>Unspecified</pose>
		<truncated>0</truncated>
		<difficult>0</difficult>
		<bndbox>
			<xmin>681</xmin>
			<ymin>2077</ymin>
			<xmax>749</xmax>
			<ymax>2149</ymax>
		</bndbox>
	</object>
	<object>
		<name>sp22</name>
		<pose>Unspecified</pose>
		<truncated>0</truncated>
		<difficult>0</difficult>
		<bndbox>
			<xmin>642</xmin>
			<ymin>2230</ymin>
			<xmax>700</xmax>
			<ymax>2289</ymax>
		</bndbox>
	</object>
	<object>
		<name>sp22</name>
		<pose>Unspecified</pose>
		<truncated>0</truncated>
		<difficult>0</difficult>
		<bndbox>
			<xmin>636</xmin>
			<ymin>2122</ymin>
			<xmax>694</xmax>
			<ymax>2194</ymax>
		</bndbox>
	</object>
	<object>
		<name>sp22</name>
		<pose>Unspecified</pose>
		<truncated>0</truncated>
		<difficult>0</difficult>
		<bndbox>
			<xmin>606</xmin>
			<ymin>2111</ymin>
			<xmax>637</xmax>
			<ymax>2166</ymax>
		</bndbox>
	</object>
	<object>
		<name>sp22</name>
		<pose>Unspecified</pose>
		<truncated>0</truncated>
		<difficult>0</difficult>
		<bndbox>
			<xmin>540</xmin>
			<ymin>2061</ymin>
			<xmax>604</xmax>
			<ymax>2146</ymax>
		</bndbox>
	</object>
	<object>
		<name>sp22</name>
		<pose>Unspecified</pose>
		<truncated>0</truncated>
		<difficult>0</difficult>
		<bndbox>
			<xmin>558</xmin>
			<ymin>1947</ymin>
			<xmax>609</xmax>
			<ymax>2009</ymax>
		</bndbox>
	</object>
	<object>
		<name>sp22</name>
		<pose>Unspecified</pose>
		<truncated>0</truncated>
		<difficult>0</difficult>
		<bndbox>
			<xmin>453</xmin>
			<ymin>2068</ymin>
			<xmax>508</xmax>
			<ymax>2154</ymax>
		</bndbox>
	</object>
	<object>
		<name>sp22</name>
		<pose>Unspecified</pose>
		<truncated>0</truncated>
		<difficult>0</difficult>
		<bndbox>
			<xmin>563</xmin>
			<ymin>2179</ymin>
			<xmax>595</xmax>
			<ymax>2209</ymax>
		</bndbox>
	</object>
	<object>
		<name>sp22</name>
		<pose>Unspecified</pose>
		<truncated>0</truncated>
		<difficult>0</difficult>
		<bndbox>
			<xmin>470</xmin>
			<ymin>1957</ymin>
			<xmax>543</xmax>
			<ymax>2022</ymax>
		</bndbox>
	</object>
	<object>
		<name>sp22</name>
		<pose>Unspecified</pose>
		<truncated>0</truncated>
		<difficult>0</difficult>
		<bndbox>
			<xmin>495</xmin>
			<ymin>1902</ymin>
			<xmax>554</xmax>
			<ymax>1958</ymax>
		</bndbox>
	</object>
	<object>
		<name>sp22</name>
		<pose>Unspecified</pose>
		<truncated>0</truncated>
		<difficult>0</difficult>
		<bndbox>
			<xmin>531</xmin>
			<ymin>1811</ymin>
			<xmax>581</xmax>
			<ymax>1868</ymax>
		</bndbox>
	</object>
	<object>
		<name>sp22</name>
		<pose>Unspecified</pose>
		<truncated>0</truncated>
		<difficult>0</difficult>
		<bndbox>
			<xmin>577</xmin>
			<ymin>1818</ymin>
			<xmax>633</xmax>
			<ymax>1887</ymax>
		</bndbox>
	</object>
	<object>
		<name>sp22</name>
		<pose>Unspecified</pose>
		<truncated>0</truncated>
		<difficult>0</difficult>
		<bndbox>
			<xmin>528</xmin>
			<ymin>1875</ymin>
			<xmax>578</xmax>
			<ymax>1920</ymax>
		</bndbox>
	</object>
	<object>
		<name>sp22</name>
		<pose>Unspecified</pose>
		<truncated>0</truncated>
		<difficult>0</difficult>
		<bndbox>
			<xmin>1081</xmin>
			<ymin>648</ymin>
			<xmax>1129</xmax>
			<ymax>706</ymax>
		</bndbox>
	</object>
	<object>
		<name>sp22</name>
		<pose>Unspecified</pose>
		<truncated>0</truncated>
		<difficult>0</difficult>
		<bndbox>
			<xmin>1132</xmin>
			<ymin>631</ymin>
			<xmax>1207</xmax>
			<ymax>716</ymax>
		</bndbox>
	</object>
	<object>
		<name>sp22</name>
		<pose>Unspecified</pose>
		<truncated>0</truncated>
		<difficult>0</difficult>
		<bndbox>
			<xmin>1858</xmin>
			<ymin>1569</ymin>
			<xmax>1933</xmax>
			<ymax>1644</ymax>
		</bndbox>
	</object>
	<object>
		<name>sp22</name>
		<pose>Unspecified</pose>
		<truncated>0</truncated>
		<difficult>0</difficult>
		<bndbox>
			<xmin>1845</xmin>
			<ymin>1634</ymin>
			<xmax>1923</xmax>
			<ymax>1709</ymax>
		</bndbox>
	</object>
	<object>
		<name>sp22</name>
		<pose>Unspecified</pose>
		<truncated>0</truncated>
		<difficult>0</difficult>
		<bndbox>
			<xmin>1893</xmin>
			<ymin>1760</ymin>
			<xmax>1965</xmax>
			<ymax>1821</ymax>
		</bndbox>
	</object>
	<object>
		<name>sp22</name>
		<pose>Unspecified</pose>
		<truncated>0</truncated>
		<difficult>0</difficult>
		<bndbox>
			<xmin>1852</xmin>
			<ymin>1822</ymin>
			<xmax>1930</xmax>
			<ymax>1907</ymax>
		</bndbox>
	</object>
	<object>
		<name>sp22</name>
		<pose>Unspecified</pose>
		<truncated>0</truncated>
		<difficult>0</difficult>
		<bndbox>
			<xmin>2261</xmin>
			<ymin>1197</ymin>
			<xmax>2326</xmax>
			<ymax>1269</ymax>
		</bndbox>
	</object>
	<object>
		<name>sp22</name>
		<pose>Unspecified</pose>
		<truncated>0</truncated>
		<difficult>0</difficult>
		<bndbox>
			<xmin>2193</xmin>
			<ymin>1228</ymin>
			<xmax>2254</xmax>
			<ymax>1313</ymax>
		</bndbox>
	</object>
	<object>
		<name>sp22</name>
		<pose>Unspecified</pose>
		<truncated>0</truncated>
		<difficult>0</difficult>
		<bndbox>
			<xmin>2189</xmin>
			<ymin>1150</ymin>
			<xmax>2254</xmax>
			<ymax>1215</ymax>
		</bndbox>
	</object>
	<object>
		<name>sp22</name>
		<pose>Unspecified</pose>
		<truncated>0</truncated>
		<difficult>0</difficult>
		<bndbox>
			<xmin>2084</xmin>
			<ymin>1122</ymin>
			<xmax>2152</xmax>
			<ymax>1194</ymax>
		</bndbox>
	</object>
	<object>
		<name>sp22</name>
		<pose>Unspecified</pose>
		<truncated>0</truncated>
		<difficult>0</difficult>
		<bndbox>
			<xmin>2145</xmin>
			<ymin>1064</ymin>
			<xmax>2223</xmax>
			<ymax>1132</ymax>
		</bndbox>
	</object>
	<object>
		<name>sp22</name>
		<pose>Unspecified</pose>
		<truncated>0</truncated>
		<difficult>0</difficult>
		<bndbox>
			<xmin>2288</xmin>
			<ymin>959</ymin>
			<xmax>2366</xmax>
			<ymax>1041</ymax>
		</bndbox>
	</object>
	<object>
		<name>sp22</name>
		<pose>Unspecified</pose>
		<truncated>0</truncated>
		<difficult>0</difficult>
		<bndbox>
			<xmin>2237</xmin>
			<ymin>914</ymin>
			<xmax>2309</xmax>
			<ymax>979</ymax>
		</bndbox>
	</object>
	<object>
		<name>sp22</name>
		<pose>Unspecified</pose>
		<truncated>0</truncated>
		<difficult>0</difficult>
		<bndbox>
			<xmin>2176</xmin>
			<ymin>962</ymin>
			<xmax>2275</xmax>
			<ymax>1047</ymax>
		</bndbox>
	</object>
	<object>
		<name>sp22</name>
		<pose>Unspecified</pose>
		<truncated>0</truncated>
		<difficult>0</difficult>
		<bndbox>
			<xmin>2073</xmin>
			<ymin>1030</ymin>
			<xmax>2158</xmax>
			<ymax>1105</ymax>
		</bndbox>
	</object>
	<object>
		<name>sp22</name>
		<pose>Unspecified</pose>
		<truncated>0</truncated>
		<difficult>0</difficult>
		<bndbox>
			<xmin>2162</xmin>
			<ymin>791</ymin>
			<xmax>2251</xmax>
			<ymax>869</ymax>
		</bndbox>
	</object>
	<object>
		<name>sp22</name>
		<pose>Unspecified</pose>
		<truncated>0</truncated>
		<difficult>0</difficult>
		<bndbox>
			<xmin>1998</xmin>
			<ymin>901</ymin>
			<xmax>2066</xmax>
			<ymax>969</ymax>
		</bndbox>
	</object>
	<object>
		<name>sp22</name>
		<pose>Unspecified</pose>
		<truncated>0</truncated>
		<difficult>0</difficult>
		<bndbox>
			<xmin>2022</xmin>
			<ymin>948</ymin>
			<xmax>2124</xmax>
			<ymax>1033</ymax>
		</bndbox>
	</object>
	<object>
		<name>sp22</name>
		<pose>Unspecified</pose>
		<truncated>0</truncated>
		<difficult>0</difficult>
		<bndbox>
			<xmin>1841</xmin>
			<ymin>658</ymin>
			<xmax>1889</xmax>
			<ymax>723</ymax>
		</bndbox>
	</object>
	<object>
		<name>sp22</name>
		<pose>Unspecified</pose>
		<truncated>0</truncated>
		<difficult>0</difficult>
		<bndbox>
			<xmin>1886</xmin>
			<ymin>652</ymin>
			<xmax>1947</xmax>
			<ymax>734</ymax>
		</bndbox>
	</object>
	<object>
		<name>sp22</name>
		<pose>Unspecified</pose>
		<truncated>0</truncated>
		<difficult>0</difficult>
		<bndbox>
			<xmin>1947</xmin>
			<ymin>706</ymin>
			<xmax>2008</xmax>
			<ymax>764</ymax>
		</bndbox>
	</object>
	<object>
		<name>sp22</name>
		<pose>Unspecified</pose>
		<truncated>0</truncated>
		<difficult>0</difficult>
		<bndbox>
			<xmin>1903</xmin>
			<ymin>720</ymin>
			<xmax>1971</xmax>
			<ymax>798</ymax>
		</bndbox>
	</object>
	<object>
		<name>sp22</name>
		<pose>Unspecified</pose>
		<truncated>0</truncated>
		<difficult>0</difficult>
		<bndbox>
			<xmin>1869</xmin>
			<ymin>757</ymin>
			<xmax>1944</xmax>
			<ymax>835</ymax>
		</bndbox>
	</object>
	<object>
		<name>sp22</name>
		<pose>Unspecified</pose>
		<truncated>0</truncated>
		<difficult>0</difficult>
		<bndbox>
			<xmin>1991</xmin>
			<ymin>768</ymin>
			<xmax>2059</xmax>
			<ymax>819</ymax>
		</bndbox>
	</object>
	<object>
		<name>sp22</name>
		<pose>Unspecified</pose>
		<truncated>0</truncated>
		<difficult>0</difficult>
		<bndbox>
			<xmin>2053</xmin>
			<ymin>805</ymin>
			<xmax>2108</xmax>
			<ymax>856</ymax>
		</bndbox>
	</object>
	<object>
		<name>sp22</name>
		<pose>Unspecified</pose>
		<truncated>0</truncated>
		<difficult>0</difficult>
		<bndbox>
			<xmin>2039</xmin>
			<ymin>860</ymin>
			<xmax>2114</xmax>
			<ymax>915</ymax>
		</bndbox>
	</object>
	<object>
		<name>sp22</name>
		<pose>Unspecified</pose>
		<truncated>0</truncated>
		<difficult>0</difficult>
		<bndbox>
			<xmin>2005</xmin>
			<ymin>819</ymin>
			<xmax>2049</xmax>
			<ymax>874</ymax>
		</bndbox>
	</object>
</annotation>