<annotation>
	<folder>my-project-name</folder>
	<filename>sp23_img13.jpg</filename>
	<path>/my-project-name/sp23_img13.jpg</path>
	<source>
		<database>Unspecified</database>
	</source>
	<size>
		<width>2218</width>
		<height>2209</height>
		<depth>3</depth>
	</size>
	<object>
		<name>sp23</name>
		<pose>Unspecified</pose>
		<truncated>0</truncated>
		<difficult>0</difficult>
		<bndbox>
			<xmin>1125</xmin>
			<ymin>8</ymin>
			<xmax>1169</xmax>
			<ymax>62</ymax>
		</bndbox>
	</object>
	<object>
		<name>sp23</name>
		<pose>Unspecified</pose>
		<truncated>0</truncated>
		<difficult>0</difficult>
		<bndbox>
			<xmin>733</xmin>
			<ymin>181</ymin>
			<xmax>770</xmax>
			<ymax>227</ymax>
		</bndbox>
	</object>
	<object>
		<name>sp23</name>
		<pose>Unspecified</pose>
		<truncated>0</truncated>
		<difficult>0</difficult>
		<bndbox>
			<xmin>711</xmin>
			<ymin>231</ymin>
			<xmax>759</xmax>
			<ymax>272</ymax>
		</bndbox>
	</object>
	<object>
		<name>sp23</name>
		<pose>Unspecified</pose>
		<truncated>0</truncated>
		<difficult>0</difficult>
		<bndbox>
			<xmin>493</xmin>
			<ymin>242</ymin>
			<xmax>533</xmax>
			<ymax>286</ymax>
		</bndbox>
	</object>
	<object>
		<name>sp23</name>
		<pose>Unspecified</pose>
		<truncated>0</truncated>
		<difficult>0</difficult>
		<bndbox>
			<xmin>418</xmin>
			<ymin>282</ymin>
			<xmax>447</xmax>
			<ymax>313</ymax>
		</bndbox>
	</object>
	<object>
		<name>sp23</name>
		<pose>Unspecified</pose>
		<truncated>0</truncated>
		<difficult>0</difficult>
		<bndbox>
			<xmin>366</xmin>
			<ymin>381</ymin>
			<xmax>401</xmax>
			<ymax>421</ymax>
		</bndbox>
	</object>
	<object>
		<name>sp23</name>
		<pose>Unspecified</pose>
		<truncated>0</truncated>
		<difficult>0</difficult>
		<bndbox>
			<xmin>268</xmin>
			<ymin>490</ymin>
			<xmax>309</xmax>
			<ymax>538</ymax>
		</bndbox>
	</object>
	<object>
		<name>sp23</name>
		<pose>Unspecified</pose>
		<truncated>0</truncated>
		<difficult>0</difficult>
		<bndbox>
			<xmin>305</xmin>
			<ymin>535</ymin>
			<xmax>336</xmax>
			<ymax>575</ymax>
		</bndbox>
	</object>
	<object>
		<name>sp23</name>
		<pose>Unspecified</pose>
		<truncated>0</truncated>
		<difficult>0</difficult>
		<bndbox>
			<xmin>379</xmin>
			<ymin>532</ymin>
			<xmax>419</xmax>
			<ymax>584</ymax>
		</bndbox>
	</object>
	<object>
		<name>sp23</name>
		<pose>Unspecified</pose>
		<truncated>0</truncated>
		<difficult>0</difficult>
		<bndbox>
			<xmin>420</xmin>
			<ymin>535</ymin>
			<xmax>461</xmax>
			<ymax>577</ymax>
		</bndbox>
	</object>
	<object>
		<name>sp23</name>
		<pose>Unspecified</pose>
		<truncated>0</truncated>
		<difficult>0</difficult>
		<bndbox>
			<xmin>442</xmin>
			<ymin>389</ymin>
			<xmax>482</xmax>
			<ymax>439</ymax>
		</bndbox>
	</object>
	<object>
		<name>sp23</name>
		<pose>Unspecified</pose>
		<truncated>0</truncated>
		<difficult>0</difficult>
		<bndbox>
			<xmin>518</xmin>
			<ymin>344</ymin>
			<xmax>558</xmax>
			<ymax>379</ymax>
		</bndbox>
	</object>
	<object>
		<name>sp23</name>
		<pose>Unspecified</pose>
		<truncated>0</truncated>
		<difficult>0</difficult>
		<bndbox>
			<xmin>643</xmin>
			<ymin>320</ymin>
			<xmax>672</xmax>
			<ymax>357</ymax>
		</bndbox>
	</object>
	<object>
		<name>sp23</name>
		<pose>Unspecified</pose>
		<truncated>0</truncated>
		<difficult>0</difficult>
		<bndbox>
			<xmin>756</xmin>
			<ymin>310</ymin>
			<xmax>805</xmax>
			<ymax>348</ymax>
		</bndbox>
	</object>
	<object>
		<name>sp23</name>
		<pose>Unspecified</pose>
		<truncated>0</truncated>
		<difficult>0</difficult>
		<bndbox>
			<xmin>860</xmin>
			<ymin>267</ymin>
			<xmax>908</xmax>
			<ymax>319</ymax>
		</bndbox>
	</object>
	<object>
		<name>sp23</name>
		<pose>Unspecified</pose>
		<truncated>0</truncated>
		<difficult>0</difficult>
		<bndbox>
			<xmin>878</xmin>
			<ymin>215</ymin>
			<xmax>934</xmax>
			<ymax>267</ymax>
		</bndbox>
	</object>
	<object>
		<name>sp23</name>
		<pose>Unspecified</pose>
		<truncated>0</truncated>
		<difficult>0</difficult>
		<bndbox>
			<xmin>571</xmin>
			<ymin>443</ymin>
			<xmax>595</xmax>
			<ymax>475</ymax>
		</bndbox>
	</object>
	<object>
		<name>sp23</name>
		<pose>Unspecified</pose>
		<truncated>0</truncated>
		<difficult>0</difficult>
		<bndbox>
			<xmin>594</xmin>
			<ymin>433</ymin>
			<xmax>619</xmax>
			<ymax>469</ymax>
		</bndbox>
	</object>
	<object>
		<name>sp23</name>
		<pose>Unspecified</pose>
		<truncated>0</truncated>
		<difficult>0</difficult>
		<bndbox>
			<xmin>636</xmin>
			<ymin>435</ymin>
			<xmax>679</xmax>
			<ymax>470</ymax>
		</bndbox>
	</object>
	<object>
		<name>sp23</name>
		<pose>Unspecified</pose>
		<truncated>0</truncated>
		<difficult>0</difficult>
		<bndbox>
			<xmin>660</xmin>
			<ymin>503</ymin>
			<xmax>703</xmax>
			<ymax>540</ymax>
		</bndbox>
	</object>
	<object>
		<name>sp23</name>
		<pose>Unspecified</pose>
		<truncated>0</truncated>
		<difficult>0</difficult>
		<bndbox>
			<xmin>666</xmin>
			<ymin>542</ymin>
			<xmax>704</xmax>
			<ymax>574</ymax>
		</bndbox>
	</object>
	<object>
		<name>sp23</name>
		<pose>Unspecified</pose>
		<truncated>0</truncated>
		<difficult>0</difficult>
		<bndbox>
			<xmin>651</xmin>
			<ymin>573</ymin>
			<xmax>689</xmax>
			<ymax>603</ymax>
		</bndbox>
	</object>
	<object>
		<name>sp23</name>
		<pose>Unspecified</pose>
		<truncated>0</truncated>
		<difficult>0</difficult>
		<bndbox>
			<xmin>533</xmin>
			<ymin>580</ymin>
			<xmax>571</xmax>
			<ymax>624</ymax>
		</bndbox>
	</object>
	<object>
		<name>sp23</name>
		<pose>Unspecified</pose>
		<truncated>0</truncated>
		<difficult>0</difficult>
		<bndbox>
			<xmin>606</xmin>
			<ymin>674</ymin>
			<xmax>638</xmax>
			<ymax>712</ymax>
		</bndbox>
	</object>
	<object>
		<name>sp23</name>
		<pose>Unspecified</pose>
		<truncated>0</truncated>
		<difficult>0</difficult>
		<bndbox>
			<xmin>421</xmin>
			<ymin>772</ymin>
			<xmax>450</xmax>
			<ymax>810</ymax>
		</bndbox>
	</object>
	<object>
		<name>sp23</name>
		<pose>Unspecified</pose>
		<truncated>0</truncated>
		<difficult>0</difficult>
		<bndbox>
			<xmin>623</xmin>
			<ymin>749</ymin>
			<xmax>646</xmax>
			<ymax>785</ymax>
		</bndbox>
	</object>
	<object>
		<name>sp23</name>
		<pose>Unspecified</pose>
		<truncated>0</truncated>
		<difficult>0</difficult>
		<bndbox>
			<xmin>536</xmin>
			<ymin>795</ymin>
			<xmax>572</xmax>
			<ymax>833</ymax>
		</bndbox>
	</object>
	<object>
		<name>sp23</name>
		<pose>Unspecified</pose>
		<truncated>0</truncated>
		<difficult>0</difficult>
		<bndbox>
			<xmin>153</xmin>
			<ymin>875</ymin>
			<xmax>185</xmax>
			<ymax>913</ymax>
		</bndbox>
	</object>
	<object>
		<name>sp23</name>
		<pose>Unspecified</pose>
		<truncated>0</truncated>
		<difficult>0</difficult>
		<bndbox>
			<xmin>618</xmin>
			<ymin>840</ymin>
			<xmax>650</xmax>
			<ymax>881</ymax>
		</bndbox>
	</object>
	<object>
		<name>sp23</name>
		<pose>Unspecified</pose>
		<truncated>0</truncated>
		<difficult>0</difficult>
		<bndbox>
			<xmin>686</xmin>
			<ymin>789</ymin>
			<xmax>716</xmax>
			<ymax>826</ymax>
		</bndbox>
	</object>
	<object>
		<name>sp23</name>
		<pose>Unspecified</pose>
		<truncated>0</truncated>
		<difficult>0</difficult>
		<bndbox>
			<xmin>765</xmin>
			<ymin>670</ymin>
			<xmax>805</xmax>
			<ymax>707</ymax>
		</bndbox>
	</object>
	<object>
		<name>sp23</name>
		<pose>Unspecified</pose>
		<truncated>0</truncated>
		<difficult>0</difficult>
		<bndbox>
			<xmin>769</xmin>
			<ymin>569</ymin>
			<xmax>804</xmax>
			<ymax>609</ymax>
		</bndbox>
	</object>
	<object>
		<name>sp23</name>
		<pose>Unspecified</pose>
		<truncated>0</truncated>
		<difficult>0</difficult>
		<bndbox>
			<xmin>793</xmin>
			<ymin>497</ymin>
			<xmax>819</xmax>
			<ymax>537</ymax>
		</bndbox>
	</object>
	<object>
		<name>sp23</name>
		<pose>Unspecified</pose>
		<truncated>0</truncated>
		<difficult>0</difficult>
		<bndbox>
			<xmin>823</xmin>
			<ymin>494</ymin>
			<xmax>858</xmax>
			<ymax>524</ymax>
		</bndbox>
	</object>
	<object>
		<name>sp23</name>
		<pose>Unspecified</pose>
		<truncated>0</truncated>
		<difficult>0</difficult>
		<bndbox>
			<xmin>853</xmin>
			<ymin>433</ymin>
			<xmax>888</xmax>
			<ymax>473</ymax>
		</bndbox>
	</object>
	<object>
		<name>sp23</name>
		<pose>Unspecified</pose>
		<truncated>0</truncated>
		<difficult>0</difficult>
		<bndbox>
			<xmin>985</xmin>
			<ymin>405</ymin>
			<xmax>1019</xmax>
			<ymax>447</ymax>
		</bndbox>
	</object>
	<object>
		<name>sp23</name>
		<pose>Unspecified</pose>
		<truncated>0</truncated>
		<difficult>0</difficult>
		<bndbox>
			<xmin>1028</xmin>
			<ymin>423</ymin>
			<xmax>1077</xmax>
			<ymax>459</ymax>
		</bndbox>
	</object>
	<object>
		<name>sp23</name>
		<pose>Unspecified</pose>
		<truncated>0</truncated>
		<difficult>0</difficult>
		<bndbox>
			<xmin>1128</xmin>
			<ymin>340</ymin>
			<xmax>1168</xmax>
			<ymax>377</ymax>
		</bndbox>
	</object>
	<object>
		<name>sp23</name>
		<pose>Unspecified</pose>
		<truncated>0</truncated>
		<difficult>0</difficult>
		<bndbox>
			<xmin>1181</xmin>
			<ymin>384</ymin>
			<xmax>1216</xmax>
			<ymax>420</ymax>
		</bndbox>
	</object>
	<object>
		<name>sp23</name>
		<pose>Unspecified</pose>
		<truncated>0</truncated>
		<difficult>0</difficult>
		<bndbox>
			<xmin>1240</xmin>
			<ymin>392</ymin>
			<xmax>1281</xmax>
			<ymax>426</ymax>
		</bndbox>
	</object>
	<object>
		<name>sp23</name>
		<pose>Unspecified</pose>
		<truncated>0</truncated>
		<difficult>0</difficult>
		<bndbox>
			<xmin>1241</xmin>
			<ymin>428</ymin>
			<xmax>1272</xmax>
			<ymax>452</ymax>
		</bndbox>
	</object>
	<object>
		<name>sp23</name>
		<pose>Unspecified</pose>
		<truncated>0</truncated>
		<difficult>0</difficult>
		<bndbox>
			<xmin>1290</xmin>
			<ymin>415</ymin>
			<xmax>1332</xmax>
			<ymax>452</ymax>
		</bndbox>
	</object>
	<object>
		<name>sp23</name>
		<pose>Unspecified</pose>
		<truncated>0</truncated>
		<difficult>0</difficult>
		<bndbox>
			<xmin>1345</xmin>
			<ymin>320</ymin>
			<xmax>1392</xmax>
			<ymax>366</ymax>
		</bndbox>
	</object>
	<object>
		<name>sp23</name>
		<pose>Unspecified</pose>
		<truncated>0</truncated>
		<difficult>0</difficult>
		<bndbox>
			<xmin>1432</xmin>
			<ymin>406</ymin>
			<xmax>1470</xmax>
			<ymax>441</ymax>
		</bndbox>
	</object>
	<object>
		<name>sp23</name>
		<pose>Unspecified</pose>
		<truncated>0</truncated>
		<difficult>0</difficult>
		<bndbox>
			<xmin>1453</xmin>
			<ymin>461</ymin>
			<xmax>1506</xmax>
			<ymax>497</ymax>
		</bndbox>
	</object>
	<object>
		<name>sp23</name>
		<pose>Unspecified</pose>
		<truncated>0</truncated>
		<difficult>0</difficult>
		<bndbox>
			<xmin>848</xmin>
			<ymin>543</ymin>
			<xmax>882</xmax>
			<ymax>585</ymax>
		</bndbox>
	</object>
	<object>
		<name>sp23</name>
		<pose>Unspecified</pose>
		<truncated>0</truncated>
		<difficult>0</difficult>
		<bndbox>
			<xmin>883</xmin>
			<ymin>554</ymin>
			<xmax>923</xmax>
			<ymax>592</ymax>
		</bndbox>
	</object>
	<object>
		<name>sp23</name>
		<pose>Unspecified</pose>
		<truncated>0</truncated>
		<difficult>0</difficult>
		<bndbox>
			<xmin>933</xmin>
			<ymin>519</ymin>
			<xmax>974</xmax>
			<ymax>560</ymax>
		</bndbox>
	</object>
	<object>
		<name>sp23</name>
		<pose>Unspecified</pose>
		<truncated>0</truncated>
		<difficult>0</difficult>
		<bndbox>
			<xmin>993</xmin>
			<ymin>489</ymin>
			<xmax>1033</xmax>
			<ymax>520</ymax>
		</bndbox>
	</object>
	<object>
		<name>sp23</name>
		<pose>Unspecified</pose>
		<truncated>0</truncated>
		<difficult>0</difficult>
		<bndbox>
			<xmin>1055</xmin>
			<ymin>470</ymin>
			<xmax>1089</xmax>
			<ymax>498</ymax>
		</bndbox>
	</object>
	<object>
		<name>sp23</name>
		<pose>Unspecified</pose>
		<truncated>0</truncated>
		<difficult>0</difficult>
		<bndbox>
			<xmin>1101</xmin>
			<ymin>478</ymin>
			<xmax>1141</xmax>
			<ymax>519</ymax>
		</bndbox>
	</object>
	<object>
		<name>sp23</name>
		<pose>Unspecified</pose>
		<truncated>0</truncated>
		<difficult>0</difficult>
		<bndbox>
			<xmin>1080</xmin>
			<ymin>537</ymin>
			<xmax>1111</xmax>
			<ymax>566</ymax>
		</bndbox>
	</object>
	<object>
		<name>sp23</name>
		<pose>Unspecified</pose>
		<truncated>0</truncated>
		<difficult>0</difficult>
		<bndbox>
			<xmin>1143</xmin>
			<ymin>551</ymin>
			<xmax>1172</xmax>
			<ymax>586</ymax>
		</bndbox>
	</object>
	<object>
		<name>sp23</name>
		<pose>Unspecified</pose>
		<truncated>0</truncated>
		<difficult>0</difficult>
		<bndbox>
			<xmin>1112</xmin>
			<ymin>591</ymin>
			<xmax>1148</xmax>
			<ymax>628</ymax>
		</bndbox>
	</object>
	<object>
		<name>sp23</name>
		<pose>Unspecified</pose>
		<truncated>0</truncated>
		<difficult>0</difficult>
		<bndbox>
			<xmin>900</xmin>
			<ymin>622</ymin>
			<xmax>943</xmax>
			<ymax>658</ymax>
		</bndbox>
	</object>
	<object>
		<name>sp23</name>
		<pose>Unspecified</pose>
		<truncated>0</truncated>
		<difficult>0</difficult>
		<bndbox>
			<xmin>1210</xmin>
			<ymin>482</ymin>
			<xmax>1244</xmax>
			<ymax>504</ymax>
		</bndbox>
	</object>
	<object>
		<name>sp23</name>
		<pose>Unspecified</pose>
		<truncated>0</truncated>
		<difficult>0</difficult>
		<bndbox>
			<xmin>1210</xmin>
			<ymin>501</ymin>
			<xmax>1234</xmax>
			<ymax>525</ymax>
		</bndbox>
	</object>
	<object>
		<name>sp23</name>
		<pose>Unspecified</pose>
		<truncated>0</truncated>
		<difficult>0</difficult>
		<bndbox>
			<xmin>1205</xmin>
			<ymin>531</ymin>
			<xmax>1235</xmax>
			<ymax>563</ymax>
		</bndbox>
	</object>
	<object>
		<name>sp23</name>
		<pose>Unspecified</pose>
		<truncated>0</truncated>
		<difficult>0</difficult>
		<bndbox>
			<xmin>1254</xmin>
			<ymin>507</ymin>
			<xmax>1296</xmax>
			<ymax>541</ymax>
		</bndbox>
	</object>
	<object>
		<name>sp23</name>
		<pose>Unspecified</pose>
		<truncated>0</truncated>
		<difficult>0</difficult>
		<bndbox>
			<xmin>1408</xmin>
			<ymin>564</ymin>
			<xmax>1444</xmax>
			<ymax>594</ymax>
		</bndbox>
	</object>
	<object>
		<name>sp23</name>
		<pose>Unspecified</pose>
		<truncated>0</truncated>
		<difficult>0</difficult>
		<bndbox>
			<xmin>1210</xmin>
			<ymin>617</ymin>
			<xmax>1239</xmax>
			<ymax>641</ymax>
		</bndbox>
	</object>
	<object>
		<name>sp23</name>
		<pose>Unspecified</pose>
		<truncated>0</truncated>
		<difficult>0</difficult>
		<bndbox>
			<xmin>934</xmin>
			<ymin>739</ymin>
			<xmax>959</xmax>
			<ymax>769</ymax>
		</bndbox>
	</object>
	<object>
		<name>sp23</name>
		<pose>Unspecified</pose>
		<truncated>0</truncated>
		<difficult>0</difficult>
		<bndbox>
			<xmin>933</xmin>
			<ymin>765</ymin>
			<xmax>958</xmax>
			<ymax>794</ymax>
		</bndbox>
	</object>
	<object>
		<name>sp23</name>
		<pose>Unspecified</pose>
		<truncated>0</truncated>
		<difficult>0</difficult>
		<bndbox>
			<xmin>889</xmin>
			<ymin>760</ymin>
			<xmax>924</xmax>
			<ymax>790</ymax>
		</bndbox>
	</object>
	<object>
		<name>sp23</name>
		<pose>Unspecified</pose>
		<truncated>0</truncated>
		<difficult>0</difficult>
		<bndbox>
			<xmin>820</xmin>
			<ymin>757</ymin>
			<xmax>849</xmax>
			<ymax>786</ymax>
		</bndbox>
	</object>
	<object>
		<name>sp23</name>
		<pose>Unspecified</pose>
		<truncated>0</truncated>
		<difficult>0</difficult>
		<bndbox>
			<xmin>792</xmin>
			<ymin>777</ymin>
			<xmax>818</xmax>
			<ymax>811</ymax>
		</bndbox>
	</object>
	<object>
		<name>sp23</name>
		<pose>Unspecified</pose>
		<truncated>0</truncated>
		<difficult>0</difficult>
		<bndbox>
			<xmin>1009</xmin>
			<ymin>791</ymin>
			<xmax>1040</xmax>
			<ymax>821</ymax>
		</bndbox>
	</object>
	<object>
		<name>sp23</name>
		<pose>Unspecified</pose>
		<truncated>0</truncated>
		<difficult>0</difficult>
		<bndbox>
			<xmin>1221</xmin>
			<ymin>684</ymin>
			<xmax>1245</xmax>
			<ymax>709</ymax>
		</bndbox>
	</object>
	<object>
		<name>sp23</name>
		<pose>Unspecified</pose>
		<truncated>0</truncated>
		<difficult>0</difficult>
		<bndbox>
			<xmin>1283</xmin>
			<ymin>663</ymin>
			<xmax>1314</xmax>
			<ymax>694</ymax>
		</bndbox>
	</object>
	<object>
		<name>sp23</name>
		<pose>Unspecified</pose>
		<truncated>0</truncated>
		<difficult>0</difficult>
		<bndbox>
			<xmin>1233</xmin>
			<ymin>720</ymin>
			<xmax>1268</xmax>
			<ymax>755</ymax>
		</bndbox>
	</object>
	<object>
		<name>sp23</name>
		<pose>Unspecified</pose>
		<truncated>0</truncated>
		<difficult>0</difficult>
		<bndbox>
			<xmin>1373</xmin>
			<ymin>608</ymin>
			<xmax>1405</xmax>
			<ymax>639</ymax>
		</bndbox>
	</object>
	<object>
		<name>sp23</name>
		<pose>Unspecified</pose>
		<truncated>0</truncated>
		<difficult>0</difficult>
		<bndbox>
			<xmin>1410</xmin>
			<ymin>622</ymin>
			<xmax>1440</xmax>
			<ymax>645</ymax>
		</bndbox>
	</object>
	<object>
		<name>sp23</name>
		<pose>Unspecified</pose>
		<truncated>0</truncated>
		<difficult>0</difficult>
		<bndbox>
			<xmin>1468</xmin>
			<ymin>615</ymin>
			<xmax>1502</xmax>
			<ymax>647</ymax>
		</bndbox>
	</object>
	<object>
		<name>sp23</name>
		<pose>Unspecified</pose>
		<truncated>0</truncated>
		<difficult>0</difficult>
		<bndbox>
			<xmin>1386</xmin>
			<ymin>668</ymin>
			<xmax>1415</xmax>
			<ymax>699</ymax>
		</bndbox>
	</object>
	<object>
		<name>sp23</name>
		<pose>Unspecified</pose>
		<truncated>0</truncated>
		<difficult>0</difficult>
		<bndbox>
			<xmin>1414</xmin>
			<ymin>700</ymin>
			<xmax>1444</xmax>
			<ymax>738</ymax>
		</bndbox>
	</object>
	<object>
		<name>sp23</name>
		<pose>Unspecified</pose>
		<truncated>0</truncated>
		<difficult>0</difficult>
		<bndbox>
			<xmin>1453</xmin>
			<ymin>714</ymin>
			<xmax>1485</xmax>
			<ymax>752</ymax>
		</bndbox>
	</object>
	<object>
		<name>sp23</name>
		<pose>Unspecified</pose>
		<truncated>0</truncated>
		<difficult>0</difficult>
		<bndbox>
			<xmin>1186</xmin>
			<ymin>767</ymin>
			<xmax>1218</xmax>
			<ymax>803</ymax>
		</bndbox>
	</object>
	<object>
		<name>sp23</name>
		<pose>Unspecified</pose>
		<truncated>0</truncated>
		<difficult>0</difficult>
		<bndbox>
			<xmin>1168</xmin>
			<ymin>795</ymin>
			<xmax>1196</xmax>
			<ymax>829</ymax>
		</bndbox>
	</object>
	<object>
		<name>sp23</name>
		<pose>Unspecified</pose>
		<truncated>0</truncated>
		<difficult>0</difficult>
		<bndbox>
			<xmin>1254</xmin>
			<ymin>799</ymin>
			<xmax>1280</xmax>
			<ymax>831</ymax>
		</bndbox>
	</object>
	<object>
		<name>sp23</name>
		<pose>Unspecified</pose>
		<truncated>0</truncated>
		<difficult>0</difficult>
		<bndbox>
			<xmin>1281</xmin>
			<ymin>837</ymin>
			<xmax>1305</xmax>
			<ymax>862</ymax>
		</bndbox>
	</object>
	<object>
		<name>sp23</name>
		<pose>Unspecified</pose>
		<truncated>0</truncated>
		<difficult>0</difficult>
		<bndbox>
			<xmin>1251</xmin>
			<ymin>856</ymin>
			<xmax>1276</xmax>
			<ymax>887</ymax>
		</bndbox>
	</object>
	<object>
		<name>sp23</name>
		<pose>Unspecified</pose>
		<truncated>0</truncated>
		<difficult>0</difficult>
		<bndbox>
			<xmin>1333</xmin>
			<ymin>766</ymin>
			<xmax>1352</xmax>
			<ymax>796</ymax>
		</bndbox>
	</object>
	<object>
		<name>sp23</name>
		<pose>Unspecified</pose>
		<truncated>0</truncated>
		<difficult>0</difficult>
		<bndbox>
			<xmin>1360</xmin>
			<ymin>757</ymin>
			<xmax>1383</xmax>
			<ymax>781</ymax>
		</bndbox>
	</object>
	<object>
		<name>sp23</name>
		<pose>Unspecified</pose>
		<truncated>0</truncated>
		<difficult>0</difficult>
		<bndbox>
			<xmin>1357</xmin>
			<ymin>779</ymin>
			<xmax>1383</xmax>
			<ymax>808</ymax>
		</bndbox>
	</object>
	<object>
		<name>sp23</name>
		<pose>Unspecified</pose>
		<truncated>0</truncated>
		<difficult>0</difficult>
		<bndbox>
			<xmin>1448</xmin>
			<ymin>816</ymin>
			<xmax>1478</xmax>
			<ymax>853</ymax>
		</bndbox>
	</object>
	<object>
		<name>sp23</name>
		<pose>Unspecified</pose>
		<truncated>0</truncated>
		<difficult>0</difficult>
		<bndbox>
			<xmin>1384</xmin>
			<ymin>852</ymin>
			<xmax>1418</xmax>
			<ymax>888</ymax>
		</bndbox>
	</object>
	<object>
		<name>sp23</name>
		<pose>Unspecified</pose>
		<truncated>0</truncated>
		<difficult>0</difficult>
		<bndbox>
			<xmin>1429</xmin>
			<ymin>881</ymin>
			<xmax>1461</xmax>
			<ymax>909</ymax>
		</bndbox>
	</object>
	<object>
		<name>sp23</name>
		<pose>Unspecified</pose>
		<truncated>0</truncated>
		<difficult>0</difficult>
		<bndbox>
			<xmin>1424</xmin>
			<ymin>919</ymin>
			<xmax>1449</xmax>
			<ymax>943</ymax>
		</bndbox>
	</object>
	<object>
		<name>sp23</name>
		<pose>Unspecified</pose>
		<truncated>0</truncated>
		<difficult>0</difficult>
		<bndbox>
			<xmin>1382</xmin>
			<ymin>916</ymin>
			<xmax>1411</xmax>
			<ymax>952</ymax>
		</bndbox>
	</object>
	<object>
		<name>sp23</name>
		<pose>Unspecified</pose>
		<truncated>0</truncated>
		<difficult>0</difficult>
		<bndbox>
			<xmin>1446</xmin>
			<ymin>949</ymin>
			<xmax>1478</xmax>
			<ymax>977</ymax>
		</bndbox>
	</object>
	<object>
		<name>sp23</name>
		<pose>Unspecified</pose>
		<truncated>0</truncated>
		<difficult>0</difficult>
		<bndbox>
			<xmin>1415</xmin>
			<ymin>968</ymin>
			<xmax>1438</xmax>
			<ymax>994</ymax>
		</bndbox>
	</object>
	<object>
		<name>sp23</name>
		<pose>Unspecified</pose>
		<truncated>0</truncated>
		<difficult>0</difficult>
		<bndbox>
			<xmin>1373</xmin>
			<ymin>950</ymin>
			<xmax>1398</xmax>
			<ymax>985</ymax>
		</bndbox>
	</object>
	<object>
		<name>sp23</name>
		<pose>Unspecified</pose>
		<truncated>0</truncated>
		<difficult>0</difficult>
		<bndbox>
			<xmin>1324</xmin>
			<ymin>936</ymin>
			<xmax>1358</xmax>
			<ymax>974</ymax>
		</bndbox>
	</object>
	<object>
		<name>sp23</name>
		<pose>Unspecified</pose>
		<truncated>0</truncated>
		<difficult>0</difficult>
		<bndbox>
			<xmin>1258</xmin>
			<ymin>955</ymin>
			<xmax>1280</xmax>
			<ymax>983</ymax>
		</bndbox>
	</object>
	<object>
		<name>sp23</name>
		<pose>Unspecified</pose>
		<truncated>0</truncated>
		<difficult>0</difficult>
		<bndbox>
			<xmin>1288</xmin>
			<ymin>956</ymin>
			<xmax>1311</xmax>
			<ymax>984</ymax>
		</bndbox>
	</object>
	<object>
		<name>sp23</name>
		<pose>Unspecified</pose>
		<truncated>0</truncated>
		<difficult>0</difficult>
		<bndbox>
			<xmin>1160</xmin>
			<ymin>940</ymin>
			<xmax>1194</xmax>
			<ymax>968</ymax>
		</bndbox>
	</object>
	<object>
		<name>sp23</name>
		<pose>Unspecified</pose>
		<truncated>0</truncated>
		<difficult>0</difficult>
		<bndbox>
			<xmin>1112</xmin>
			<ymin>947</ymin>
			<xmax>1137</xmax>
			<ymax>965</ymax>
		</bndbox>
	</object>
	<object>
		<name>sp23</name>
		<pose>Unspecified</pose>
		<truncated>0</truncated>
		<difficult>0</difficult>
		<bndbox>
			<xmin>1119</xmin>
			<ymin>968</ymin>
			<xmax>1144</xmax>
			<ymax>996</ymax>
		</bndbox>
	</object>
	<object>
		<name>sp23</name>
		<pose>Unspecified</pose>
		<truncated>0</truncated>
		<difficult>0</difficult>
		<bndbox>
			<xmin>1086</xmin>
			<ymin>862</ymin>
			<xmax>1112</xmax>
			<ymax>894</ymax>
		</bndbox>
	</object>
	<object>
		<name>sp23</name>
		<pose>Unspecified</pose>
		<truncated>0</truncated>
		<difficult>0</difficult>
		<bndbox>
			<xmin>1051</xmin>
			<ymin>855</ymin>
			<xmax>1083</xmax>
			<ymax>885</ymax>
		</bndbox>
	</object>
	<object>
		<name>sp23</name>
		<pose>Unspecified</pose>
		<truncated>0</truncated>
		<difficult>0</difficult>
		<bndbox>
			<xmin>1015</xmin>
			<ymin>874</ymin>
			<xmax>1043</xmax>
			<ymax>902</ymax>
		</bndbox>
	</object>
	<object>
		<name>sp23</name>
		<pose>Unspecified</pose>
		<truncated>0</truncated>
		<difficult>0</difficult>
		<bndbox>
			<xmin>983</xmin>
			<ymin>925</ymin>
			<xmax>1015</xmax>
			<ymax>956</ymax>
		</bndbox>
	</object>
	<object>
		<name>sp23</name>
		<pose>Unspecified</pose>
		<truncated>0</truncated>
		<difficult>0</difficult>
		<bndbox>
			<xmin>983</xmin>
			<ymin>970</ymin>
			<xmax>1020</xmax>
			<ymax>999</ymax>
		</bndbox>
	</object>
	<object>
		<name>sp23</name>
		<pose>Unspecified</pose>
		<truncated>0</truncated>
		<difficult>0</difficult>
		<bndbox>
			<xmin>908</xmin>
			<ymin>847</ymin>
			<xmax>937</xmax>
			<ymax>888</ymax>
		</bndbox>
	</object>
	<object>
		<name>sp23</name>
		<pose>Unspecified</pose>
		<truncated>0</truncated>
		<difficult>0</difficult>
		<bndbox>
			<xmin>884</xmin>
			<ymin>880</ymin>
			<xmax>907</xmax>
			<ymax>923</ymax>
		</bndbox>
	</object>
	<object>
		<name>sp23</name>
		<pose>Unspecified</pose>
		<truncated>0</truncated>
		<difficult>0</difficult>
		<bndbox>
			<xmin>861</xmin>
			<ymin>872</ymin>
			<xmax>886</xmax>
			<ymax>909</ymax>
		</bndbox>
	</object>
	<object>
		<name>sp23</name>
		<pose>Unspecified</pose>
		<truncated>0</truncated>
		<difficult>0</difficult>
		<bndbox>
			<xmin>719</xmin>
			<ymin>869</ymin>
			<xmax>761</xmax>
			<ymax>906</ymax>
		</bndbox>
	</object>
	<object>
		<name>sp23</name>
		<pose>Unspecified</pose>
		<truncated>0</truncated>
		<difficult>0</difficult>
		<bndbox>
			<xmin>705</xmin>
			<ymin>922</ymin>
			<xmax>747</xmax>
			<ymax>957</ymax>
		</bndbox>
	</object>
	<object>
		<name>sp23</name>
		<pose>Unspecified</pose>
		<truncated>0</truncated>
		<difficult>0</difficult>
		<bndbox>
			<xmin>699</xmin>
			<ymin>964</ymin>
			<xmax>735</xmax>
			<ymax>1004</ymax>
		</bndbox>
	</object>
	<object>
		<name>sp23</name>
		<pose>Unspecified</pose>
		<truncated>0</truncated>
		<difficult>0</difficult>
		<bndbox>
			<xmin>755</xmin>
			<ymin>964</ymin>
			<xmax>801</xmax>
			<ymax>1020</ymax>
		</bndbox>
	</object>
	<object>
		<name>sp23</name>
		<pose>Unspecified</pose>
		<truncated>0</truncated>
		<difficult>0</difficult>
		<bndbox>
			<xmin>456</xmin>
			<ymin>904</ymin>
			<xmax>506</xmax>
			<ymax>956</ymax>
		</bndbox>
	</object>
	<object>
		<name>sp23</name>
		<pose>Unspecified</pose>
		<truncated>0</truncated>
		<difficult>0</difficult>
		<bndbox>
			<xmin>445</xmin>
			<ymin>1017</ymin>
			<xmax>480</xmax>
			<ymax>1069</ymax>
		</bndbox>
	</object>
	<object>
		<name>sp23</name>
		<pose>Unspecified</pose>
		<truncated>0</truncated>
		<difficult>0</difficult>
		<bndbox>
			<xmin>16</xmin>
			<ymin>923</ymin>
			<xmax>47</xmax>
			<ymax>959</ymax>
		</bndbox>
	</object>
	<object>
		<name>sp23</name>
		<pose>Unspecified</pose>
		<truncated>0</truncated>
		<difficult>0</difficult>
		<bndbox>
			<xmin>49</xmin>
			<ymin>1013</ymin>
			<xmax>86</xmax>
			<ymax>1050</ymax>
		</bndbox>
	</object>
	<object>
		<name>sp23</name>
		<pose>Unspecified</pose>
		<truncated>0</truncated>
		<difficult>0</difficult>
		<bndbox>
			<xmin>25</xmin>
			<ymin>1081</ymin>
			<xmax>62</xmax>
			<ymax>1118</ymax>
		</bndbox>
	</object>
	<object>
		<name>sp23</name>
		<pose>Unspecified</pose>
		<truncated>0</truncated>
		<difficult>0</difficult>
		<bndbox>
			<xmin>13</xmin>
			<ymin>1172</ymin>
			<xmax>38</xmax>
			<ymax>1202</ymax>
		</bndbox>
	</object>
	<object>
		<name>sp23</name>
		<pose>Unspecified</pose>
		<truncated>0</truncated>
		<difficult>0</difficult>
		<bndbox>
			<xmin>146</xmin>
			<ymin>1058</ymin>
			<xmax>195</xmax>
			<ymax>1117</ymax>
		</bndbox>
	</object>
	<object>
		<name>sp23</name>
		<pose>Unspecified</pose>
		<truncated>0</truncated>
		<difficult>0</difficult>
		<bndbox>
			<xmin>364</xmin>
			<ymin>1191</ymin>
			<xmax>401</xmax>
			<ymax>1225</ymax>
		</bndbox>
	</object>
	<object>
		<name>sp23</name>
		<pose>Unspecified</pose>
		<truncated>0</truncated>
		<difficult>0</difficult>
		<bndbox>
			<xmin>402</xmin>
			<ymin>1168</ymin>
			<xmax>448</xmax>
			<ymax>1215</ymax>
		</bndbox>
	</object>
	<object>
		<name>sp23</name>
		<pose>Unspecified</pose>
		<truncated>0</truncated>
		<difficult>0</difficult>
		<bndbox>
			<xmin>847</xmin>
			<ymin>992</ymin>
			<xmax>870</xmax>
			<ymax>1023</ymax>
		</bndbox>
	</object>
	<object>
		<name>sp23</name>
		<pose>Unspecified</pose>
		<truncated>0</truncated>
		<difficult>0</difficult>
		<bndbox>
			<xmin>886</xmin>
			<ymin>980</ymin>
			<xmax>916</xmax>
			<ymax>1020</ymax>
		</bndbox>
	</object>
	<object>
		<name>sp23</name>
		<pose>Unspecified</pose>
		<truncated>0</truncated>
		<difficult>0</difficult>
		<bndbox>
			<xmin>850</xmin>
			<ymin>1038</ymin>
			<xmax>873</xmax>
			<ymax>1074</ymax>
		</bndbox>
	</object>
	<object>
		<name>sp23</name>
		<pose>Unspecified</pose>
		<truncated>0</truncated>
		<difficult>0</difficult>
		<bndbox>
			<xmin>790</xmin>
			<ymin>1068</ymin>
			<xmax>818</xmax>
			<ymax>1103</ymax>
		</bndbox>
	</object>
	<object>
		<name>sp23</name>
		<pose>Unspecified</pose>
		<truncated>0</truncated>
		<difficult>0</difficult>
		<bndbox>
			<xmin>807</xmin>
			<ymin>1100</ymin>
			<xmax>833</xmax>
			<ymax>1137</ymax>
		</bndbox>
	</object>
	<object>
		<name>sp23</name>
		<pose>Unspecified</pose>
		<truncated>0</truncated>
		<difficult>0</difficult>
		<bndbox>
			<xmin>848</xmin>
			<ymin>1136</ymin>
			<xmax>877</xmax>
			<ymax>1173</ymax>
		</bndbox>
	</object>
	<object>
		<name>sp23</name>
		<pose>Unspecified</pose>
		<truncated>0</truncated>
		<difficult>0</difficult>
		<bndbox>
			<xmin>806</xmin>
			<ymin>1145</ymin>
			<xmax>841</xmax>
			<ymax>1183</ymax>
		</bndbox>
	</object>
	<object>
		<name>sp23</name>
		<pose>Unspecified</pose>
		<truncated>0</truncated>
		<difficult>0</difficult>
		<bndbox>
			<xmin>746</xmin>
			<ymin>1171</ymin>
			<xmax>784</xmax>
			<ymax>1211</ymax>
		</bndbox>
	</object>
	<object>
		<name>sp23</name>
		<pose>Unspecified</pose>
		<truncated>0</truncated>
		<difficult>0</difficult>
		<bndbox>
			<xmin>1024</xmin>
			<ymin>1002</ymin>
			<xmax>1052</xmax>
			<ymax>1034</ymax>
		</bndbox>
	</object>
	<object>
		<name>sp23</name>
		<pose>Unspecified</pose>
		<truncated>0</truncated>
		<difficult>0</difficult>
		<bndbox>
			<xmin>1025</xmin>
			<ymin>1034</ymin>
			<xmax>1049</xmax>
			<ymax>1064</ymax>
		</bndbox>
	</object>
	<object>
		<name>sp23</name>
		<pose>Unspecified</pose>
		<truncated>0</truncated>
		<difficult>0</difficult>
		<bndbox>
			<xmin>1052</xmin>
			<ymin>1035</ymin>
			<xmax>1077</xmax>
			<ymax>1070</ymax>
		</bndbox>
	</object>
	<object>
		<name>sp23</name>
		<pose>Unspecified</pose>
		<truncated>0</truncated>
		<difficult>0</difficult>
		<bndbox>
			<xmin>1104</xmin>
			<ymin>1040</ymin>
			<xmax>1128</xmax>
			<ymax>1070</ymax>
		</bndbox>
	</object>
	<object>
		<name>sp23</name>
		<pose>Unspecified</pose>
		<truncated>0</truncated>
		<difficult>0</difficult>
		<bndbox>
			<xmin>1158</xmin>
			<ymin>1044</ymin>
			<xmax>1186</xmax>
			<ymax>1079</ymax>
		</bndbox>
	</object>
	<object>
		<name>sp23</name>
		<pose>Unspecified</pose>
		<truncated>0</truncated>
		<difficult>0</difficult>
		<bndbox>
			<xmin>1214</xmin>
			<ymin>1004</ymin>
			<xmax>1234</xmax>
			<ymax>1041</ymax>
		</bndbox>
	</object>
	<object>
		<name>sp23</name>
		<pose>Unspecified</pose>
		<truncated>0</truncated>
		<difficult>0</difficult>
		<bndbox>
			<xmin>1373</xmin>
			<ymin>1009</ymin>
			<xmax>1402</xmax>
			<ymax>1033</ymax>
		</bndbox>
	</object>
	<object>
		<name>sp23</name>
		<pose>Unspecified</pose>
		<truncated>0</truncated>
		<difficult>0</difficult>
		<bndbox>
			<xmin>1499</xmin>
			<ymin>1007</ymin>
			<xmax>1529</xmax>
			<ymax>1038</ymax>
		</bndbox>
	</object>
	<object>
		<name>sp23</name>
		<pose>Unspecified</pose>
		<truncated>0</truncated>
		<difficult>0</difficult>
		<bndbox>
			<xmin>1475</xmin>
			<ymin>1073</ymin>
			<xmax>1501</xmax>
			<ymax>1109</ymax>
		</bndbox>
	</object>
	<object>
		<name>sp23</name>
		<pose>Unspecified</pose>
		<truncated>0</truncated>
		<difficult>0</difficult>
		<bndbox>
			<xmin>1460</xmin>
			<ymin>1075</ymin>
			<xmax>1480</xmax>
			<ymax>1101</ymax>
		</bndbox>
	</object>
	<object>
		<name>sp23</name>
		<pose>Unspecified</pose>
		<truncated>0</truncated>
		<difficult>0</difficult>
		<bndbox>
			<xmin>1424</xmin>
			<ymin>1083</ymin>
			<xmax>1455</xmax>
			<ymax>1112</ymax>
		</bndbox>
	</object>
	<object>
		<name>sp23</name>
		<pose>Unspecified</pose>
		<truncated>0</truncated>
		<difficult>0</difficult>
		<bndbox>
			<xmin>1341</xmin>
			<ymin>1043</ymin>
			<xmax>1376</xmax>
			<ymax>1095</ymax>
		</bndbox>
	</object>
	<object>
		<name>sp23</name>
		<pose>Unspecified</pose>
		<truncated>0</truncated>
		<difficult>0</difficult>
		<bndbox>
			<xmin>1293</xmin>
			<ymin>1136</ymin>
			<xmax>1318</xmax>
			<ymax>1167</ymax>
		</bndbox>
	</object>
	<object>
		<name>sp23</name>
		<pose>Unspecified</pose>
		<truncated>0</truncated>
		<difficult>0</difficult>
		<bndbox>
			<xmin>1151</xmin>
			<ymin>1123</ymin>
			<xmax>1180</xmax>
			<ymax>1161</ymax>
		</bndbox>
	</object>
	<object>
		<name>sp23</name>
		<pose>Unspecified</pose>
		<truncated>0</truncated>
		<difficult>0</difficult>
		<bndbox>
			<xmin>1357</xmin>
			<ymin>1136</ymin>
			<xmax>1380</xmax>
			<ymax>1166</ymax>
		</bndbox>
	</object>
	<object>
		<name>sp23</name>
		<pose>Unspecified</pose>
		<truncated>0</truncated>
		<difficult>0</difficult>
		<bndbox>
			<xmin>1308</xmin>
			<ymin>1201</ymin>
			<xmax>1342</xmax>
			<ymax>1231</ymax>
		</bndbox>
	</object>
	<object>
		<name>sp23</name>
		<pose>Unspecified</pose>
		<truncated>0</truncated>
		<difficult>0</difficult>
		<bndbox>
			<xmin>1235</xmin>
			<ymin>1213</ymin>
			<xmax>1264</xmax>
			<ymax>1244</ymax>
		</bndbox>
	</object>
	<object>
		<name>sp23</name>
		<pose>Unspecified</pose>
		<truncated>0</truncated>
		<difficult>0</difficult>
		<bndbox>
			<xmin>1071</xmin>
			<ymin>1209</ymin>
			<xmax>1102</xmax>
			<ymax>1243</ymax>
		</bndbox>
	</object>
	<object>
		<name>sp23</name>
		<pose>Unspecified</pose>
		<truncated>0</truncated>
		<difficult>0</difficult>
		<bndbox>
			<xmin>1015</xmin>
			<ymin>1210</ymin>
			<xmax>1047</xmax>
			<ymax>1247</ymax>
		</bndbox>
	</object>
	<object>
		<name>sp23</name>
		<pose>Unspecified</pose>
		<truncated>0</truncated>
		<difficult>0</difficult>
		<bndbox>
			<xmin>987</xmin>
			<ymin>1249</ymin>
			<xmax>1024</xmax>
			<ymax>1290</ymax>
		</bndbox>
	</object>
	<object>
		<name>sp23</name>
		<pose>Unspecified</pose>
		<truncated>0</truncated>
		<difficult>0</difficult>
		<bndbox>
			<xmin>854</xmin>
			<ymin>1215</ymin>
			<xmax>888</xmax>
			<ymax>1261</ymax>
		</bndbox>
	</object>
	<object>
		<name>sp23</name>
		<pose>Unspecified</pose>
		<truncated>0</truncated>
		<difficult>0</difficult>
		<bndbox>
			<xmin>762</xmin>
			<ymin>1215</ymin>
			<xmax>800</xmax>
			<ymax>1249</ymax>
		</bndbox>
	</object>
	<object>
		<name>sp23</name>
		<pose>Unspecified</pose>
		<truncated>0</truncated>
		<difficult>0</difficult>
		<bndbox>
			<xmin>771</xmin>
			<ymin>1262</ymin>
			<xmax>812</xmax>
			<ymax>1298</ymax>
		</bndbox>
	</object>
	<object>
		<name>sp23</name>
		<pose>Unspecified</pose>
		<truncated>0</truncated>
		<difficult>0</difficult>
		<bndbox>
			<xmin>451</xmin>
			<ymin>1220</ymin>
			<xmax>493</xmax>
			<ymax>1260</ymax>
		</bndbox>
	</object>
	<object>
		<name>sp23</name>
		<pose>Unspecified</pose>
		<truncated>0</truncated>
		<difficult>0</difficult>
		<bndbox>
			<xmin>384</xmin>
			<ymin>1264</ymin>
			<xmax>425</xmax>
			<ymax>1305</ymax>
		</bndbox>
	</object>
	<object>
		<name>sp23</name>
		<pose>Unspecified</pose>
		<truncated>0</truncated>
		<difficult>0</difficult>
		<bndbox>
			<xmin>290</xmin>
			<ymin>1239</ymin>
			<xmax>316</xmax>
			<ymax>1275</ymax>
		</bndbox>
	</object>
	<object>
		<name>sp23</name>
		<pose>Unspecified</pose>
		<truncated>0</truncated>
		<difficult>0</difficult>
		<bndbox>
			<xmin>248</xmin>
			<ymin>1227</ymin>
			<xmax>284</xmax>
			<ymax>1270</ymax>
		</bndbox>
	</object>
	<object>
		<name>sp23</name>
		<pose>Unspecified</pose>
		<truncated>0</truncated>
		<difficult>0</difficult>
		<bndbox>
			<xmin>150</xmin>
			<ymin>1341</ymin>
			<xmax>192</xmax>
			<ymax>1378</ymax>
		</bndbox>
	</object>
	<object>
		<name>sp23</name>
		<pose>Unspecified</pose>
		<truncated>0</truncated>
		<difficult>0</difficult>
		<bndbox>
			<xmin>86</xmin>
			<ymin>1484</ymin>
			<xmax>123</xmax>
			<ymax>1519</ymax>
		</bndbox>
	</object>
	<object>
		<name>sp23</name>
		<pose>Unspecified</pose>
		<truncated>0</truncated>
		<difficult>0</difficult>
		<bndbox>
			<xmin>210</xmin>
			<ymin>1419</ymin>
			<xmax>252</xmax>
			<ymax>1461</ymax>
		</bndbox>
	</object>
	<object>
		<name>sp23</name>
		<pose>Unspecified</pose>
		<truncated>0</truncated>
		<difficult>0</difficult>
		<bndbox>
			<xmin>286</xmin>
			<ymin>1347</ymin>
			<xmax>318</xmax>
			<ymax>1389</ymax>
		</bndbox>
	</object>
	<object>
		<name>sp23</name>
		<pose>Unspecified</pose>
		<truncated>0</truncated>
		<difficult>0</difficult>
		<bndbox>
			<xmin>399</xmin>
			<ymin>1433</ymin>
			<xmax>434</xmax>
			<ymax>1465</ymax>
		</bndbox>
	</object>
	<object>
		<name>sp23</name>
		<pose>Unspecified</pose>
		<truncated>0</truncated>
		<difficult>0</difficult>
		<bndbox>
			<xmin>547</xmin>
			<ymin>1418</ymin>
			<xmax>588</xmax>
			<ymax>1453</ymax>
		</bndbox>
	</object>
	<object>
		<name>sp23</name>
		<pose>Unspecified</pose>
		<truncated>0</truncated>
		<difficult>0</difficult>
		<bndbox>
			<xmin>221</xmin>
			<ymin>1491</ymin>
			<xmax>261</xmax>
			<ymax>1525</ymax>
		</bndbox>
	</object>
	<object>
		<name>sp23</name>
		<pose>Unspecified</pose>
		<truncated>0</truncated>
		<difficult>0</difficult>
		<bndbox>
			<xmin>532</xmin>
			<ymin>1479</ymin>
			<xmax>567</xmax>
			<ymax>1509</ymax>
		</bndbox>
	</object>
	<object>
		<name>sp23</name>
		<pose>Unspecified</pose>
		<truncated>0</truncated>
		<difficult>0</difficult>
		<bndbox>
			<xmin>699</xmin>
			<ymin>1330</ymin>
			<xmax>749</xmax>
			<ymax>1382</ymax>
		</bndbox>
	</object>
	<object>
		<name>sp23</name>
		<pose>Unspecified</pose>
		<truncated>0</truncated>
		<difficult>0</difficult>
		<bndbox>
			<xmin>1161</xmin>
			<ymin>1420</ymin>
			<xmax>1198</xmax>
			<ymax>1457</ymax>
		</bndbox>
	</object>
	<object>
		<name>sp23</name>
		<pose>Unspecified</pose>
		<truncated>0</truncated>
		<difficult>0</difficult>
		<bndbox>
			<xmin>1088</xmin>
			<ymin>1262</ymin>
			<xmax>1112</xmax>
			<ymax>1294</ymax>
		</bndbox>
	</object>
	<object>
		<name>sp23</name>
		<pose>Unspecified</pose>
		<truncated>0</truncated>
		<difficult>0</difficult>
		<bndbox>
			<xmin>1115</xmin>
			<ymin>1280</ymin>
			<xmax>1144</xmax>
			<ymax>1310</ymax>
		</bndbox>
	</object>
	<object>
		<name>sp23</name>
		<pose>Unspecified</pose>
		<truncated>0</truncated>
		<difficult>0</difficult>
		<bndbox>
			<xmin>1144</xmin>
			<ymin>1315</ymin>
			<xmax>1178</xmax>
			<ymax>1345</ymax>
		</bndbox>
	</object>
	<object>
		<name>sp23</name>
		<pose>Unspecified</pose>
		<truncated>0</truncated>
		<difficult>0</difficult>
		<bndbox>
			<xmin>1179</xmin>
			<ymin>1244</ymin>
			<xmax>1203</xmax>
			<ymax>1284</ymax>
		</bndbox>
	</object>
	<object>
		<name>sp23</name>
		<pose>Unspecified</pose>
		<truncated>0</truncated>
		<difficult>0</difficult>
		<bndbox>
			<xmin>1206</xmin>
			<ymin>1263</ymin>
			<xmax>1236</xmax>
			<ymax>1293</ymax>
		</bndbox>
	</object>
	<object>
		<name>sp23</name>
		<pose>Unspecified</pose>
		<truncated>0</truncated>
		<difficult>0</difficult>
		<bndbox>
			<xmin>1257</xmin>
			<ymin>1260</ymin>
			<xmax>1295</xmax>
			<ymax>1286</ymax>
		</bndbox>
	</object>
	<object>
		<name>sp23</name>
		<pose>Unspecified</pose>
		<truncated>0</truncated>
		<difficult>0</difficult>
		<bndbox>
			<xmin>1243</xmin>
			<ymin>1293</ymin>
			<xmax>1275</xmax>
			<ymax>1328</ymax>
		</bndbox>
	</object>
	<object>
		<name>sp23</name>
		<pose>Unspecified</pose>
		<truncated>0</truncated>
		<difficult>0</difficult>
		<bndbox>
			<xmin>1379</xmin>
			<ymin>1293</ymin>
			<xmax>1410</xmax>
			<ymax>1324</ymax>
		</bndbox>
	</object>
	<object>
		<name>sp23</name>
		<pose>Unspecified</pose>
		<truncated>0</truncated>
		<difficult>0</difficult>
		<bndbox>
			<xmin>1423</xmin>
			<ymin>1346</ymin>
			<xmax>1458</xmax>
			<ymax>1380</ymax>
		</bndbox>
	</object>
	<object>
		<name>sp23</name>
		<pose>Unspecified</pose>
		<truncated>0</truncated>
		<difficult>0</difficult>
		<bndbox>
			<xmin>1405</xmin>
			<ymin>1409</ymin>
			<xmax>1453</xmax>
			<ymax>1435</ymax>
		</bndbox>
	</object>
	<object>
		<name>sp23</name>
		<pose>Unspecified</pose>
		<truncated>0</truncated>
		<difficult>0</difficult>
		<bndbox>
			<xmin>1474</xmin>
			<ymin>1320</ymin>
			<xmax>1517</xmax>
			<ymax>1363</ymax>
		</bndbox>
	</object>
	<object>
		<name>sp23</name>
		<pose>Unspecified</pose>
		<truncated>0</truncated>
		<difficult>0</difficult>
		<bndbox>
			<xmin>1492</xmin>
			<ymin>1249</ymin>
			<xmax>1521</xmax>
			<ymax>1284</ymax>
		</bndbox>
	</object>
	<object>
		<name>sp23</name>
		<pose>Unspecified</pose>
		<truncated>0</truncated>
		<difficult>0</difficult>
		<bndbox>
			<xmin>1489</xmin>
			<ymin>1122</ymin>
			<xmax>1515</xmax>
			<ymax>1154</ymax>
		</bndbox>
	</object>
	<object>
		<name>sp23</name>
		<pose>Unspecified</pose>
		<truncated>0</truncated>
		<difficult>0</difficult>
		<bndbox>
			<xmin>1454</xmin>
			<ymin>1140</ymin>
			<xmax>1478</xmax>
			<ymax>1171</ymax>
		</bndbox>
	</object>
	<object>
		<name>sp23</name>
		<pose>Unspecified</pose>
		<truncated>0</truncated>
		<difficult>0</difficult>
		<bndbox>
			<xmin>1409</xmin>
			<ymin>1165</ymin>
			<xmax>1427</xmax>
			<ymax>1196</ymax>
		</bndbox>
	</object>
	<object>
		<name>sp23</name>
		<pose>Unspecified</pose>
		<truncated>0</truncated>
		<difficult>0</difficult>
		<bndbox>
			<xmin>1430</xmin>
			<ymin>1164</ymin>
			<xmax>1453</xmax>
			<ymax>1189</ymax>
		</bndbox>
	</object>
	<object>
		<name>sp23</name>
		<pose>Unspecified</pose>
		<truncated>0</truncated>
		<difficult>0</difficult>
		<bndbox>
			<xmin>1447</xmin>
			<ymin>1182</ymin>
			<xmax>1481</xmax>
			<ymax>1214</ymax>
		</bndbox>
	</object>
	<object>
		<name>sp23</name>
		<pose>Unspecified</pose>
		<truncated>0</truncated>
		<difficult>0</difficult>
		<bndbox>
			<xmin>1469</xmin>
			<ymin>1530</ymin>
			<xmax>1499</xmax>
			<ymax>1565</ymax>
		</bndbox>
	</object>
	<object>
		<name>sp23</name>
		<pose>Unspecified</pose>
		<truncated>0</truncated>
		<difficult>0</difficult>
		<bndbox>
			<xmin>1505</xmin>
			<ymin>1575</ymin>
			<xmax>1531</xmax>
			<ymax>1607</ymax>
		</bndbox>
	</object>
	<object>
		<name>sp23</name>
		<pose>Unspecified</pose>
		<truncated>0</truncated>
		<difficult>0</difficult>
		<bndbox>
			<xmin>1445</xmin>
			<ymin>1691</ymin>
			<xmax>1481</xmax>
			<ymax>1735</ymax>
		</bndbox>
	</object>
	<object>
		<name>sp23</name>
		<pose>Unspecified</pose>
		<truncated>0</truncated>
		<difficult>0</difficult>
		<bndbox>
			<xmin>1332</xmin>
			<ymin>1781</ymin>
			<xmax>1367</xmax>
			<ymax>1824</ymax>
		</bndbox>
	</object>
	<object>
		<name>sp23</name>
		<pose>Unspecified</pose>
		<truncated>0</truncated>
		<difficult>0</difficult>
		<bndbox>
			<xmin>1348</xmin>
			<ymin>1959</ymin>
			<xmax>1390</xmax>
			<ymax>2007</ymax>
		</bndbox>
	</object>
	<object>
		<name>sp23</name>
		<pose>Unspecified</pose>
		<truncated>0</truncated>
		<difficult>0</difficult>
		<bndbox>
			<xmin>1212</xmin>
			<ymin>1828</ymin>
			<xmax>1256</xmax>
			<ymax>1863</ymax>
		</bndbox>
	</object>
	<object>
		<name>sp23</name>
		<pose>Unspecified</pose>
		<truncated>0</truncated>
		<difficult>0</difficult>
		<bndbox>
			<xmin>1146</xmin>
			<ymin>1898</ymin>
			<xmax>1189</xmax>
			<ymax>1939</ymax>
		</bndbox>
	</object>
	<object>
		<name>sp23</name>
		<pose>Unspecified</pose>
		<truncated>0</truncated>
		<difficult>0</difficult>
		<bndbox>
			<xmin>1210</xmin>
			<ymin>1719</ymin>
			<xmax>1247</xmax>
			<ymax>1757</ymax>
		</bndbox>
	</object>
	<object>
		<name>sp23</name>
		<pose>Unspecified</pose>
		<truncated>0</truncated>
		<difficult>0</difficult>
		<bndbox>
			<xmin>1181</xmin>
			<ymin>1588</ymin>
			<xmax>1204</xmax>
			<ymax>1612</ymax>
		</bndbox>
	</object>
	<object>
		<name>sp23</name>
		<pose>Unspecified</pose>
		<truncated>0</truncated>
		<difficult>0</difficult>
		<bndbox>
			<xmin>1157</xmin>
			<ymin>1541</ymin>
			<xmax>1204</xmax>
			<ymax>1581</ymax>
		</bndbox>
	</object>
	<object>
		<name>sp23</name>
		<pose>Unspecified</pose>
		<truncated>0</truncated>
		<difficult>0</difficult>
		<bndbox>
			<xmin>1061</xmin>
			<ymin>1465</ymin>
			<xmax>1093</xmax>
			<ymax>1500</ymax>
		</bndbox>
	</object>
	<object>
		<name>sp23</name>
		<pose>Unspecified</pose>
		<truncated>0</truncated>
		<difficult>0</difficult>
		<bndbox>
			<xmin>1042</xmin>
			<ymin>1500</ymin>
			<xmax>1080</xmax>
			<ymax>1541</ymax>
		</bndbox>
	</object>
	<object>
		<name>sp23</name>
		<pose>Unspecified</pose>
		<truncated>0</truncated>
		<difficult>0</difficult>
		<bndbox>
			<xmin>1018</xmin>
			<ymin>1630</ymin>
			<xmax>1066</xmax>
			<ymax>1674</ymax>
		</bndbox>
	</object>
	<object>
		<name>sp23</name>
		<pose>Unspecified</pose>
		<truncated>0</truncated>
		<difficult>0</difficult>
		<bndbox>
			<xmin>975</xmin>
			<ymin>1717</ymin>
			<xmax>1028</xmax>
			<ymax>1769</ymax>
		</bndbox>
	</object>
	<object>
		<name>sp23</name>
		<pose>Unspecified</pose>
		<truncated>0</truncated>
		<difficult>0</difficult>
		<bndbox>
			<xmin>847</xmin>
			<ymin>1680</ymin>
			<xmax>896</xmax>
			<ymax>1735</ymax>
		</bndbox>
	</object>
	<object>
		<name>sp23</name>
		<pose>Unspecified</pose>
		<truncated>0</truncated>
		<difficult>0</difficult>
		<bndbox>
			<xmin>802</xmin>
			<ymin>1578</ymin>
			<xmax>846</xmax>
			<ymax>1639</ymax>
		</bndbox>
	</object>
	<object>
		<name>sp23</name>
		<pose>Unspecified</pose>
		<truncated>0</truncated>
		<difficult>0</difficult>
		<bndbox>
			<xmin>647</xmin>
			<ymin>1520</ymin>
			<xmax>685</xmax>
			<ymax>1568</ymax>
		</bndbox>
	</object>
	<object>
		<name>sp23</name>
		<pose>Unspecified</pose>
		<truncated>0</truncated>
		<difficult>0</difficult>
		<bndbox>
			<xmin>663</xmin>
			<ymin>1704</ymin>
			<xmax>706</xmax>
			<ymax>1745</ymax>
		</bndbox>
	</object>
	<object>
		<name>sp23</name>
		<pose>Unspecified</pose>
		<truncated>0</truncated>
		<difficult>0</difficult>
		<bndbox>
			<xmin>558</xmin>
			<ymin>1826</ymin>
			<xmax>599</xmax>
			<ymax>1875</ymax>
		</bndbox>
	</object>
	<object>
		<name>sp23</name>
		<pose>Unspecified</pose>
		<truncated>0</truncated>
		<difficult>0</difficult>
		<bndbox>
			<xmin>290</xmin>
			<ymin>1802</ymin>
			<xmax>336</xmax>
			<ymax>1839</ymax>
		</bndbox>
	</object>
	<object>
		<name>sp23</name>
		<pose>Unspecified</pose>
		<truncated>0</truncated>
		<difficult>0</difficult>
		<bndbox>
			<xmin>263</xmin>
			<ymin>1673</ymin>
			<xmax>317</xmax>
			<ymax>1721</ymax>
		</bndbox>
	</object>
	<object>
		<name>sp23</name>
		<pose>Unspecified</pose>
		<truncated>0</truncated>
		<difficult>0</difficult>
		<bndbox>
			<xmin>309</xmin>
			<ymin>1602</ymin>
			<xmax>349</xmax>
			<ymax>1637</ymax>
		</bndbox>
	</object>
	<object>
		<name>sp23</name>
		<pose>Unspecified</pose>
		<truncated>0</truncated>
		<difficult>0</difficult>
		<bndbox>
			<xmin>339</xmin>
			<ymin>1653</ymin>
			<xmax>382</xmax>
			<ymax>1687</ymax>
		</bndbox>
	</object>
	<object>
		<name>sp23</name>
		<pose>Unspecified</pose>
		<truncated>0</truncated>
		<difficult>0</difficult>
		<bndbox>
			<xmin>378</xmin>
			<ymin>1692</ymin>
			<xmax>422</xmax>
			<ymax>1733</ymax>
		</bndbox>
	</object>
	<object>
		<name>sp23</name>
		<pose>Unspecified</pose>
		<truncated>0</truncated>
		<difficult>0</difficult>
		<bndbox>
			<xmin>286</xmin>
			<ymin>1492</ymin>
			<xmax>323</xmax>
			<ymax>1546</ymax>
		</bndbox>
	</object>
	<object>
		<name>sp23</name>
		<pose>Unspecified</pose>
		<truncated>0</truncated>
		<difficult>0</difficult>
		<bndbox>
			<xmin>1492</xmin>
			<ymin>2077</ymin>
			<xmax>1522</xmax>
			<ymax>2114</ymax>
		</bndbox>
	</object>
	<object>
		<name>sp23</name>
		<pose>Unspecified</pose>
		<truncated>0</truncated>
		<difficult>0</difficult>
		<bndbox>
			<xmin>1696</xmin>
			<ymin>1799</ymin>
			<xmax>1739</xmax>
			<ymax>1852</ymax>
		</bndbox>
	</object>
	<object>
		<name>sp23</name>
		<pose>Unspecified</pose>
		<truncated>0</truncated>
		<difficult>0</difficult>
		<bndbox>
			<xmin>1850</xmin>
			<ymin>1826</ymin>
			<xmax>1892</xmax>
			<ymax>1861</ymax>
		</bndbox>
	</object>
	<object>
		<name>sp23</name>
		<pose>Unspecified</pose>
		<truncated>0</truncated>
		<difficult>0</difficult>
		<bndbox>
			<xmin>1845</xmin>
			<ymin>1792</ymin>
			<xmax>1889</xmax>
			<ymax>1823</ymax>
		</bndbox>
	</object>
	<object>
		<name>sp23</name>
		<pose>Unspecified</pose>
		<truncated>0</truncated>
		<difficult>0</difficult>
		<bndbox>
			<xmin>1870</xmin>
			<ymin>1716</ymin>
			<xmax>1918</xmax>
			<ymax>1758</ymax>
		</bndbox>
	</object>
	<object>
		<name>sp23</name>
		<pose>Unspecified</pose>
		<truncated>0</truncated>
		<difficult>0</difficult>
		<bndbox>
			<xmin>1692</xmin>
			<ymin>1565</ymin>
			<xmax>1740</xmax>
			<ymax>1612</ymax>
		</bndbox>
	</object>
	<object>
		<name>sp23</name>
		<pose>Unspecified</pose>
		<truncated>0</truncated>
		<difficult>0</difficult>
		<bndbox>
			<xmin>1580</xmin>
			<ymin>1514</ymin>
			<xmax>1628</xmax>
			<ymax>1576</ymax>
		</bndbox>
	</object>
	<object>
		<name>sp23</name>
		<pose>Unspecified</pose>
		<truncated>0</truncated>
		<difficult>0</difficult>
		<bndbox>
			<xmin>1691</xmin>
			<ymin>1463</ymin>
			<xmax>1738</xmax>
			<ymax>1503</ymax>
		</bndbox>
	</object>
	<object>
		<name>sp23</name>
		<pose>Unspecified</pose>
		<truncated>0</truncated>
		<difficult>0</difficult>
		<bndbox>
			<xmin>1595</xmin>
			<ymin>1360</ymin>
			<xmax>1641</xmax>
			<ymax>1396</ymax>
		</bndbox>
	</object>
	<object>
		<name>sp23</name>
		<pose>Unspecified</pose>
		<truncated>0</truncated>
		<difficult>0</difficult>
		<bndbox>
			<xmin>1662</xmin>
			<ymin>1310</ymin>
			<xmax>1709</xmax>
			<ymax>1339</ymax>
		</bndbox>
	</object>
	<object>
		<name>sp23</name>
		<pose>Unspecified</pose>
		<truncated>0</truncated>
		<difficult>0</difficult>
		<bndbox>
			<xmin>1749</xmin>
			<ymin>1397</ymin>
			<xmax>1792</xmax>
			<ymax>1444</ymax>
		</bndbox>
	</object>
	<object>
		<name>sp23</name>
		<pose>Unspecified</pose>
		<truncated>0</truncated>
		<difficult>0</difficult>
		<bndbox>
			<xmin>1804</xmin>
			<ymin>1406</ymin>
			<xmax>1840</xmax>
			<ymax>1446</ymax>
		</bndbox>
	</object>
	<object>
		<name>sp23</name>
		<pose>Unspecified</pose>
		<truncated>0</truncated>
		<difficult>0</difficult>
		<bndbox>
			<xmin>2032</xmin>
			<ymin>1367</ymin>
			<xmax>2078</xmax>
			<ymax>1411</ymax>
		</bndbox>
	</object>
	<object>
		<name>sp23</name>
		<pose>Unspecified</pose>
		<truncated>0</truncated>
		<difficult>0</difficult>
		<bndbox>
			<xmin>2115</xmin>
			<ymin>1331</ymin>
			<xmax>2143</xmax>
			<ymax>1369</ymax>
		</bndbox>
	</object>
	<object>
		<name>sp23</name>
		<pose>Unspecified</pose>
		<truncated>0</truncated>
		<difficult>0</difficult>
		<bndbox>
			<xmin>2150</xmin>
			<ymin>1421</ymin>
			<xmax>2169</xmax>
			<ymax>1447</ymax>
		</bndbox>
	</object>
	<object>
		<name>sp23</name>
		<pose>Unspecified</pose>
		<truncated>0</truncated>
		<difficult>0</difficult>
		<bndbox>
			<xmin>2105</xmin>
			<ymin>1431</ymin>
			<xmax>2143</xmax>
			<ymax>1465</ymax>
		</bndbox>
	</object>
	<object>
		<name>sp23</name>
		<pose>Unspecified</pose>
		<truncated>0</truncated>
		<difficult>0</difficult>
		<bndbox>
			<xmin>2057</xmin>
			<ymin>1506</ymin>
			<xmax>2105</xmax>
			<ymax>1542</ymax>
		</bndbox>
	</object>
	<object>
		<name>sp23</name>
		<pose>Unspecified</pose>
		<truncated>0</truncated>
		<difficult>0</difficult>
		<bndbox>
			<xmin>2014</xmin>
			<ymin>1557</ymin>
			<xmax>2062</xmax>
			<ymax>1597</ymax>
		</bndbox>
	</object>
	<object>
		<name>sp23</name>
		<pose>Unspecified</pose>
		<truncated>0</truncated>
		<difficult>0</difficult>
		<bndbox>
			<xmin>2055</xmin>
			<ymin>1632</ymin>
			<xmax>2086</xmax>
			<ymax>1669</ymax>
		</bndbox>
	</object>
	<object>
		<name>sp23</name>
		<pose>Unspecified</pose>
		<truncated>0</truncated>
		<difficult>0</difficult>
		<bndbox>
			<xmin>2015</xmin>
			<ymin>1635</ymin>
			<xmax>2045</xmax>
			<ymax>1666</ymax>
		</bndbox>
	</object>
	<object>
		<name>sp23</name>
		<pose>Unspecified</pose>
		<truncated>0</truncated>
		<difficult>0</difficult>
		<bndbox>
			<xmin>1999</xmin>
			<ymin>1645</ymin>
			<xmax>2033</xmax>
			<ymax>1673</ymax>
		</bndbox>
	</object>
	<object>
		<name>sp23</name>
		<pose>Unspecified</pose>
		<truncated>0</truncated>
		<difficult>0</difficult>
		<bndbox>
			<xmin>1961</xmin>
			<ymin>1660</ymin>
			<xmax>1992</xmax>
			<ymax>1688</ymax>
		</bndbox>
	</object>
	<object>
		<name>sp23</name>
		<pose>Unspecified</pose>
		<truncated>0</truncated>
		<difficult>0</difficult>
		<bndbox>
			<xmin>1991</xmin>
			<ymin>1684</ymin>
			<xmax>2031</xmax>
			<ymax>1715</ymax>
		</bndbox>
	</object>
	<object>
		<name>sp23</name>
		<pose>Unspecified</pose>
		<truncated>0</truncated>
		<difficult>0</difficult>
		<bndbox>
			<xmin>2152</xmin>
			<ymin>1180</ymin>
			<xmax>2188</xmax>
			<ymax>1218</ymax>
		</bndbox>
	</object>
	<object>
		<name>sp23</name>
		<pose>Unspecified</pose>
		<truncated>0</truncated>
		<difficult>0</difficult>
		<bndbox>
			<xmin>2091</xmin>
			<ymin>1190</ymin>
			<xmax>2132</xmax>
			<ymax>1226</ymax>
		</bndbox>
	</object>
	<object>
		<name>sp23</name>
		<pose>Unspecified</pose>
		<truncated>0</truncated>
		<difficult>0</difficult>
		<bndbox>
			<xmin>2037</xmin>
			<ymin>1148</ymin>
			<xmax>2071</xmax>
			<ymax>1188</ymax>
		</bndbox>
	</object>
	<object>
		<name>sp23</name>
		<pose>Unspecified</pose>
		<truncated>0</truncated>
		<difficult>0</difficult>
		<bndbox>
			<xmin>2007</xmin>
			<ymin>1174</ymin>
			<xmax>2043</xmax>
			<ymax>1215</ymax>
		</bndbox>
	</object>
	<object>
		<name>sp23</name>
		<pose>Unspecified</pose>
		<truncated>0</truncated>
		<difficult>0</difficult>
		<bndbox>
			<xmin>1886</xmin>
			<ymin>1105</ymin>
			<xmax>1924</xmax>
			<ymax>1139</ymax>
		</bndbox>
	</object>
	<object>
		<name>sp23</name>
		<pose>Unspecified</pose>
		<truncated>0</truncated>
		<difficult>0</difficult>
		<bndbox>
			<xmin>1803</xmin>
			<ymin>1125</ymin>
			<xmax>1835</xmax>
			<ymax>1144</ymax>
		</bndbox>
	</object>
	<object>
		<name>sp23</name>
		<pose>Unspecified</pose>
		<truncated>0</truncated>
		<difficult>0</difficult>
		<bndbox>
			<xmin>1742</xmin>
			<ymin>1087</ymin>
			<xmax>1784</xmax>
			<ymax>1118</ymax>
		</bndbox>
	</object>
	<object>
		<name>sp23</name>
		<pose>Unspecified</pose>
		<truncated>0</truncated>
		<difficult>0</difficult>
		<bndbox>
			<xmin>1783</xmin>
			<ymin>1062</ymin>
			<xmax>1826</xmax>
			<ymax>1091</ymax>
		</bndbox>
	</object>
	<object>
		<name>sp23</name>
		<pose>Unspecified</pose>
		<truncated>0</truncated>
		<difficult>0</difficult>
		<bndbox>
			<xmin>1649</xmin>
			<ymin>1110</ymin>
			<xmax>1678</xmax>
			<ymax>1139</ymax>
		</bndbox>
	</object>
	<object>
		<name>sp23</name>
		<pose>Unspecified</pose>
		<truncated>0</truncated>
		<difficult>0</difficult>
		<bndbox>
			<xmin>1677</xmin>
			<ymin>1143</ymin>
			<xmax>1717</xmax>
			<ymax>1172</ymax>
		</bndbox>
	</object>
	<object>
		<name>sp23</name>
		<pose>Unspecified</pose>
		<truncated>0</truncated>
		<difficult>0</difficult>
		<bndbox>
			<xmin>1691</xmin>
			<ymin>1174</ymin>
			<xmax>1727</xmax>
			<ymax>1204</ymax>
		</bndbox>
	</object>
	<object>
		<name>sp23</name>
		<pose>Unspecified</pose>
		<truncated>0</truncated>
		<difficult>0</difficult>
		<bndbox>
			<xmin>1740</xmin>
			<ymin>1180</ymin>
			<xmax>1777</xmax>
			<ymax>1223</ymax>
		</bndbox>
	</object>
	<object>
		<name>sp23</name>
		<pose>Unspecified</pose>
		<truncated>0</truncated>
		<difficult>0</difficult>
		<bndbox>
			<xmin>1779</xmin>
			<ymin>1166</ymin>
			<xmax>1813</xmax>
			<ymax>1196</ymax>
		</bndbox>
	</object>
	<object>
		<name>sp23</name>
		<pose>Unspecified</pose>
		<truncated>0</truncated>
		<difficult>0</difficult>
		<bndbox>
			<xmin>1517</xmin>
			<ymin>1147</ymin>
			<xmax>1546</xmax>
			<ymax>1178</ymax>
		</bndbox>
	</object>
	<object>
		<name>sp23</name>
		<pose>Unspecified</pose>
		<truncated>0</truncated>
		<difficult>0</difficult>
		<bndbox>
			<xmin>1559</xmin>
			<ymin>1152</ymin>
			<xmax>1599</xmax>
			<ymax>1180</ymax>
		</bndbox>
	</object>
	<object>
		<name>sp23</name>
		<pose>Unspecified</pose>
		<truncated>0</truncated>
		<difficult>0</difficult>
		<bndbox>
			<xmin>1562</xmin>
			<ymin>1208</ymin>
			<xmax>1591</xmax>
			<ymax>1242</ymax>
		</bndbox>
	</object>
	<object>
		<name>sp23</name>
		<pose>Unspecified</pose>
		<truncated>0</truncated>
		<difficult>0</difficult>
		<bndbox>
			<xmin>1596</xmin>
			<ymin>1225</ymin>
			<xmax>1619</xmax>
			<ymax>1254</ymax>
		</bndbox>
	</object>
	<object>
		<name>sp23</name>
		<pose>Unspecified</pose>
		<truncated>0</truncated>
		<difficult>0</difficult>
		<bndbox>
			<xmin>1626</xmin>
			<ymin>1224</ymin>
			<xmax>1642</xmax>
			<ymax>1260</ymax>
		</bndbox>
	</object>
	<object>
		<name>sp23</name>
		<pose>Unspecified</pose>
		<truncated>0</truncated>
		<difficult>0</difficult>
		<bndbox>
			<xmin>1650</xmin>
			<ymin>1225</ymin>
			<xmax>1684</xmax>
			<ymax>1255</ymax>
		</bndbox>
	</object>
	<object>
		<name>sp23</name>
		<pose>Unspecified</pose>
		<truncated>0</truncated>
		<difficult>0</difficult>
		<bndbox>
			<xmin>1627</xmin>
			<ymin>1262</ymin>
			<xmax>1659</xmax>
			<ymax>1282</ymax>
		</bndbox>
	</object>
	<object>
		<name>sp23</name>
		<pose>Unspecified</pose>
		<truncated>0</truncated>
		<difficult>0</difficult>
		<bndbox>
			<xmin>1611</xmin>
			<ymin>1274</ymin>
			<xmax>1640</xmax>
			<ymax>1310</ymax>
		</bndbox>
	</object>
	<object>
		<name>sp23</name>
		<pose>Unspecified</pose>
		<truncated>0</truncated>
		<difficult>0</difficult>
		<bndbox>
			<xmin>2169</xmin>
			<ymin>1348</ymin>
			<xmax>2193</xmax>
			<ymax>1371</ymax>
		</bndbox>
	</object>
	<object>
		<name>sp23</name>
		<pose>Unspecified</pose>
		<truncated>0</truncated>
		<difficult>0</difficult>
		<bndbox>
			<xmin>2164</xmin>
			<ymin>1324</ymin>
			<xmax>2192</xmax>
			<ymax>1347</ymax>
		</bndbox>
	</object>
	<object>
		<name>sp23</name>
		<pose>Unspecified</pose>
		<truncated>0</truncated>
		<difficult>0</difficult>
		<bndbox>
			<xmin>2153</xmin>
			<ymin>1299</ymin>
			<xmax>2183</xmax>
			<ymax>1330</ymax>
		</bndbox>
	</object>
	<object>
		<name>sp23</name>
		<pose>Unspecified</pose>
		<truncated>0</truncated>
		<difficult>0</difficult>
		<bndbox>
			<xmin>2171</xmin>
			<ymin>1282</ymin>
			<xmax>2197</xmax>
			<ymax>1301</ymax>
		</bndbox>
	</object>
	<object>
		<name>sp23</name>
		<pose>Unspecified</pose>
		<truncated>0</truncated>
		<difficult>0</difficult>
		<bndbox>
			<xmin>1504</xmin>
			<ymin>622</ymin>
			<xmax>1540</xmax>
			<ymax>657</ymax>
		</bndbox>
	</object>
	<object>
		<name>sp23</name>
		<pose>Unspecified</pose>
		<truncated>0</truncated>
		<difficult>0</difficult>
		<bndbox>
			<xmin>1562</xmin>
			<ymin>499</ymin>
			<xmax>1605</xmax>
			<ymax>536</ymax>
		</bndbox>
	</object>
	<object>
		<name>sp23</name>
		<pose>Unspecified</pose>
		<truncated>0</truncated>
		<difficult>0</difficult>
		<bndbox>
			<xmin>1537</xmin>
			<ymin>363</ymin>
			<xmax>1591</xmax>
			<ymax>410</ymax>
		</bndbox>
	</object>
	<object>
		<name>sp23</name>
		<pose>Unspecified</pose>
		<truncated>0</truncated>
		<difficult>0</difficult>
		<bndbox>
			<xmin>1538</xmin>
			<ymin>320</ymin>
			<xmax>1582</xmax>
			<ymax>354</ymax>
		</bndbox>
	</object>
	<object>
		<name>sp23</name>
		<pose>Unspecified</pose>
		<truncated>0</truncated>
		<difficult>0</difficult>
		<bndbox>
			<xmin>1633</xmin>
			<ymin>439</ymin>
			<xmax>1670</xmax>
			<ymax>483</ymax>
		</bndbox>
	</object>
	<object>
		<name>sp23</name>
		<pose>Unspecified</pose>
		<truncated>0</truncated>
		<difficult>0</difficult>
		<bndbox>
			<xmin>1673</xmin>
			<ymin>487</ymin>
			<xmax>1709</xmax>
			<ymax>533</ymax>
		</bndbox>
	</object>
	<object>
		<name>sp23</name>
		<pose>Unspecified</pose>
		<truncated>0</truncated>
		<difficult>0</difficult>
		<bndbox>
			<xmin>1762</xmin>
			<ymin>430</ymin>
			<xmax>1815</xmax>
			<ymax>477</ymax>
		</bndbox>
	</object>
	<object>
		<name>sp23</name>
		<pose>Unspecified</pose>
		<truncated>0</truncated>
		<difficult>0</difficult>
		<bndbox>
			<xmin>1855</xmin>
			<ymin>464</ymin>
			<xmax>1891</xmax>
			<ymax>501</ymax>
		</bndbox>
	</object>
	<object>
		<name>sp23</name>
		<pose>Unspecified</pose>
		<truncated>0</truncated>
		<difficult>0</difficult>
		<bndbox>
			<xmin>1843</xmin>
			<ymin>369</ymin>
			<xmax>1877</xmax>
			<ymax>416</ymax>
		</bndbox>
	</object>
	<object>
		<name>sp23</name>
		<pose>Unspecified</pose>
		<truncated>0</truncated>
		<difficult>0</difficult>
		<bndbox>
			<xmin>1756</xmin>
			<ymin>331</ymin>
			<xmax>1792</xmax>
			<ymax>384</ymax>
		</bndbox>
	</object>
	<object>
		<name>sp23</name>
		<pose>Unspecified</pose>
		<truncated>0</truncated>
		<difficult>0</difficult>
		<bndbox>
			<xmin>1771</xmin>
			<ymin>502</ymin>
			<xmax>1796</xmax>
			<ymax>530</ymax>
		</bndbox>
	</object>
	<object>
		<name>sp23</name>
		<pose>Unspecified</pose>
		<truncated>0</truncated>
		<difficult>0</difficult>
		<bndbox>
			<xmin>1797</xmin>
			<ymin>499</ymin>
			<xmax>1821</xmax>
			<ymax>528</ymax>
		</bndbox>
	</object>
	<object>
		<name>sp23</name>
		<pose>Unspecified</pose>
		<truncated>0</truncated>
		<difficult>0</difficult>
		<bndbox>
			<xmin>1912</xmin>
			<ymin>497</ymin>
			<xmax>1942</xmax>
			<ymax>532</ymax>
		</bndbox>
	</object>
	<object>
		<name>sp23</name>
		<pose>Unspecified</pose>
		<truncated>0</truncated>
		<difficult>0</difficult>
		<bndbox>
			<xmin>1917</xmin>
			<ymin>433</ymin>
			<xmax>1953</xmax>
			<ymax>459</ymax>
		</bndbox>
	</object>
	<object>
		<name>sp23</name>
		<pose>Unspecified</pose>
		<truncated>0</truncated>
		<difficult>0</difficult>
		<bndbox>
			<xmin>1925</xmin>
			<ymin>464</ymin>
			<xmax>1960</xmax>
			<ymax>490</ymax>
		</bndbox>
	</object>
	<object>
		<name>sp23</name>
		<pose>Unspecified</pose>
		<truncated>0</truncated>
		<difficult>0</difficult>
		<bndbox>
			<xmin>1960</xmin>
			<ymin>477</ymin>
			<xmax>1986</xmax>
			<ymax>509</ymax>
		</bndbox>
	</object>
	<object>
		<name>sp23</name>
		<pose>Unspecified</pose>
		<truncated>0</truncated>
		<difficult>0</difficult>
		<bndbox>
			<xmin>2045</xmin>
			<ymin>594</ymin>
			<xmax>2077</xmax>
			<ymax>620</ymax>
		</bndbox>
	</object>
	<object>
		<name>sp23</name>
		<pose>Unspecified</pose>
		<truncated>0</truncated>
		<difficult>0</difficult>
		<bndbox>
			<xmin>2051</xmin>
			<ymin>681</ymin>
			<xmax>2091</xmax>
			<ymax>728</ymax>
		</bndbox>
	</object>
	<object>
		<name>sp23</name>
		<pose>Unspecified</pose>
		<truncated>0</truncated>
		<difficult>0</difficult>
		<bndbox>
			<xmin>1951</xmin>
			<ymin>646</ymin>
			<xmax>1986</xmax>
			<ymax>682</ymax>
		</bndbox>
	</object>
	<object>
		<name>sp23</name>
		<pose>Unspecified</pose>
		<truncated>0</truncated>
		<difficult>0</difficult>
		<bndbox>
			<xmin>1911</xmin>
			<ymin>653</ymin>
			<xmax>1937</xmax>
			<ymax>685</ymax>
		</bndbox>
	</object>
	<object>
		<name>sp23</name>
		<pose>Unspecified</pose>
		<truncated>0</truncated>
		<difficult>0</difficult>
		<bndbox>
			<xmin>1875</xmin>
			<ymin>654</ymin>
			<xmax>1903</xmax>
			<ymax>690</ymax>
		</bndbox>
	</object>
	<object>
		<name>sp23</name>
		<pose>Unspecified</pose>
		<truncated>0</truncated>
		<difficult>0</difficult>
		<bndbox>
			<xmin>1843</xmin>
			<ymin>639</ymin>
			<xmax>1869</xmax>
			<ymax>679</ymax>
		</bndbox>
	</object>
	<object>
		<name>sp23</name>
		<pose>Unspecified</pose>
		<truncated>0</truncated>
		<difficult>0</difficult>
		<bndbox>
			<xmin>1821</xmin>
			<ymin>640</ymin>
			<xmax>1841</xmax>
			<ymax>666</ymax>
		</bndbox>
	</object>
	<object>
		<name>sp23</name>
		<pose>Unspecified</pose>
		<truncated>0</truncated>
		<difficult>0</difficult>
		<bndbox>
			<xmin>1785</xmin>
			<ymin>629</ymin>
			<xmax>1814</xmax>
			<ymax>673</ymax>
		</bndbox>
	</object>
	<object>
		<name>sp23</name>
		<pose>Unspecified</pose>
		<truncated>0</truncated>
		<difficult>0</difficult>
		<bndbox>
			<xmin>1728</xmin>
			<ymin>603</ymin>
			<xmax>1765</xmax>
			<ymax>661</ymax>
		</bndbox>
	</object>
	<object>
		<name>sp23</name>
		<pose>Unspecified</pose>
		<truncated>0</truncated>
		<difficult>0</difficult>
		<bndbox>
			<xmin>1655</xmin>
			<ymin>669</ymin>
			<xmax>1690</xmax>
			<ymax>706</ymax>
		</bndbox>
	</object>
	<object>
		<name>sp23</name>
		<pose>Unspecified</pose>
		<truncated>0</truncated>
		<difficult>0</difficult>
		<bndbox>
			<xmin>1707</xmin>
			<ymin>698</ymin>
			<xmax>1745</xmax>
			<ymax>739</ymax>
		</bndbox>
	</object>
	<object>
		<name>sp23</name>
		<pose>Unspecified</pose>
		<truncated>0</truncated>
		<difficult>0</difficult>
		<bndbox>
			<xmin>1949</xmin>
			<ymin>708</ymin>
			<xmax>1984</xmax>
			<ymax>744</ymax>
		</bndbox>
	</object>
	<object>
		<name>sp23</name>
		<pose>Unspecified</pose>
		<truncated>0</truncated>
		<difficult>0</difficult>
		<bndbox>
			<xmin>1922</xmin>
			<ymin>739</ymin>
			<xmax>1962</xmax>
			<ymax>776</ymax>
		</bndbox>
	</object>
	<object>
		<name>sp23</name>
		<pose>Unspecified</pose>
		<truncated>0</truncated>
		<difficult>0</difficult>
		<bndbox>
			<xmin>1933</xmin>
			<ymin>781</ymin>
			<xmax>1975</xmax>
			<ymax>817</ymax>
		</bndbox>
	</object>
	<object>
		<name>sp23</name>
		<pose>Unspecified</pose>
		<truncated>0</truncated>
		<difficult>0</difficult>
		<bndbox>
			<xmin>1846</xmin>
			<ymin>793</ymin>
			<xmax>1893</xmax>
			<ymax>830</ymax>
		</bndbox>
	</object>
	<object>
		<name>sp23</name>
		<pose>Unspecified</pose>
		<truncated>0</truncated>
		<difficult>0</difficult>
		<bndbox>
			<xmin>1649</xmin>
			<ymin>721</ymin>
			<xmax>1684</xmax>
			<ymax>756</ymax>
		</bndbox>
	</object>
	<object>
		<name>sp23</name>
		<pose>Unspecified</pose>
		<truncated>0</truncated>
		<difficult>0</difficult>
		<bndbox>
			<xmin>1592</xmin>
			<ymin>745</ymin>
			<xmax>1626</xmax>
			<ymax>777</ymax>
		</bndbox>
	</object>
	<object>
		<name>sp23</name>
		<pose>Unspecified</pose>
		<truncated>0</truncated>
		<difficult>0</difficult>
		<bndbox>
			<xmin>1511</xmin>
			<ymin>715</ymin>
			<xmax>1546</xmax>
			<ymax>750</ymax>
		</bndbox>
	</object>
	<object>
		<name>sp23</name>
		<pose>Unspecified</pose>
		<truncated>0</truncated>
		<difficult>0</difficult>
		<bndbox>
			<xmin>1505</xmin>
			<ymin>762</ymin>
			<xmax>1539</xmax>
			<ymax>797</ymax>
		</bndbox>
	</object>
	<object>
		<name>sp23</name>
		<pose>Unspecified</pose>
		<truncated>0</truncated>
		<difficult>0</difficult>
		<bndbox>
			<xmin>1551</xmin>
			<ymin>768</ymin>
			<xmax>1585</xmax>
			<ymax>805</ymax>
		</bndbox>
	</object>
	<object>
		<name>sp23</name>
		<pose>Unspecified</pose>
		<truncated>0</truncated>
		<difficult>0</difficult>
		<bndbox>
			<xmin>1517</xmin>
			<ymin>814</ymin>
			<xmax>1552</xmax>
			<ymax>849</ymax>
		</bndbox>
	</object>
	<object>
		<name>sp23</name>
		<pose>Unspecified</pose>
		<truncated>0</truncated>
		<difficult>0</difficult>
		<bndbox>
			<xmin>1602</xmin>
			<ymin>817</ymin>
			<xmax>1639</xmax>
			<ymax>836</ymax>
		</bndbox>
	</object>
	<object>
		<name>sp23</name>
		<pose>Unspecified</pose>
		<truncated>0</truncated>
		<difficult>0</difficult>
		<bndbox>
			<xmin>1597</xmin>
			<ymin>835</ymin>
			<xmax>1625</xmax>
			<ymax>863</ymax>
		</bndbox>
	</object>
	<object>
		<name>sp23</name>
		<pose>Unspecified</pose>
		<truncated>0</truncated>
		<difficult>0</difficult>
		<bndbox>
			<xmin>1798</xmin>
			<ymin>886</ymin>
			<xmax>1838</xmax>
			<ymax>921</ymax>
		</bndbox>
	</object>
	<object>
		<name>sp23</name>
		<pose>Unspecified</pose>
		<truncated>0</truncated>
		<difficult>0</difficult>
		<bndbox>
			<xmin>1844</xmin>
			<ymin>894</ymin>
			<xmax>1880</xmax>
			<ymax>926</ymax>
		</bndbox>
	</object>
	<object>
		<name>sp23</name>
		<pose>Unspecified</pose>
		<truncated>0</truncated>
		<difficult>0</difficult>
		<bndbox>
			<xmin>1850</xmin>
			<ymin>942</ymin>
			<xmax>1887</xmax>
			<ymax>976</ymax>
		</bndbox>
	</object>
	<object>
		<name>sp23</name>
		<pose>Unspecified</pose>
		<truncated>0</truncated>
		<difficult>0</difficult>
		<bndbox>
			<xmin>1959</xmin>
			<ymin>946</ymin>
			<xmax>2001</xmax>
			<ymax>976</ymax>
		</bndbox>
	</object>
	<object>
		<name>sp23</name>
		<pose>Unspecified</pose>
		<truncated>0</truncated>
		<difficult>0</difficult>
		<bndbox>
			<xmin>1953</xmin>
			<ymin>974</ymin>
			<xmax>1987</xmax>
			<ymax>1003</ymax>
		</bndbox>
	</object>
	<object>
		<name>sp23</name>
		<pose>Unspecified</pose>
		<truncated>0</truncated>
		<difficult>0</difficult>
		<bndbox>
			<xmin>1669</xmin>
			<ymin>931</ymin>
			<xmax>1697</xmax>
			<ymax>954</ymax>
		</bndbox>
	</object>
	<object>
		<name>sp23</name>
		<pose>Unspecified</pose>
		<truncated>0</truncated>
		<difficult>0</difficult>
		<bndbox>
			<xmin>1691</xmin>
			<ymin>950</ymin>
			<xmax>1720</xmax>
			<ymax>980</ymax>
		</bndbox>
	</object>
	<object>
		<name>sp23</name>
		<pose>Unspecified</pose>
		<truncated>0</truncated>
		<difficult>0</difficult>
		<bndbox>
			<xmin>1613</xmin>
			<ymin>973</ymin>
			<xmax>1648</xmax>
			<ymax>1002</ymax>
		</bndbox>
	</object>
	<object>
		<name>sp23</name>
		<pose>Unspecified</pose>
		<truncated>0</truncated>
		<difficult>0</difficult>
		<bndbox>
			<xmin>1611</xmin>
			<ymin>1003</ymin>
			<xmax>1641</xmax>
			<ymax>1031</ymax>
		</bndbox>
	</object>
	<object>
		<name>sp23</name>
		<pose>Unspecified</pose>
		<truncated>0</truncated>
		<difficult>0</difficult>
		<bndbox>
			<xmin>1653</xmin>
			<ymin>1010</ymin>
			<xmax>1691</xmax>
			<ymax>1042</ymax>
		</bndbox>
	</object>
	<object>
		<name>sp23</name>
		<pose>Unspecified</pose>
		<truncated>0</truncated>
		<difficult>0</difficult>
		<bndbox>
			<xmin>1588</xmin>
			<ymin>246</ymin>
			<xmax>1628</xmax>
			<ymax>292</ymax>
		</bndbox>
	</object>
	<object>
		<name>sp23</name>
		<pose>Unspecified</pose>
		<truncated>0</truncated>
		<difficult>0</difficult>
		<bndbox>
			<xmin>1664</xmin>
			<ymin>174</ymin>
			<xmax>1690</xmax>
			<ymax>216</ymax>
		</bndbox>
	</object>
	<object>
		<name>sp23</name>
		<pose>Unspecified</pose>
		<truncated>0</truncated>
		<difficult>0</difficult>
		<bndbox>
			<xmin>1692</xmin>
			<ymin>187</ymin>
			<xmax>1722</xmax>
			<ymax>240</ymax>
		</bndbox>
	</object>
</annotation>