<annotation>
	<folder>my-project-name</folder>
	<filename>sp23_img01.jpg</filename>
	<path>/my-project-name/sp23_img01.jpg</path>
	<source>
		<database>Unspecified</database>
	</source>
	<size>
		<width>2690</width>
		<height>2696</height>
		<depth>3</depth>
	</size>
	<object>
		<name>sp23</name>
		<pose>Unspecified</pose>
		<truncated>0</truncated>
		<difficult>0</difficult>
		<bndbox>
			<xmin>1027</xmin>
			<ymin>387</ymin>
			<xmax>1167</xmax>
			<ymax>532</ymax>
		</bndbox>
	</object>
	<object>
		<name>sp23</name>
		<pose>Unspecified</pose>
		<truncated>0</truncated>
		<difficult>0</difficult>
		<bndbox>
			<xmin>1012</xmin>
			<ymin>1102</ymin>
			<xmax>1182</xmax>
			<ymax>1242</ymax>
		</bndbox>
	</object>
	<object>
		<name>sp23</name>
		<pose>Unspecified</pose>
		<truncated>0</truncated>
		<difficult>0</difficult>
		<bndbox>
			<xmin>632</xmin>
			<ymin>1537</ymin>
			<xmax>767</xmax>
			<ymax>1612</ymax>
		</bndbox>
	</object>
	<object>
		<name>sp23</name>
		<pose>Unspecified</pose>
		<truncated>0</truncated>
		<difficult>0</difficult>
		<bndbox>
			<xmin>546</xmin>
			<ymin>1609</ymin>
			<xmax>593</xmax>
			<ymax>1650</ymax>
		</bndbox>
	</object>
	<object>
		<name>sp23</name>
		<pose>Unspecified</pose>
		<truncated>0</truncated>
		<difficult>0</difficult>
		<bndbox>
			<xmin>571</xmin>
			<ymin>1647</ymin>
			<xmax>613</xmax>
			<ymax>1686</ymax>
		</bndbox>
	</object>
	<object>
		<name>sp23</name>
		<pose>Unspecified</pose>
		<truncated>0</truncated>
		<difficult>0</difficult>
		<bndbox>
			<xmin>585</xmin>
			<ymin>2002</ymin>
			<xmax>738</xmax>
			<ymax>2102</ymax>
		</bndbox>
	</object>
	<object>
		<name>sp23</name>
		<pose>Unspecified</pose>
		<truncated>0</truncated>
		<difficult>0</difficult>
		<bndbox>
			<xmin>728</xmin>
			<ymin>2170</ymin>
			<xmax>855</xmax>
			<ymax>2282</ymax>
		</bndbox>
	</object>
	<object>
		<name>sp23</name>
		<pose>Unspecified</pose>
		<truncated>0</truncated>
		<difficult>0</difficult>
		<bndbox>
			<xmin>1018</xmin>
			<ymin>2065</ymin>
			<xmax>1093</xmax>
			<ymax>2200</ymax>
		</bndbox>
	</object>
	<object>
		<name>sp23</name>
		<pose>Unspecified</pose>
		<truncated>0</truncated>
		<difficult>0</difficult>
		<bndbox>
			<xmin>1218</xmin>
			<ymin>2085</ymin>
			<xmax>1318</xmax>
			<ymax>2185</ymax>
		</bndbox>
	</object>
	<object>
		<name>sp23</name>
		<pose>Unspecified</pose>
		<truncated>0</truncated>
		<difficult>0</difficult>
		<bndbox>
			<xmin>1653</xmin>
			<ymin>1172</ymin>
			<xmax>1773</xmax>
			<ymax>1275</ymax>
		</bndbox>
	</object>
	<object>
		<name>sp23</name>
		<pose>Unspecified</pose>
		<truncated>0</truncated>
		<difficult>0</difficult>
		<bndbox>
			<xmin>2138</xmin>
			<ymin>1187</ymin>
			<xmax>2245</xmax>
			<ymax>1315</ymax>
		</bndbox>
	</object>
	<object>
		<name>sp23</name>
		<pose>Unspecified</pose>
		<truncated>0</truncated>
		<difficult>0</difficult>
		<bndbox>
			<xmin>2005</xmin>
			<ymin>887</ymin>
			<xmax>2090</xmax>
			<ymax>965</ymax>
		</bndbox>
	</object>
	<object>
		<name>sp23</name>
		<pose>Unspecified</pose>
		<truncated>0</truncated>
		<difficult>0</difficult>
		<bndbox>
			<xmin>2528</xmin>
			<ymin>1175</ymin>
			<xmax>2625</xmax>
			<ymax>1265</ymax>
		</bndbox>
	</object>
	<object>
		<name>sp23</name>
		<pose>Unspecified</pose>
		<truncated>0</truncated>
		<difficult>0</difficult>
		<bndbox>
			<xmin>2632</xmin>
			<ymin>1445</ymin>
			<xmax>2690</xmax>
			<ymax>1522</ymax>
		</bndbox>
	</object>
	<object>
		<name>sp23</name>
		<pose>Unspecified</pose>
		<truncated>0</truncated>
		<difficult>0</difficult>
		<bndbox>
			<xmin>2385</xmin>
			<ymin>2055</ymin>
			<xmax>2498</xmax>
			<ymax>2155</ymax>
		</bndbox>
	</object>
	<object>
		<name>sp23</name>
		<pose>Unspecified</pose>
		<truncated>0</truncated>
		<difficult>0</difficult>
		<bndbox>
			<xmin>2348</xmin>
			<ymin>585</ymin>
			<xmax>2482</xmax>
			<ymax>685</ymax>
		</bndbox>
	</object>
	<object>
		<name>sp23</name>
		<pose>Unspecified</pose>
		<truncated>0</truncated>
		<difficult>0</difficult>
		<bndbox>
			<xmin>1972</xmin>
			<ymin>810</ymin>
			<xmax>2026</xmax>
			<ymax>878</ymax>
		</bndbox>
	</object>
	<object>
		<name>sp23</name>
		<pose>Unspecified</pose>
		<truncated>0</truncated>
		<difficult>0</difficult>
		<bndbox>
			<xmin>2072</xmin>
			<ymin>608</ymin>
			<xmax>2212</xmax>
			<ymax>695</ymax>
		</bndbox>
	</object>
	<object>
		<name>sp23</name>
		<pose>Unspecified</pose>
		<truncated>0</truncated>
		<difficult>0</difficult>
		<bndbox>
			<xmin>1582</xmin>
			<ymin>198</ymin>
			<xmax>1725</xmax>
			<ymax>298</ymax>
		</bndbox>
	</object>
	<object>
		<name>sp23</name>
		<pose>Unspecified</pose>
		<truncated>0</truncated>
		<difficult>0</difficult>
		<bndbox>
			<xmin>1625</xmin>
			<ymin>305</ymin>
			<xmax>1772</xmax>
			<ymax>451</ymax>
		</bndbox>
	</object>
	<object>
		<name>sp23</name>
		<pose>Unspecified</pose>
		<truncated>0</truncated>
		<difficult>0</difficult>
		<bndbox>
			<xmin>1535</xmin>
			<ymin>368</ymin>
			<xmax>1642</xmax>
			<ymax>478</ymax>
		</bndbox>
	</object>
	<object>
		<name>sp23</name>
		<pose>Unspecified</pose>
		<truncated>0</truncated>
		<difficult>0</difficult>
		<bndbox>
			<xmin>1288</xmin>
			<ymin>494</ymin>
			<xmax>1391</xmax>
			<ymax>620</ymax>
		</bndbox>
	</object>
	<object>
		<name>sp23</name>
		<pose>Unspecified</pose>
		<truncated>0</truncated>
		<difficult>0</difficult>
		<bndbox>
			<xmin>1202</xmin>
			<ymin>478</ymin>
			<xmax>1292</xmax>
			<ymax>605</ymax>
		</bndbox>
	</object>
</annotation>