<annotation>
	<folder>my-project-name</folder>
	<filename>sp23_img10.jpg</filename>
	<path>/my-project-name/sp23_img10.jpg</path>
	<source>
		<database>Unspecified</database>
	</source>
	<size>
		<width>2178</width>
		<height>2187</height>
		<depth>3</depth>
	</size>
	<object>
		<name>sp23</name>
		<pose>Unspecified</pose>
		<truncated>0</truncated>
		<difficult>0</difficult>
		<bndbox>
			<xmin>135</xmin>
			<ymin>890</ymin>
			<xmax>159</xmax>
			<ymax>912</ymax>
		</bndbox>
	</object>
	<object>
		<name>sp23</name>
		<pose>Unspecified</pose>
		<truncated>0</truncated>
		<difficult>0</difficult>
		<bndbox>
			<xmin>89</xmin>
			<ymin>857</ymin>
			<xmax>119</xmax>
			<ymax>891</ymax>
		</bndbox>
	</object>
	<object>
		<name>sp23</name>
		<pose>Unspecified</pose>
		<truncated>0</truncated>
		<difficult>0</difficult>
		<bndbox>
			<xmin>56</xmin>
			<ymin>871</ymin>
			<xmax>78</xmax>
			<ymax>892</ymax>
		</bndbox>
	</object>
	<object>
		<name>sp23</name>
		<pose>Unspecified</pose>
		<truncated>0</truncated>
		<difficult>0</difficult>
		<bndbox>
			<xmin>42</xmin>
			<ymin>889</ymin>
			<xmax>70</xmax>
			<ymax>917</ymax>
		</bndbox>
	</object>
	<object>
		<name>sp23</name>
		<pose>Unspecified</pose>
		<truncated>0</truncated>
		<difficult>0</difficult>
		<bndbox>
			<xmin>41</xmin>
			<ymin>959</ymin>
			<xmax>75</xmax>
			<ymax>985</ymax>
		</bndbox>
	</object>
	<object>
		<name>sp23</name>
		<pose>Unspecified</pose>
		<truncated>0</truncated>
		<difficult>0</difficult>
		<bndbox>
			<xmin>33</xmin>
			<ymin>1017</ymin>
			<xmax>75</xmax>
			<ymax>1074</ymax>
		</bndbox>
	</object>
	<object>
		<name>sp23</name>
		<pose>Unspecified</pose>
		<truncated>0</truncated>
		<difficult>0</difficult>
		<bndbox>
			<xmin>133</xmin>
			<ymin>1309</ymin>
			<xmax>165</xmax>
			<ymax>1347</ymax>
		</bndbox>
	</object>
	<object>
		<name>sp23</name>
		<pose>Unspecified</pose>
		<truncated>0</truncated>
		<difficult>0</difficult>
		<bndbox>
			<xmin>106</xmin>
			<ymin>1320</ymin>
			<xmax>133</xmax>
			<ymax>1356</ymax>
		</bndbox>
	</object>
	<object>
		<name>sp23</name>
		<pose>Unspecified</pose>
		<truncated>0</truncated>
		<difficult>0</difficult>
		<bndbox>
			<xmin>93</xmin>
			<ymin>1367</ymin>
			<xmax>145</xmax>
			<ymax>1410</ymax>
		</bndbox>
	</object>
	<object>
		<name>sp23</name>
		<pose>Unspecified</pose>
		<truncated>0</truncated>
		<difficult>0</difficult>
		<bndbox>
			<xmin>73</xmin>
			<ymin>1336</ymin>
			<xmax>105</xmax>
			<ymax>1377</ymax>
		</bndbox>
	</object>
	<object>
		<name>sp23</name>
		<pose>Unspecified</pose>
		<truncated>0</truncated>
		<difficult>0</difficult>
		<bndbox>
			<xmin>155</xmin>
			<ymin>1380</ymin>
			<xmax>188</xmax>
			<ymax>1420</ymax>
		</bndbox>
	</object>
	<object>
		<name>sp23</name>
		<pose>Unspecified</pose>
		<truncated>0</truncated>
		<difficult>0</difficult>
		<bndbox>
			<xmin>130</xmin>
			<ymin>1414</ymin>
			<xmax>165</xmax>
			<ymax>1453</ymax>
		</bndbox>
	</object>
	<object>
		<name>sp23</name>
		<pose>Unspecified</pose>
		<truncated>0</truncated>
		<difficult>0</difficult>
		<bndbox>
			<xmin>133</xmin>
			<ymin>1520</ymin>
			<xmax>172</xmax>
			<ymax>1558</ymax>
		</bndbox>
	</object>
	<object>
		<name>sp23</name>
		<pose>Unspecified</pose>
		<truncated>0</truncated>
		<difficult>0</difficult>
		<bndbox>
			<xmin>110</xmin>
			<ymin>1480</ymin>
			<xmax>137</xmax>
			<ymax>1510</ymax>
		</bndbox>
	</object>
	<object>
		<name>sp23</name>
		<pose>Unspecified</pose>
		<truncated>0</truncated>
		<difficult>0</difficult>
		<bndbox>
			<xmin>715</xmin>
			<ymin>1334</ymin>
			<xmax>749</xmax>
			<ymax>1358</ymax>
		</bndbox>
	</object>
	<object>
		<name>sp23</name>
		<pose>Unspecified</pose>
		<truncated>0</truncated>
		<difficult>0</difficult>
		<bndbox>
			<xmin>712</xmin>
			<ymin>1326</ymin>
			<xmax>732</xmax>
			<ymax>1343</ymax>
		</bndbox>
	</object>
	<object>
		<name>sp23</name>
		<pose>Unspecified</pose>
		<truncated>0</truncated>
		<difficult>0</difficult>
		<bndbox>
			<xmin>697</xmin>
			<ymin>1322</ymin>
			<xmax>718</xmax>
			<ymax>1356</ymax>
		</bndbox>
	</object>
	<object>
		<name>sp23</name>
		<pose>Unspecified</pose>
		<truncated>0</truncated>
		<difficult>0</difficult>
		<bndbox>
			<xmin>191</xmin>
			<ymin>1537</ymin>
			<xmax>238</xmax>
			<ymax>1587</ymax>
		</bndbox>
	</object>
	<object>
		<name>sp23</name>
		<pose>Unspecified</pose>
		<truncated>0</truncated>
		<difficult>0</difficult>
		<bndbox>
			<xmin>242</xmin>
			<ymin>1678</ymin>
			<xmax>272</xmax>
			<ymax>1718</ymax>
		</bndbox>
	</object>
	<object>
		<name>sp23</name>
		<pose>Unspecified</pose>
		<truncated>0</truncated>
		<difficult>0</difficult>
		<bndbox>
			<xmin>208</xmin>
			<ymin>1701</ymin>
			<xmax>238</xmax>
			<ymax>1729</ymax>
		</bndbox>
	</object>
	<object>
		<name>sp23</name>
		<pose>Unspecified</pose>
		<truncated>0</truncated>
		<difficult>0</difficult>
		<bndbox>
			<xmin>283</xmin>
			<ymin>1715</ymin>
			<xmax>328</xmax>
			<ymax>1766</ymax>
		</bndbox>
	</object>
	<object>
		<name>sp23</name>
		<pose>Unspecified</pose>
		<truncated>0</truncated>
		<difficult>0</difficult>
		<bndbox>
			<xmin>352</xmin>
			<ymin>1796</ymin>
			<xmax>385</xmax>
			<ymax>1829</ymax>
		</bndbox>
	</object>
	<object>
		<name>sp23</name>
		<pose>Unspecified</pose>
		<truncated>0</truncated>
		<difficult>0</difficult>
		<bndbox>
			<xmin>467</xmin>
			<ymin>1901</ymin>
			<xmax>500</xmax>
			<ymax>1945</ymax>
		</bndbox>
	</object>
	<object>
		<name>sp23</name>
		<pose>Unspecified</pose>
		<truncated>0</truncated>
		<difficult>0</difficult>
		<bndbox>
			<xmin>1436</xmin>
			<ymin>2086</ymin>
			<xmax>1476</xmax>
			<ymax>2117</ymax>
		</bndbox>
	</object>
	<object>
		<name>sp23</name>
		<pose>Unspecified</pose>
		<truncated>0</truncated>
		<difficult>0</difficult>
		<bndbox>
			<xmin>1056</xmin>
			<ymin>2074</ymin>
			<xmax>1089</xmax>
			<ymax>2117</ymax>
		</bndbox>
	</object>
	<object>
		<name>sp23</name>
		<pose>Unspecified</pose>
		<truncated>0</truncated>
		<difficult>0</difficult>
		<bndbox>
			<xmin>484</xmin>
			<ymin>209</ymin>
			<xmax>519</xmax>
			<ymax>249</ymax>
		</bndbox>
	</object>
	<object>
		<name>sp23</name>
		<pose>Unspecified</pose>
		<truncated>0</truncated>
		<difficult>0</difficult>
		<bndbox>
			<xmin>622</xmin>
			<ymin>94</ymin>
			<xmax>665</xmax>
			<ymax>131</ymax>
		</bndbox>
	</object>
	<object>
		<name>sp23</name>
		<pose>Unspecified</pose>
		<truncated>0</truncated>
		<difficult>0</difficult>
		<bndbox>
			<xmin>785</xmin>
			<ymin>92</ymin>
			<xmax>806</xmax>
			<ymax>122</ymax>
		</bndbox>
	</object>
	<object>
		<name>sp23</name>
		<pose>Unspecified</pose>
		<truncated>0</truncated>
		<difficult>0</difficult>
		<bndbox>
			<xmin>796</xmin>
			<ymin>152</ymin>
			<xmax>848</xmax>
			<ymax>194</ymax>
		</bndbox>
	</object>
	<object>
		<name>sp23</name>
		<pose>Unspecified</pose>
		<truncated>0</truncated>
		<difficult>0</difficult>
		<bndbox>
			<xmin>1350</xmin>
			<ymin>74</ymin>
			<xmax>1401</xmax>
			<ymax>130</ymax>
		</bndbox>
	</object>
	<object>
		<name>sp23</name>
		<pose>Unspecified</pose>
		<truncated>0</truncated>
		<difficult>0</difficult>
		<bndbox>
			<xmin>454</xmin>
			<ymin>1177</ymin>
			<xmax>487</xmax>
			<ymax>1210</ymax>
		</bndbox>
	</object>
	<object>
		<name>sp23</name>
		<pose>Unspecified</pose>
		<truncated>0</truncated>
		<difficult>0</difficult>
		<bndbox>
			<xmin>214</xmin>
			<ymin>1114</ymin>
			<xmax>245</xmax>
			<ymax>1145</ymax>
		</bndbox>
	</object>
	<object>
		<name>sp23</name>
		<pose>Unspecified</pose>
		<truncated>0</truncated>
		<difficult>0</difficult>
		<bndbox>
			<xmin>125</xmin>
			<ymin>1133</ymin>
			<xmax>160</xmax>
			<ymax>1165</ymax>
		</bndbox>
	</object>
	<object>
		<name>sp23</name>
		<pose>Unspecified</pose>
		<truncated>0</truncated>
		<difficult>0</difficult>
		<bndbox>
			<xmin>163</xmin>
			<ymin>1172</ymin>
			<xmax>197</xmax>
			<ymax>1204</ymax>
		</bndbox>
	</object>
	<object>
		<name>sp23</name>
		<pose>Unspecified</pose>
		<truncated>0</truncated>
		<difficult>0</difficult>
		<bndbox>
			<xmin>224</xmin>
			<ymin>1177</ymin>
			<xmax>255</xmax>
			<ymax>1202</ymax>
		</bndbox>
	</object>
	<object>
		<name>sp23</name>
		<pose>Unspecified</pose>
		<truncated>0</truncated>
		<difficult>0</difficult>
		<bndbox>
			<xmin>221</xmin>
			<ymin>1202</ymin>
			<xmax>240</xmax>
			<ymax>1223</ymax>
		</bndbox>
	</object>
	<object>
		<name>sp23</name>
		<pose>Unspecified</pose>
		<truncated>0</truncated>
		<difficult>0</difficult>
		<bndbox>
			<xmin>236</xmin>
			<ymin>1210</ymin>
			<xmax>258</xmax>
			<ymax>1235</ymax>
		</bndbox>
	</object>
	<object>
		<name>sp23</name>
		<pose>Unspecified</pose>
		<truncated>0</truncated>
		<difficult>0</difficult>
		<bndbox>
			<xmin>274</xmin>
			<ymin>1208</ymin>
			<xmax>300</xmax>
			<ymax>1233</ymax>
		</bndbox>
	</object>
	<object>
		<name>sp23</name>
		<pose>Unspecified</pose>
		<truncated>0</truncated>
		<difficult>0</difficult>
		<bndbox>
			<xmin>298</xmin>
			<ymin>1191</ymin>
			<xmax>325</xmax>
			<ymax>1218</ymax>
		</bndbox>
	</object>
	<object>
		<name>sp23</name>
		<pose>Unspecified</pose>
		<truncated>0</truncated>
		<difficult>0</difficult>
		<bndbox>
			<xmin>292</xmin>
			<ymin>1118</ymin>
			<xmax>319</xmax>
			<ymax>1141</ymax>
		</bndbox>
	</object>
	<object>
		<name>sp23</name>
		<pose>Unspecified</pose>
		<truncated>0</truncated>
		<difficult>0</difficult>
		<bndbox>
			<xmin>361</xmin>
			<ymin>1113</ymin>
			<xmax>390</xmax>
			<ymax>1138</ymax>
		</bndbox>
	</object>
	<object>
		<name>sp23</name>
		<pose>Unspecified</pose>
		<truncated>0</truncated>
		<difficult>0</difficult>
		<bndbox>
			<xmin>308</xmin>
			<ymin>1242</ymin>
			<xmax>329</xmax>
			<ymax>1266</ymax>
		</bndbox>
	</object>
	<object>
		<name>sp23</name>
		<pose>Unspecified</pose>
		<truncated>0</truncated>
		<difficult>0</difficult>
		<bndbox>
			<xmin>391</xmin>
			<ymin>1265</ymin>
			<xmax>418</xmax>
			<ymax>1288</ymax>
		</bndbox>
	</object>
	<object>
		<name>sp23</name>
		<pose>Unspecified</pose>
		<truncated>0</truncated>
		<difficult>0</difficult>
		<bndbox>
			<xmin>235</xmin>
			<ymin>1260</ymin>
			<xmax>256</xmax>
			<ymax>1283</ymax>
		</bndbox>
	</object>
	<object>
		<name>sp23</name>
		<pose>Unspecified</pose>
		<truncated>0</truncated>
		<difficult>0</difficult>
		<bndbox>
			<xmin>175</xmin>
			<ymin>1278</ymin>
			<xmax>198</xmax>
			<ymax>1297</ymax>
		</bndbox>
	</object>
	<object>
		<name>sp23</name>
		<pose>Unspecified</pose>
		<truncated>0</truncated>
		<difficult>0</difficult>
		<bndbox>
			<xmin>180</xmin>
			<ymin>1292</ymin>
			<xmax>199</xmax>
			<ymax>1308</ymax>
		</bndbox>
	</object>
	<object>
		<name>sp23</name>
		<pose>Unspecified</pose>
		<truncated>0</truncated>
		<difficult>0</difficult>
		<bndbox>
			<xmin>186</xmin>
			<ymin>1305</ymin>
			<xmax>205</xmax>
			<ymax>1321</ymax>
		</bndbox>
	</object>
	<object>
		<name>sp23</name>
		<pose>Unspecified</pose>
		<truncated>0</truncated>
		<difficult>0</difficult>
		<bndbox>
			<xmin>199</xmin>
			<ymin>1287</ymin>
			<xmax>218</xmax>
			<ymax>1307</ymax>
		</bndbox>
	</object>
	<object>
		<name>sp23</name>
		<pose>Unspecified</pose>
		<truncated>0</truncated>
		<difficult>0</difficult>
		<bndbox>
			<xmin>216</xmin>
			<ymin>1292</ymin>
			<xmax>231</xmax>
			<ymax>1307</ymax>
		</bndbox>
	</object>
	<object>
		<name>sp23</name>
		<pose>Unspecified</pose>
		<truncated>0</truncated>
		<difficult>0</difficult>
		<bndbox>
			<xmin>240</xmin>
			<ymin>1294</ymin>
			<xmax>260</xmax>
			<ymax>1312</ymax>
		</bndbox>
	</object>
	<object>
		<name>sp23</name>
		<pose>Unspecified</pose>
		<truncated>0</truncated>
		<difficult>0</difficult>
		<bndbox>
			<xmin>242</xmin>
			<ymin>1309</ymin>
			<xmax>265</xmax>
			<ymax>1332</ymax>
		</bndbox>
	</object>
	<object>
		<name>sp23</name>
		<pose>Unspecified</pose>
		<truncated>0</truncated>
		<difficult>0</difficult>
		<bndbox>
			<xmin>222</xmin>
			<ymin>1312</ymin>
			<xmax>247</xmax>
			<ymax>1333</ymax>
		</bndbox>
	</object>
	<object>
		<name>sp23</name>
		<pose>Unspecified</pose>
		<truncated>0</truncated>
		<difficult>0</difficult>
		<bndbox>
			<xmin>197</xmin>
			<ymin>1384</ymin>
			<xmax>225</xmax>
			<ymax>1408</ymax>
		</bndbox>
	</object>
	<object>
		<name>sp23</name>
		<pose>Unspecified</pose>
		<truncated>0</truncated>
		<difficult>0</difficult>
		<bndbox>
			<xmin>236</xmin>
			<ymin>1360</ymin>
			<xmax>257</xmax>
			<ymax>1385</ymax>
		</bndbox>
	</object>
	<object>
		<name>sp23</name>
		<pose>Unspecified</pose>
		<truncated>0</truncated>
		<difficult>0</difficult>
		<bndbox>
			<xmin>256</xmin>
			<ymin>1363</ymin>
			<xmax>278</xmax>
			<ymax>1384</ymax>
		</bndbox>
	</object>
	<object>
		<name>sp23</name>
		<pose>Unspecified</pose>
		<truncated>0</truncated>
		<difficult>0</difficult>
		<bndbox>
			<xmin>290</xmin>
			<ymin>1323</ymin>
			<xmax>313</xmax>
			<ymax>1348</ymax>
		</bndbox>
	</object>
	<object>
		<name>sp23</name>
		<pose>Unspecified</pose>
		<truncated>0</truncated>
		<difficult>0</difficult>
		<bndbox>
			<xmin>333</xmin>
			<ymin>1330</ymin>
			<xmax>363</xmax>
			<ymax>1355</ymax>
		</bndbox>
	</object>
	<object>
		<name>sp23</name>
		<pose>Unspecified</pose>
		<truncated>0</truncated>
		<difficult>0</difficult>
		<bndbox>
			<xmin>325</xmin>
			<ymin>1369</ymin>
			<xmax>348</xmax>
			<ymax>1394</ymax>
		</bndbox>
	</object>
	<object>
		<name>sp23</name>
		<pose>Unspecified</pose>
		<truncated>0</truncated>
		<difficult>0</difficult>
		<bndbox>
			<xmin>268</xmin>
			<ymin>1386</ymin>
			<xmax>291</xmax>
			<ymax>1409</ymax>
		</bndbox>
	</object>
	<object>
		<name>sp23</name>
		<pose>Unspecified</pose>
		<truncated>0</truncated>
		<difficult>0</difficult>
		<bndbox>
			<xmin>257</xmin>
			<ymin>1409</ymin>
			<xmax>280</xmax>
			<ymax>1433</ymax>
		</bndbox>
	</object>
	<object>
		<name>sp23</name>
		<pose>Unspecified</pose>
		<truncated>0</truncated>
		<difficult>0</difficult>
		<bndbox>
			<xmin>301</xmin>
			<ymin>1421</ymin>
			<xmax>328</xmax>
			<ymax>1446</ymax>
		</bndbox>
	</object>
	<object>
		<name>sp23</name>
		<pose>Unspecified</pose>
		<truncated>0</truncated>
		<difficult>0</difficult>
		<bndbox>
			<xmin>356</xmin>
			<ymin>1275</ymin>
			<xmax>377</xmax>
			<ymax>1294</ymax>
		</bndbox>
	</object>
	<object>
		<name>sp23</name>
		<pose>Unspecified</pose>
		<truncated>0</truncated>
		<difficult>0</difficult>
		<bndbox>
			<xmin>377</xmin>
			<ymin>1285</ymin>
			<xmax>398</xmax>
			<ymax>1308</ymax>
		</bndbox>
	</object>
	<object>
		<name>sp23</name>
		<pose>Unspecified</pose>
		<truncated>0</truncated>
		<difficult>0</difficult>
		<bndbox>
			<xmin>445</xmin>
			<ymin>1378</ymin>
			<xmax>476</xmax>
			<ymax>1407</ymax>
		</bndbox>
	</object>
	<object>
		<name>sp23</name>
		<pose>Unspecified</pose>
		<truncated>0</truncated>
		<difficult>0</difficult>
		<bndbox>
			<xmin>368</xmin>
			<ymin>1430</ymin>
			<xmax>404</xmax>
			<ymax>1461</ymax>
		</bndbox>
	</object>
	<object>
		<name>sp23</name>
		<pose>Unspecified</pose>
		<truncated>0</truncated>
		<difficult>0</difficult>
		<bndbox>
			<xmin>419</xmin>
			<ymin>1431</ymin>
			<xmax>446</xmax>
			<ymax>1458</ymax>
		</bndbox>
	</object>
	<object>
		<name>sp23</name>
		<pose>Unspecified</pose>
		<truncated>0</truncated>
		<difficult>0</difficult>
		<bndbox>
			<xmin>447</xmin>
			<ymin>1448</ymin>
			<xmax>480</xmax>
			<ymax>1474</ymax>
		</bndbox>
	</object>
	<object>
		<name>sp23</name>
		<pose>Unspecified</pose>
		<truncated>0</truncated>
		<difficult>0</difficult>
		<bndbox>
			<xmin>495</xmin>
			<ymin>1436</ymin>
			<xmax>528</xmax>
			<ymax>1460</ymax>
		</bndbox>
	</object>
	<object>
		<name>sp23</name>
		<pose>Unspecified</pose>
		<truncated>0</truncated>
		<difficult>0</difficult>
		<bndbox>
			<xmin>527</xmin>
			<ymin>1411</ymin>
			<xmax>560</xmax>
			<ymax>1435</ymax>
		</bndbox>
	</object>
	<object>
		<name>sp23</name>
		<pose>Unspecified</pose>
		<truncated>0</truncated>
		<difficult>0</difficult>
		<bndbox>
			<xmin>438</xmin>
			<ymin>1524</ymin>
			<xmax>470</xmax>
			<ymax>1551</ymax>
		</bndbox>
	</object>
	<object>
		<name>sp23</name>
		<pose>Unspecified</pose>
		<truncated>0</truncated>
		<difficult>0</difficult>
		<bndbox>
			<xmin>663</xmin>
			<ymin>1425</ymin>
			<xmax>693</xmax>
			<ymax>1449</ymax>
		</bndbox>
	</object>
	<object>
		<name>sp23</name>
		<pose>Unspecified</pose>
		<truncated>0</truncated>
		<difficult>0</difficult>
		<bndbox>
			<xmin>475</xmin>
			<ymin>1606</ymin>
			<xmax>505</xmax>
			<ymax>1632</ymax>
		</bndbox>
	</object>
	<object>
		<name>sp23</name>
		<pose>Unspecified</pose>
		<truncated>0</truncated>
		<difficult>0</difficult>
		<bndbox>
			<xmin>507</xmin>
			<ymin>1628</ymin>
			<xmax>538</xmax>
			<ymax>1653</ymax>
		</bndbox>
	</object>
	<object>
		<name>sp23</name>
		<pose>Unspecified</pose>
		<truncated>0</truncated>
		<difficult>0</difficult>
		<bndbox>
			<xmin>480</xmin>
			<ymin>1668</ymin>
			<xmax>507</xmax>
			<ymax>1695</ymax>
		</bndbox>
	</object>
	<object>
		<name>sp23</name>
		<pose>Unspecified</pose>
		<truncated>0</truncated>
		<difficult>0</difficult>
		<bndbox>
			<xmin>500</xmin>
			<ymin>1668</ymin>
			<xmax>529</xmax>
			<ymax>1694</ymax>
		</bndbox>
	</object>
	<object>
		<name>sp23</name>
		<pose>Unspecified</pose>
		<truncated>0</truncated>
		<difficult>0</difficult>
		<bndbox>
			<xmin>534</xmin>
			<ymin>1701</ymin>
			<xmax>563</xmax>
			<ymax>1727</ymax>
		</bndbox>
	</object>
	<object>
		<name>sp23</name>
		<pose>Unspecified</pose>
		<truncated>0</truncated>
		<difficult>0</difficult>
		<bndbox>
			<xmin>631</xmin>
			<ymin>1559</ymin>
			<xmax>658</xmax>
			<ymax>1585</ymax>
		</bndbox>
	</object>
	<object>
		<name>sp23</name>
		<pose>Unspecified</pose>
		<truncated>0</truncated>
		<difficult>0</difficult>
		<bndbox>
			<xmin>709</xmin>
			<ymin>1580</ymin>
			<xmax>738</xmax>
			<ymax>1604</ymax>
		</bndbox>
	</object>
	<object>
		<name>sp23</name>
		<pose>Unspecified</pose>
		<truncated>0</truncated>
		<difficult>0</difficult>
		<bndbox>
			<xmin>782</xmin>
			<ymin>1585</ymin>
			<xmax>809</xmax>
			<ymax>1608</ymax>
		</bndbox>
	</object>
	<object>
		<name>sp23</name>
		<pose>Unspecified</pose>
		<truncated>0</truncated>
		<difficult>0</difficult>
		<bndbox>
			<xmin>791</xmin>
			<ymin>1644</ymin>
			<xmax>818</xmax>
			<ymax>1671</ymax>
		</bndbox>
	</object>
	<object>
		<name>sp23</name>
		<pose>Unspecified</pose>
		<truncated>0</truncated>
		<difficult>0</difficult>
		<bndbox>
			<xmin>336</xmin>
			<ymin>1660</ymin>
			<xmax>368</xmax>
			<ymax>1687</ymax>
		</bndbox>
	</object>
	<object>
		<name>sp23</name>
		<pose>Unspecified</pose>
		<truncated>0</truncated>
		<difficult>0</difficult>
		<bndbox>
			<xmin>425</xmin>
			<ymin>1696</ymin>
			<xmax>459</xmax>
			<ymax>1724</ymax>
		</bndbox>
	</object>
	<object>
		<name>sp23</name>
		<pose>Unspecified</pose>
		<truncated>0</truncated>
		<difficult>0</difficult>
		<bndbox>
			<xmin>446</xmin>
			<ymin>1755</ymin>
			<xmax>480</xmax>
			<ymax>1784</ymax>
		</bndbox>
	</object>
	<object>
		<name>sp23</name>
		<pose>Unspecified</pose>
		<truncated>0</truncated>
		<difficult>0</difficult>
		<bndbox>
			<xmin>530</xmin>
			<ymin>1811</ymin>
			<xmax>559</xmax>
			<ymax>1834</ymax>
		</bndbox>
	</object>
	<object>
		<name>sp23</name>
		<pose>Unspecified</pose>
		<truncated>0</truncated>
		<difficult>0</difficult>
		<bndbox>
			<xmin>539</xmin>
			<ymin>1828</ymin>
			<xmax>565</xmax>
			<ymax>1852</ymax>
		</bndbox>
	</object>
	<object>
		<name>sp23</name>
		<pose>Unspecified</pose>
		<truncated>0</truncated>
		<difficult>0</difficult>
		<bndbox>
			<xmin>593</xmin>
			<ymin>1830</ymin>
			<xmax>626</xmax>
			<ymax>1856</ymax>
		</bndbox>
	</object>
	<object>
		<name>sp23</name>
		<pose>Unspecified</pose>
		<truncated>0</truncated>
		<difficult>0</difficult>
		<bndbox>
			<xmin>616</xmin>
			<ymin>1803</ymin>
			<xmax>649</xmax>
			<ymax>1834</ymax>
		</bndbox>
	</object>
	<object>
		<name>sp23</name>
		<pose>Unspecified</pose>
		<truncated>0</truncated>
		<difficult>0</difficult>
		<bndbox>
			<xmin>659</xmin>
			<ymin>1778</ymin>
			<xmax>692</xmax>
			<ymax>1808</ymax>
		</bndbox>
	</object>
	<object>
		<name>sp23</name>
		<pose>Unspecified</pose>
		<truncated>0</truncated>
		<difficult>0</difficult>
		<bndbox>
			<xmin>713</xmin>
			<ymin>1768</ymin>
			<xmax>741</xmax>
			<ymax>1795</ymax>
		</bndbox>
	</object>
	<object>
		<name>sp23</name>
		<pose>Unspecified</pose>
		<truncated>0</truncated>
		<difficult>0</difficult>
		<bndbox>
			<xmin>627</xmin>
			<ymin>1854</ymin>
			<xmax>656</xmax>
			<ymax>1885</ymax>
		</bndbox>
	</object>
	<object>
		<name>sp23</name>
		<pose>Unspecified</pose>
		<truncated>0</truncated>
		<difficult>0</difficult>
		<bndbox>
			<xmin>756</xmin>
			<ymin>1824</ymin>
			<xmax>788</xmax>
			<ymax>1853</ymax>
		</bndbox>
	</object>
	<object>
		<name>sp23</name>
		<pose>Unspecified</pose>
		<truncated>0</truncated>
		<difficult>0</difficult>
		<bndbox>
			<xmin>785</xmin>
			<ymin>1878</ymin>
			<xmax>824</xmax>
			<ymax>1908</ymax>
		</bndbox>
	</object>
	<object>
		<name>sp23</name>
		<pose>Unspecified</pose>
		<truncated>0</truncated>
		<difficult>0</difficult>
		<bndbox>
			<xmin>710</xmin>
			<ymin>1916</ymin>
			<xmax>745</xmax>
			<ymax>1945</ymax>
		</bndbox>
	</object>
	<object>
		<name>sp23</name>
		<pose>Unspecified</pose>
		<truncated>0</truncated>
		<difficult>0</difficult>
		<bndbox>
			<xmin>844</xmin>
			<ymin>1654</ymin>
			<xmax>878</xmax>
			<ymax>1679</ymax>
		</bndbox>
	</object>
	<object>
		<name>sp23</name>
		<pose>Unspecified</pose>
		<truncated>0</truncated>
		<difficult>0</difficult>
		<bndbox>
			<xmin>796</xmin>
			<ymin>1731</ymin>
			<xmax>822</xmax>
			<ymax>1757</ymax>
		</bndbox>
	</object>
	<object>
		<name>sp23</name>
		<pose>Unspecified</pose>
		<truncated>0</truncated>
		<difficult>0</difficult>
		<bndbox>
			<xmin>883</xmin>
			<ymin>1745</ymin>
			<xmax>910</xmax>
			<ymax>1771</ymax>
		</bndbox>
	</object>
	<object>
		<name>sp23</name>
		<pose>Unspecified</pose>
		<truncated>0</truncated>
		<difficult>0</difficult>
		<bndbox>
			<xmin>916</xmin>
			<ymin>1747</ymin>
			<xmax>950</xmax>
			<ymax>1775</ymax>
		</bndbox>
	</object>
	<object>
		<name>sp23</name>
		<pose>Unspecified</pose>
		<truncated>0</truncated>
		<difficult>0</difficult>
		<bndbox>
			<xmin>945</xmin>
			<ymin>1689</ymin>
			<xmax>973</xmax>
			<ymax>1714</ymax>
		</bndbox>
	</object>
	<object>
		<name>sp23</name>
		<pose>Unspecified</pose>
		<truncated>0</truncated>
		<difficult>0</difficult>
		<bndbox>
			<xmin>964</xmin>
			<ymin>1665</ymin>
			<xmax>992</xmax>
			<ymax>1690</ymax>
		</bndbox>
	</object>
	<object>
		<name>sp23</name>
		<pose>Unspecified</pose>
		<truncated>0</truncated>
		<difficult>0</difficult>
		<bndbox>
			<xmin>1039</xmin>
			<ymin>1680</ymin>
			<xmax>1068</xmax>
			<ymax>1707</ymax>
		</bndbox>
	</object>
	<object>
		<name>sp23</name>
		<pose>Unspecified</pose>
		<truncated>0</truncated>
		<difficult>0</difficult>
		<bndbox>
			<xmin>1077</xmin>
			<ymin>1644</ymin>
			<xmax>1106</xmax>
			<ymax>1671</ymax>
		</bndbox>
	</object>
	<object>
		<name>sp23</name>
		<pose>Unspecified</pose>
		<truncated>0</truncated>
		<difficult>0</difficult>
		<bndbox>
			<xmin>1124</xmin>
			<ymin>1747</ymin>
			<xmax>1156</xmax>
			<ymax>1781</ymax>
		</bndbox>
	</object>
	<object>
		<name>sp23</name>
		<pose>Unspecified</pose>
		<truncated>0</truncated>
		<difficult>0</difficult>
		<bndbox>
			<xmin>979</xmin>
			<ymin>1787</ymin>
			<xmax>1015</xmax>
			<ymax>1820</ymax>
		</bndbox>
	</object>
	<object>
		<name>sp23</name>
		<pose>Unspecified</pose>
		<truncated>0</truncated>
		<difficult>0</difficult>
		<bndbox>
			<xmin>1108</xmin>
			<ymin>1864</ymin>
			<xmax>1137</xmax>
			<ymax>1892</ymax>
		</bndbox>
	</object>
	<object>
		<name>sp23</name>
		<pose>Unspecified</pose>
		<truncated>0</truncated>
		<difficult>0</difficult>
		<bndbox>
			<xmin>1145</xmin>
			<ymin>1875</ymin>
			<xmax>1178</xmax>
			<ymax>1903</ymax>
		</bndbox>
	</object>
	<object>
		<name>sp23</name>
		<pose>Unspecified</pose>
		<truncated>0</truncated>
		<difficult>0</difficult>
		<bndbox>
			<xmin>1124</xmin>
			<ymin>1894</ymin>
			<xmax>1156</xmax>
			<ymax>1924</ymax>
		</bndbox>
	</object>
	<object>
		<name>sp23</name>
		<pose>Unspecified</pose>
		<truncated>0</truncated>
		<difficult>0</difficult>
		<bndbox>
			<xmin>1108</xmin>
			<ymin>1918</ymin>
			<xmax>1136</xmax>
			<ymax>1943</ymax>
		</bndbox>
	</object>
	<object>
		<name>sp23</name>
		<pose>Unspecified</pose>
		<truncated>0</truncated>
		<difficult>0</difficult>
		<bndbox>
			<xmin>1013</xmin>
			<ymin>1921</ymin>
			<xmax>1044</xmax>
			<ymax>1951</ymax>
		</bndbox>
	</object>
	<object>
		<name>sp23</name>
		<pose>Unspecified</pose>
		<truncated>0</truncated>
		<difficult>0</difficult>
		<bndbox>
			<xmin>1095</xmin>
			<ymin>1954</ymin>
			<xmax>1127</xmax>
			<ymax>1982</ymax>
		</bndbox>
	</object>
	<object>
		<name>sp23</name>
		<pose>Unspecified</pose>
		<truncated>0</truncated>
		<difficult>0</difficult>
		<bndbox>
			<xmin>1035</xmin>
			<ymin>2006</ymin>
			<xmax>1057</xmax>
			<ymax>2029</ymax>
		</bndbox>
	</object>
	<object>
		<name>sp23</name>
		<pose>Unspecified</pose>
		<truncated>0</truncated>
		<difficult>0</difficult>
		<bndbox>
			<xmin>1053</xmin>
			<ymin>2006</ymin>
			<xmax>1076</xmax>
			<ymax>2033</ymax>
		</bndbox>
	</object>
	<object>
		<name>sp23</name>
		<pose>Unspecified</pose>
		<truncated>0</truncated>
		<difficult>0</difficult>
		<bndbox>
			<xmin>1051</xmin>
			<ymin>2035</ymin>
			<xmax>1079</xmax>
			<ymax>2062</ymax>
		</bndbox>
	</object>
	<object>
		<name>sp23</name>
		<pose>Unspecified</pose>
		<truncated>0</truncated>
		<difficult>0</difficult>
		<bndbox>
			<xmin>1095</xmin>
			<ymin>2054</ymin>
			<xmax>1138</xmax>
			<ymax>2088</ymax>
		</bndbox>
	</object>
	<object>
		<name>sp23</name>
		<pose>Unspecified</pose>
		<truncated>0</truncated>
		<difficult>0</difficult>
		<bndbox>
			<xmin>735</xmin>
			<ymin>1963</ymin>
			<xmax>769</xmax>
			<ymax>1994</ymax>
		</bndbox>
	</object>
	<object>
		<name>sp23</name>
		<pose>Unspecified</pose>
		<truncated>0</truncated>
		<difficult>0</difficult>
		<bndbox>
			<xmin>828</xmin>
			<ymin>1975</ymin>
			<xmax>854</xmax>
			<ymax>2004</ymax>
		</bndbox>
	</object>
	<object>
		<name>sp23</name>
		<pose>Unspecified</pose>
		<truncated>0</truncated>
		<difficult>0</difficult>
		<bndbox>
			<xmin>869</xmin>
			<ymin>2003</ymin>
			<xmax>897</xmax>
			<ymax>2032</ymax>
		</bndbox>
	</object>
	<object>
		<name>sp23</name>
		<pose>Unspecified</pose>
		<truncated>0</truncated>
		<difficult>0</difficult>
		<bndbox>
			<xmin>899</xmin>
			<ymin>1994</ymin>
			<xmax>932</xmax>
			<ymax>2024</ymax>
		</bndbox>
	</object>
	<object>
		<name>sp23</name>
		<pose>Unspecified</pose>
		<truncated>0</truncated>
		<difficult>0</difficult>
		<bndbox>
			<xmin>911</xmin>
			<ymin>2068</ymin>
			<xmax>947</xmax>
			<ymax>2097</ymax>
		</bndbox>
	</object>
	<object>
		<name>sp23</name>
		<pose>Unspecified</pose>
		<truncated>0</truncated>
		<difficult>0</difficult>
		<bndbox>
			<xmin>1491</xmin>
			<ymin>1838</ymin>
			<xmax>1525</xmax>
			<ymax>1870</ymax>
		</bndbox>
	</object>
	<object>
		<name>sp23</name>
		<pose>Unspecified</pose>
		<truncated>0</truncated>
		<difficult>0</difficult>
		<bndbox>
			<xmin>1562</xmin>
			<ymin>1865</ymin>
			<xmax>1602</xmax>
			<ymax>1897</ymax>
		</bndbox>
	</object>
	<object>
		<name>sp23</name>
		<pose>Unspecified</pose>
		<truncated>0</truncated>
		<difficult>0</difficult>
		<bndbox>
			<xmin>1658</xmin>
			<ymin>1838</ymin>
			<xmax>1693</xmax>
			<ymax>1875</ymax>
		</bndbox>
	</object>
	<object>
		<name>sp23</name>
		<pose>Unspecified</pose>
		<truncated>0</truncated>
		<difficult>0</difficult>
		<bndbox>
			<xmin>1602</xmin>
			<ymin>1893</ymin>
			<xmax>1630</xmax>
			<ymax>1924</ymax>
		</bndbox>
	</object>
	<object>
		<name>sp23</name>
		<pose>Unspecified</pose>
		<truncated>0</truncated>
		<difficult>0</difficult>
		<bndbox>
			<xmin>1627</xmin>
			<ymin>1909</ymin>
			<xmax>1658</xmax>
			<ymax>1940</ymax>
		</bndbox>
	</object>
	<object>
		<name>sp23</name>
		<pose>Unspecified</pose>
		<truncated>0</truncated>
		<difficult>0</difficult>
		<bndbox>
			<xmin>1681</xmin>
			<ymin>1907</ymin>
			<xmax>1723</xmax>
			<ymax>1943</ymax>
		</bndbox>
	</object>
	<object>
		<name>sp23</name>
		<pose>Unspecified</pose>
		<truncated>0</truncated>
		<difficult>0</difficult>
		<bndbox>
			<xmin>1777</xmin>
			<ymin>1798</ymin>
			<xmax>1809</xmax>
			<ymax>1828</ymax>
		</bndbox>
	</object>
	<object>
		<name>sp23</name>
		<pose>Unspecified</pose>
		<truncated>0</truncated>
		<difficult>0</difficult>
		<bndbox>
			<xmin>1786</xmin>
			<ymin>1832</ymin>
			<xmax>1816</xmax>
			<ymax>1865</ymax>
		</bndbox>
	</object>
	<object>
		<name>sp23</name>
		<pose>Unspecified</pose>
		<truncated>0</truncated>
		<difficult>0</difficult>
		<bndbox>
			<xmin>1755</xmin>
			<ymin>1866</ymin>
			<xmax>1788</xmax>
			<ymax>1897</ymax>
		</bndbox>
	</object>
	<object>
		<name>sp23</name>
		<pose>Unspecified</pose>
		<truncated>0</truncated>
		<difficult>0</difficult>
		<bndbox>
			<xmin>1789</xmin>
			<ymin>1882</ymin>
			<xmax>1820</xmax>
			<ymax>1908</ymax>
		</bndbox>
	</object>
	<object>
		<name>sp23</name>
		<pose>Unspecified</pose>
		<truncated>0</truncated>
		<difficult>0</difficult>
		<bndbox>
			<xmin>1967</xmin>
			<ymin>1616</ymin>
			<xmax>1999</xmax>
			<ymax>1654</ymax>
		</bndbox>
	</object>
	<object>
		<name>sp23</name>
		<pose>Unspecified</pose>
		<truncated>0</truncated>
		<difficult>0</difficult>
		<bndbox>
			<xmin>1914</xmin>
			<ymin>1693</ymin>
			<xmax>1954</xmax>
			<ymax>1729</ymax>
		</bndbox>
	</object>
	<object>
		<name>sp23</name>
		<pose>Unspecified</pose>
		<truncated>0</truncated>
		<difficult>0</difficult>
		<bndbox>
			<xmin>2058</xmin>
			<ymin>1254</ymin>
			<xmax>2102</xmax>
			<ymax>1292</ymax>
		</bndbox>
	</object>
	<object>
		<name>sp23</name>
		<pose>Unspecified</pose>
		<truncated>0</truncated>
		<difficult>0</difficult>
		<bndbox>
			<xmin>2067</xmin>
			<ymin>1328</ymin>
			<xmax>2102</xmax>
			<ymax>1366</ymax>
		</bndbox>
	</object>
	<object>
		<name>sp23</name>
		<pose>Unspecified</pose>
		<truncated>0</truncated>
		<difficult>0</difficult>
		<bndbox>
			<xmin>2015</xmin>
			<ymin>1351</ymin>
			<xmax>2052</xmax>
			<ymax>1382</ymax>
		</bndbox>
	</object>
	<object>
		<name>sp23</name>
		<pose>Unspecified</pose>
		<truncated>0</truncated>
		<difficult>0</difficult>
		<bndbox>
			<xmin>1998</xmin>
			<ymin>1372</ymin>
			<xmax>2029</xmax>
			<ymax>1400</ymax>
		</bndbox>
	</object>
	<object>
		<name>sp23</name>
		<pose>Unspecified</pose>
		<truncated>0</truncated>
		<difficult>0</difficult>
		<bndbox>
			<xmin>1765</xmin>
			<ymin>899</ymin>
			<xmax>1804</xmax>
			<ymax>932</ymax>
		</bndbox>
	</object>
	<object>
		<name>sp23</name>
		<pose>Unspecified</pose>
		<truncated>0</truncated>
		<difficult>0</difficult>
		<bndbox>
			<xmin>2066</xmin>
			<ymin>938</ymin>
			<xmax>2100</xmax>
			<ymax>973</ymax>
		</bndbox>
	</object>
	<object>
		<name>sp23</name>
		<pose>Unspecified</pose>
		<truncated>0</truncated>
		<difficult>0</difficult>
		<bndbox>
			<xmin>2085</xmin>
			<ymin>1009</ymin>
			<xmax>2122</xmax>
			<ymax>1043</ymax>
		</bndbox>
	</object>
	<object>
		<name>sp23</name>
		<pose>Unspecified</pose>
		<truncated>0</truncated>
		<difficult>0</difficult>
		<bndbox>
			<xmin>1966</xmin>
			<ymin>978</ymin>
			<xmax>1999</xmax>
			<ymax>1008</ymax>
		</bndbox>
	</object>
	<object>
		<name>sp23</name>
		<pose>Unspecified</pose>
		<truncated>0</truncated>
		<difficult>0</difficult>
		<bndbox>
			<xmin>1997</xmin>
			<ymin>971</ymin>
			<xmax>2027</xmax>
			<ymax>1000</ymax>
		</bndbox>
	</object>
	<object>
		<name>sp23</name>
		<pose>Unspecified</pose>
		<truncated>0</truncated>
		<difficult>0</difficult>
		<bndbox>
			<xmin>2010</xmin>
			<ymin>1038</ymin>
			<xmax>2039</xmax>
			<ymax>1066</ymax>
		</bndbox>
	</object>
	<object>
		<name>sp23</name>
		<pose>Unspecified</pose>
		<truncated>0</truncated>
		<difficult>0</difficult>
		<bndbox>
			<xmin>2059</xmin>
			<ymin>1068</ymin>
			<xmax>2084</xmax>
			<ymax>1088</ymax>
		</bndbox>
	</object>
	<object>
		<name>sp23</name>
		<pose>Unspecified</pose>
		<truncated>0</truncated>
		<difficult>0</difficult>
		<bndbox>
			<xmin>2129</xmin>
			<ymin>1083</ymin>
			<xmax>2159</xmax>
			<ymax>1109</ymax>
		</bndbox>
	</object>
	<object>
		<name>sp23</name>
		<pose>Unspecified</pose>
		<truncated>0</truncated>
		<difficult>0</difficult>
		<bndbox>
			<xmin>2131</xmin>
			<ymin>1136</ymin>
			<xmax>2159</xmax>
			<ymax>1163</ymax>
		</bndbox>
	</object>
	<object>
		<name>sp23</name>
		<pose>Unspecified</pose>
		<truncated>0</truncated>
		<difficult>0</difficult>
		<bndbox>
			<xmin>1382</xmin>
			<ymin>1025</ymin>
			<xmax>1412</xmax>
			<ymax>1053</ymax>
		</bndbox>
	</object>
	<object>
		<name>sp23</name>
		<pose>Unspecified</pose>
		<truncated>0</truncated>
		<difficult>0</difficult>
		<bndbox>
			<xmin>1380</xmin>
			<ymin>1113</ymin>
			<xmax>1412</xmax>
			<ymax>1147</ymax>
		</bndbox>
	</object>
	<object>
		<name>sp23</name>
		<pose>Unspecified</pose>
		<truncated>0</truncated>
		<difficult>0</difficult>
		<bndbox>
			<xmin>1333</xmin>
			<ymin>1127</ymin>
			<xmax>1359</xmax>
			<ymax>1152</ymax>
		</bndbox>
	</object>
	<object>
		<name>sp23</name>
		<pose>Unspecified</pose>
		<truncated>0</truncated>
		<difficult>0</difficult>
		<bndbox>
			<xmin>1337</xmin>
			<ymin>1154</ymin>
			<xmax>1371</xmax>
			<ymax>1190</ymax>
		</bndbox>
	</object>
	<object>
		<name>sp23</name>
		<pose>Unspecified</pose>
		<truncated>0</truncated>
		<difficult>0</difficult>
		<bndbox>
			<xmin>1483</xmin>
			<ymin>1083</ymin>
			<xmax>1520</xmax>
			<ymax>1115</ymax>
		</bndbox>
	</object>
	<object>
		<name>sp23</name>
		<pose>Unspecified</pose>
		<truncated>0</truncated>
		<difficult>0</difficult>
		<bndbox>
			<xmin>1625</xmin>
			<ymin>1057</ymin>
			<xmax>1659</xmax>
			<ymax>1090</ymax>
		</bndbox>
	</object>
	<object>
		<name>sp23</name>
		<pose>Unspecified</pose>
		<truncated>0</truncated>
		<difficult>0</difficult>
		<bndbox>
			<xmin>1647</xmin>
			<ymin>1127</ymin>
			<xmax>1683</xmax>
			<ymax>1163</ymax>
		</bndbox>
	</object>
	<object>
		<name>sp23</name>
		<pose>Unspecified</pose>
		<truncated>0</truncated>
		<difficult>0</difficult>
		<bndbox>
			<xmin>1381</xmin>
			<ymin>794</ymin>
			<xmax>1421</xmax>
			<ymax>832</ymax>
		</bndbox>
	</object>
	<object>
		<name>sp23</name>
		<pose>Unspecified</pose>
		<truncated>0</truncated>
		<difficult>0</difficult>
		<bndbox>
			<xmin>1426</xmin>
			<ymin>882</ymin>
			<xmax>1465</xmax>
			<ymax>921</ymax>
		</bndbox>
	</object>
	<object>
		<name>sp23</name>
		<pose>Unspecified</pose>
		<truncated>0</truncated>
		<difficult>0</difficult>
		<bndbox>
			<xmin>1670</xmin>
			<ymin>789</ymin>
			<xmax>1706</xmax>
			<ymax>820</ymax>
		</bndbox>
	</object>
	<object>
		<name>sp23</name>
		<pose>Unspecified</pose>
		<truncated>0</truncated>
		<difficult>0</difficult>
		<bndbox>
			<xmin>1678</xmin>
			<ymin>878</ymin>
			<xmax>1710</xmax>
			<ymax>912</ymax>
		</bndbox>
	</object>
	<object>
		<name>sp23</name>
		<pose>Unspecified</pose>
		<truncated>0</truncated>
		<difficult>0</difficult>
		<bndbox>
			<xmin>1624</xmin>
			<ymin>886</ymin>
			<xmax>1671</xmax>
			<ymax>925</ymax>
		</bndbox>
	</object>
	<object>
		<name>sp23</name>
		<pose>Unspecified</pose>
		<truncated>0</truncated>
		<difficult>0</difficult>
		<bndbox>
			<xmin>1768</xmin>
			<ymin>705</ymin>
			<xmax>1806</xmax>
			<ymax>743</ymax>
		</bndbox>
	</object>
	<object>
		<name>sp23</name>
		<pose>Unspecified</pose>
		<truncated>0</truncated>
		<difficult>0</difficult>
		<bndbox>
			<xmin>1871</xmin>
			<ymin>712</ymin>
			<xmax>1909</xmax>
			<ymax>745</ymax>
		</bndbox>
	</object>
	<object>
		<name>sp23</name>
		<pose>Unspecified</pose>
		<truncated>0</truncated>
		<difficult>0</difficult>
		<bndbox>
			<xmin>1914</xmin>
			<ymin>736</ymin>
			<xmax>1950</xmax>
			<ymax>770</ymax>
		</bndbox>
	</object>
	<object>
		<name>sp23</name>
		<pose>Unspecified</pose>
		<truncated>0</truncated>
		<difficult>0</difficult>
		<bndbox>
			<xmin>1995</xmin>
			<ymin>708</ymin>
			<xmax>2036</xmax>
			<ymax>745</ymax>
		</bndbox>
	</object>
	<object>
		<name>sp23</name>
		<pose>Unspecified</pose>
		<truncated>0</truncated>
		<difficult>0</difficult>
		<bndbox>
			<xmin>1960</xmin>
			<ymin>781</ymin>
			<xmax>2001</xmax>
			<ymax>813</ymax>
		</bndbox>
	</object>
	<object>
		<name>sp23</name>
		<pose>Unspecified</pose>
		<truncated>0</truncated>
		<difficult>0</difficult>
		<bndbox>
			<xmin>1631</xmin>
			<ymin>436</ymin>
			<xmax>1668</xmax>
			<ymax>466</ymax>
		</bndbox>
	</object>
	<object>
		<name>sp23</name>
		<pose>Unspecified</pose>
		<truncated>0</truncated>
		<difficult>0</difficult>
		<bndbox>
			<xmin>1837</xmin>
			<ymin>529</ymin>
			<xmax>1876</xmax>
			<ymax>565</ymax>
		</bndbox>
	</object>
	<object>
		<name>sp23</name>
		<pose>Unspecified</pose>
		<truncated>0</truncated>
		<difficult>0</difficult>
		<bndbox>
			<xmin>1884</xmin>
			<ymin>560</ymin>
			<xmax>1923</xmax>
			<ymax>596</ymax>
		</bndbox>
	</object>
	<object>
		<name>sp23</name>
		<pose>Unspecified</pose>
		<truncated>0</truncated>
		<difficult>0</difficult>
		<bndbox>
			<xmin>1418</xmin>
			<ymin>473</ymin>
			<xmax>1454</xmax>
			<ymax>507</ymax>
		</bndbox>
	</object>
	<object>
		<name>sp23</name>
		<pose>Unspecified</pose>
		<truncated>0</truncated>
		<difficult>0</difficult>
		<bndbox>
			<xmin>1480</xmin>
			<ymin>360</ymin>
			<xmax>1515</xmax>
			<ymax>393</ymax>
		</bndbox>
	</object>
	<object>
		<name>sp23</name>
		<pose>Unspecified</pose>
		<truncated>0</truncated>
		<difficult>0</difficult>
		<bndbox>
			<xmin>1537</xmin>
			<ymin>322</ymin>
			<xmax>1574</xmax>
			<ymax>357</ymax>
		</bndbox>
	</object>
	<object>
		<name>sp23</name>
		<pose>Unspecified</pose>
		<truncated>0</truncated>
		<difficult>0</difficult>
		<bndbox>
			<xmin>1728</xmin>
			<ymin>302</ymin>
			<xmax>1762</xmax>
			<ymax>335</ymax>
		</bndbox>
	</object>
	<object>
		<name>sp23</name>
		<pose>Unspecified</pose>
		<truncated>0</truncated>
		<difficult>0</difficult>
		<bndbox>
			<xmin>1598</xmin>
			<ymin>205</ymin>
			<xmax>1638</xmax>
			<ymax>245</ymax>
		</bndbox>
	</object>
	<object>
		<name>sp23</name>
		<pose>Unspecified</pose>
		<truncated>0</truncated>
		<difficult>0</difficult>
		<bndbox>
			<xmin>1642</xmin>
			<ymin>210</ymin>
			<xmax>1685</xmax>
			<ymax>248</ymax>
		</bndbox>
	</object>
	<object>
		<name>sp23</name>
		<pose>Unspecified</pose>
		<truncated>0</truncated>
		<difficult>0</difficult>
		<bndbox>
			<xmin>934</xmin>
			<ymin>34</ymin>
			<xmax>966</xmax>
			<ymax>64</ymax>
		</bndbox>
	</object>
	<object>
		<name>sp23</name>
		<pose>Unspecified</pose>
		<truncated>0</truncated>
		<difficult>0</difficult>
		<bndbox>
			<xmin>966</xmin>
			<ymin>35</ymin>
			<xmax>997</xmax>
			<ymax>62</ymax>
		</bndbox>
	</object>
	<object>
		<name>sp23</name>
		<pose>Unspecified</pose>
		<truncated>0</truncated>
		<difficult>0</difficult>
		<bndbox>
			<xmin>932</xmin>
			<ymin>105</ymin>
			<xmax>967</xmax>
			<ymax>138</ymax>
		</bndbox>
	</object>
	<object>
		<name>sp23</name>
		<pose>Unspecified</pose>
		<truncated>0</truncated>
		<difficult>0</difficult>
		<bndbox>
			<xmin>1116</xmin>
			<ymin>131</ymin>
			<xmax>1153</xmax>
			<ymax>161</ymax>
		</bndbox>
	</object>
	<object>
		<name>sp23</name>
		<pose>Unspecified</pose>
		<truncated>0</truncated>
		<difficult>0</difficult>
		<bndbox>
			<xmin>1147</xmin>
			<ymin>121</ymin>
			<xmax>1188</xmax>
			<ymax>165</ymax>
		</bndbox>
	</object>
	<object>
		<name>sp23</name>
		<pose>Unspecified</pose>
		<truncated>0</truncated>
		<difficult>0</difficult>
		<bndbox>
			<xmin>1210</xmin>
			<ymin>59</ymin>
			<xmax>1243</xmax>
			<ymax>95</ymax>
		</bndbox>
	</object>
	<object>
		<name>sp23</name>
		<pose>Unspecified</pose>
		<truncated>0</truncated>
		<difficult>0</difficult>
		<bndbox>
			<xmin>830</xmin>
			<ymin>107</ymin>
			<xmax>863</xmax>
			<ymax>139</ymax>
		</bndbox>
	</object>
	<object>
		<name>sp23</name>
		<pose>Unspecified</pose>
		<truncated>0</truncated>
		<difficult>0</difficult>
		<bndbox>
			<xmin>895</xmin>
			<ymin>86</ymin>
			<xmax>927</xmax>
			<ymax>118</ymax>
		</bndbox>
	</object>
	<object>
		<name>sp23</name>
		<pose>Unspecified</pose>
		<truncated>0</truncated>
		<difficult>0</difficult>
		<bndbox>
			<xmin>748</xmin>
			<ymin>118</ymin>
			<xmax>784</xmax>
			<ymax>142</ymax>
		</bndbox>
	</object>
	<object>
		<name>sp23</name>
		<pose>Unspecified</pose>
		<truncated>0</truncated>
		<difficult>0</difficult>
		<bndbox>
			<xmin>752</xmin>
			<ymin>98</ymin>
			<xmax>785</xmax>
			<ymax>122</ymax>
		</bndbox>
	</object>
	<object>
		<name>sp23</name>
		<pose>Unspecified</pose>
		<truncated>0</truncated>
		<difficult>0</difficult>
		<bndbox>
			<xmin>513</xmin>
			<ymin>203</ymin>
			<xmax>549</xmax>
			<ymax>234</ymax>
		</bndbox>
	</object>
	<object>
		<name>sp23</name>
		<pose>Unspecified</pose>
		<truncated>0</truncated>
		<difficult>0</difficult>
		<bndbox>
			<xmin>541</xmin>
			<ymin>191</ymin>
			<xmax>577</xmax>
			<ymax>231</ymax>
		</bndbox>
	</object>
	<object>
		<name>sp23</name>
		<pose>Unspecified</pose>
		<truncated>0</truncated>
		<difficult>0</difficult>
		<bndbox>
			<xmin>347</xmin>
			<ymin>343</ymin>
			<xmax>379</xmax>
			<ymax>376</ymax>
		</bndbox>
	</object>
	<object>
		<name>sp23</name>
		<pose>Unspecified</pose>
		<truncated>0</truncated>
		<difficult>0</difficult>
		<bndbox>
			<xmin>356</xmin>
			<ymin>403</ymin>
			<xmax>398</xmax>
			<ymax>441</ymax>
		</bndbox>
	</object>
	<object>
		<name>sp23</name>
		<pose>Unspecified</pose>
		<truncated>0</truncated>
		<difficult>0</difficult>
		<bndbox>
			<xmin>196</xmin>
			<ymin>494</ymin>
			<xmax>229</xmax>
			<ymax>523</ymax>
		</bndbox>
	</object>
	<object>
		<name>sp23</name>
		<pose>Unspecified</pose>
		<truncated>0</truncated>
		<difficult>0</difficult>
		<bndbox>
			<xmin>191</xmin>
			<ymin>518</ymin>
			<xmax>223</xmax>
			<ymax>544</ymax>
		</bndbox>
	</object>
	<object>
		<name>sp23</name>
		<pose>Unspecified</pose>
		<truncated>0</truncated>
		<difficult>0</difficult>
		<bndbox>
			<xmin>217</xmin>
			<ymin>510</ymin>
			<xmax>244</xmax>
			<ymax>543</ymax>
		</bndbox>
	</object>
	<object>
		<name>sp23</name>
		<pose>Unspecified</pose>
		<truncated>0</truncated>
		<difficult>0</difficult>
		<bndbox>
			<xmin>185</xmin>
			<ymin>546</ymin>
			<xmax>221</xmax>
			<ymax>577</ymax>
		</bndbox>
	</object>
	<object>
		<name>sp23</name>
		<pose>Unspecified</pose>
		<truncated>0</truncated>
		<difficult>0</difficult>
		<bndbox>
			<xmin>167</xmin>
			<ymin>595</ymin>
			<xmax>202</xmax>
			<ymax>629</ymax>
		</bndbox>
	</object>
	<object>
		<name>sp23</name>
		<pose>Unspecified</pose>
		<truncated>0</truncated>
		<difficult>0</difficult>
		<bndbox>
			<xmin>267</xmin>
			<ymin>853</ymin>
			<xmax>299</xmax>
			<ymax>886</ymax>
		</bndbox>
	</object>
	<object>
		<name>sp23</name>
		<pose>Unspecified</pose>
		<truncated>0</truncated>
		<difficult>0</difficult>
		<bndbox>
			<xmin>328</xmin>
			<ymin>889</ymin>
			<xmax>369</xmax>
			<ymax>926</ymax>
		</bndbox>
	</object>
	<object>
		<name>sp23</name>
		<pose>Unspecified</pose>
		<truncated>0</truncated>
		<difficult>0</difficult>
		<bndbox>
			<xmin>413</xmin>
			<ymin>872</ymin>
			<xmax>442</xmax>
			<ymax>900</ymax>
		</bndbox>
	</object>
	<object>
		<name>sp23</name>
		<pose>Unspecified</pose>
		<truncated>0</truncated>
		<difficult>0</difficult>
		<bndbox>
			<xmin>425</xmin>
			<ymin>889</ymin>
			<xmax>462</xmax>
			<ymax>922</ymax>
		</bndbox>
	</object>
	<object>
		<name>sp23</name>
		<pose>Unspecified</pose>
		<truncated>0</truncated>
		<difficult>0</difficult>
		<bndbox>
			<xmin>236</xmin>
			<ymin>883</ymin>
			<xmax>276</xmax>
			<ymax>917</ymax>
		</bndbox>
	</object>
	<object>
		<name>sp23</name>
		<pose>Unspecified</pose>
		<truncated>0</truncated>
		<difficult>0</difficult>
		<bndbox>
			<xmin>205</xmin>
			<ymin>877</ymin>
			<xmax>239</xmax>
			<ymax>908</ymax>
		</bndbox>
	</object>
	<object>
		<name>sp23</name>
		<pose>Unspecified</pose>
		<truncated>0</truncated>
		<difficult>0</difficult>
		<bndbox>
			<xmin>156</xmin>
			<ymin>873</ymin>
			<xmax>187</xmax>
			<ymax>900</ymax>
		</bndbox>
	</object>
	<object>
		<name>sp23</name>
		<pose>Unspecified</pose>
		<truncated>0</truncated>
		<difficult>0</difficult>
		<bndbox>
			<xmin>154</xmin>
			<ymin>929</ymin>
			<xmax>182</xmax>
			<ymax>959</ymax>
		</bndbox>
	</object>
	<object>
		<name>sp23</name>
		<pose>Unspecified</pose>
		<truncated>0</truncated>
		<difficult>0</difficult>
		<bndbox>
			<xmin>127</xmin>
			<ymin>958</ymin>
			<xmax>153</xmax>
			<ymax>981</ymax>
		</bndbox>
	</object>
	<object>
		<name>sp23</name>
		<pose>Unspecified</pose>
		<truncated>0</truncated>
		<difficult>0</difficult>
		<bndbox>
			<xmin>185</xmin>
			<ymin>971</ymin>
			<xmax>218</xmax>
			<ymax>1003</ymax>
		</bndbox>
	</object>
	<object>
		<name>sp23</name>
		<pose>Unspecified</pose>
		<truncated>0</truncated>
		<difficult>0</difficult>
		<bndbox>
			<xmin>239</xmin>
			<ymin>989</ymin>
			<xmax>272</xmax>
			<ymax>1018</ymax>
		</bndbox>
	</object>
	<object>
		<name>sp23</name>
		<pose>Unspecified</pose>
		<truncated>0</truncated>
		<difficult>0</difficult>
		<bndbox>
			<xmin>249</xmin>
			<ymin>1017</ymin>
			<xmax>278</xmax>
			<ymax>1050</ymax>
		</bndbox>
	</object>
	<object>
		<name>sp23</name>
		<pose>Unspecified</pose>
		<truncated>0</truncated>
		<difficult>0</difficult>
		<bndbox>
			<xmin>281</xmin>
			<ymin>1011</ymin>
			<xmax>321</xmax>
			<ymax>1049</ymax>
		</bndbox>
	</object>
	<object>
		<name>sp23</name>
		<pose>Unspecified</pose>
		<truncated>0</truncated>
		<difficult>0</difficult>
		<bndbox>
			<xmin>309</xmin>
			<ymin>1074</ymin>
			<xmax>331</xmax>
			<ymax>1099</ymax>
		</bndbox>
	</object>
	<object>
		<name>sp23</name>
		<pose>Unspecified</pose>
		<truncated>0</truncated>
		<difficult>0</difficult>
		<bndbox>
			<xmin>354</xmin>
			<ymin>1079</ymin>
			<xmax>383</xmax>
			<ymax>1107</ymax>
		</bndbox>
	</object>
	<object>
		<name>sp23</name>
		<pose>Unspecified</pose>
		<truncated>0</truncated>
		<difficult>0</difficult>
		<bndbox>
			<xmin>450</xmin>
			<ymin>1051</ymin>
			<xmax>490</xmax>
			<ymax>1088</ymax>
		</bndbox>
	</object>
	<object>
		<name>sp23</name>
		<pose>Unspecified</pose>
		<truncated>0</truncated>
		<difficult>0</difficult>
		<bndbox>
			<xmin>768</xmin>
			<ymin>1528</ymin>
			<xmax>796</xmax>
			<ymax>1554</ymax>
		</bndbox>
	</object>
	<object>
		<name>sp23</name>
		<pose>Unspecified</pose>
		<truncated>0</truncated>
		<difficult>0</difficult>
		<bndbox>
			<xmin>764</xmin>
			<ymin>1553</ymin>
			<xmax>787</xmax>
			<ymax>1574</ymax>
		</bndbox>
	</object>
	<object>
		<name>sp23</name>
		<pose>Unspecified</pose>
		<truncated>0</truncated>
		<difficult>0</difficult>
		<bndbox>
			<xmin>899</xmin>
			<ymin>1516</ymin>
			<xmax>927</xmax>
			<ymax>1541</ymax>
		</bndbox>
	</object>
	<object>
		<name>sp23</name>
		<pose>Unspecified</pose>
		<truncated>0</truncated>
		<difficult>0</difficult>
		<bndbox>
			<xmin>865</xmin>
			<ymin>1568</ymin>
			<xmax>885</xmax>
			<ymax>1592</ymax>
		</bndbox>
	</object>
	<object>
		<name>sp23</name>
		<pose>Unspecified</pose>
		<truncated>0</truncated>
		<difficult>0</difficult>
		<bndbox>
			<xmin>895</xmin>
			<ymin>1568</ymin>
			<xmax>914</xmax>
			<ymax>1584</ymax>
		</bndbox>
	</object>
	<object>
		<name>sp23</name>
		<pose>Unspecified</pose>
		<truncated>0</truncated>
		<difficult>0</difficult>
		<bndbox>
			<xmin>955</xmin>
			<ymin>1536</ymin>
			<xmax>984</xmax>
			<ymax>1563</ymax>
		</bndbox>
	</object>
	<object>
		<name>sp23</name>
		<pose>Unspecified</pose>
		<truncated>0</truncated>
		<difficult>0</difficult>
		<bndbox>
			<xmin>910</xmin>
			<ymin>1449</ymin>
			<xmax>937</xmax>
			<ymax>1478</ymax>
		</bndbox>
	</object>
	<object>
		<name>sp23</name>
		<pose>Unspecified</pose>
		<truncated>0</truncated>
		<difficult>0</difficult>
		<bndbox>
			<xmin>967</xmin>
			<ymin>1463</ymin>
			<xmax>997</xmax>
			<ymax>1492</ymax>
		</bndbox>
	</object>
	<object>
		<name>sp23</name>
		<pose>Unspecified</pose>
		<truncated>0</truncated>
		<difficult>0</difficult>
		<bndbox>
			<xmin>1006</xmin>
			<ymin>1464</ymin>
			<xmax>1035</xmax>
			<ymax>1493</ymax>
		</bndbox>
	</object>
	<object>
		<name>sp23</name>
		<pose>Unspecified</pose>
		<truncated>0</truncated>
		<difficult>0</difficult>
		<bndbox>
			<xmin>1044</xmin>
			<ymin>1541</ymin>
			<xmax>1076</xmax>
			<ymax>1571</ymax>
		</bndbox>
	</object>
	<object>
		<name>sp23</name>
		<pose>Unspecified</pose>
		<truncated>0</truncated>
		<difficult>0</difficult>
		<bndbox>
			<xmin>974</xmin>
			<ymin>1590</ymin>
			<xmax>1000</xmax>
			<ymax>1613</ymax>
		</bndbox>
	</object>
	<object>
		<name>sp23</name>
		<pose>Unspecified</pose>
		<truncated>0</truncated>
		<difficult>0</difficult>
		<bndbox>
			<xmin>1009</xmin>
			<ymin>1590</ymin>
			<xmax>1039</xmax>
			<ymax>1619</ymax>
		</bndbox>
	</object>
	<object>
		<name>sp23</name>
		<pose>Unspecified</pose>
		<truncated>0</truncated>
		<difficult>0</difficult>
		<bndbox>
			<xmin>970</xmin>
			<ymin>1395</ymin>
			<xmax>1007</xmax>
			<ymax>1421</ymax>
		</bndbox>
	</object>
	<object>
		<name>sp23</name>
		<pose>Unspecified</pose>
		<truncated>0</truncated>
		<difficult>0</difficult>
		<bndbox>
			<xmin>998</xmin>
			<ymin>1412</ymin>
			<xmax>1030</xmax>
			<ymax>1442</ymax>
		</bndbox>
	</object>
	<object>
		<name>sp23</name>
		<pose>Unspecified</pose>
		<truncated>0</truncated>
		<difficult>0</difficult>
		<bndbox>
			<xmin>751</xmin>
			<ymin>1278</ymin>
			<xmax>786</xmax>
			<ymax>1309</ymax>
		</bndbox>
	</object>
	<object>
		<name>sp23</name>
		<pose>Unspecified</pose>
		<truncated>0</truncated>
		<difficult>0</difficult>
		<bndbox>
			<xmin>824</xmin>
			<ymin>1292</ymin>
			<xmax>858</xmax>
			<ymax>1321</ymax>
		</bndbox>
	</object>
	<object>
		<name>sp23</name>
		<pose>Unspecified</pose>
		<truncated>0</truncated>
		<difficult>0</difficult>
		<bndbox>
			<xmin>723</xmin>
			<ymin>1385</ymin>
			<xmax>751</xmax>
			<ymax>1416</ymax>
		</bndbox>
	</object>
	<object>
		<name>sp23</name>
		<pose>Unspecified</pose>
		<truncated>0</truncated>
		<difficult>0</difficult>
		<bndbox>
			<xmin>764</xmin>
			<ymin>1383</ymin>
			<xmax>790</xmax>
			<ymax>1409</ymax>
		</bndbox>
	</object>
	<object>
		<name>sp23</name>
		<pose>Unspecified</pose>
		<truncated>0</truncated>
		<difficult>0</difficult>
		<bndbox>
			<xmin>797</xmin>
			<ymin>1383</ymin>
			<xmax>824</xmax>
			<ymax>1408</ymax>
		</bndbox>
	</object>
	<object>
		<name>sp23</name>
		<pose>Unspecified</pose>
		<truncated>0</truncated>
		<difficult>0</difficult>
		<bndbox>
			<xmin>830</xmin>
			<ymin>1363</ymin>
			<xmax>862</xmax>
			<ymax>1389</ymax>
		</bndbox>
	</object>
	<object>
		<name>sp23</name>
		<pose>Unspecified</pose>
		<truncated>0</truncated>
		<difficult>0</difficult>
		<bndbox>
			<xmin>1021</xmin>
			<ymin>1378</ymin>
			<xmax>1058</xmax>
			<ymax>1408</ymax>
		</bndbox>
	</object>
	<object>
		<name>sp23</name>
		<pose>Unspecified</pose>
		<truncated>0</truncated>
		<difficult>0</difficult>
		<bndbox>
			<xmin>988</xmin>
			<ymin>1251</ymin>
			<xmax>1024</xmax>
			<ymax>1281</ymax>
		</bndbox>
	</object>
	<object>
		<name>sp23</name>
		<pose>Unspecified</pose>
		<truncated>0</truncated>
		<difficult>0</difficult>
		<bndbox>
			<xmin>1159</xmin>
			<ymin>1379</ymin>
			<xmax>1190</xmax>
			<ymax>1407</ymax>
		</bndbox>
	</object>
	<object>
		<name>sp23</name>
		<pose>Unspecified</pose>
		<truncated>0</truncated>
		<difficult>0</difficult>
		<bndbox>
			<xmin>1222</xmin>
			<ymin>1465</ymin>
			<xmax>1254</xmax>
			<ymax>1499</ymax>
		</bndbox>
	</object>
	<object>
		<name>sp23</name>
		<pose>Unspecified</pose>
		<truncated>0</truncated>
		<difficult>0</difficult>
		<bndbox>
			<xmin>731</xmin>
			<ymin>958</ymin>
			<xmax>765</xmax>
			<ymax>992</ymax>
		</bndbox>
	</object>
	<object>
		<name>sp23</name>
		<pose>Unspecified</pose>
		<truncated>0</truncated>
		<difficult>0</difficult>
		<bndbox>
			<xmin>787</xmin>
			<ymin>928</ymin>
			<xmax>819</xmax>
			<ymax>960</ymax>
		</bndbox>
	</object>
	<object>
		<name>sp23</name>
		<pose>Unspecified</pose>
		<truncated>0</truncated>
		<difficult>0</difficult>
		<bndbox>
			<xmin>832</xmin>
			<ymin>1049</ymin>
			<xmax>871</xmax>
			<ymax>1083</ymax>
		</bndbox>
	</object>
	<object>
		<name>sp23</name>
		<pose>Unspecified</pose>
		<truncated>0</truncated>
		<difficult>0</difficult>
		<bndbox>
			<xmin>1021</xmin>
			<ymin>952</ymin>
			<xmax>1049</xmax>
			<ymax>983</ymax>
		</bndbox>
	</object>
	<object>
		<name>sp23</name>
		<pose>Unspecified</pose>
		<truncated>0</truncated>
		<difficult>0</difficult>
		<bndbox>
			<xmin>1131</xmin>
			<ymin>1029</ymin>
			<xmax>1172</xmax>
			<ymax>1068</ymax>
		</bndbox>
	</object>
	<object>
		<name>sp23</name>
		<pose>Unspecified</pose>
		<truncated>0</truncated>
		<difficult>0</difficult>
		<bndbox>
			<xmin>1048</xmin>
			<ymin>906</ymin>
			<xmax>1082</xmax>
			<ymax>939</ymax>
		</bndbox>
	</object>
	<object>
		<name>sp23</name>
		<pose>Unspecified</pose>
		<truncated>0</truncated>
		<difficult>0</difficult>
		<bndbox>
			<xmin>1018</xmin>
			<ymin>792</ymin>
			<xmax>1058</xmax>
			<ymax>826</ymax>
		</bndbox>
	</object>
	<object>
		<name>sp23</name>
		<pose>Unspecified</pose>
		<truncated>0</truncated>
		<difficult>0</difficult>
		<bndbox>
			<xmin>1119</xmin>
			<ymin>796</ymin>
			<xmax>1157</xmax>
			<ymax>830</ymax>
		</bndbox>
	</object>
	<object>
		<name>sp23</name>
		<pose>Unspecified</pose>
		<truncated>0</truncated>
		<difficult>0</difficult>
		<bndbox>
			<xmin>1088</xmin>
			<ymin>863</ymin>
			<xmax>1121</xmax>
			<ymax>896</ymax>
		</bndbox>
	</object>
	<object>
		<name>sp23</name>
		<pose>Unspecified</pose>
		<truncated>0</truncated>
		<difficult>0</difficult>
		<bndbox>
			<xmin>1031</xmin>
			<ymin>874</ymin>
			<xmax>1069</xmax>
			<ymax>911</ymax>
		</bndbox>
	</object>
	<object>
		<name>sp23</name>
		<pose>Unspecified</pose>
		<truncated>0</truncated>
		<difficult>0</difficult>
		<bndbox>
			<xmin>1314</xmin>
			<ymin>711</ymin>
			<xmax>1347</xmax>
			<ymax>742</ymax>
		</bndbox>
	</object>
	<object>
		<name>sp23</name>
		<pose>Unspecified</pose>
		<truncated>0</truncated>
		<difficult>0</difficult>
		<bndbox>
			<xmin>945</xmin>
			<ymin>654</ymin>
			<xmax>977</xmax>
			<ymax>686</ymax>
		</bndbox>
	</object>
	<object>
		<name>sp23</name>
		<pose>Unspecified</pose>
		<truncated>0</truncated>
		<difficult>0</difficult>
		<bndbox>
			<xmin>1115</xmin>
			<ymin>682</ymin>
			<xmax>1150</xmax>
			<ymax>714</ymax>
		</bndbox>
	</object>
	<object>
		<name>sp23</name>
		<pose>Unspecified</pose>
		<truncated>0</truncated>
		<difficult>0</difficult>
		<bndbox>
			<xmin>566</xmin>
			<ymin>637</ymin>
			<xmax>603</xmax>
			<ymax>665</ymax>
		</bndbox>
	</object>
	<object>
		<name>sp23</name>
		<pose>Unspecified</pose>
		<truncated>0</truncated>
		<difficult>0</difficult>
		<bndbox>
			<xmin>739</xmin>
			<ymin>631</ymin>
			<xmax>769</xmax>
			<ymax>659</ymax>
		</bndbox>
	</object>
	<object>
		<name>sp23</name>
		<pose>Unspecified</pose>
		<truncated>0</truncated>
		<difficult>0</difficult>
		<bndbox>
			<xmin>762</xmin>
			<ymin>680</ymin>
			<xmax>798</xmax>
			<ymax>713</ymax>
		</bndbox>
	</object>
	<object>
		<name>sp23</name>
		<pose>Unspecified</pose>
		<truncated>0</truncated>
		<difficult>0</difficult>
		<bndbox>
			<xmin>767</xmin>
			<ymin>736</ymin>
			<xmax>802</xmax>
			<ymax>772</ymax>
		</bndbox>
	</object>
	<object>
		<name>sp23</name>
		<pose>Unspecified</pose>
		<truncated>0</truncated>
		<difficult>0</difficult>
		<bndbox>
			<xmin>785</xmin>
			<ymin>766</ymin>
			<xmax>817</xmax>
			<ymax>796</ymax>
		</bndbox>
	</object>
	<object>
		<name>sp23</name>
		<pose>Unspecified</pose>
		<truncated>0</truncated>
		<difficult>0</difficult>
		<bndbox>
			<xmin>895</xmin>
			<ymin>778</ymin>
			<xmax>923</xmax>
			<ymax>807</ymax>
		</bndbox>
	</object>
	<object>
		<name>sp23</name>
		<pose>Unspecified</pose>
		<truncated>0</truncated>
		<difficult>0</difficult>
		<bndbox>
			<xmin>684</xmin>
			<ymin>842</ymin>
			<xmax>718</xmax>
			<ymax>875</ymax>
		</bndbox>
	</object>
	<object>
		<name>sp23</name>
		<pose>Unspecified</pose>
		<truncated>0</truncated>
		<difficult>0</difficult>
		<bndbox>
			<xmin>660</xmin>
			<ymin>469</ymin>
			<xmax>696</xmax>
			<ymax>504</ymax>
		</bndbox>
	</object>
	<object>
		<name>sp23</name>
		<pose>Unspecified</pose>
		<truncated>0</truncated>
		<difficult>0</difficult>
		<bndbox>
			<xmin>897</xmin>
			<ymin>506</ymin>
			<xmax>933</xmax>
			<ymax>535</ymax>
		</bndbox>
	</object>
	<object>
		<name>sp23</name>
		<pose>Unspecified</pose>
		<truncated>0</truncated>
		<difficult>0</difficult>
		<bndbox>
			<xmin>926</xmin>
			<ymin>528</ymin>
			<xmax>960</xmax>
			<ymax>558</ymax>
		</bndbox>
	</object>
	<object>
		<name>sp23</name>
		<pose>Unspecified</pose>
		<truncated>0</truncated>
		<difficult>0</difficult>
		<bndbox>
			<xmin>959</xmin>
			<ymin>478</ymin>
			<xmax>989</xmax>
			<ymax>504</ymax>
		</bndbox>
	</object>
	<object>
		<name>sp23</name>
		<pose>Unspecified</pose>
		<truncated>0</truncated>
		<difficult>0</difficult>
		<bndbox>
			<xmin>959</xmin>
			<ymin>455</ymin>
			<xmax>985</xmax>
			<ymax>481</ymax>
		</bndbox>
	</object>
	<object>
		<name>sp23</name>
		<pose>Unspecified</pose>
		<truncated>0</truncated>
		<difficult>0</difficult>
		<bndbox>
			<xmin>1175</xmin>
			<ymin>282</ymin>
			<xmax>1216</xmax>
			<ymax>318</ymax>
		</bndbox>
	</object>
	<object>
		<name>sp23</name>
		<pose>Unspecified</pose>
		<truncated>0</truncated>
		<difficult>0</difficult>
		<bndbox>
			<xmin>1147</xmin>
			<ymin>449</ymin>
			<xmax>1184</xmax>
			<ymax>488</ymax>
		</bndbox>
	</object>
	<object>
		<name>sp23</name>
		<pose>Unspecified</pose>
		<truncated>0</truncated>
		<difficult>0</difficult>
		<bndbox>
			<xmin>1199</xmin>
			<ymin>494</ymin>
			<xmax>1239</xmax>
			<ymax>527</ymax>
		</bndbox>
	</object>
	<object>
		<name>sp23</name>
		<pose>Unspecified</pose>
		<truncated>0</truncated>
		<difficult>0</difficult>
		<bndbox>
			<xmin>1252</xmin>
			<ymin>1593</ymin>
			<xmax>1286</xmax>
			<ymax>1626</ymax>
		</bndbox>
	</object>
	<object>
		<name>sp23</name>
		<pose>Unspecified</pose>
		<truncated>0</truncated>
		<difficult>0</difficult>
		<bndbox>
			<xmin>1543</xmin>
			<ymin>1469</ymin>
			<xmax>1575</xmax>
			<ymax>1500</ymax>
		</bndbox>
	</object>
	<object>
		<name>sp23</name>
		<pose>Unspecified</pose>
		<truncated>0</truncated>
		<difficult>0</difficult>
		<bndbox>
			<xmin>1524</xmin>
			<ymin>1546</ymin>
			<xmax>1558</xmax>
			<ymax>1575</ymax>
		</bndbox>
	</object>
	<object>
		<name>sp23</name>
		<pose>Unspecified</pose>
		<truncated>0</truncated>
		<difficult>0</difficult>
		<bndbox>
			<xmin>1549</xmin>
			<ymin>1563</ymin>
			<xmax>1586</xmax>
			<ymax>1597</ymax>
		</bndbox>
	</object>
	<object>
		<name>sp23</name>
		<pose>Unspecified</pose>
		<truncated>0</truncated>
		<difficult>0</difficult>
		<bndbox>
			<xmin>72</xmin>
			<ymin>740</ymin>
			<xmax>112</xmax>
			<ymax>786</ymax>
		</bndbox>
	</object>
	<object>
		<name>sp23</name>
		<pose>Unspecified</pose>
		<truncated>0</truncated>
		<difficult>0</difficult>
		<bndbox>
			<xmin>81</xmin>
			<ymin>783</ymin>
			<xmax>146</xmax>
			<ymax>823</ymax>
		</bndbox>
	</object>
</annotation>