<annotation>
	<folder>my-project-name</folder>
	<filename>sp23_img11.jpg</filename>
	<path>/my-project-name/sp23_img11.jpg</path>
	<source>
		<database>Unspecified</database>
	</source>
	<size>
		<width>2231</width>
		<height>2213</height>
		<depth>3</depth>
	</size>
	<object>
		<name>sp23</name>
		<pose>Unspecified</pose>
		<truncated>0</truncated>
		<difficult>0</difficult>
		<bndbox>
			<xmin>1970</xmin>
			<ymin>1568</ymin>
			<xmax>1990</xmax>
			<ymax>1584</ymax>
		</bndbox>
	</object>
	<object>
		<name>sp23</name>
		<pose>Unspecified</pose>
		<truncated>0</truncated>
		<difficult>0</difficult>
		<bndbox>
			<xmin>1993</xmin>
			<ymin>1569</ymin>
			<xmax>2010</xmax>
			<ymax>1589</ymax>
		</bndbox>
	</object>
	<object>
		<name>sp23</name>
		<pose>Unspecified</pose>
		<truncated>0</truncated>
		<difficult>0</difficult>
		<bndbox>
			<xmin>1985</xmin>
			<ymin>1553</ymin>
			<xmax>2004</xmax>
			<ymax>1571</ymax>
		</bndbox>
	</object>
	<object>
		<name>sp23</name>
		<pose>Unspecified</pose>
		<truncated>0</truncated>
		<difficult>0</difficult>
		<bndbox>
			<xmin>1964</xmin>
			<ymin>1550</ymin>
			<xmax>1983</xmax>
			<ymax>1569</ymax>
		</bndbox>
	</object>
	<object>
		<name>sp23</name>
		<pose>Unspecified</pose>
		<truncated>0</truncated>
		<difficult>0</difficult>
		<bndbox>
			<xmin>255</xmin>
			<ymin>473</ymin>
			<xmax>283</xmax>
			<ymax>513</ymax>
		</bndbox>
	</object>
	<object>
		<name>sp23</name>
		<pose>Unspecified</pose>
		<truncated>0</truncated>
		<difficult>0</difficult>
		<bndbox>
			<xmin>209</xmin>
			<ymin>536</ymin>
			<xmax>240</xmax>
			<ymax>578</ymax>
		</bndbox>
	</object>
	<object>
		<name>sp23</name>
		<pose>Unspecified</pose>
		<truncated>0</truncated>
		<difficult>0</difficult>
		<bndbox>
			<xmin>240</xmin>
			<ymin>675</ymin>
			<xmax>272</xmax>
			<ymax>713</ymax>
		</bndbox>
	</object>
	<object>
		<name>sp23</name>
		<pose>Unspecified</pose>
		<truncated>0</truncated>
		<difficult>0</difficult>
		<bndbox>
			<xmin>154</xmin>
			<ymin>838</ymin>
			<xmax>179</xmax>
			<ymax>871</ymax>
		</bndbox>
	</object>
	<object>
		<name>sp23</name>
		<pose>Unspecified</pose>
		<truncated>0</truncated>
		<difficult>0</difficult>
		<bndbox>
			<xmin>135</xmin>
			<ymin>832</ymin>
			<xmax>153</xmax>
			<ymax>868</ymax>
		</bndbox>
	</object>
	<object>
		<name>sp23</name>
		<pose>Unspecified</pose>
		<truncated>0</truncated>
		<difficult>0</difficult>
		<bndbox>
			<xmin>92</xmin>
			<ymin>838</ymin>
			<xmax>121</xmax>
			<ymax>866</ymax>
		</bndbox>
	</object>
	<object>
		<name>sp23</name>
		<pose>Unspecified</pose>
		<truncated>0</truncated>
		<difficult>0</difficult>
		<bndbox>
			<xmin>907</xmin>
			<ymin>1342</ymin>
			<xmax>954</xmax>
			<ymax>1385</ymax>
		</bndbox>
	</object>
	<object>
		<name>sp23</name>
		<pose>Unspecified</pose>
		<truncated>0</truncated>
		<difficult>0</difficult>
		<bndbox>
			<xmin>867</xmin>
			<ymin>1363</ymin>
			<xmax>903</xmax>
			<ymax>1406</ymax>
		</bndbox>
	</object>
	<object>
		<name>sp23</name>
		<pose>Unspecified</pose>
		<truncated>0</truncated>
		<difficult>0</difficult>
		<bndbox>
			<xmin>759</xmin>
			<ymin>1501</ymin>
			<xmax>790</xmax>
			<ymax>1527</ymax>
		</bndbox>
	</object>
	<object>
		<name>sp23</name>
		<pose>Unspecified</pose>
		<truncated>0</truncated>
		<difficult>0</difficult>
		<bndbox>
			<xmin>791</xmin>
			<ymin>1522</ymin>
			<xmax>830</xmax>
			<ymax>1551</ymax>
		</bndbox>
	</object>
	<object>
		<name>sp23</name>
		<pose>Unspecified</pose>
		<truncated>0</truncated>
		<difficult>0</difficult>
		<bndbox>
			<xmin>845</xmin>
			<ymin>1495</ymin>
			<xmax>877</xmax>
			<ymax>1525</ymax>
		</bndbox>
	</object>
	<object>
		<name>sp23</name>
		<pose>Unspecified</pose>
		<truncated>0</truncated>
		<difficult>0</difficult>
		<bndbox>
			<xmin>716</xmin>
			<ymin>1563</ymin>
			<xmax>745</xmax>
			<ymax>1588</ymax>
		</bndbox>
	</object>
	<object>
		<name>sp23</name>
		<pose>Unspecified</pose>
		<truncated>0</truncated>
		<difficult>0</difficult>
		<bndbox>
			<xmin>684</xmin>
			<ymin>1574</ymin>
			<xmax>716</xmax>
			<ymax>1605</ymax>
		</bndbox>
	</object>
	<object>
		<name>sp23</name>
		<pose>Unspecified</pose>
		<truncated>0</truncated>
		<difficult>0</difficult>
		<bndbox>
			<xmin>602</xmin>
			<ymin>1591</ymin>
			<xmax>640</xmax>
			<ymax>1620</ymax>
		</bndbox>
	</object>
	<object>
		<name>sp23</name>
		<pose>Unspecified</pose>
		<truncated>0</truncated>
		<difficult>0</difficult>
		<bndbox>
			<xmin>629</xmin>
			<ymin>1610</ymin>
			<xmax>663</xmax>
			<ymax>1639</ymax>
		</bndbox>
	</object>
	<object>
		<name>sp23</name>
		<pose>Unspecified</pose>
		<truncated>0</truncated>
		<difficult>0</difficult>
		<bndbox>
			<xmin>770</xmin>
			<ymin>1615</ymin>
			<xmax>803</xmax>
			<ymax>1643</ymax>
		</bndbox>
	</object>
	<object>
		<name>sp23</name>
		<pose>Unspecified</pose>
		<truncated>0</truncated>
		<difficult>0</difficult>
		<bndbox>
			<xmin>823</xmin>
			<ymin>1597</ymin>
			<xmax>861</xmax>
			<ymax>1627</ymax>
		</bndbox>
	</object>
	<object>
		<name>sp23</name>
		<pose>Unspecified</pose>
		<truncated>0</truncated>
		<difficult>0</difficult>
		<bndbox>
			<xmin>615</xmin>
			<ymin>1493</ymin>
			<xmax>649</xmax>
			<ymax>1520</ymax>
		</bndbox>
	</object>
	<object>
		<name>sp23</name>
		<pose>Unspecified</pose>
		<truncated>0</truncated>
		<difficult>0</difficult>
		<bndbox>
			<xmin>566</xmin>
			<ymin>1459</ymin>
			<xmax>602</xmax>
			<ymax>1485</ymax>
		</bndbox>
	</object>
	<object>
		<name>sp23</name>
		<pose>Unspecified</pose>
		<truncated>0</truncated>
		<difficult>0</difficult>
		<bndbox>
			<xmin>381</xmin>
			<ymin>1510</ymin>
			<xmax>417</xmax>
			<ymax>1542</ymax>
		</bndbox>
	</object>
	<object>
		<name>sp23</name>
		<pose>Unspecified</pose>
		<truncated>0</truncated>
		<difficult>0</difficult>
		<bndbox>
			<xmin>431</xmin>
			<ymin>1525</ymin>
			<xmax>471</xmax>
			<ymax>1561</ymax>
		</bndbox>
	</object>
	<object>
		<name>sp23</name>
		<pose>Unspecified</pose>
		<truncated>0</truncated>
		<difficult>0</difficult>
		<bndbox>
			<xmin>530</xmin>
			<ymin>1536</ymin>
			<xmax>566</xmax>
			<ymax>1568</ymax>
		</bndbox>
	</object>
	<object>
		<name>sp23</name>
		<pose>Unspecified</pose>
		<truncated>0</truncated>
		<difficult>0</difficult>
		<bndbox>
			<xmin>446</xmin>
			<ymin>1599</ymin>
			<xmax>484</xmax>
			<ymax>1634</ymax>
		</bndbox>
	</object>
	<object>
		<name>sp23</name>
		<pose>Unspecified</pose>
		<truncated>0</truncated>
		<difficult>0</difficult>
		<bndbox>
			<xmin>447</xmin>
			<ymin>1660</ymin>
			<xmax>483</xmax>
			<ymax>1694</ymax>
		</bndbox>
	</object>
	<object>
		<name>sp23</name>
		<pose>Unspecified</pose>
		<truncated>0</truncated>
		<difficult>0</difficult>
		<bndbox>
			<xmin>258</xmin>
			<ymin>1472</ymin>
			<xmax>293</xmax>
			<ymax>1501</ymax>
		</bndbox>
	</object>
	<object>
		<name>sp23</name>
		<pose>Unspecified</pose>
		<truncated>0</truncated>
		<difficult>0</difficult>
		<bndbox>
			<xmin>251</xmin>
			<ymin>1495</ymin>
			<xmax>286</xmax>
			<ymax>1523</ymax>
		</bndbox>
	</object>
	<object>
		<name>sp23</name>
		<pose>Unspecified</pose>
		<truncated>0</truncated>
		<difficult>0</difficult>
		<bndbox>
			<xmin>303</xmin>
			<ymin>1526</ymin>
			<xmax>334</xmax>
			<ymax>1554</ymax>
		</bndbox>
	</object>
	<object>
		<name>sp23</name>
		<pose>Unspecified</pose>
		<truncated>0</truncated>
		<difficult>0</difficult>
		<bndbox>
			<xmin>331</xmin>
			<ymin>1512</ymin>
			<xmax>363</xmax>
			<ymax>1544</ymax>
		</bndbox>
	</object>
	<object>
		<name>sp23</name>
		<pose>Unspecified</pose>
		<truncated>0</truncated>
		<difficult>0</difficult>
		<bndbox>
			<xmin>312</xmin>
			<ymin>1562</ymin>
			<xmax>351</xmax>
			<ymax>1598</ymax>
		</bndbox>
	</object>
	<object>
		<name>sp23</name>
		<pose>Unspecified</pose>
		<truncated>0</truncated>
		<difficult>0</difficult>
		<bndbox>
			<xmin>363</xmin>
			<ymin>1662</ymin>
			<xmax>402</xmax>
			<ymax>1693</ymax>
		</bndbox>
	</object>
	<object>
		<name>sp23</name>
		<pose>Unspecified</pose>
		<truncated>0</truncated>
		<difficult>0</difficult>
		<bndbox>
			<xmin>360</xmin>
			<ymin>1713</ymin>
			<xmax>396</xmax>
			<ymax>1744</ymax>
		</bndbox>
	</object>
	<object>
		<name>sp23</name>
		<pose>Unspecified</pose>
		<truncated>0</truncated>
		<difficult>0</difficult>
		<bndbox>
			<xmin>438</xmin>
			<ymin>1771</ymin>
			<xmax>472</xmax>
			<ymax>1802</ymax>
		</bndbox>
	</object>
	<object>
		<name>sp23</name>
		<pose>Unspecified</pose>
		<truncated>0</truncated>
		<difficult>0</difficult>
		<bndbox>
			<xmin>463</xmin>
			<ymin>1817</ymin>
			<xmax>491</xmax>
			<ymax>1848</ymax>
		</bndbox>
	</object>
	<object>
		<name>sp23</name>
		<pose>Unspecified</pose>
		<truncated>0</truncated>
		<difficult>0</difficult>
		<bndbox>
			<xmin>490</xmin>
			<ymin>1823</ymin>
			<xmax>522</xmax>
			<ymax>1854</ymax>
		</bndbox>
	</object>
	<object>
		<name>sp23</name>
		<pose>Unspecified</pose>
		<truncated>0</truncated>
		<difficult>0</difficult>
		<bndbox>
			<xmin>666</xmin>
			<ymin>1679</ymin>
			<xmax>698</xmax>
			<ymax>1717</ymax>
		</bndbox>
	</object>
	<object>
		<name>sp23</name>
		<pose>Unspecified</pose>
		<truncated>0</truncated>
		<difficult>0</difficult>
		<bndbox>
			<xmin>623</xmin>
			<ymin>1813</ymin>
			<xmax>658</xmax>
			<ymax>1847</ymax>
		</bndbox>
	</object>
	<object>
		<name>sp23</name>
		<pose>Unspecified</pose>
		<truncated>0</truncated>
		<difficult>0</difficult>
		<bndbox>
			<xmin>464</xmin>
			<ymin>1893</ymin>
			<xmax>502</xmax>
			<ymax>1932</ymax>
		</bndbox>
	</object>
	<object>
		<name>sp23</name>
		<pose>Unspecified</pose>
		<truncated>0</truncated>
		<difficult>0</difficult>
		<bndbox>
			<xmin>604</xmin>
			<ymin>1899</ymin>
			<xmax>630</xmax>
			<ymax>1927</ymax>
		</bndbox>
	</object>
	<object>
		<name>sp23</name>
		<pose>Unspecified</pose>
		<truncated>0</truncated>
		<difficult>0</difficult>
		<bndbox>
			<xmin>624</xmin>
			<ymin>1907</ymin>
			<xmax>649</xmax>
			<ymax>1935</ymax>
		</bndbox>
	</object>
	<object>
		<name>sp23</name>
		<pose>Unspecified</pose>
		<truncated>0</truncated>
		<difficult>0</difficult>
		<bndbox>
			<xmin>609</xmin>
			<ymin>1934</ymin>
			<xmax>641</xmax>
			<ymax>1966</ymax>
		</bndbox>
	</object>
	<object>
		<name>sp23</name>
		<pose>Unspecified</pose>
		<truncated>0</truncated>
		<difficult>0</difficult>
		<bndbox>
			<xmin>585</xmin>
			<ymin>1975</ymin>
			<xmax>618</xmax>
			<ymax>2008</ymax>
		</bndbox>
	</object>
	<object>
		<name>sp23</name>
		<pose>Unspecified</pose>
		<truncated>0</truncated>
		<difficult>0</difficult>
		<bndbox>
			<xmin>633</xmin>
			<ymin>1976</ymin>
			<xmax>674</xmax>
			<ymax>2012</ymax>
		</bndbox>
	</object>
	<object>
		<name>sp23</name>
		<pose>Unspecified</pose>
		<truncated>0</truncated>
		<difficult>0</difficult>
		<bndbox>
			<xmin>688</xmin>
			<ymin>1886</ymin>
			<xmax>719</xmax>
			<ymax>1918</ymax>
		</bndbox>
	</object>
	<object>
		<name>sp23</name>
		<pose>Unspecified</pose>
		<truncated>0</truncated>
		<difficult>0</difficult>
		<bndbox>
			<xmin>717</xmin>
			<ymin>1857</ymin>
			<xmax>743</xmax>
			<ymax>1887</ymax>
		</bndbox>
	</object>
	<object>
		<name>sp23</name>
		<pose>Unspecified</pose>
		<truncated>0</truncated>
		<difficult>0</difficult>
		<bndbox>
			<xmin>741</xmin>
			<ymin>1846</ymin>
			<xmax>770</xmax>
			<ymax>1876</ymax>
		</bndbox>
	</object>
	<object>
		<name>sp23</name>
		<pose>Unspecified</pose>
		<truncated>0</truncated>
		<difficult>0</difficult>
		<bndbox>
			<xmin>739</xmin>
			<ymin>1812</ymin>
			<xmax>766</xmax>
			<ymax>1837</ymax>
		</bndbox>
	</object>
	<object>
		<name>sp23</name>
		<pose>Unspecified</pose>
		<truncated>0</truncated>
		<difficult>0</difficult>
		<bndbox>
			<xmin>767</xmin>
			<ymin>1840</ymin>
			<xmax>799</xmax>
			<ymax>1874</ymax>
		</bndbox>
	</object>
	<object>
		<name>sp23</name>
		<pose>Unspecified</pose>
		<truncated>0</truncated>
		<difficult>0</difficult>
		<bndbox>
			<xmin>927</xmin>
			<ymin>2181</ymin>
			<xmax>955</xmax>
			<ymax>2208</ymax>
		</bndbox>
	</object>
	<object>
		<name>sp23</name>
		<pose>Unspecified</pose>
		<truncated>0</truncated>
		<difficult>0</difficult>
		<bndbox>
			<xmin>1092</xmin>
			<ymin>1980</ymin>
			<xmax>1133</xmax>
			<ymax>2013</ymax>
		</bndbox>
	</object>
	<object>
		<name>sp23</name>
		<pose>Unspecified</pose>
		<truncated>0</truncated>
		<difficult>0</difficult>
		<bndbox>
			<xmin>1142</xmin>
			<ymin>2039</ymin>
			<xmax>1182</xmax>
			<ymax>2075</ymax>
		</bndbox>
	</object>
	<object>
		<name>sp23</name>
		<pose>Unspecified</pose>
		<truncated>0</truncated>
		<difficult>0</difficult>
		<bndbox>
			<xmin>1162</xmin>
			<ymin>2084</ymin>
			<xmax>1196</xmax>
			<ymax>2114</ymax>
		</bndbox>
	</object>
	<object>
		<name>sp23</name>
		<pose>Unspecified</pose>
		<truncated>0</truncated>
		<difficult>0</difficult>
		<bndbox>
			<xmin>1177</xmin>
			<ymin>2105</ymin>
			<xmax>1211</xmax>
			<ymax>2141</ymax>
		</bndbox>
	</object>
	<object>
		<name>sp23</name>
		<pose>Unspecified</pose>
		<truncated>0</truncated>
		<difficult>0</difficult>
		<bndbox>
			<xmin>1238</xmin>
			<ymin>2058</ymin>
			<xmax>1270</xmax>
			<ymax>2102</ymax>
		</bndbox>
	</object>
	<object>
		<name>sp23</name>
		<pose>Unspecified</pose>
		<truncated>0</truncated>
		<difficult>0</difficult>
		<bndbox>
			<xmin>1231</xmin>
			<ymin>2137</ymin>
			<xmax>1264</xmax>
			<ymax>2176</ymax>
		</bndbox>
	</object>
	<object>
		<name>sp23</name>
		<pose>Unspecified</pose>
		<truncated>0</truncated>
		<difficult>0</difficult>
		<bndbox>
			<xmin>1365</xmin>
			<ymin>2082</ymin>
			<xmax>1400</xmax>
			<ymax>2116</ymax>
		</bndbox>
	</object>
	<object>
		<name>sp23</name>
		<pose>Unspecified</pose>
		<truncated>0</truncated>
		<difficult>0</difficult>
		<bndbox>
			<xmin>1351</xmin>
			<ymin>2121</ymin>
			<xmax>1384</xmax>
			<ymax>2154</ymax>
		</bndbox>
	</object>
	<object>
		<name>sp23</name>
		<pose>Unspecified</pose>
		<truncated>0</truncated>
		<difficult>0</difficult>
		<bndbox>
			<xmin>1314</xmin>
			<ymin>2131</ymin>
			<xmax>1346</xmax>
			<ymax>2167</ymax>
		</bndbox>
	</object>
	<object>
		<name>sp23</name>
		<pose>Unspecified</pose>
		<truncated>0</truncated>
		<difficult>0</difficult>
		<bndbox>
			<xmin>1333</xmin>
			<ymin>2168</ymin>
			<xmax>1366</xmax>
			<ymax>2196</ymax>
		</bndbox>
	</object>
	<object>
		<name>sp23</name>
		<pose>Unspecified</pose>
		<truncated>0</truncated>
		<difficult>0</difficult>
		<bndbox>
			<xmin>1544</xmin>
			<ymin>2067</ymin>
			<xmax>1577</xmax>
			<ymax>2100</ymax>
		</bndbox>
	</object>
	<object>
		<name>sp23</name>
		<pose>Unspecified</pose>
		<truncated>0</truncated>
		<difficult>0</difficult>
		<bndbox>
			<xmin>1625</xmin>
			<ymin>2022</ymin>
			<xmax>1653</xmax>
			<ymax>2057</ymax>
		</bndbox>
	</object>
	<object>
		<name>sp23</name>
		<pose>Unspecified</pose>
		<truncated>0</truncated>
		<difficult>0</difficult>
		<bndbox>
			<xmin>1769</xmin>
			<ymin>1814</ymin>
			<xmax>1805</xmax>
			<ymax>1850</ymax>
		</bndbox>
	</object>
	<object>
		<name>sp23</name>
		<pose>Unspecified</pose>
		<truncated>0</truncated>
		<difficult>0</difficult>
		<bndbox>
			<xmin>1798</xmin>
			<ymin>1805</ymin>
			<xmax>1835</xmax>
			<ymax>1850</ymax>
		</bndbox>
	</object>
	<object>
		<name>sp23</name>
		<pose>Unspecified</pose>
		<truncated>0</truncated>
		<difficult>0</difficult>
		<bndbox>
			<xmin>1883</xmin>
			<ymin>1748</ymin>
			<xmax>1929</xmax>
			<ymax>1787</ymax>
		</bndbox>
	</object>
	<object>
		<name>sp23</name>
		<pose>Unspecified</pose>
		<truncated>0</truncated>
		<difficult>0</difficult>
		<bndbox>
			<xmin>1849</xmin>
			<ymin>1819</ymin>
			<xmax>1885</xmax>
			<ymax>1854</ymax>
		</bndbox>
	</object>
	<object>
		<name>sp23</name>
		<pose>Unspecified</pose>
		<truncated>0</truncated>
		<difficult>0</difficult>
		<bndbox>
			<xmin>2004</xmin>
			<ymin>1681</ymin>
			<xmax>2031</xmax>
			<ymax>1710</ymax>
		</bndbox>
	</object>
	<object>
		<name>sp23</name>
		<pose>Unspecified</pose>
		<truncated>0</truncated>
		<difficult>0</difficult>
		<bndbox>
			<xmin>2028</xmin>
			<ymin>1631</ymin>
			<xmax>2057</xmax>
			<ymax>1662</ymax>
		</bndbox>
	</object>
	<object>
		<name>sp23</name>
		<pose>Unspecified</pose>
		<truncated>0</truncated>
		<difficult>0</difficult>
		<bndbox>
			<xmin>1941</xmin>
			<ymin>1458</ymin>
			<xmax>1965</xmax>
			<ymax>1489</ymax>
		</bndbox>
	</object>
	<object>
		<name>sp23</name>
		<pose>Unspecified</pose>
		<truncated>0</truncated>
		<difficult>0</difficult>
		<bndbox>
			<xmin>1968</xmin>
			<ymin>1463</ymin>
			<xmax>1997</xmax>
			<ymax>1493</ymax>
		</bndbox>
	</object>
	<object>
		<name>sp23</name>
		<pose>Unspecified</pose>
		<truncated>0</truncated>
		<difficult>0</difficult>
		<bndbox>
			<xmin>2043</xmin>
			<ymin>1469</ymin>
			<xmax>2082</xmax>
			<ymax>1500</ymax>
		</bndbox>
	</object>
	<object>
		<name>sp23</name>
		<pose>Unspecified</pose>
		<truncated>0</truncated>
		<difficult>0</difficult>
		<bndbox>
			<xmin>1949</xmin>
			<ymin>1528</ymin>
			<xmax>1974</xmax>
			<ymax>1557</ymax>
		</bndbox>
	</object>
	<object>
		<name>sp23</name>
		<pose>Unspecified</pose>
		<truncated>0</truncated>
		<difficult>0</difficult>
		<bndbox>
			<xmin>2023</xmin>
			<ymin>1546</ymin>
			<xmax>2062</xmax>
			<ymax>1578</ymax>
		</bndbox>
	</object>
	<object>
		<name>sp23</name>
		<pose>Unspecified</pose>
		<truncated>0</truncated>
		<difficult>0</difficult>
		<bndbox>
			<xmin>1976</xmin>
			<ymin>1579</ymin>
			<xmax>2000</xmax>
			<ymax>1602</ymax>
		</bndbox>
	</object>
	<object>
		<name>sp23</name>
		<pose>Unspecified</pose>
		<truncated>0</truncated>
		<difficult>0</difficult>
		<bndbox>
			<xmin>1732</xmin>
			<ymin>1229</ymin>
			<xmax>1767</xmax>
			<ymax>1260</ymax>
		</bndbox>
	</object>
	<object>
		<name>sp23</name>
		<pose>Unspecified</pose>
		<truncated>0</truncated>
		<difficult>0</difficult>
		<bndbox>
			<xmin>1805</xmin>
			<ymin>1288</ymin>
			<xmax>1835</xmax>
			<ymax>1322</ymax>
		</bndbox>
	</object>
	<object>
		<name>sp23</name>
		<pose>Unspecified</pose>
		<truncated>0</truncated>
		<difficult>0</difficult>
		<bndbox>
			<xmin>2014</xmin>
			<ymin>1220</ymin>
			<xmax>2044</xmax>
			<ymax>1255</ymax>
		</bndbox>
	</object>
	<object>
		<name>sp23</name>
		<pose>Unspecified</pose>
		<truncated>0</truncated>
		<difficult>0</difficult>
		<bndbox>
			<xmin>2030</xmin>
			<ymin>1282</ymin>
			<xmax>2071</xmax>
			<ymax>1318</ymax>
		</bndbox>
	</object>
	<object>
		<name>sp23</name>
		<pose>Unspecified</pose>
		<truncated>0</truncated>
		<difficult>0</difficult>
		<bndbox>
			<xmin>2096</xmin>
			<ymin>1237</ymin>
			<xmax>2138</xmax>
			<ymax>1276</ymax>
		</bndbox>
	</object>
	<object>
		<name>sp23</name>
		<pose>Unspecified</pose>
		<truncated>0</truncated>
		<difficult>0</difficult>
		<bndbox>
			<xmin>1686</xmin>
			<ymin>1209</ymin>
			<xmax>1726</xmax>
			<ymax>1248</ymax>
		</bndbox>
	</object>
	<object>
		<name>sp23</name>
		<pose>Unspecified</pose>
		<truncated>0</truncated>
		<difficult>0</difficult>
		<bndbox>
			<xmin>1769</xmin>
			<ymin>1143</ymin>
			<xmax>1809</xmax>
			<ymax>1174</ymax>
		</bndbox>
	</object>
	<object>
		<name>sp23</name>
		<pose>Unspecified</pose>
		<truncated>0</truncated>
		<difficult>0</difficult>
		<bndbox>
			<xmin>1900</xmin>
			<ymin>1121</ymin>
			<xmax>1938</xmax>
			<ymax>1154</ymax>
		</bndbox>
	</object>
	<object>
		<name>sp23</name>
		<pose>Unspecified</pose>
		<truncated>0</truncated>
		<difficult>0</difficult>
		<bndbox>
			<xmin>1983</xmin>
			<ymin>1178</ymin>
			<xmax>2022</xmax>
			<ymax>1209</ymax>
		</bndbox>
	</object>
	<object>
		<name>sp23</name>
		<pose>Unspecified</pose>
		<truncated>0</truncated>
		<difficult>0</difficult>
		<bndbox>
			<xmin>2046</xmin>
			<ymin>1001</ymin>
			<xmax>2088</xmax>
			<ymax>1036</ymax>
		</bndbox>
	</object>
	<object>
		<name>sp23</name>
		<pose>Unspecified</pose>
		<truncated>0</truncated>
		<difficult>0</difficult>
		<bndbox>
			<xmin>2069</xmin>
			<ymin>1051</ymin>
			<xmax>2115</xmax>
			<ymax>1091</ymax>
		</bndbox>
	</object>
	<object>
		<name>sp23</name>
		<pose>Unspecified</pose>
		<truncated>0</truncated>
		<difficult>0</difficult>
		<bndbox>
			<xmin>1703</xmin>
			<ymin>739</ymin>
			<xmax>1745</xmax>
			<ymax>777</ymax>
		</bndbox>
	</object>
	<object>
		<name>sp23</name>
		<pose>Unspecified</pose>
		<truncated>0</truncated>
		<difficult>0</difficult>
		<bndbox>
			<xmin>1817</xmin>
			<ymin>674</ymin>
			<xmax>1854</xmax>
			<ymax>705</ymax>
		</bndbox>
	</object>
	<object>
		<name>sp23</name>
		<pose>Unspecified</pose>
		<truncated>0</truncated>
		<difficult>0</difficult>
		<bndbox>
			<xmin>1886</xmin>
			<ymin>669</ymin>
			<xmax>1922</xmax>
			<ymax>702</ymax>
		</bndbox>
	</object>
	<object>
		<name>sp23</name>
		<pose>Unspecified</pose>
		<truncated>0</truncated>
		<difficult>0</difficult>
		<bndbox>
			<xmin>1914</xmin>
			<ymin>812</ymin>
			<xmax>1950</xmax>
			<ymax>846</ymax>
		</bndbox>
	</object>
	<object>
		<name>sp23</name>
		<pose>Unspecified</pose>
		<truncated>0</truncated>
		<difficult>0</difficult>
		<bndbox>
			<xmin>2060</xmin>
			<ymin>742</ymin>
			<xmax>2101</xmax>
			<ymax>778</ymax>
		</bndbox>
	</object>
	<object>
		<name>sp23</name>
		<pose>Unspecified</pose>
		<truncated>0</truncated>
		<difficult>0</difficult>
		<bndbox>
			<xmin>1996</xmin>
			<ymin>601</ymin>
			<xmax>2033</xmax>
			<ymax>634</ymax>
		</bndbox>
	</object>
	<object>
		<name>sp23</name>
		<pose>Unspecified</pose>
		<truncated>0</truncated>
		<difficult>0</difficult>
		<bndbox>
			<xmin>2039</xmin>
			<ymin>627</ymin>
			<xmax>2075</xmax>
			<ymax>657</ymax>
		</bndbox>
	</object>
	<object>
		<name>sp23</name>
		<pose>Unspecified</pose>
		<truncated>0</truncated>
		<difficult>0</difficult>
		<bndbox>
			<xmin>1613</xmin>
			<ymin>287</ymin>
			<xmax>1647</xmax>
			<ymax>322</ymax>
		</bndbox>
	</object>
	<object>
		<name>sp23</name>
		<pose>Unspecified</pose>
		<truncated>0</truncated>
		<difficult>0</difficult>
		<bndbox>
			<xmin>1644</xmin>
			<ymin>301</ymin>
			<xmax>1688</xmax>
			<ymax>341</ymax>
		</bndbox>
	</object>
	<object>
		<name>sp23</name>
		<pose>Unspecified</pose>
		<truncated>0</truncated>
		<difficult>0</difficult>
		<bndbox>
			<xmin>1727</xmin>
			<ymin>272</ymin>
			<xmax>1767</xmax>
			<ymax>308</ymax>
		</bndbox>
	</object>
	<object>
		<name>sp23</name>
		<pose>Unspecified</pose>
		<truncated>0</truncated>
		<difficult>0</difficult>
		<bndbox>
			<xmin>1839</xmin>
			<ymin>361</ymin>
			<xmax>1881</xmax>
			<ymax>396</ymax>
		</bndbox>
	</object>
	<object>
		<name>sp23</name>
		<pose>Unspecified</pose>
		<truncated>0</truncated>
		<difficult>0</difficult>
		<bndbox>
			<xmin>1587</xmin>
			<ymin>451</ymin>
			<xmax>1627</xmax>
			<ymax>489</ymax>
		</bndbox>
	</object>
	<object>
		<name>sp23</name>
		<pose>Unspecified</pose>
		<truncated>0</truncated>
		<difficult>0</difficult>
		<bndbox>
			<xmin>1302</xmin>
			<ymin>92</ymin>
			<xmax>1331</xmax>
			<ymax>118</ymax>
		</bndbox>
	</object>
	<object>
		<name>sp23</name>
		<pose>Unspecified</pose>
		<truncated>0</truncated>
		<difficult>0</difficult>
		<bndbox>
			<xmin>1315</xmin>
			<ymin>77</ymin>
			<xmax>1344</xmax>
			<ymax>104</ymax>
		</bndbox>
	</object>
	<object>
		<name>sp23</name>
		<pose>Unspecified</pose>
		<truncated>0</truncated>
		<difficult>0</difficult>
		<bndbox>
			<xmin>1341</xmin>
			<ymin>84</ymin>
			<xmax>1377</xmax>
			<ymax>119</ymax>
		</bndbox>
	</object>
	<object>
		<name>sp23</name>
		<pose>Unspecified</pose>
		<truncated>0</truncated>
		<difficult>0</difficult>
		<bndbox>
			<xmin>1321</xmin>
			<ymin>145</ymin>
			<xmax>1360</xmax>
			<ymax>179</ymax>
		</bndbox>
	</object>
	<object>
		<name>sp23</name>
		<pose>Unspecified</pose>
		<truncated>0</truncated>
		<difficult>0</difficult>
		<bndbox>
			<xmin>1375</xmin>
			<ymin>122</ymin>
			<xmax>1406</xmax>
			<ymax>152</ymax>
		</bndbox>
	</object>
	<object>
		<name>sp23</name>
		<pose>Unspecified</pose>
		<truncated>0</truncated>
		<difficult>0</difficult>
		<bndbox>
			<xmin>1447</xmin>
			<ymin>135</ymin>
			<xmax>1481</xmax>
			<ymax>168</ymax>
		</bndbox>
	</object>
	<object>
		<name>sp23</name>
		<pose>Unspecified</pose>
		<truncated>0</truncated>
		<difficult>0</difficult>
		<bndbox>
			<xmin>1462</xmin>
			<ymin>174</ymin>
			<xmax>1500</xmax>
			<ymax>206</ymax>
		</bndbox>
	</object>
	<object>
		<name>sp23</name>
		<pose>Unspecified</pose>
		<truncated>0</truncated>
		<difficult>0</difficult>
		<bndbox>
			<xmin>1504</xmin>
			<ymin>114</ymin>
			<xmax>1532</xmax>
			<ymax>144</ymax>
		</bndbox>
	</object>
	<object>
		<name>sp23</name>
		<pose>Unspecified</pose>
		<truncated>0</truncated>
		<difficult>0</difficult>
		<bndbox>
			<xmin>1530</xmin>
			<ymin>125</ymin>
			<xmax>1560</xmax>
			<ymax>156</ymax>
		</bndbox>
	</object>
	<object>
		<name>sp23</name>
		<pose>Unspecified</pose>
		<truncated>0</truncated>
		<difficult>0</difficult>
		<bndbox>
			<xmin>824</xmin>
			<ymin>91</ymin>
			<xmax>864</xmax>
			<ymax>124</ymax>
		</bndbox>
	</object>
	<object>
		<name>sp23</name>
		<pose>Unspecified</pose>
		<truncated>0</truncated>
		<difficult>0</difficult>
		<bndbox>
			<xmin>808</xmin>
			<ymin>148</ymin>
			<xmax>841</xmax>
			<ymax>183</ymax>
		</bndbox>
	</object>
	<object>
		<name>sp23</name>
		<pose>Unspecified</pose>
		<truncated>0</truncated>
		<difficult>0</difficult>
		<bndbox>
			<xmin>1009</xmin>
			<ymin>47</ymin>
			<xmax>1036</xmax>
			<ymax>71</ymax>
		</bndbox>
	</object>
	<object>
		<name>sp23</name>
		<pose>Unspecified</pose>
		<truncated>0</truncated>
		<difficult>0</difficult>
		<bndbox>
			<xmin>1050</xmin>
			<ymin>51</ymin>
			<xmax>1078</xmax>
			<ymax>85</ymax>
		</bndbox>
	</object>
	<object>
		<name>sp23</name>
		<pose>Unspecified</pose>
		<truncated>0</truncated>
		<difficult>0</difficult>
		<bndbox>
			<xmin>1076</xmin>
			<ymin>49</ymin>
			<xmax>1113</xmax>
			<ymax>85</ymax>
		</bndbox>
	</object>
	<object>
		<name>sp23</name>
		<pose>Unspecified</pose>
		<truncated>0</truncated>
		<difficult>0</difficult>
		<bndbox>
			<xmin>1027</xmin>
			<ymin>43</ymin>
			<xmax>1051</xmax>
			<ymax>71</ymax>
		</bndbox>
	</object>
	<object>
		<name>sp23</name>
		<pose>Unspecified</pose>
		<truncated>0</truncated>
		<difficult>0</difficult>
		<bndbox>
			<xmin>383</xmin>
			<ymin>311</ymin>
			<xmax>415</xmax>
			<ymax>341</ymax>
		</bndbox>
	</object>
	<object>
		<name>sp23</name>
		<pose>Unspecified</pose>
		<truncated>0</truncated>
		<difficult>0</difficult>
		<bndbox>
			<xmin>386</xmin>
			<ymin>343</ymin>
			<xmax>418</xmax>
			<ymax>371</ymax>
		</bndbox>
	</object>
	<object>
		<name>sp23</name>
		<pose>Unspecified</pose>
		<truncated>0</truncated>
		<difficult>0</difficult>
		<bndbox>
			<xmin>544</xmin>
			<ymin>224</ymin>
			<xmax>578</xmax>
			<ymax>259</ymax>
		</bndbox>
	</object>
	<object>
		<name>sp23</name>
		<pose>Unspecified</pose>
		<truncated>0</truncated>
		<difficult>0</difficult>
		<bndbox>
			<xmin>581</xmin>
			<ymin>192</ymin>
			<xmax>608</xmax>
			<ymax>214</ymax>
		</bndbox>
	</object>
	<object>
		<name>sp23</name>
		<pose>Unspecified</pose>
		<truncated>0</truncated>
		<difficult>0</difficult>
		<bndbox>
			<xmin>575</xmin>
			<ymin>211</ymin>
			<xmax>599</xmax>
			<ymax>243</ymax>
		</bndbox>
	</object>
	<object>
		<name>sp23</name>
		<pose>Unspecified</pose>
		<truncated>0</truncated>
		<difficult>0</difficult>
		<bndbox>
			<xmin>597</xmin>
			<ymin>210</ymin>
			<xmax>623</xmax>
			<ymax>241</ymax>
		</bndbox>
	</object>
	<object>
		<name>sp23</name>
		<pose>Unspecified</pose>
		<truncated>0</truncated>
		<difficult>0</difficult>
		<bndbox>
			<xmin>605</xmin>
			<ymin>168</ymin>
			<xmax>634</xmax>
			<ymax>194</ymax>
		</bndbox>
	</object>
	<object>
		<name>sp23</name>
		<pose>Unspecified</pose>
		<truncated>0</truncated>
		<difficult>0</difficult>
		<bndbox>
			<xmin>618</xmin>
			<ymin>144</ymin>
			<xmax>650</xmax>
			<ymax>174</ymax>
		</bndbox>
	</object>
	<object>
		<name>sp23</name>
		<pose>Unspecified</pose>
		<truncated>0</truncated>
		<difficult>0</difficult>
		<bndbox>
			<xmin>635</xmin>
			<ymin>169</ymin>
			<xmax>666</xmax>
			<ymax>198</ymax>
		</bndbox>
	</object>
	<object>
		<name>sp23</name>
		<pose>Unspecified</pose>
		<truncated>0</truncated>
		<difficult>0</difficult>
		<bndbox>
			<xmin>336</xmin>
			<ymin>411</ymin>
			<xmax>378</xmax>
			<ymax>443</ymax>
		</bndbox>
	</object>
	<object>
		<name>sp23</name>
		<pose>Unspecified</pose>
		<truncated>0</truncated>
		<difficult>0</difficult>
		<bndbox>
			<xmin>293</xmin>
			<ymin>422</ymin>
			<xmax>323</xmax>
			<ymax>445</ymax>
		</bndbox>
	</object>
	<object>
		<name>sp23</name>
		<pose>Unspecified</pose>
		<truncated>0</truncated>
		<difficult>0</difficult>
		<bndbox>
			<xmin>303</xmin>
			<ymin>395</ymin>
			<xmax>335</xmax>
			<ymax>433</ymax>
		</bndbox>
	</object>
	<object>
		<name>sp23</name>
		<pose>Unspecified</pose>
		<truncated>0</truncated>
		<difficult>0</difficult>
		<bndbox>
			<xmin>366</xmin>
			<ymin>462</ymin>
			<xmax>399</xmax>
			<ymax>491</ymax>
		</bndbox>
	</object>
	<object>
		<name>sp23</name>
		<pose>Unspecified</pose>
		<truncated>0</truncated>
		<difficult>0</difficult>
		<bndbox>
			<xmin>392</xmin>
			<ymin>459</ymin>
			<xmax>423</xmax>
			<ymax>488</ymax>
		</bndbox>
	</object>
	<object>
		<name>sp23</name>
		<pose>Unspecified</pose>
		<truncated>0</truncated>
		<difficult>0</difficult>
		<bndbox>
			<xmin>369</xmin>
			<ymin>507</ymin>
			<xmax>395</xmax>
			<ymax>534</ymax>
		</bndbox>
	</object>
	<object>
		<name>sp23</name>
		<pose>Unspecified</pose>
		<truncated>0</truncated>
		<difficult>0</difficult>
		<bndbox>
			<xmin>325</xmin>
			<ymin>519</ymin>
			<xmax>355</xmax>
			<ymax>549</ymax>
		</bndbox>
	</object>
	<object>
		<name>sp23</name>
		<pose>Unspecified</pose>
		<truncated>0</truncated>
		<difficult>0</difficult>
		<bndbox>
			<xmin>438</xmin>
			<ymin>488</ymin>
			<xmax>466</xmax>
			<ymax>516</ymax>
		</bndbox>
	</object>
	<object>
		<name>sp23</name>
		<pose>Unspecified</pose>
		<truncated>0</truncated>
		<difficult>0</difficult>
		<bndbox>
			<xmin>458</xmin>
			<ymin>507</ymin>
			<xmax>489</xmax>
			<ymax>539</ymax>
		</bndbox>
	</object>
	<object>
		<name>sp23</name>
		<pose>Unspecified</pose>
		<truncated>0</truncated>
		<difficult>0</difficult>
		<bndbox>
			<xmin>499</xmin>
			<ymin>498</ymin>
			<xmax>534</xmax>
			<ymax>528</ymax>
		</bndbox>
	</object>
	<object>
		<name>sp23</name>
		<pose>Unspecified</pose>
		<truncated>0</truncated>
		<difficult>0</difficult>
		<bndbox>
			<xmin>375</xmin>
			<ymin>562</ymin>
			<xmax>404</xmax>
			<ymax>591</ymax>
		</bndbox>
	</object>
	<object>
		<name>sp23</name>
		<pose>Unspecified</pose>
		<truncated>0</truncated>
		<difficult>0</difficult>
		<bndbox>
			<xmin>537</xmin>
			<ymin>560</ymin>
			<xmax>575</xmax>
			<ymax>600</ymax>
		</bndbox>
	</object>
	<object>
		<name>sp23</name>
		<pose>Unspecified</pose>
		<truncated>0</truncated>
		<difficult>0</difficult>
		<bndbox>
			<xmin>408</xmin>
			<ymin>603</ymin>
			<xmax>441</xmax>
			<ymax>637</ymax>
		</bndbox>
	</object>
	<object>
		<name>sp23</name>
		<pose>Unspecified</pose>
		<truncated>0</truncated>
		<difficult>0</difficult>
		<bndbox>
			<xmin>403</xmin>
			<ymin>633</ymin>
			<xmax>435</xmax>
			<ymax>670</ymax>
		</bndbox>
	</object>
	<object>
		<name>sp23</name>
		<pose>Unspecified</pose>
		<truncated>0</truncated>
		<difficult>0</difficult>
		<bndbox>
			<xmin>436</xmin>
			<ymin>649</ymin>
			<xmax>473</xmax>
			<ymax>683</ymax>
		</bndbox>
	</object>
	<object>
		<name>sp23</name>
		<pose>Unspecified</pose>
		<truncated>0</truncated>
		<difficult>0</difficult>
		<bndbox>
			<xmin>623</xmin>
			<ymin>587</ymin>
			<xmax>652</xmax>
			<ymax>614</ymax>
		</bndbox>
	</object>
	<object>
		<name>sp23</name>
		<pose>Unspecified</pose>
		<truncated>0</truncated>
		<difficult>0</difficult>
		<bndbox>
			<xmin>624</xmin>
			<ymin>610</ymin>
			<xmax>660</xmax>
			<ymax>638</ymax>
		</bndbox>
	</object>
	<object>
		<name>sp23</name>
		<pose>Unspecified</pose>
		<truncated>0</truncated>
		<difficult>0</difficult>
		<bndbox>
			<xmin>326</xmin>
			<ymin>701</ymin>
			<xmax>353</xmax>
			<ymax>731</ymax>
		</bndbox>
	</object>
	<object>
		<name>sp23</name>
		<pose>Unspecified</pose>
		<truncated>0</truncated>
		<difficult>0</difficult>
		<bndbox>
			<xmin>395</xmin>
			<ymin>742</ymin>
			<xmax>424</xmax>
			<ymax>771</ymax>
		</bndbox>
	</object>
	<object>
		<name>sp23</name>
		<pose>Unspecified</pose>
		<truncated>0</truncated>
		<difficult>0</difficult>
		<bndbox>
			<xmin>429</xmin>
			<ymin>716</ymin>
			<xmax>456</xmax>
			<ymax>735</ymax>
		</bndbox>
	</object>
	<object>
		<name>sp23</name>
		<pose>Unspecified</pose>
		<truncated>0</truncated>
		<difficult>0</difficult>
		<bndbox>
			<xmin>441</xmin>
			<ymin>729</ymin>
			<xmax>467</xmax>
			<ymax>751</ymax>
		</bndbox>
	</object>
	<object>
		<name>sp23</name>
		<pose>Unspecified</pose>
		<truncated>0</truncated>
		<difficult>0</difficult>
		<bndbox>
			<xmin>467</xmin>
			<ymin>741</ymin>
			<xmax>499</xmax>
			<ymax>772</ymax>
		</bndbox>
	</object>
	<object>
		<name>sp23</name>
		<pose>Unspecified</pose>
		<truncated>0</truncated>
		<difficult>0</difficult>
		<bndbox>
			<xmin>252</xmin>
			<ymin>729</ymin>
			<xmax>281</xmax>
			<ymax>755</ymax>
		</bndbox>
	</object>
	<object>
		<name>sp23</name>
		<pose>Unspecified</pose>
		<truncated>0</truncated>
		<difficult>0</difficult>
		<bndbox>
			<xmin>299</xmin>
			<ymin>760</ymin>
			<xmax>325</xmax>
			<ymax>789</ymax>
		</bndbox>
	</object>
	<object>
		<name>sp23</name>
		<pose>Unspecified</pose>
		<truncated>0</truncated>
		<difficult>0</difficult>
		<bndbox>
			<xmin>289</xmin>
			<ymin>783</ymin>
			<xmax>312</xmax>
			<ymax>805</ymax>
		</bndbox>
	</object>
	<object>
		<name>sp23</name>
		<pose>Unspecified</pose>
		<truncated>0</truncated>
		<difficult>0</difficult>
		<bndbox>
			<xmin>297</xmin>
			<ymin>796</ymin>
			<xmax>325</xmax>
			<ymax>821</ymax>
		</bndbox>
	</object>
	<object>
		<name>sp23</name>
		<pose>Unspecified</pose>
		<truncated>0</truncated>
		<difficult>0</difficult>
		<bndbox>
			<xmin>332</xmin>
			<ymin>815</ymin>
			<xmax>362</xmax>
			<ymax>840</ymax>
		</bndbox>
	</object>
	<object>
		<name>sp23</name>
		<pose>Unspecified</pose>
		<truncated>0</truncated>
		<difficult>0</difficult>
		<bndbox>
			<xmin>363</xmin>
			<ymin>817</ymin>
			<xmax>388</xmax>
			<ymax>842</ymax>
		</bndbox>
	</object>
	<object>
		<name>sp23</name>
		<pose>Unspecified</pose>
		<truncated>0</truncated>
		<difficult>0</difficult>
		<bndbox>
			<xmin>458</xmin>
			<ymin>772</ymin>
			<xmax>488</xmax>
			<ymax>803</ymax>
		</bndbox>
	</object>
	<object>
		<name>sp23</name>
		<pose>Unspecified</pose>
		<truncated>0</truncated>
		<difficult>0</difficult>
		<bndbox>
			<xmin>562</xmin>
			<ymin>766</ymin>
			<xmax>602</xmax>
			<ymax>802</ymax>
		</bndbox>
	</object>
	<object>
		<name>sp23</name>
		<pose>Unspecified</pose>
		<truncated>0</truncated>
		<difficult>0</difficult>
		<bndbox>
			<xmin>502</xmin>
			<ymin>878</ymin>
			<xmax>535</xmax>
			<ymax>913</ymax>
		</bndbox>
	</object>
	<object>
		<name>sp23</name>
		<pose>Unspecified</pose>
		<truncated>0</truncated>
		<difficult>0</difficult>
		<bndbox>
			<xmin>343</xmin>
			<ymin>861</ymin>
			<xmax>381</xmax>
			<ymax>889</ymax>
		</bndbox>
	</object>
	<object>
		<name>sp23</name>
		<pose>Unspecified</pose>
		<truncated>0</truncated>
		<difficult>0</difficult>
		<bndbox>
			<xmin>269</xmin>
			<ymin>841</ymin>
			<xmax>300</xmax>
			<ymax>865</ymax>
		</bndbox>
	</object>
	<object>
		<name>sp23</name>
		<pose>Unspecified</pose>
		<truncated>0</truncated>
		<difficult>0</difficult>
		<bndbox>
			<xmin>212</xmin>
			<ymin>821</ymin>
			<xmax>238</xmax>
			<ymax>844</ymax>
		</bndbox>
	</object>
	<object>
		<name>sp23</name>
		<pose>Unspecified</pose>
		<truncated>0</truncated>
		<difficult>0</difficult>
		<bndbox>
			<xmin>210</xmin>
			<ymin>840</ymin>
			<xmax>229</xmax>
			<ymax>857</ymax>
		</bndbox>
	</object>
	<object>
		<name>sp23</name>
		<pose>Unspecified</pose>
		<truncated>0</truncated>
		<difficult>0</difficult>
		<bndbox>
			<xmin>207</xmin>
			<ymin>853</ymin>
			<xmax>229</xmax>
			<ymax>875</ymax>
		</bndbox>
	</object>
	<object>
		<name>sp23</name>
		<pose>Unspecified</pose>
		<truncated>0</truncated>
		<difficult>0</difficult>
		<bndbox>
			<xmin>229</xmin>
			<ymin>846</ymin>
			<xmax>249</xmax>
			<ymax>862</ymax>
		</bndbox>
	</object>
	<object>
		<name>sp23</name>
		<pose>Unspecified</pose>
		<truncated>0</truncated>
		<difficult>0</difficult>
		<bndbox>
			<xmin>240</xmin>
			<ymin>858</ymin>
			<xmax>258</xmax>
			<ymax>872</ymax>
		</bndbox>
	</object>
	<object>
		<name>sp23</name>
		<pose>Unspecified</pose>
		<truncated>0</truncated>
		<difficult>0</difficult>
		<bndbox>
			<xmin>260</xmin>
			<ymin>871</ymin>
			<xmax>282</xmax>
			<ymax>892</ymax>
		</bndbox>
	</object>
	<object>
		<name>sp23</name>
		<pose>Unspecified</pose>
		<truncated>0</truncated>
		<difficult>0</difficult>
		<bndbox>
			<xmin>237</xmin>
			<ymin>881</ymin>
			<xmax>258</xmax>
			<ymax>904</ymax>
		</bndbox>
	</object>
	<object>
		<name>sp23</name>
		<pose>Unspecified</pose>
		<truncated>0</truncated>
		<difficult>0</difficult>
		<bndbox>
			<xmin>254</xmin>
			<ymin>891</ymin>
			<xmax>274</xmax>
			<ymax>911</ymax>
		</bndbox>
	</object>
	<object>
		<name>sp23</name>
		<pose>Unspecified</pose>
		<truncated>0</truncated>
		<difficult>0</difficult>
		<bndbox>
			<xmin>285</xmin>
			<ymin>923</ymin>
			<xmax>309</xmax>
			<ymax>947</ymax>
		</bndbox>
	</object>
	<object>
		<name>sp23</name>
		<pose>Unspecified</pose>
		<truncated>0</truncated>
		<difficult>0</difficult>
		<bndbox>
			<xmin>370</xmin>
			<ymin>914</ymin>
			<xmax>397</xmax>
			<ymax>938</ymax>
		</bndbox>
	</object>
	<object>
		<name>sp23</name>
		<pose>Unspecified</pose>
		<truncated>0</truncated>
		<difficult>0</difficult>
		<bndbox>
			<xmin>380</xmin>
			<ymin>931</ymin>
			<xmax>409</xmax>
			<ymax>958</ymax>
		</bndbox>
	</object>
	<object>
		<name>sp23</name>
		<pose>Unspecified</pose>
		<truncated>0</truncated>
		<difficult>0</difficult>
		<bndbox>
			<xmin>241</xmin>
			<ymin>967</ymin>
			<xmax>266</xmax>
			<ymax>992</ymax>
		</bndbox>
	</object>
	<object>
		<name>sp23</name>
		<pose>Unspecified</pose>
		<truncated>0</truncated>
		<difficult>0</difficult>
		<bndbox>
			<xmin>174</xmin>
			<ymin>929</ymin>
			<xmax>200</xmax>
			<ymax>954</ymax>
		</bndbox>
	</object>
	<object>
		<name>sp23</name>
		<pose>Unspecified</pose>
		<truncated>0</truncated>
		<difficult>0</difficult>
		<bndbox>
			<xmin>218</xmin>
			<ymin>927</ymin>
			<xmax>246</xmax>
			<ymax>952</ymax>
		</bndbox>
	</object>
	<object>
		<name>sp23</name>
		<pose>Unspecified</pose>
		<truncated>0</truncated>
		<difficult>0</difficult>
		<bndbox>
			<xmin>236</xmin>
			<ymin>942</ymin>
			<xmax>262</xmax>
			<ymax>967</ymax>
		</bndbox>
	</object>
	<object>
		<name>sp23</name>
		<pose>Unspecified</pose>
		<truncated>0</truncated>
		<difficult>0</difficult>
		<bndbox>
			<xmin>215</xmin>
			<ymin>984</ymin>
			<xmax>243</xmax>
			<ymax>1007</ymax>
		</bndbox>
	</object>
	<object>
		<name>sp23</name>
		<pose>Unspecified</pose>
		<truncated>0</truncated>
		<difficult>0</difficult>
		<bndbox>
			<xmin>247</xmin>
			<ymin>1016</ymin>
			<xmax>278</xmax>
			<ymax>1045</ymax>
		</bndbox>
	</object>
	<object>
		<name>sp23</name>
		<pose>Unspecified</pose>
		<truncated>0</truncated>
		<difficult>0</difficult>
		<bndbox>
			<xmin>293</xmin>
			<ymin>979</ymin>
			<xmax>326</xmax>
			<ymax>1010</ymax>
		</bndbox>
	</object>
	<object>
		<name>sp23</name>
		<pose>Unspecified</pose>
		<truncated>0</truncated>
		<difficult>0</difficult>
		<bndbox>
			<xmin>320</xmin>
			<ymin>950</ymin>
			<xmax>353</xmax>
			<ymax>980</ymax>
		</bndbox>
	</object>
	<object>
		<name>sp23</name>
		<pose>Unspecified</pose>
		<truncated>0</truncated>
		<difficult>0</difficult>
		<bndbox>
			<xmin>408</xmin>
			<ymin>922</ymin>
			<xmax>439</xmax>
			<ymax>952</ymax>
		</bndbox>
	</object>
	<object>
		<name>sp23</name>
		<pose>Unspecified</pose>
		<truncated>0</truncated>
		<difficult>0</difficult>
		<bndbox>
			<xmin>306</xmin>
			<ymin>1059</ymin>
			<xmax>334</xmax>
			<ymax>1091</ymax>
		</bndbox>
	</object>
	<object>
		<name>sp23</name>
		<pose>Unspecified</pose>
		<truncated>0</truncated>
		<difficult>0</difficult>
		<bndbox>
			<xmin>345</xmin>
			<ymin>1085</ymin>
			<xmax>379</xmax>
			<ymax>1111</ymax>
		</bndbox>
	</object>
	<object>
		<name>sp23</name>
		<pose>Unspecified</pose>
		<truncated>0</truncated>
		<difficult>0</difficult>
		<bndbox>
			<xmin>397</xmin>
			<ymin>1052</ymin>
			<xmax>434</xmax>
			<ymax>1083</ymax>
		</bndbox>
	</object>
	<object>
		<name>sp23</name>
		<pose>Unspecified</pose>
		<truncated>0</truncated>
		<difficult>0</difficult>
		<bndbox>
			<xmin>362</xmin>
			<ymin>1112</ymin>
			<xmax>394</xmax>
			<ymax>1143</ymax>
		</bndbox>
	</object>
	<object>
		<name>sp23</name>
		<pose>Unspecified</pose>
		<truncated>0</truncated>
		<difficult>0</difficult>
		<bndbox>
			<xmin>414</xmin>
			<ymin>1123</ymin>
			<xmax>446</xmax>
			<ymax>1157</ymax>
		</bndbox>
	</object>
	<object>
		<name>sp23</name>
		<pose>Unspecified</pose>
		<truncated>0</truncated>
		<difficult>0</difficult>
		<bndbox>
			<xmin>455</xmin>
			<ymin>1117</ymin>
			<xmax>491</xmax>
			<ymax>1154</ymax>
		</bndbox>
	</object>
	<object>
		<name>sp23</name>
		<pose>Unspecified</pose>
		<truncated>0</truncated>
		<difficult>0</difficult>
		<bndbox>
			<xmin>101</xmin>
			<ymin>872</ymin>
			<xmax>127</xmax>
			<ymax>894</ymax>
		</bndbox>
	</object>
	<object>
		<name>sp23</name>
		<pose>Unspecified</pose>
		<truncated>0</truncated>
		<difficult>0</difficult>
		<bndbox>
			<xmin>138</xmin>
			<ymin>906</ymin>
			<xmax>172</xmax>
			<ymax>932</ymax>
		</bndbox>
	</object>
	<object>
		<name>sp23</name>
		<pose>Unspecified</pose>
		<truncated>0</truncated>
		<difficult>0</difficult>
		<bndbox>
			<xmin>106</xmin>
			<ymin>923</ymin>
			<xmax>136</xmax>
			<ymax>955</ymax>
		</bndbox>
	</object>
	<object>
		<name>sp23</name>
		<pose>Unspecified</pose>
		<truncated>0</truncated>
		<difficult>0</difficult>
		<bndbox>
			<xmin>46</xmin>
			<ymin>972</ymin>
			<xmax>76</xmax>
			<ymax>999</ymax>
		</bndbox>
	</object>
	<object>
		<name>sp23</name>
		<pose>Unspecified</pose>
		<truncated>0</truncated>
		<difficult>0</difficult>
		<bndbox>
			<xmin>51</xmin>
			<ymin>1026</ymin>
			<xmax>86</xmax>
			<ymax>1056</ymax>
		</bndbox>
	</object>
	<object>
		<name>sp23</name>
		<pose>Unspecified</pose>
		<truncated>0</truncated>
		<difficult>0</difficult>
		<bndbox>
			<xmin>94</xmin>
			<ymin>1073</ymin>
			<xmax>128</xmax>
			<ymax>1099</ymax>
		</bndbox>
	</object>
	<object>
		<name>sp23</name>
		<pose>Unspecified</pose>
		<truncated>0</truncated>
		<difficult>0</difficult>
		<bndbox>
			<xmin>67</xmin>
			<ymin>1220</ymin>
			<xmax>95</xmax>
			<ymax>1249</ymax>
		</bndbox>
	</object>
	<object>
		<name>sp23</name>
		<pose>Unspecified</pose>
		<truncated>0</truncated>
		<difficult>0</difficult>
		<bndbox>
			<xmin>316</xmin>
			<ymin>1176</ymin>
			<xmax>349</xmax>
			<ymax>1210</ymax>
		</bndbox>
	</object>
	<object>
		<name>sp23</name>
		<pose>Unspecified</pose>
		<truncated>0</truncated>
		<difficult>0</difficult>
		<bndbox>
			<xmin>158</xmin>
			<ymin>1245</ymin>
			<xmax>194</xmax>
			<ymax>1277</ymax>
		</bndbox>
	</object>
	<object>
		<name>sp23</name>
		<pose>Unspecified</pose>
		<truncated>0</truncated>
		<difficult>0</difficult>
		<bndbox>
			<xmin>37</xmin>
			<ymin>1222</ymin>
			<xmax>54</xmax>
			<ymax>1246</ymax>
		</bndbox>
	</object>
	<object>
		<name>sp23</name>
		<pose>Unspecified</pose>
		<truncated>0</truncated>
		<difficult>0</difficult>
		<bndbox>
			<xmin>76</xmin>
			<ymin>1271</ymin>
			<xmax>101</xmax>
			<ymax>1288</ymax>
		</bndbox>
	</object>
	<object>
		<name>sp23</name>
		<pose>Unspecified</pose>
		<truncated>0</truncated>
		<difficult>0</difficult>
		<bndbox>
			<xmin>96</xmin>
			<ymin>1368</ymin>
			<xmax>129</xmax>
			<ymax>1400</ymax>
		</bndbox>
	</object>
	<object>
		<name>sp23</name>
		<pose>Unspecified</pose>
		<truncated>0</truncated>
		<difficult>0</difficult>
		<bndbox>
			<xmin>218</xmin>
			<ymin>1323</ymin>
			<xmax>250</xmax>
			<ymax>1348</ymax>
		</bndbox>
	</object>
	<object>
		<name>sp23</name>
		<pose>Unspecified</pose>
		<truncated>0</truncated>
		<difficult>0</difficult>
		<bndbox>
			<xmin>310</xmin>
			<ymin>1268</ymin>
			<xmax>343</xmax>
			<ymax>1299</ymax>
		</bndbox>
	</object>
	<object>
		<name>sp23</name>
		<pose>Unspecified</pose>
		<truncated>0</truncated>
		<difficult>0</difficult>
		<bndbox>
			<xmin>326</xmin>
			<ymin>1303</ymin>
			<xmax>359</xmax>
			<ymax>1334</ymax>
		</bndbox>
	</object>
	<object>
		<name>sp23</name>
		<pose>Unspecified</pose>
		<truncated>0</truncated>
		<difficult>0</difficult>
		<bndbox>
			<xmin>281</xmin>
			<ymin>1324</ymin>
			<xmax>309</xmax>
			<ymax>1359</ymax>
		</bndbox>
	</object>
	<object>
		<name>sp23</name>
		<pose>Unspecified</pose>
		<truncated>0</truncated>
		<difficult>0</difficult>
		<bndbox>
			<xmin>307</xmin>
			<ymin>1334</ymin>
			<xmax>333</xmax>
			<ymax>1364</ymax>
		</bndbox>
	</object>
	<object>
		<name>sp23</name>
		<pose>Unspecified</pose>
		<truncated>0</truncated>
		<difficult>0</difficult>
		<bndbox>
			<xmin>210</xmin>
			<ymin>1383</ymin>
			<xmax>243</xmax>
			<ymax>1414</ymax>
		</bndbox>
	</object>
	<object>
		<name>sp23</name>
		<pose>Unspecified</pose>
		<truncated>0</truncated>
		<difficult>0</difficult>
		<bndbox>
			<xmin>313</xmin>
			<ymin>1381</ymin>
			<xmax>344</xmax>
			<ymax>1411</ymax>
		</bndbox>
	</object>
	<object>
		<name>sp23</name>
		<pose>Unspecified</pose>
		<truncated>0</truncated>
		<difficult>0</difficult>
		<bndbox>
			<xmin>471</xmin>
			<ymin>1300</ymin>
			<xmax>502</xmax>
			<ymax>1336</ymax>
		</bndbox>
	</object>
	<object>
		<name>sp23</name>
		<pose>Unspecified</pose>
		<truncated>0</truncated>
		<difficult>0</difficult>
		<bndbox>
			<xmin>529</xmin>
			<ymin>1359</ymin>
			<xmax>560</xmax>
			<ymax>1394</ymax>
		</bndbox>
	</object>
	<object>
		<name>sp23</name>
		<pose>Unspecified</pose>
		<truncated>0</truncated>
		<difficult>0</difficult>
		<bndbox>
			<xmin>589</xmin>
			<ymin>1358</ymin>
			<xmax>616</xmax>
			<ymax>1383</ymax>
		</bndbox>
	</object>
	<object>
		<name>sp23</name>
		<pose>Unspecified</pose>
		<truncated>0</truncated>
		<difficult>0</difficult>
		<bndbox>
			<xmin>609</xmin>
			<ymin>1344</ymin>
			<xmax>637</xmax>
			<ymax>1372</ymax>
		</bndbox>
	</object>
	<object>
		<name>sp23</name>
		<pose>Unspecified</pose>
		<truncated>0</truncated>
		<difficult>0</difficult>
		<bndbox>
			<xmin>587</xmin>
			<ymin>1402</ymin>
			<xmax>615</xmax>
			<ymax>1429</ymax>
		</bndbox>
	</object>
	<object>
		<name>sp23</name>
		<pose>Unspecified</pose>
		<truncated>0</truncated>
		<difficult>0</difficult>
		<bndbox>
			<xmin>153</xmin>
			<ymin>1523</ymin>
			<xmax>182</xmax>
			<ymax>1556</ymax>
		</bndbox>
	</object>
	<object>
		<name>sp23</name>
		<pose>Unspecified</pose>
		<truncated>0</truncated>
		<difficult>0</difficult>
		<bndbox>
			<xmin>809</xmin>
			<ymin>1717</ymin>
			<xmax>846</xmax>
			<ymax>1751</ymax>
		</bndbox>
	</object>
	<object>
		<name>sp23</name>
		<pose>Unspecified</pose>
		<truncated>0</truncated>
		<difficult>0</difficult>
		<bndbox>
			<xmin>999</xmin>
			<ymin>1645</ymin>
			<xmax>1041</xmax>
			<ymax>1681</ymax>
		</bndbox>
	</object>
	<object>
		<name>sp23</name>
		<pose>Unspecified</pose>
		<truncated>0</truncated>
		<difficult>0</difficult>
		<bndbox>
			<xmin>1319</xmin>
			<ymin>1679</ymin>
			<xmax>1362</xmax>
			<ymax>1712</ymax>
		</bndbox>
	</object>
	<object>
		<name>sp23</name>
		<pose>Unspecified</pose>
		<truncated>0</truncated>
		<difficult>0</difficult>
		<bndbox>
			<xmin>1266</xmin>
			<ymin>1737</ymin>
			<xmax>1299</xmax>
			<ymax>1771</ymax>
		</bndbox>
	</object>
	<object>
		<name>sp23</name>
		<pose>Unspecified</pose>
		<truncated>0</truncated>
		<difficult>0</difficult>
		<bndbox>
			<xmin>1283</xmin>
			<ymin>1772</ymin>
			<xmax>1321</xmax>
			<ymax>1803</ymax>
		</bndbox>
	</object>
	<object>
		<name>sp23</name>
		<pose>Unspecified</pose>
		<truncated>0</truncated>
		<difficult>0</difficult>
		<bndbox>
			<xmin>1037</xmin>
			<ymin>1518</ymin>
			<xmax>1076</xmax>
			<ymax>1551</ymax>
		</bndbox>
	</object>
	<object>
		<name>sp23</name>
		<pose>Unspecified</pose>
		<truncated>0</truncated>
		<difficult>0</difficult>
		<bndbox>
			<xmin>1174</xmin>
			<ymin>1084</ymin>
			<xmax>1196</xmax>
			<ymax>1116</ymax>
		</bndbox>
	</object>
	<object>
		<name>sp23</name>
		<pose>Unspecified</pose>
		<truncated>0</truncated>
		<difficult>0</difficult>
		<bndbox>
			<xmin>1193</xmin>
			<ymin>1091</ymin>
			<xmax>1216</xmax>
			<ymax>1123</ymax>
		</bndbox>
	</object>
	<object>
		<name>sp23</name>
		<pose>Unspecified</pose>
		<truncated>0</truncated>
		<difficult>0</difficult>
		<bndbox>
			<xmin>1404</xmin>
			<ymin>1206</ymin>
			<xmax>1443</xmax>
			<ymax>1238</ymax>
		</bndbox>
	</object>
	<object>
		<name>sp23</name>
		<pose>Unspecified</pose>
		<truncated>0</truncated>
		<difficult>0</difficult>
		<bndbox>
			<xmin>1506</xmin>
			<ymin>1107</ymin>
			<xmax>1542</xmax>
			<ymax>1138</ymax>
		</bndbox>
	</object>
	<object>
		<name>sp23</name>
		<pose>Unspecified</pose>
		<truncated>0</truncated>
		<difficult>0</difficult>
		<bndbox>
			<xmin>1458</xmin>
			<ymin>1306</ymin>
			<xmax>1506</xmax>
			<ymax>1347</ymax>
		</bndbox>
	</object>
	<object>
		<name>sp23</name>
		<pose>Unspecified</pose>
		<truncated>0</truncated>
		<difficult>0</difficult>
		<bndbox>
			<xmin>1355</xmin>
			<ymin>1281</ymin>
			<xmax>1393</xmax>
			<ymax>1322</ymax>
		</bndbox>
	</object>
	<object>
		<name>sp23</name>
		<pose>Unspecified</pose>
		<truncated>0</truncated>
		<difficult>0</difficult>
		<bndbox>
			<xmin>1308</xmin>
			<ymin>1270</ymin>
			<xmax>1343</xmax>
			<ymax>1302</ymax>
		</bndbox>
	</object>
	<object>
		<name>sp23</name>
		<pose>Unspecified</pose>
		<truncated>0</truncated>
		<difficult>0</difficult>
		<bndbox>
			<xmin>1294</xmin>
			<ymin>1298</ymin>
			<xmax>1334</xmax>
			<ymax>1332</ymax>
		</bndbox>
	</object>
	<object>
		<name>sp23</name>
		<pose>Unspecified</pose>
		<truncated>0</truncated>
		<difficult>0</difficult>
		<bndbox>
			<xmin>1597</xmin>
			<ymin>1355</ymin>
			<xmax>1635</xmax>
			<ymax>1397</ymax>
		</bndbox>
	</object>
	<object>
		<name>sp23</name>
		<pose>Unspecified</pose>
		<truncated>0</truncated>
		<difficult>0</difficult>
		<bndbox>
			<xmin>1577</xmin>
			<ymin>1430</ymin>
			<xmax>1624</xmax>
			<ymax>1473</ymax>
		</bndbox>
	</object>
	<object>
		<name>sp23</name>
		<pose>Unspecified</pose>
		<truncated>0</truncated>
		<difficult>0</difficult>
		<bndbox>
			<xmin>1030</xmin>
			<ymin>1406</ymin>
			<xmax>1068</xmax>
			<ymax>1442</ymax>
		</bndbox>
	</object>
	<object>
		<name>sp23</name>
		<pose>Unspecified</pose>
		<truncated>0</truncated>
		<difficult>0</difficult>
		<bndbox>
			<xmin>675</xmin>
			<ymin>1430</ymin>
			<xmax>701</xmax>
			<ymax>1454</ymax>
		</bndbox>
	</object>
	<object>
		<name>sp23</name>
		<pose>Unspecified</pose>
		<truncated>0</truncated>
		<difficult>0</difficult>
		<bndbox>
			<xmin>698</xmin>
			<ymin>1452</ymin>
			<xmax>719</xmax>
			<ymax>1471</ymax>
		</bndbox>
	</object>
	<object>
		<name>sp23</name>
		<pose>Unspecified</pose>
		<truncated>0</truncated>
		<difficult>0</difficult>
		<bndbox>
			<xmin>708</xmin>
			<ymin>1440</ymin>
			<xmax>729</xmax>
			<ymax>1462</ymax>
		</bndbox>
	</object>
	<object>
		<name>sp23</name>
		<pose>Unspecified</pose>
		<truncated>0</truncated>
		<difficult>0</difficult>
		<bndbox>
			<xmin>731</xmin>
			<ymin>1399</ymin>
			<xmax>763</xmax>
			<ymax>1426</ymax>
		</bndbox>
	</object>
	<object>
		<name>sp23</name>
		<pose>Unspecified</pose>
		<truncated>0</truncated>
		<difficult>0</difficult>
		<bndbox>
			<xmin>773</xmin>
			<ymin>1343</ymin>
			<xmax>805</xmax>
			<ymax>1380</ymax>
		</bndbox>
	</object>
	<object>
		<name>sp23</name>
		<pose>Unspecified</pose>
		<truncated>0</truncated>
		<difficult>0</difficult>
		<bndbox>
			<xmin>765</xmin>
			<ymin>1446</ymin>
			<xmax>795</xmax>
			<ymax>1471</ymax>
		</bndbox>
	</object>
	<object>
		<name>sp23</name>
		<pose>Unspecified</pose>
		<truncated>0</truncated>
		<difficult>0</difficult>
		<bndbox>
			<xmin>820</xmin>
			<ymin>1385</ymin>
			<xmax>844</xmax>
			<ymax>1412</ymax>
		</bndbox>
	</object>
	<object>
		<name>sp23</name>
		<pose>Unspecified</pose>
		<truncated>0</truncated>
		<difficult>0</difficult>
		<bndbox>
			<xmin>851</xmin>
			<ymin>1408</ymin>
			<xmax>882</xmax>
			<ymax>1437</ymax>
		</bndbox>
	</object>
	<object>
		<name>sp23</name>
		<pose>Unspecified</pose>
		<truncated>0</truncated>
		<difficult>0</difficult>
		<bndbox>
			<xmin>855</xmin>
			<ymin>1332</ymin>
			<xmax>887</xmax>
			<ymax>1362</ymax>
		</bndbox>
	</object>
	<object>
		<name>sp23</name>
		<pose>Unspecified</pose>
		<truncated>0</truncated>
		<difficult>0</difficult>
		<bndbox>
			<xmin>704</xmin>
			<ymin>1236</ymin>
			<xmax>737</xmax>
			<ymax>1259</ymax>
		</bndbox>
	</object>
	<object>
		<name>sp23</name>
		<pose>Unspecified</pose>
		<truncated>0</truncated>
		<difficult>0</difficult>
		<bndbox>
			<xmin>568</xmin>
			<ymin>1196</ymin>
			<xmax>605</xmax>
			<ymax>1228</ymax>
		</bndbox>
	</object>
	<object>
		<name>sp23</name>
		<pose>Unspecified</pose>
		<truncated>0</truncated>
		<difficult>0</difficult>
		<bndbox>
			<xmin>654</xmin>
			<ymin>1133</ymin>
			<xmax>685</xmax>
			<ymax>1161</ymax>
		</bndbox>
	</object>
	<object>
		<name>sp23</name>
		<pose>Unspecified</pose>
		<truncated>0</truncated>
		<difficult>0</difficult>
		<bndbox>
			<xmin>673</xmin>
			<ymin>1145</ymin>
			<xmax>702</xmax>
			<ymax>1169</ymax>
		</bndbox>
	</object>
	<object>
		<name>sp23</name>
		<pose>Unspecified</pose>
		<truncated>0</truncated>
		<difficult>0</difficult>
		<bndbox>
			<xmin>719</xmin>
			<ymin>1116</ymin>
			<xmax>754</xmax>
			<ymax>1152</ymax>
		</bndbox>
	</object>
	<object>
		<name>sp23</name>
		<pose>Unspecified</pose>
		<truncated>0</truncated>
		<difficult>0</difficult>
		<bndbox>
			<xmin>779</xmin>
			<ymin>1165</ymin>
			<xmax>810</xmax>
			<ymax>1192</ymax>
		</bndbox>
	</object>
	<object>
		<name>sp23</name>
		<pose>Unspecified</pose>
		<truncated>0</truncated>
		<difficult>0</difficult>
		<bndbox>
			<xmin>639</xmin>
			<ymin>1194</ymin>
			<xmax>672</xmax>
			<ymax>1231</ymax>
		</bndbox>
	</object>
	<object>
		<name>sp23</name>
		<pose>Unspecified</pose>
		<truncated>0</truncated>
		<difficult>0</difficult>
		<bndbox>
			<xmin>675</xmin>
			<ymin>1213</ymin>
			<xmax>705</xmax>
			<ymax>1240</ymax>
		</bndbox>
	</object>
	<object>
		<name>sp23</name>
		<pose>Unspecified</pose>
		<truncated>0</truncated>
		<difficult>0</difficult>
		<bndbox>
			<xmin>747</xmin>
			<ymin>1226</ymin>
			<xmax>779</xmax>
			<ymax>1256</ymax>
		</bndbox>
	</object>
	<object>
		<name>sp23</name>
		<pose>Unspecified</pose>
		<truncated>0</truncated>
		<difficult>0</difficult>
		<bndbox>
			<xmin>943</xmin>
			<ymin>1210</ymin>
			<xmax>982</xmax>
			<ymax>1242</ymax>
		</bndbox>
	</object>
	<object>
		<name>sp23</name>
		<pose>Unspecified</pose>
		<truncated>0</truncated>
		<difficult>0</difficult>
		<bndbox>
			<xmin>877</xmin>
			<ymin>697</ymin>
			<xmax>922</xmax>
			<ymax>737</ymax>
		</bndbox>
	</object>
	<object>
		<name>sp23</name>
		<pose>Unspecified</pose>
		<truncated>0</truncated>
		<difficult>0</difficult>
		<bndbox>
			<xmin>859</xmin>
			<ymin>821</ymin>
			<xmax>898</xmax>
			<ymax>861</ymax>
		</bndbox>
	</object>
	<object>
		<name>sp23</name>
		<pose>Unspecified</pose>
		<truncated>0</truncated>
		<difficult>0</difficult>
		<bndbox>
			<xmin>926</xmin>
			<ymin>824</ymin>
			<xmax>958</xmax>
			<ymax>861</ymax>
		</bndbox>
	</object>
	<object>
		<name>sp23</name>
		<pose>Unspecified</pose>
		<truncated>0</truncated>
		<difficult>0</difficult>
		<bndbox>
			<xmin>905</xmin>
			<ymin>952</ymin>
			<xmax>943</xmax>
			<ymax>987</ymax>
		</bndbox>
	</object>
	<object>
		<name>sp23</name>
		<pose>Unspecified</pose>
		<truncated>0</truncated>
		<difficult>0</difficult>
		<bndbox>
			<xmin>1095</xmin>
			<ymin>748</ymin>
			<xmax>1132</xmax>
			<ymax>779</ymax>
		</bndbox>
	</object>
	<object>
		<name>sp23</name>
		<pose>Unspecified</pose>
		<truncated>0</truncated>
		<difficult>0</difficult>
		<bndbox>
			<xmin>1196</xmin>
			<ymin>821</ymin>
			<xmax>1239</xmax>
			<ymax>861</ymax>
		</bndbox>
	</object>
	<object>
		<name>sp23</name>
		<pose>Unspecified</pose>
		<truncated>0</truncated>
		<difficult>0</difficult>
		<bndbox>
			<xmin>1336</xmin>
			<ymin>771</ymin>
			<xmax>1373</xmax>
			<ymax>804</ymax>
		</bndbox>
	</object>
	<object>
		<name>sp23</name>
		<pose>Unspecified</pose>
		<truncated>0</truncated>
		<difficult>0</difficult>
		<bndbox>
			<xmin>1282</xmin>
			<ymin>878</ymin>
			<xmax>1322</xmax>
			<ymax>910</ymax>
		</bndbox>
	</object>
	<object>
		<name>sp23</name>
		<pose>Unspecified</pose>
		<truncated>0</truncated>
		<difficult>0</difficult>
		<bndbox>
			<xmin>1226</xmin>
			<ymin>916</ymin>
			<xmax>1267</xmax>
			<ymax>952</ymax>
		</bndbox>
	</object>
	<object>
		<name>sp23</name>
		<pose>Unspecified</pose>
		<truncated>0</truncated>
		<difficult>0</difficult>
		<bndbox>
			<xmin>1167</xmin>
			<ymin>902</ymin>
			<xmax>1207</xmax>
			<ymax>941</ymax>
		</bndbox>
	</object>
	<object>
		<name>sp23</name>
		<pose>Unspecified</pose>
		<truncated>0</truncated>
		<difficult>0</difficult>
		<bndbox>
			<xmin>1170</xmin>
			<ymin>934</ymin>
			<xmax>1214</xmax>
			<ymax>967</ymax>
		</bndbox>
	</object>
	<object>
		<name>sp23</name>
		<pose>Unspecified</pose>
		<truncated>0</truncated>
		<difficult>0</difficult>
		<bndbox>
			<xmin>1119</xmin>
			<ymin>961</ymin>
			<xmax>1159</xmax>
			<ymax>995</ymax>
		</bndbox>
	</object>
	<object>
		<name>sp23</name>
		<pose>Unspecified</pose>
		<truncated>0</truncated>
		<difficult>0</difficult>
		<bndbox>
			<xmin>1032</xmin>
			<ymin>541</ymin>
			<xmax>1070</xmax>
			<ymax>574</ymax>
		</bndbox>
	</object>
	<object>
		<name>sp23</name>
		<pose>Unspecified</pose>
		<truncated>0</truncated>
		<difficult>0</difficult>
		<bndbox>
			<xmin>1030</xmin>
			<ymin>594</ymin>
			<xmax>1063</xmax>
			<ymax>632</ymax>
		</bndbox>
	</object>
	<object>
		<name>sp23</name>
		<pose>Unspecified</pose>
		<truncated>0</truncated>
		<difficult>0</difficult>
		<bndbox>
			<xmin>1003</xmin>
			<ymin>647</ymin>
			<xmax>1038</xmax>
			<ymax>676</ymax>
		</bndbox>
	</object>
	<object>
		<name>sp23</name>
		<pose>Unspecified</pose>
		<truncated>0</truncated>
		<difficult>0</difficult>
		<bndbox>
			<xmin>1004</xmin>
			<ymin>682</ymin>
			<xmax>1037</xmax>
			<ymax>714</ymax>
		</bndbox>
	</object>
	<object>
		<name>sp23</name>
		<pose>Unspecified</pose>
		<truncated>0</truncated>
		<difficult>0</difficult>
		<bndbox>
			<xmin>1199</xmin>
			<ymin>661</ymin>
			<xmax>1238</xmax>
			<ymax>695</ymax>
		</bndbox>
	</object>
	<object>
		<name>sp23</name>
		<pose>Unspecified</pose>
		<truncated>0</truncated>
		<difficult>0</difficult>
		<bndbox>
			<xmin>1239</xmin>
			<ymin>510</ymin>
			<xmax>1276</xmax>
			<ymax>541</ymax>
		</bndbox>
	</object>
	<object>
		<name>sp23</name>
		<pose>Unspecified</pose>
		<truncated>0</truncated>
		<difficult>0</difficult>
		<bndbox>
			<xmin>1252</xmin>
			<ymin>540</ymin>
			<xmax>1281</xmax>
			<ymax>567</ymax>
		</bndbox>
	</object>
	<object>
		<name>sp23</name>
		<pose>Unspecified</pose>
		<truncated>0</truncated>
		<difficult>0</difficult>
		<bndbox>
			<xmin>1315</xmin>
			<ymin>493</ymin>
			<xmax>1343</xmax>
			<ymax>519</ymax>
		</bndbox>
	</object>
	<object>
		<name>sp23</name>
		<pose>Unspecified</pose>
		<truncated>0</truncated>
		<difficult>0</difficult>
		<bndbox>
			<xmin>1307</xmin>
			<ymin>515</ymin>
			<xmax>1338</xmax>
			<ymax>539</ymax>
		</bndbox>
	</object>
	<object>
		<name>sp23</name>
		<pose>Unspecified</pose>
		<truncated>0</truncated>
		<difficult>0</difficult>
		<bndbox>
			<xmin>1479</xmin>
			<ymin>586</ymin>
			<xmax>1525</xmax>
			<ymax>620</ymax>
		</bndbox>
	</object>
	<object>
		<name>sp23</name>
		<pose>Unspecified</pose>
		<truncated>0</truncated>
		<difficult>0</difficult>
		<bndbox>
			<xmin>1505</xmin>
			<ymin>650</ymin>
			<xmax>1548</xmax>
			<ymax>687</ymax>
		</bndbox>
	</object>
	<object>
		<name>sp23</name>
		<pose>Unspecified</pose>
		<truncated>0</truncated>
		<difficult>0</difficult>
		<bndbox>
			<xmin>877</xmin>
			<ymin>451</ymin>
			<xmax>923</xmax>
			<ymax>488</ymax>
		</bndbox>
	</object>
	<object>
		<name>sp23</name>
		<pose>Unspecified</pose>
		<truncated>0</truncated>
		<difficult>0</difficult>
		<bndbox>
			<xmin>1040</xmin>
			<ymin>358</ymin>
			<xmax>1083</xmax>
			<ymax>397</ymax>
		</bndbox>
	</object>
	<object>
		<name>sp23</name>
		<pose>Unspecified</pose>
		<truncated>0</truncated>
		<difficult>0</difficult>
		<bndbox>
			<xmin>1498</xmin>
			<ymin>895</ymin>
			<xmax>1539</xmax>
			<ymax>930</ymax>
		</bndbox>
	</object>
	<object>
		<name>sp23</name>
		<pose>Unspecified</pose>
		<truncated>0</truncated>
		<difficult>0</difficult>
		<bndbox>
			<xmin>1515</xmin>
			<ymin>1004</ymin>
			<xmax>1553</xmax>
			<ymax>1041</ymax>
		</bndbox>
	</object>
</annotation>