<annotation>
	<folder>my-project-name</folder>
	<filename>sp23_img16.jpg</filename>
	<path>/my-project-name/sp23_img16.jpg</path>
	<source>
		<database>Unspecified</database>
	</source>
	<size>
		<width>2378</width>
		<height>2373</height>
		<depth>3</depth>
	</size>
	<object>
		<name>sp23</name>
		<pose>Unspecified</pose>
		<truncated>0</truncated>
		<difficult>0</difficult>
		<bndbox>
			<xmin>1457</xmin>
			<ymin>2107</ymin>
			<xmax>1489</xmax>
			<ymax>2164</ymax>
		</bndbox>
	</object>
	<object>
		<name>sp23</name>
		<pose>Unspecified</pose>
		<truncated>0</truncated>
		<difficult>0</difficult>
		<bndbox>
			<xmin>1631</xmin>
			<ymin>2055</ymin>
			<xmax>1671</xmax>
			<ymax>2120</ymax>
		</bndbox>
	</object>
	<object>
		<name>sp23</name>
		<pose>Unspecified</pose>
		<truncated>0</truncated>
		<difficult>0</difficult>
		<bndbox>
			<xmin>1575</xmin>
			<ymin>1909</ymin>
			<xmax>1632</xmax>
			<ymax>1986</ymax>
		</bndbox>
	</object>
	<object>
		<name>sp23</name>
		<pose>Unspecified</pose>
		<truncated>0</truncated>
		<difficult>0</difficult>
		<bndbox>
			<xmin>1445</xmin>
			<ymin>1857</ymin>
			<xmax>1485</xmax>
			<ymax>1918</ymax>
		</bndbox>
	</object>
	<object>
		<name>sp23</name>
		<pose>Unspecified</pose>
		<truncated>0</truncated>
		<difficult>0</difficult>
		<bndbox>
			<xmin>1429</xmin>
			<ymin>1978</ymin>
			<xmax>1469</xmax>
			<ymax>2035</ymax>
		</bndbox>
	</object>
	<object>
		<name>sp23</name>
		<pose>Unspecified</pose>
		<truncated>0</truncated>
		<difficult>0</difficult>
		<bndbox>
			<xmin>1280</xmin>
			<ymin>1946</ymin>
			<xmax>1332</xmax>
			<ymax>1994</ymax>
		</bndbox>
	</object>
	<object>
		<name>sp23</name>
		<pose>Unspecified</pose>
		<truncated>0</truncated>
		<difficult>0</difficult>
		<bndbox>
			<xmin>1813</xmin>
			<ymin>1780</ymin>
			<xmax>1861</xmax>
			<ymax>1857</ymax>
		</bndbox>
	</object>
	<object>
		<name>sp23</name>
		<pose>Unspecified</pose>
		<truncated>0</truncated>
		<difficult>0</difficult>
		<bndbox>
			<xmin>1898</xmin>
			<ymin>1514</ymin>
			<xmax>1955</xmax>
			<ymax>1558</ymax>
		</bndbox>
	</object>
	<object>
		<name>sp23</name>
		<pose>Unspecified</pose>
		<truncated>0</truncated>
		<difficult>0</difficult>
		<bndbox>
			<xmin>1813</xmin>
			<ymin>1348</ymin>
			<xmax>1861</xmax>
			<ymax>1409</ymax>
		</bndbox>
	</object>
	<object>
		<name>sp23</name>
		<pose>Unspecified</pose>
		<truncated>0</truncated>
		<difficult>0</difficult>
		<bndbox>
			<xmin>1732</xmin>
			<ymin>1409</ymin>
			<xmax>1780</xmax>
			<ymax>1457</ymax>
		</bndbox>
	</object>
	<object>
		<name>sp23</name>
		<pose>Unspecified</pose>
		<truncated>0</truncated>
		<difficult>0</difficult>
		<bndbox>
			<xmin>1667</xmin>
			<ymin>1570</ymin>
			<xmax>1724</xmax>
			<ymax>1618</ymax>
		</bndbox>
	</object>
	<object>
		<name>sp23</name>
		<pose>Unspecified</pose>
		<truncated>0</truncated>
		<difficult>0</difficult>
		<bndbox>
			<xmin>1474</xmin>
			<ymin>1554</ymin>
			<xmax>1535</xmax>
			<ymax>1602</ymax>
		</bndbox>
	</object>
	<object>
		<name>sp23</name>
		<pose>Unspecified</pose>
		<truncated>0</truncated>
		<difficult>0</difficult>
		<bndbox>
			<xmin>1385</xmin>
			<ymin>1405</ymin>
			<xmax>1433</xmax>
			<ymax>1474</ymax>
		</bndbox>
	</object>
	<object>
		<name>sp23</name>
		<pose>Unspecified</pose>
		<truncated>0</truncated>
		<difficult>0</difficult>
		<bndbox>
			<xmin>1272</xmin>
			<ymin>1316</ymin>
			<xmax>1312</xmax>
			<ymax>1364</ymax>
		</bndbox>
	</object>
	<object>
		<name>sp23</name>
		<pose>Unspecified</pose>
		<truncated>0</truncated>
		<difficult>0</difficult>
		<bndbox>
			<xmin>1328</xmin>
			<ymin>924</ymin>
			<xmax>1393</xmax>
			<ymax>1001</ymax>
		</bndbox>
	</object>
	<object>
		<name>sp23</name>
		<pose>Unspecified</pose>
		<truncated>0</truncated>
		<difficult>0</difficult>
		<bndbox>
			<xmin>1667</xmin>
			<ymin>827</ymin>
			<xmax>1732</xmax>
			<ymax>867</ymax>
		</bndbox>
	</object>
	<object>
		<name>sp23</name>
		<pose>Unspecified</pose>
		<truncated>0</truncated>
		<difficult>0</difficult>
		<bndbox>
			<xmin>1752</xmin>
			<ymin>359</ymin>
			<xmax>1804</xmax>
			<ymax>416</ymax>
		</bndbox>
	</object>
	<object>
		<name>sp23</name>
		<pose>Unspecified</pose>
		<truncated>0</truncated>
		<difficult>0</difficult>
		<bndbox>
			<xmin>1381</xmin>
			<ymin>589</ymin>
			<xmax>1446</xmax>
			<ymax>646</ymax>
		</bndbox>
	</object>
	<object>
		<name>sp23</name>
		<pose>Unspecified</pose>
		<truncated>0</truncated>
		<difficult>0</difficult>
		<bndbox>
			<xmin>1518</xmin>
			<ymin>625</ymin>
			<xmax>1579</xmax>
			<ymax>686</ymax>
		</bndbox>
	</object>
	<object>
		<name>sp23</name>
		<pose>Unspecified</pose>
		<truncated>0</truncated>
		<difficult>0</difficult>
		<bndbox>
			<xmin>1873</xmin>
			<ymin>508</ymin>
			<xmax>1925</xmax>
			<ymax>548</ymax>
		</bndbox>
	</object>
	<object>
		<name>sp23</name>
		<pose>Unspecified</pose>
		<truncated>0</truncated>
		<difficult>0</difficult>
		<bndbox>
			<xmin>1994</xmin>
			<ymin>508</ymin>
			<xmax>2071</xmax>
			<ymax>573</ymax>
		</bndbox>
	</object>
	<object>
		<name>sp23</name>
		<pose>Unspecified</pose>
		<truncated>0</truncated>
		<difficult>0</difficult>
		<bndbox>
			<xmin>1284</xmin>
			<ymin>1530</ymin>
			<xmax>1353</xmax>
			<ymax>1603</ymax>
		</bndbox>
	</object>
	<object>
		<name>sp23</name>
		<pose>Unspecified</pose>
		<truncated>0</truncated>
		<difficult>0</difficult>
		<bndbox>
			<xmin>908</xmin>
			<ymin>1457</ymin>
			<xmax>977</xmax>
			<ymax>1514</ymax>
		</bndbox>
	</object>
	<object>
		<name>sp23</name>
		<pose>Unspecified</pose>
		<truncated>0</truncated>
		<difficult>0</difficult>
		<bndbox>
			<xmin>787</xmin>
			<ymin>1477</ymin>
			<xmax>848</xmax>
			<ymax>1525</ymax>
		</bndbox>
	</object>
	<object>
		<name>sp23</name>
		<pose>Unspecified</pose>
		<truncated>0</truncated>
		<difficult>0</difficult>
		<bndbox>
			<xmin>856</xmin>
			<ymin>1550</ymin>
			<xmax>929</xmax>
			<ymax>1607</ymax>
		</bndbox>
	</object>
	<object>
		<name>sp23</name>
		<pose>Unspecified</pose>
		<truncated>0</truncated>
		<difficult>0</difficult>
		<bndbox>
			<xmin>852</xmin>
			<ymin>1732</ymin>
			<xmax>917</xmax>
			<ymax>1813</ymax>
		</bndbox>
	</object>
	<object>
		<name>sp23</name>
		<pose>Unspecified</pose>
		<truncated>0</truncated>
		<difficult>0</difficult>
		<bndbox>
			<xmin>1042</xmin>
			<ymin>2010</ymin>
			<xmax>1111</xmax>
			<ymax>2107</ymax>
		</bndbox>
	</object>
	<object>
		<name>sp23</name>
		<pose>Unspecified</pose>
		<truncated>0</truncated>
		<difficult>0</difficult>
		<bndbox>
			<xmin>1191</xmin>
			<ymin>1994</ymin>
			<xmax>1243</xmax>
			<ymax>2059</ymax>
		</bndbox>
	</object>
	<object>
		<name>sp23</name>
		<pose>Unspecified</pose>
		<truncated>0</truncated>
		<difficult>0</difficult>
		<bndbox>
			<xmin>440</xmin>
			<ymin>1966</ymin>
			<xmax>488</xmax>
			<ymax>2018</ymax>
		</bndbox>
	</object>
	<object>
		<name>sp23</name>
		<pose>Unspecified</pose>
		<truncated>0</truncated>
		<difficult>0</difficult>
		<bndbox>
			<xmin>529</xmin>
			<ymin>1994</ymin>
			<xmax>590</xmax>
			<ymax>2046</ymax>
		</bndbox>
	</object>
	<object>
		<name>sp23</name>
		<pose>Unspecified</pose>
		<truncated>0</truncated>
		<difficult>0</difficult>
		<bndbox>
			<xmin>565</xmin>
			<ymin>2046</ymin>
			<xmax>626</xmax>
			<ymax>2103</ymax>
		</bndbox>
	</object>
	<object>
		<name>sp23</name>
		<pose>Unspecified</pose>
		<truncated>0</truncated>
		<difficult>0</difficult>
		<bndbox>
			<xmin>662</xmin>
			<ymin>2002</ymin>
			<xmax>698</xmax>
			<ymax>2067</ymax>
		</bndbox>
	</object>
	<object>
		<name>sp23</name>
		<pose>Unspecified</pose>
		<truncated>0</truncated>
		<difficult>0</difficult>
		<bndbox>
			<xmin>864</xmin>
			<ymin>2022</ymin>
			<xmax>904</xmax>
			<ymax>2079</ymax>
		</bndbox>
	</object>
	<object>
		<name>sp23</name>
		<pose>Unspecified</pose>
		<truncated>0</truncated>
		<difficult>0</difficult>
		<bndbox>
			<xmin>254</xmin>
			<ymin>1715</ymin>
			<xmax>298</xmax>
			<ymax>1763</ymax>
		</bndbox>
	</object>
	<object>
		<name>sp23</name>
		<pose>Unspecified</pose>
		<truncated>0</truncated>
		<difficult>0</difficult>
		<bndbox>
			<xmin>202</xmin>
			<ymin>1614</ymin>
			<xmax>254</xmax>
			<ymax>1662</ymax>
		</bndbox>
	</object>
	<object>
		<name>sp23</name>
		<pose>Unspecified</pose>
		<truncated>0</truncated>
		<difficult>0</difficult>
		<bndbox>
			<xmin>40</xmin>
			<ymin>1429</ymin>
			<xmax>88</xmax>
			<ymax>1494</ymax>
		</bndbox>
	</object>
	<object>
		<name>sp23</name>
		<pose>Unspecified</pose>
		<truncated>0</truncated>
		<difficult>0</difficult>
		<bndbox>
			<xmin>133</xmin>
			<ymin>1417</ymin>
			<xmax>173</xmax>
			<ymax>1482</ymax>
		</bndbox>
	</object>
	<object>
		<name>sp23</name>
		<pose>Unspecified</pose>
		<truncated>0</truncated>
		<difficult>0</difficult>
		<bndbox>
			<xmin>109</xmin>
			<ymin>1538</ymin>
			<xmax>153</xmax>
			<ymax>1595</ymax>
		</bndbox>
	</object>
	<object>
		<name>sp23</name>
		<pose>Unspecified</pose>
		<truncated>0</truncated>
		<difficult>0</difficult>
		<bndbox>
			<xmin>174</xmin>
			<ymin>1110</ymin>
			<xmax>226</xmax>
			<ymax>1171</ymax>
		</bndbox>
	</object>
	<object>
		<name>sp23</name>
		<pose>Unspecified</pose>
		<truncated>0</truncated>
		<difficult>0</difficult>
		<bndbox>
			<xmin>303</xmin>
			<ymin>1142</ymin>
			<xmax>355</xmax>
			<ymax>1203</ymax>
		</bndbox>
	</object>
	<object>
		<name>sp23</name>
		<pose>Unspecified</pose>
		<truncated>0</truncated>
		<difficult>0</difficult>
		<bndbox>
			<xmin>210</xmin>
			<ymin>839</ymin>
			<xmax>258</xmax>
			<ymax>891</ymax>
		</bndbox>
	</object>
	<object>
		<name>sp23</name>
		<pose>Unspecified</pose>
		<truncated>0</truncated>
		<difficult>0</difficult>
		<bndbox>
			<xmin>262</xmin>
			<ymin>807</ymin>
			<xmax>314</xmax>
			<ymax>855</ymax>
		</bndbox>
	</object>
	<object>
		<name>sp23</name>
		<pose>Unspecified</pose>
		<truncated>0</truncated>
		<difficult>0</difficult>
		<bndbox>
			<xmin>81</xmin>
			<ymin>1118</ymin>
			<xmax>142</xmax>
			<ymax>1175</ymax>
		</bndbox>
	</object>
	<object>
		<name>sp23</name>
		<pose>Unspecified</pose>
		<truncated>0</truncated>
		<difficult>0</difficult>
		<bndbox>
			<xmin>28</xmin>
			<ymin>1098</ymin>
			<xmax>72</xmax>
			<ymax>1134</ymax>
		</bndbox>
	</object>
	<object>
		<name>sp23</name>
		<pose>Unspecified</pose>
		<truncated>0</truncated>
		<difficult>0</difficult>
		<bndbox>
			<xmin>24</xmin>
			<ymin>1142</ymin>
			<xmax>60</xmax>
			<ymax>1190</ymax>
		</bndbox>
	</object>
	<object>
		<name>sp23</name>
		<pose>Unspecified</pose>
		<truncated>0</truncated>
		<difficult>0</difficult>
		<bndbox>
			<xmin>606</xmin>
			<ymin>815</ymin>
			<xmax>646</xmax>
			<ymax>863</ymax>
		</bndbox>
	</object>
	<object>
		<name>sp23</name>
		<pose>Unspecified</pose>
		<truncated>0</truncated>
		<difficult>0</difficult>
		<bndbox>
			<xmin>598</xmin>
			<ymin>593</ymin>
			<xmax>683</xmax>
			<ymax>637</ymax>
		</bndbox>
	</object>
	<object>
		<name>sp23</name>
		<pose>Unspecified</pose>
		<truncated>0</truncated>
		<difficult>0</difficult>
		<bndbox>
			<xmin>585</xmin>
			<ymin>310</ymin>
			<xmax>654</xmax>
			<ymax>375</ymax>
		</bndbox>
	</object>
	<object>
		<name>sp23</name>
		<pose>Unspecified</pose>
		<truncated>0</truncated>
		<difficult>0</difficult>
		<bndbox>
			<xmin>795</xmin>
			<ymin>318</ymin>
			<xmax>839</xmax>
			<ymax>407</ymax>
		</bndbox>
	</object>
	<object>
		<name>sp23</name>
		<pose>Unspecified</pose>
		<truncated>0</truncated>
		<difficult>0</difficult>
		<bndbox>
			<xmin>658</xmin>
			<ymin>456</ymin>
			<xmax>706</xmax>
			<ymax>525</ymax>
		</bndbox>
	</object>
	<object>
		<name>sp23</name>
		<pose>Unspecified</pose>
		<truncated>0</truncated>
		<difficult>0</difficult>
		<bndbox>
			<xmin>715</xmin>
			<ymin>645</ymin>
			<xmax>759</xmax>
			<ymax>714</ymax>
		</bndbox>
	</object>
	<object>
		<name>sp23</name>
		<pose>Unspecified</pose>
		<truncated>0</truncated>
		<difficult>0</difficult>
		<bndbox>
			<xmin>1187</xmin>
			<ymin>549</ymin>
			<xmax>1223</xmax>
			<ymax>606</ymax>
		</bndbox>
	</object>
	<object>
		<name>sp23</name>
		<pose>Unspecified</pose>
		<truncated>0</truncated>
		<difficult>0</difficult>
		<bndbox>
			<xmin>1215</xmin>
			<ymin>658</ymin>
			<xmax>1276</xmax>
			<ymax>723</ymax>
		</bndbox>
	</object>
	<object>
		<name>sp23</name>
		<pose>Unspecified</pose>
		<truncated>0</truncated>
		<difficult>0</difficult>
		<bndbox>
			<xmin>1550</xmin>
			<ymin>310</ymin>
			<xmax>1595</xmax>
			<ymax>358</ymax>
		</bndbox>
	</object>
	<object>
		<name>sp23</name>
		<pose>Unspecified</pose>
		<truncated>0</truncated>
		<difficult>0</difficult>
		<bndbox>
			<xmin>1481</xmin>
			<ymin>314</ymin>
			<xmax>1522</xmax>
			<ymax>364</ymax>
		</bndbox>
	</object>
	<object>
		<name>sp23</name>
		<pose>Unspecified</pose>
		<truncated>0</truncated>
		<difficult>0</difficult>
		<bndbox>
			<xmin>1381</xmin>
			<ymin>270</ymin>
			<xmax>1421</xmax>
			<ymax>335</ymax>
		</bndbox>
	</object>
	<object>
		<name>sp23</name>
		<pose>Unspecified</pose>
		<truncated>0</truncated>
		<difficult>0</difficult>
		<bndbox>
			<xmin>1457</xmin>
			<ymin>165</ymin>
			<xmax>1514</xmax>
			<ymax>213</ymax>
		</bndbox>
	</object>
	<object>
		<name>sp23</name>
		<pose>Unspecified</pose>
		<truncated>0</truncated>
		<difficult>0</difficult>
		<bndbox>
			<xmin>1332</xmin>
			<ymin>125</ymin>
			<xmax>1397</xmax>
			<ymax>177</ymax>
		</bndbox>
	</object>
	<object>
		<name>sp23</name>
		<pose>Unspecified</pose>
		<truncated>0</truncated>
		<difficult>0</difficult>
		<bndbox>
			<xmin>1078</xmin>
			<ymin>561</ymin>
			<xmax>1122</xmax>
			<ymax>626</ymax>
		</bndbox>
	</object>
	<object>
		<name>sp23</name>
		<pose>Unspecified</pose>
		<truncated>0</truncated>
		<difficult>0</difficult>
		<bndbox>
			<xmin>1034</xmin>
			<ymin>500</ymin>
			<xmax>1091</xmax>
			<ymax>557</ymax>
		</bndbox>
	</object>
	<object>
		<name>sp23</name>
		<pose>Unspecified</pose>
		<truncated>0</truncated>
		<difficult>0</difficult>
		<bndbox>
			<xmin>1025</xmin>
			<ymin>387</ymin>
			<xmax>1082</xmax>
			<ymax>452</ymax>
		</bndbox>
	</object>
	<object>
		<name>sp23</name>
		<pose>Unspecified</pose>
		<truncated>0</truncated>
		<difficult>0</difficult>
		<bndbox>
			<xmin>868</xmin>
			<ymin>484</ymin>
			<xmax>920</xmax>
			<ymax>536</ymax>
		</bndbox>
	</object>
	<object>
		<name>sp23</name>
		<pose>Unspecified</pose>
		<truncated>0</truncated>
		<difficult>0</difficult>
		<bndbox>
			<xmin>900</xmin>
			<ymin>557</ymin>
			<xmax>961</xmax>
			<ymax>618</ymax>
		</bndbox>
	</object>
	<object>
		<name>sp23</name>
		<pose>Unspecified</pose>
		<truncated>0</truncated>
		<difficult>0</difficult>
		<bndbox>
			<xmin>799</xmin>
			<ymin>573</ymin>
			<xmax>847</xmax>
			<ymax>625</ymax>
		</bndbox>
	</object>
	<object>
		<name>sp23</name>
		<pose>Unspecified</pose>
		<truncated>0</truncated>
		<difficult>0</difficult>
		<bndbox>
			<xmin>747</xmin>
			<ymin>496</ymin>
			<xmax>779</xmax>
			<ymax>540</ymax>
		</bndbox>
	</object>
	<object>
		<name>sp23</name>
		<pose>Unspecified</pose>
		<truncated>0</truncated>
		<difficult>0</difficult>
		<bndbox>
			<xmin>844</xmin>
			<ymin>242</ymin>
			<xmax>888</xmax>
			<ymax>278</ymax>
		</bndbox>
	</object>
	<object>
		<name>sp23</name>
		<pose>Unspecified</pose>
		<truncated>0</truncated>
		<difficult>0</difficult>
		<bndbox>
			<xmin>852</xmin>
			<ymin>310</ymin>
			<xmax>900</xmax>
			<ymax>350</ymax>
		</bndbox>
	</object>
	<object>
		<name>sp23</name>
		<pose>Unspecified</pose>
		<truncated>0</truncated>
		<difficult>0</difficult>
		<bndbox>
			<xmin>981</xmin>
			<ymin>226</ymin>
			<xmax>1021</xmax>
			<ymax>283</ymax>
		</bndbox>
	</object>
	<object>
		<name>sp23</name>
		<pose>Unspecified</pose>
		<truncated>0</truncated>
		<difficult>0</difficult>
		<bndbox>
			<xmin>1030</xmin>
			<ymin>205</ymin>
			<xmax>1078</xmax>
			<ymax>257</ymax>
		</bndbox>
	</object>
	<object>
		<name>sp23</name>
		<pose>Unspecified</pose>
		<truncated>0</truncated>
		<difficult>0</difficult>
		<bndbox>
			<xmin>1013</xmin>
			<ymin>157</ymin>
			<xmax>1057</xmax>
			<ymax>209</ymax>
		</bndbox>
	</object>
	<object>
		<name>sp23</name>
		<pose>Unspecified</pose>
		<truncated>0</truncated>
		<difficult>0</difficult>
		<bndbox>
			<xmin>997</xmin>
			<ymin>1049</ymin>
			<xmax>1045</xmax>
			<ymax>1110</ymax>
		</bndbox>
	</object>
	<object>
		<name>sp23</name>
		<pose>Unspecified</pose>
		<truncated>0</truncated>
		<difficult>0</difficult>
		<bndbox>
			<xmin>1001</xmin>
			<ymin>960</ymin>
			<xmax>1049</xmax>
			<ymax>1021</ymax>
		</bndbox>
	</object>
	<object>
		<name>sp23</name>
		<pose>Unspecified</pose>
		<truncated>0</truncated>
		<difficult>0</difficult>
		<bndbox>
			<xmin>1074</xmin>
			<ymin>956</ymin>
			<xmax>1106</xmax>
			<ymax>1025</ymax>
		</bndbox>
	</object>
	<object>
		<name>sp23</name>
		<pose>Unspecified</pose>
		<truncated>0</truncated>
		<difficult>0</difficult>
		<bndbox>
			<xmin>1199</xmin>
			<ymin>831</ymin>
			<xmax>1247</xmax>
			<ymax>888</ymax>
		</bndbox>
	</object>
	<object>
		<name>sp23</name>
		<pose>Unspecified</pose>
		<truncated>0</truncated>
		<difficult>0</difficult>
		<bndbox>
			<xmin>1159</xmin>
			<ymin>920</ymin>
			<xmax>1207</xmax>
			<ymax>977</ymax>
		</bndbox>
	</object>
	<object>
		<name>sp23</name>
		<pose>Unspecified</pose>
		<truncated>0</truncated>
		<difficult>0</difficult>
		<bndbox>
			<xmin>1215</xmin>
			<ymin>932</ymin>
			<xmax>1255</xmax>
			<ymax>980</ymax>
		</bndbox>
	</object>
	<object>
		<name>sp23</name>
		<pose>Unspecified</pose>
		<truncated>0</truncated>
		<difficult>0</difficult>
		<bndbox>
			<xmin>1776</xmin>
			<ymin>1065</ymin>
			<xmax>1820</xmax>
			<ymax>1109</ymax>
		</bndbox>
	</object>
	<object>
		<name>sp23</name>
		<pose>Unspecified</pose>
		<truncated>0</truncated>
		<difficult>0</difficult>
		<bndbox>
			<xmin>1817</xmin>
			<ymin>1049</ymin>
			<xmax>1860</xmax>
			<ymax>1086</ymax>
		</bndbox>
	</object>
	<object>
		<name>sp23</name>
		<pose>Unspecified</pose>
		<truncated>0</truncated>
		<difficult>0</difficult>
		<bndbox>
			<xmin>2017</xmin>
			<ymin>973</ymin>
			<xmax>2072</xmax>
			<ymax>1021</ymax>
		</bndbox>
	</object>
	<object>
		<name>sp23</name>
		<pose>Unspecified</pose>
		<truncated>0</truncated>
		<difficult>0</difficult>
		<bndbox>
			<xmin>2028</xmin>
			<ymin>900</ymin>
			<xmax>2067</xmax>
			<ymax>942</ymax>
		</bndbox>
	</object>
	<object>
		<name>sp23</name>
		<pose>Unspecified</pose>
		<truncated>0</truncated>
		<difficult>0</difficult>
		<bndbox>
			<xmin>2047</xmin>
			<ymin>823</ymin>
			<xmax>2104</xmax>
			<ymax>875</ymax>
		</bndbox>
	</object>
	<object>
		<name>sp23</name>
		<pose>Unspecified</pose>
		<truncated>0</truncated>
		<difficult>0</difficult>
		<bndbox>
			<xmin>2063</xmin>
			<ymin>678</ymin>
			<xmax>2107</xmax>
			<ymax>730</ymax>
		</bndbox>
	</object>
	<object>
		<name>sp23</name>
		<pose>Unspecified</pose>
		<truncated>0</truncated>
		<difficult>0</difficult>
		<bndbox>
			<xmin>2007</xmin>
			<ymin>633</ymin>
			<xmax>2059</xmax>
			<ymax>685</ymax>
		</bndbox>
	</object>
	<object>
		<name>sp23</name>
		<pose>Unspecified</pose>
		<truncated>0</truncated>
		<difficult>0</difficult>
		<bndbox>
			<xmin>1877</xmin>
			<ymin>561</ymin>
			<xmax>1934</xmax>
			<ymax>601</ymax>
		</bndbox>
	</object>
	<object>
		<name>sp23</name>
		<pose>Unspecified</pose>
		<truncated>0</truncated>
		<difficult>0</difficult>
		<bndbox>
			<xmin>1885</xmin>
			<ymin>853</ymin>
			<xmax>1913</xmax>
			<ymax>889</ymax>
		</bndbox>
	</object>
	<object>
		<name>sp23</name>
		<pose>Unspecified</pose>
		<truncated>0</truncated>
		<difficult>0</difficult>
		<bndbox>
			<xmin>1944</xmin>
			<ymin>791</ymin>
			<xmax>1974</xmax>
			<ymax>821</ymax>
		</bndbox>
	</object>
	<object>
		<name>sp23</name>
		<pose>Unspecified</pose>
		<truncated>0</truncated>
		<difficult>0</difficult>
		<bndbox>
			<xmin>1405</xmin>
			<ymin>1756</ymin>
			<xmax>1457</xmax>
			<ymax>1796</ymax>
		</bndbox>
	</object>
	<object>
		<name>sp23</name>
		<pose>Unspecified</pose>
		<truncated>0</truncated>
		<difficult>0</difficult>
		<bndbox>
			<xmin>1288</xmin>
			<ymin>1760</ymin>
			<xmax>1340</xmax>
			<ymax>1808</ymax>
		</bndbox>
	</object>
	<object>
		<name>sp23</name>
		<pose>Unspecified</pose>
		<truncated>0</truncated>
		<difficult>0</difficult>
		<bndbox>
			<xmin>1373</xmin>
			<ymin>2115</ymin>
			<xmax>1417</xmax>
			<ymax>2176</ymax>
		</bndbox>
	</object>
	<object>
		<name>sp23</name>
		<pose>Unspecified</pose>
		<truncated>0</truncated>
		<difficult>0</difficult>
		<bndbox>
			<xmin>1292</xmin>
			<ymin>2071</ymin>
			<xmax>1324</xmax>
			<ymax>2111</ymax>
		</bndbox>
	</object>
	<object>
		<name>sp23</name>
		<pose>Unspecified</pose>
		<truncated>0</truncated>
		<difficult>0</difficult>
		<bndbox>
			<xmin>1353</xmin>
			<ymin>1998</ymin>
			<xmax>1385</xmax>
			<ymax>2046</ymax>
		</bndbox>
	</object>
	<object>
		<name>sp23</name>
		<pose>Unspecified</pose>
		<truncated>0</truncated>
		<difficult>0</difficult>
		<bndbox>
			<xmin>767</xmin>
			<ymin>633</ymin>
			<xmax>811</xmax>
			<ymax>681</ymax>
		</bndbox>
	</object>
	<object>
		<name>sp23</name>
		<pose>Unspecified</pose>
		<truncated>0</truncated>
		<difficult>0</difficult>
		<bndbox>
			<xmin>918</xmin>
			<ymin>709</ymin>
			<xmax>954</xmax>
			<ymax>744</ymax>
		</bndbox>
	</object>
	<object>
		<name>sp23</name>
		<pose>Unspecified</pose>
		<truncated>0</truncated>
		<difficult>0</difficult>
		<bndbox>
			<xmin>965</xmin>
			<ymin>731</ymin>
			<xmax>1008</xmax>
			<ymax>763</ymax>
		</bndbox>
	</object>
	<object>
		<name>sp23</name>
		<pose>Unspecified</pose>
		<truncated>0</truncated>
		<difficult>0</difficult>
		<bndbox>
			<xmin>1096</xmin>
			<ymin>724</ymin>
			<xmax>1135</xmax>
			<ymax>757</ymax>
		</bndbox>
	</object>
	<object>
		<name>sp23</name>
		<pose>Unspecified</pose>
		<truncated>0</truncated>
		<difficult>0</difficult>
		<bndbox>
			<xmin>1058</xmin>
			<ymin>745</ymin>
			<xmax>1085</xmax>
			<ymax>777</ymax>
		</bndbox>
	</object>
	<object>
		<name>sp23</name>
		<pose>Unspecified</pose>
		<truncated>0</truncated>
		<difficult>0</difficult>
		<bndbox>
			<xmin>1129</xmin>
			<ymin>773</ymin>
			<xmax>1159</xmax>
			<ymax>810</ymax>
		</bndbox>
	</object>
	<object>
		<name>sp23</name>
		<pose>Unspecified</pose>
		<truncated>0</truncated>
		<difficult>0</difficult>
		<bndbox>
			<xmin>1342</xmin>
			<ymin>761</ymin>
			<xmax>1374</xmax>
			<ymax>793</ymax>
		</bndbox>
	</object>
	<object>
		<name>sp23</name>
		<pose>Unspecified</pose>
		<truncated>0</truncated>
		<difficult>0</difficult>
		<bndbox>
			<xmin>1347</xmin>
			<ymin>709</ymin>
			<xmax>1373</xmax>
			<ymax>742</ymax>
		</bndbox>
	</object>
	<object>
		<name>sp23</name>
		<pose>Unspecified</pose>
		<truncated>0</truncated>
		<difficult>0</difficult>
		<bndbox>
			<xmin>1383</xmin>
			<ymin>708</ymin>
			<xmax>1412</xmax>
			<ymax>738</ymax>
		</bndbox>
	</object>
	<object>
		<name>sp23</name>
		<pose>Unspecified</pose>
		<truncated>0</truncated>
		<difficult>0</difficult>
		<bndbox>
			<xmin>1390</xmin>
			<ymin>738</ymin>
			<xmax>1412</xmax>
			<ymax>761</ymax>
		</bndbox>
	</object>
	<object>
		<name>sp23</name>
		<pose>Unspecified</pose>
		<truncated>0</truncated>
		<difficult>0</difficult>
		<bndbox>
			<xmin>1413</xmin>
			<ymin>724</ymin>
			<xmax>1439</xmax>
			<ymax>757</ymax>
		</bndbox>
	</object>
	<object>
		<name>sp23</name>
		<pose>Unspecified</pose>
		<truncated>0</truncated>
		<difficult>0</difficult>
		<bndbox>
			<xmin>1432</xmin>
			<ymin>749</ymin>
			<xmax>1452</xmax>
			<ymax>774</ymax>
		</bndbox>
	</object>
	<object>
		<name>sp23</name>
		<pose>Unspecified</pose>
		<truncated>0</truncated>
		<difficult>0</difficult>
		<bndbox>
			<xmin>1551</xmin>
			<ymin>793</ymin>
			<xmax>1578</xmax>
			<ymax>826</ymax>
		</bndbox>
	</object>
	<object>
		<name>sp23</name>
		<pose>Unspecified</pose>
		<truncated>0</truncated>
		<difficult>0</difficult>
		<bndbox>
			<xmin>1267</xmin>
			<ymin>1034</ymin>
			<xmax>1293</xmax>
			<ymax>1071</ymax>
		</bndbox>
	</object>
	<object>
		<name>sp23</name>
		<pose>Unspecified</pose>
		<truncated>0</truncated>
		<difficult>0</difficult>
		<bndbox>
			<xmin>1237</xmin>
			<ymin>1019</ymin>
			<xmax>1269</xmax>
			<ymax>1056</ymax>
		</bndbox>
	</object>
	<object>
		<name>sp23</name>
		<pose>Unspecified</pose>
		<truncated>0</truncated>
		<difficult>0</difficult>
		<bndbox>
			<xmin>1179</xmin>
			<ymin>1133</ymin>
			<xmax>1208</xmax>
			<ymax>1169</ymax>
		</bndbox>
	</object>
	<object>
		<name>sp23</name>
		<pose>Unspecified</pose>
		<truncated>0</truncated>
		<difficult>0</difficult>
		<bndbox>
			<xmin>1204</xmin>
			<ymin>1165</ymin>
			<xmax>1233</xmax>
			<ymax>1194</ymax>
		</bndbox>
	</object>
	<object>
		<name>sp23</name>
		<pose>Unspecified</pose>
		<truncated>0</truncated>
		<difficult>0</difficult>
		<bndbox>
			<xmin>851</xmin>
			<ymin>1159</ymin>
			<xmax>880</xmax>
			<ymax>1199</ymax>
		</bndbox>
	</object>
	<object>
		<name>sp23</name>
		<pose>Unspecified</pose>
		<truncated>0</truncated>
		<difficult>0</difficult>
		<bndbox>
			<xmin>916</xmin>
			<ymin>888</ymin>
			<xmax>946</xmax>
			<ymax>921</ymax>
		</bndbox>
	</object>
	<object>
		<name>sp23</name>
		<pose>Unspecified</pose>
		<truncated>0</truncated>
		<difficult>0</difficult>
		<bndbox>
			<xmin>903</xmin>
			<ymin>849</ymin>
			<xmax>939</xmax>
			<ymax>881</ymax>
		</bndbox>
	</object>
	<object>
		<name>sp23</name>
		<pose>Unspecified</pose>
		<truncated>0</truncated>
		<difficult>0</difficult>
		<bndbox>
			<xmin>955</xmin>
			<ymin>804</ymin>
			<xmax>984</xmax>
			<ymax>836</ymax>
		</bndbox>
	</object>
	<object>
		<name>sp23</name>
		<pose>Unspecified</pose>
		<truncated>0</truncated>
		<difficult>0</difficult>
		<bndbox>
			<xmin>980</xmin>
			<ymin>789</ymin>
			<xmax>1007</xmax>
			<ymax>822</ymax>
		</bndbox>
	</object>
	<object>
		<name>sp23</name>
		<pose>Unspecified</pose>
		<truncated>0</truncated>
		<difficult>0</difficult>
		<bndbox>
			<xmin>1017</xmin>
			<ymin>803</ymin>
			<xmax>1050</xmax>
			<ymax>840</ymax>
		</bndbox>
	</object>
	<object>
		<name>sp23</name>
		<pose>Unspecified</pose>
		<truncated>0</truncated>
		<difficult>0</difficult>
		<bndbox>
			<xmin>1096</xmin>
			<ymin>787</ymin>
			<xmax>1118</xmax>
			<ymax>813</ymax>
		</bndbox>
	</object>
	<object>
		<name>sp23</name>
		<pose>Unspecified</pose>
		<truncated>0</truncated>
		<difficult>0</difficult>
		<bndbox>
			<xmin>1057</xmin>
			<ymin>810</ymin>
			<xmax>1092</xmax>
			<ymax>842</ymax>
		</bndbox>
	</object>
	<object>
		<name>sp23</name>
		<pose>Unspecified</pose>
		<truncated>0</truncated>
		<difficult>0</difficult>
		<bndbox>
			<xmin>1058</xmin>
			<ymin>849</ymin>
			<xmax>1090</xmax>
			<ymax>881</ymax>
		</bndbox>
	</object>
	<object>
		<name>sp23</name>
		<pose>Unspecified</pose>
		<truncated>0</truncated>
		<difficult>0</difficult>
		<bndbox>
			<xmin>1022</xmin>
			<ymin>872</ymin>
			<xmax>1055</xmax>
			<ymax>899</ymax>
		</bndbox>
	</object>
	<object>
		<name>sp23</name>
		<pose>Unspecified</pose>
		<truncated>0</truncated>
		<difficult>0</difficult>
		<bndbox>
			<xmin>1015</xmin>
			<ymin>900</ymin>
			<xmax>1044</xmax>
			<ymax>933</ymax>
		</bndbox>
	</object>
	<object>
		<name>sp23</name>
		<pose>Unspecified</pose>
		<truncated>0</truncated>
		<difficult>0</difficult>
		<bndbox>
			<xmin>983</xmin>
			<ymin>897</ymin>
			<xmax>1013</xmax>
			<ymax>922</ymax>
		</bndbox>
	</object>
	<object>
		<name>sp23</name>
		<pose>Unspecified</pose>
		<truncated>0</truncated>
		<difficult>0</difficult>
		<bndbox>
			<xmin>968</xmin>
			<ymin>918</ymin>
			<xmax>1003</xmax>
			<ymax>943</ymax>
		</bndbox>
	</object>
	<object>
		<name>sp23</name>
		<pose>Unspecified</pose>
		<truncated>0</truncated>
		<difficult>0</difficult>
		<bndbox>
			<xmin>794</xmin>
			<ymin>1140</ymin>
			<xmax>827</xmax>
			<ymax>1172</ymax>
		</bndbox>
	</object>
	<object>
		<name>sp23</name>
		<pose>Unspecified</pose>
		<truncated>0</truncated>
		<difficult>0</difficult>
		<bndbox>
			<xmin>872</xmin>
			<ymin>1272</ymin>
			<xmax>907</xmax>
			<ymax>1307</ymax>
		</bndbox>
	</object>
	<object>
		<name>sp23</name>
		<pose>Unspecified</pose>
		<truncated>0</truncated>
		<difficult>0</difficult>
		<bndbox>
			<xmin>793</xmin>
			<ymin>1351</ymin>
			<xmax>819</xmax>
			<ymax>1377</ymax>
		</bndbox>
	</object>
	<object>
		<name>sp23</name>
		<pose>Unspecified</pose>
		<truncated>0</truncated>
		<difficult>0</difficult>
		<bndbox>
			<xmin>813</xmin>
			<ymin>1316</ymin>
			<xmax>855</xmax>
			<ymax>1351</ymax>
		</bndbox>
	</object>
	<object>
		<name>sp23</name>
		<pose>Unspecified</pose>
		<truncated>0</truncated>
		<difficult>0</difficult>
		<bndbox>
			<xmin>797</xmin>
			<ymin>1184</ymin>
			<xmax>820</xmax>
			<ymax>1211</ymax>
		</bndbox>
	</object>
	<object>
		<name>sp23</name>
		<pose>Unspecified</pose>
		<truncated>0</truncated>
		<difficult>0</difficult>
		<bndbox>
			<xmin>820</xmin>
			<ymin>1210</ymin>
			<xmax>845</xmax>
			<ymax>1235</ymax>
		</bndbox>
	</object>
	<object>
		<name>sp23</name>
		<pose>Unspecified</pose>
		<truncated>0</truncated>
		<difficult>0</difficult>
		<bndbox>
			<xmin>787</xmin>
			<ymin>986</ymin>
			<xmax>813</xmax>
			<ymax>1011</ymax>
		</bndbox>
	</object>
	<object>
		<name>sp23</name>
		<pose>Unspecified</pose>
		<truncated>0</truncated>
		<difficult>0</difficult>
		<bndbox>
			<xmin>806</xmin>
			<ymin>926</ymin>
			<xmax>833</xmax>
			<ymax>952</ymax>
		</bndbox>
	</object>
	<object>
		<name>sp23</name>
		<pose>Unspecified</pose>
		<truncated>0</truncated>
		<difficult>0</difficult>
		<bndbox>
			<xmin>793</xmin>
			<ymin>901</ymin>
			<xmax>819</xmax>
			<ymax>924</ymax>
		</bndbox>
	</object>
	<object>
		<name>sp23</name>
		<pose>Unspecified</pose>
		<truncated>0</truncated>
		<difficult>0</difficult>
		<bndbox>
			<xmin>773</xmin>
			<ymin>902</ymin>
			<xmax>798</xmax>
			<ymax>929</ymax>
		</bndbox>
	</object>
	<object>
		<name>sp23</name>
		<pose>Unspecified</pose>
		<truncated>0</truncated>
		<difficult>0</difficult>
		<bndbox>
			<xmin>1426</xmin>
			<ymin>1616</ymin>
			<xmax>1458</xmax>
			<ymax>1639</ymax>
		</bndbox>
	</object>
	<object>
		<name>sp23</name>
		<pose>Unspecified</pose>
		<truncated>0</truncated>
		<difficult>0</difficult>
		<bndbox>
			<xmin>1430</xmin>
			<ymin>1589</ymin>
			<xmax>1460</xmax>
			<ymax>1616</ymax>
		</bndbox>
	</object>
	<object>
		<name>sp23</name>
		<pose>Unspecified</pose>
		<truncated>0</truncated>
		<difficult>0</difficult>
		<bndbox>
			<xmin>926</xmin>
			<ymin>2092</ymin>
			<xmax>959</xmax>
			<ymax>2134</ymax>
		</bndbox>
	</object>
	<object>
		<name>sp23</name>
		<pose>Unspecified</pose>
		<truncated>0</truncated>
		<difficult>0</difficult>
		<bndbox>
			<xmin>900</xmin>
			<ymin>2092</ymin>
			<xmax>926</xmax>
			<ymax>2125</ymax>
		</bndbox>
	</object>
	<object>
		<name>sp23</name>
		<pose>Unspecified</pose>
		<truncated>0</truncated>
		<difficult>0</difficult>
		<bndbox>
			<xmin>816</xmin>
			<ymin>2024</ymin>
			<xmax>836</xmax>
			<ymax>2051</ymax>
		</bndbox>
	</object>
	<object>
		<name>sp23</name>
		<pose>Unspecified</pose>
		<truncated>0</truncated>
		<difficult>0</difficult>
		<bndbox>
			<xmin>799</xmin>
			<ymin>2037</ymin>
			<xmax>819</xmax>
			<ymax>2067</ymax>
		</bndbox>
	</object>
	<object>
		<name>sp23</name>
		<pose>Unspecified</pose>
		<truncated>0</truncated>
		<difficult>0</difficult>
		<bndbox>
			<xmin>1306</xmin>
			<ymin>2020</ymin>
			<xmax>1335</xmax>
			<ymax>2055</ymax>
		</bndbox>
	</object>
	<object>
		<name>sp23</name>
		<pose>Unspecified</pose>
		<truncated>0</truncated>
		<difficult>0</difficult>
		<bndbox>
			<xmin>1400</xmin>
			<ymin>1964</ymin>
			<xmax>1425</xmax>
			<ymax>2000</ymax>
		</bndbox>
	</object>
	<object>
		<name>sp23</name>
		<pose>Unspecified</pose>
		<truncated>0</truncated>
		<difficult>0</difficult>
		<bndbox>
			<xmin>1331</xmin>
			<ymin>1664</ymin>
			<xmax>1356</xmax>
			<ymax>1700</ymax>
		</bndbox>
	</object>
	<object>
		<name>sp23</name>
		<pose>Unspecified</pose>
		<truncated>0</truncated>
		<difficult>0</difficult>
		<bndbox>
			<xmin>1314</xmin>
			<ymin>1688</ymin>
			<xmax>1334</xmax>
			<ymax>1718</ymax>
		</bndbox>
	</object>
	<object>
		<name>sp23</name>
		<pose>Unspecified</pose>
		<truncated>0</truncated>
		<difficult>0</difficult>
		<bndbox>
			<xmin>1367</xmin>
			<ymin>1822</ymin>
			<xmax>1393</xmax>
			<ymax>1849</ymax>
		</bndbox>
	</object>
	<object>
		<name>sp23</name>
		<pose>Unspecified</pose>
		<truncated>0</truncated>
		<difficult>0</difficult>
		<bndbox>
			<xmin>1332</xmin>
			<ymin>1853</ymin>
			<xmax>1352</xmax>
			<ymax>1882</ymax>
		</bndbox>
	</object>
	<object>
		<name>sp23</name>
		<pose>Unspecified</pose>
		<truncated>0</truncated>
		<difficult>0</difficult>
		<bndbox>
			<xmin>1353</xmin>
			<ymin>1856</ymin>
			<xmax>1372</xmax>
			<ymax>1879</ymax>
		</bndbox>
	</object>
	<object>
		<name>sp23</name>
		<pose>Unspecified</pose>
		<truncated>0</truncated>
		<difficult>0</difficult>
		<bndbox>
			<xmin>1363</xmin>
			<ymin>1864</ymin>
			<xmax>1385</xmax>
			<ymax>1894</ymax>
		</bndbox>
	</object>
	<object>
		<name>sp23</name>
		<pose>Unspecified</pose>
		<truncated>0</truncated>
		<difficult>0</difficult>
		<bndbox>
			<xmin>799</xmin>
			<ymin>1641</ymin>
			<xmax>819</xmax>
			<ymax>1661</ymax>
		</bndbox>
	</object>
	<object>
		<name>sp23</name>
		<pose>Unspecified</pose>
		<truncated>0</truncated>
		<difficult>0</difficult>
		<bndbox>
			<xmin>818</xmin>
			<ymin>1651</ymin>
			<xmax>843</xmax>
			<ymax>1681</ymax>
		</bndbox>
	</object>
	<object>
		<name>sp23</name>
		<pose>Unspecified</pose>
		<truncated>0</truncated>
		<difficult>0</difficult>
		<bndbox>
			<xmin>805</xmin>
			<ymin>1681</ymin>
			<xmax>832</xmax>
			<ymax>1706</ymax>
		</bndbox>
	</object>
	<object>
		<name>sp23</name>
		<pose>Unspecified</pose>
		<truncated>0</truncated>
		<difficult>0</difficult>
		<bndbox>
			<xmin>754</xmin>
			<ymin>1654</ymin>
			<xmax>777</xmax>
			<ymax>1673</ymax>
		</bndbox>
	</object>
	<object>
		<name>sp23</name>
		<pose>Unspecified</pose>
		<truncated>0</truncated>
		<difficult>0</difficult>
		<bndbox>
			<xmin>751</xmin>
			<ymin>1671</ymin>
			<xmax>778</xmax>
			<ymax>1690</ymax>
		</bndbox>
	</object>
	<object>
		<name>sp23</name>
		<pose>Unspecified</pose>
		<truncated>0</truncated>
		<difficult>0</difficult>
		<bndbox>
			<xmin>763</xmin>
			<ymin>1680</ymin>
			<xmax>788</xmax>
			<ymax>1705</ymax>
		</bndbox>
	</object>
	<object>
		<name>sp23</name>
		<pose>Unspecified</pose>
		<truncated>0</truncated>
		<difficult>0</difficult>
		<bndbox>
			<xmin>1525</xmin>
			<ymin>879</ymin>
			<xmax>1546</xmax>
			<ymax>906</ymax>
		</bndbox>
	</object>
	<object>
		<name>sp23</name>
		<pose>Unspecified</pose>
		<truncated>0</truncated>
		<difficult>0</difficult>
		<bndbox>
			<xmin>1510</xmin>
			<ymin>864</ymin>
			<xmax>1529</xmax>
			<ymax>887</ymax>
		</bndbox>
	</object>
	<object>
		<name>sp23</name>
		<pose>Unspecified</pose>
		<truncated>0</truncated>
		<difficult>0</difficult>
		<bndbox>
			<xmin>1505</xmin>
			<ymin>839</ymin>
			<xmax>1535</xmax>
			<ymax>867</ymax>
		</bndbox>
	</object>
	<object>
		<name>sp23</name>
		<pose>Unspecified</pose>
		<truncated>0</truncated>
		<difficult>0</difficult>
		<bndbox>
			<xmin>1508</xmin>
			<ymin>818</ymin>
			<xmax>1531</xmax>
			<ymax>839</ymax>
		</bndbox>
	</object>
	<object>
		<name>sp23</name>
		<pose>Unspecified</pose>
		<truncated>0</truncated>
		<difficult>0</difficult>
		<bndbox>
			<xmin>1464</xmin>
			<ymin>851</ymin>
			<xmax>1489</xmax>
			<ymax>878</ymax>
		</bndbox>
	</object>
	<object>
		<name>sp23</name>
		<pose>Unspecified</pose>
		<truncated>0</truncated>
		<difficult>0</difficult>
		<bndbox>
			<xmin>1467</xmin>
			<ymin>818</ymin>
			<xmax>1486</xmax>
			<ymax>836</ymax>
		</bndbox>
	</object>
	<object>
		<name>sp23</name>
		<pose>Unspecified</pose>
		<truncated>0</truncated>
		<difficult>0</difficult>
		<bndbox>
			<xmin>1491</xmin>
			<ymin>804</ymin>
			<xmax>1511</xmax>
			<ymax>823</ymax>
		</bndbox>
	</object>
	<object>
		<name>sp23</name>
		<pose>Unspecified</pose>
		<truncated>0</truncated>
		<difficult>0</difficult>
		<bndbox>
			<xmin>1480</xmin>
			<ymin>796</ymin>
			<xmax>1494</xmax>
			<ymax>815</ymax>
		</bndbox>
	</object>
	<object>
		<name>sp23</name>
		<pose>Unspecified</pose>
		<truncated>0</truncated>
		<difficult>0</difficult>
		<bndbox>
			<xmin>1460</xmin>
			<ymin>799</ymin>
			<xmax>1482</xmax>
			<ymax>819</ymax>
		</bndbox>
	</object>
	<object>
		<name>sp23</name>
		<pose>Unspecified</pose>
		<truncated>0</truncated>
		<difficult>0</difficult>
		<bndbox>
			<xmin>1452</xmin>
			<ymin>779</ymin>
			<xmax>1472</xmax>
			<ymax>793</ymax>
		</bndbox>
	</object>
	<object>
		<name>sp23</name>
		<pose>Unspecified</pose>
		<truncated>0</truncated>
		<difficult>0</difficult>
		<bndbox>
			<xmin>1472</xmin>
			<ymin>769</ymin>
			<xmax>1493</xmax>
			<ymax>787</ymax>
		</bndbox>
	</object>
	<object>
		<name>sp23</name>
		<pose>Unspecified</pose>
		<truncated>0</truncated>
		<difficult>0</difficult>
		<bndbox>
			<xmin>1456</xmin>
			<ymin>752</ymin>
			<xmax>1472</xmax>
			<ymax>776</ymax>
		</bndbox>
	</object>
	<object>
		<name>sp23</name>
		<pose>Unspecified</pose>
		<truncated>0</truncated>
		<difficult>0</difficult>
		<bndbox>
			<xmin>1469</xmin>
			<ymin>745</ymin>
			<xmax>1487</xmax>
			<ymax>766</ymax>
		</bndbox>
	</object>
	<object>
		<name>sp23</name>
		<pose>Unspecified</pose>
		<truncated>0</truncated>
		<difficult>0</difficult>
		<bndbox>
			<xmin>1489</xmin>
			<ymin>736</ymin>
			<xmax>1518</xmax>
			<ymax>769</ymax>
		</bndbox>
	</object>
	<object>
		<name>sp23</name>
		<pose>Unspecified</pose>
		<truncated>0</truncated>
		<difficult>0</difficult>
		<bndbox>
			<xmin>1497</xmin>
			<ymin>779</ymin>
			<xmax>1517</xmax>
			<ymax>799</ymax>
		</bndbox>
	</object>
	<object>
		<name>sp23</name>
		<pose>Unspecified</pose>
		<truncated>0</truncated>
		<difficult>0</difficult>
		<bndbox>
			<xmin>1699</xmin>
			<ymin>1007</ymin>
			<xmax>1733</xmax>
			<ymax>1039</ymax>
		</bndbox>
	</object>
	<object>
		<name>sp23</name>
		<pose>Unspecified</pose>
		<truncated>0</truncated>
		<difficult>0</difficult>
		<bndbox>
			<xmin>1728</xmin>
			<ymin>995</ymin>
			<xmax>1753</xmax>
			<ymax>1025</ymax>
		</bndbox>
	</object>
	<object>
		<name>sp23</name>
		<pose>Unspecified</pose>
		<truncated>0</truncated>
		<difficult>0</difficult>
		<bndbox>
			<xmin>1743</xmin>
			<ymin>1062</ymin>
			<xmax>1764</xmax>
			<ymax>1083</ymax>
		</bndbox>
	</object>
	<object>
		<name>sp23</name>
		<pose>Unspecified</pose>
		<truncated>0</truncated>
		<difficult>0</difficult>
		<bndbox>
			<xmin>1731</xmin>
			<ymin>1039</ymin>
			<xmax>1760</xmax>
			<ymax>1061</ymax>
		</bndbox>
	</object>
	<object>
		<name>sp23</name>
		<pose>Unspecified</pose>
		<truncated>0</truncated>
		<difficult>0</difficult>
		<bndbox>
			<xmin>1939</xmin>
			<ymin>885</ymin>
			<xmax>1967</xmax>
			<ymax>921</ymax>
		</bndbox>
	</object>
	<object>
		<name>sp23</name>
		<pose>Unspecified</pose>
		<truncated>0</truncated>
		<difficult>0</difficult>
		<bndbox>
			<xmin>1913</xmin>
			<ymin>742</ymin>
			<xmax>1940</xmax>
			<ymax>771</ymax>
		</bndbox>
	</object>
	<object>
		<name>sp23</name>
		<pose>Unspecified</pose>
		<truncated>0</truncated>
		<difficult>0</difficult>
		<bndbox>
			<xmin>1934</xmin>
			<ymin>716</ymin>
			<xmax>1961</xmax>
			<ymax>745</ymax>
		</bndbox>
	</object>
	<object>
		<name>sp23</name>
		<pose>Unspecified</pose>
		<truncated>0</truncated>
		<difficult>0</difficult>
		<bndbox>
			<xmin>1916</xmin>
			<ymin>685</ymin>
			<xmax>1946</xmax>
			<ymax>716</ymax>
		</bndbox>
	</object>
	<object>
		<name>sp23</name>
		<pose>Unspecified</pose>
		<truncated>0</truncated>
		<difficult>0</difficult>
		<bndbox>
			<xmin>1890</xmin>
			<ymin>641</ymin>
			<xmax>1919</xmax>
			<ymax>675</ymax>
		</bndbox>
	</object>
	<object>
		<name>sp23</name>
		<pose>Unspecified</pose>
		<truncated>0</truncated>
		<difficult>0</difficult>
		<bndbox>
			<xmin>1940</xmin>
			<ymin>650</ymin>
			<xmax>1960</xmax>
			<ymax>669</ymax>
		</bndbox>
	</object>
	<object>
		<name>sp23</name>
		<pose>Unspecified</pose>
		<truncated>0</truncated>
		<difficult>0</difficult>
		<bndbox>
			<xmin>1941</xmin>
			<ymin>670</ymin>
			<xmax>1959</xmax>
			<ymax>689</ymax>
		</bndbox>
	</object>
	<object>
		<name>sp23</name>
		<pose>Unspecified</pose>
		<truncated>0</truncated>
		<difficult>0</difficult>
		<bndbox>
			<xmin>1959</xmin>
			<ymin>662</ymin>
			<xmax>1979</xmax>
			<ymax>681</ymax>
		</bndbox>
	</object>
	<object>
		<name>sp23</name>
		<pose>Unspecified</pose>
		<truncated>0</truncated>
		<difficult>0</difficult>
		<bndbox>
			<xmin>1963</xmin>
			<ymin>1096</ymin>
			<xmax>1986</xmax>
			<ymax>1133</ymax>
		</bndbox>
	</object>
	<object>
		<name>sp23</name>
		<pose>Unspecified</pose>
		<truncated>0</truncated>
		<difficult>0</difficult>
		<bndbox>
			<xmin>1929</xmin>
			<ymin>1139</ymin>
			<xmax>1960</xmax>
			<ymax>1157</ymax>
		</bndbox>
	</object>
	<object>
		<name>sp23</name>
		<pose>Unspecified</pose>
		<truncated>0</truncated>
		<difficult>0</difficult>
		<bndbox>
			<xmin>1924</xmin>
			<ymin>1156</ymin>
			<xmax>1948</xmax>
			<ymax>1181</ymax>
		</bndbox>
	</object>
	<object>
		<name>sp23</name>
		<pose>Unspecified</pose>
		<truncated>0</truncated>
		<difficult>0</difficult>
		<bndbox>
			<xmin>1964</xmin>
			<ymin>1195</ymin>
			<xmax>1989</xmax>
			<ymax>1224</ymax>
		</bndbox>
	</object>
	<object>
		<name>sp23</name>
		<pose>Unspecified</pose>
		<truncated>0</truncated>
		<difficult>0</difficult>
		<bndbox>
			<xmin>1961</xmin>
			<ymin>623</ymin>
			<xmax>1990</xmax>
			<ymax>657</ymax>
		</bndbox>
	</object>
	<object>
		<name>sp23</name>
		<pose>Unspecified</pose>
		<truncated>0</truncated>
		<difficult>0</difficult>
		<bndbox>
			<xmin>1625</xmin>
			<ymin>231</ymin>
			<xmax>1653</xmax>
			<ymax>274</ymax>
		</bndbox>
	</object>
	<object>
		<name>sp23</name>
		<pose>Unspecified</pose>
		<truncated>0</truncated>
		<difficult>0</difficult>
		<bndbox>
			<xmin>1598</xmin>
			<ymin>223</ymin>
			<xmax>1622</xmax>
			<ymax>263</ymax>
		</bndbox>
	</object>
	<object>
		<name>sp23</name>
		<pose>Unspecified</pose>
		<truncated>0</truncated>
		<difficult>0</difficult>
		<bndbox>
			<xmin>1564</xmin>
			<ymin>226</ymin>
			<xmax>1588</xmax>
			<ymax>253</ymax>
		</bndbox>
	</object>
	<object>
		<name>sp23</name>
		<pose>Unspecified</pose>
		<truncated>0</truncated>
		<difficult>0</difficult>
		<bndbox>
			<xmin>1556</xmin>
			<ymin>182</ymin>
			<xmax>1589</xmax>
			<ymax>219</ymax>
		</bndbox>
	</object>
	<object>
		<name>sp23</name>
		<pose>Unspecified</pose>
		<truncated>0</truncated>
		<difficult>0</difficult>
		<bndbox>
			<xmin>1412</xmin>
			<ymin>199</ymin>
			<xmax>1432</xmax>
			<ymax>238</ymax>
		</bndbox>
	</object>
	<object>
		<name>sp23</name>
		<pose>Unspecified</pose>
		<truncated>0</truncated>
		<difficult>0</difficult>
		<bndbox>
			<xmin>1392</xmin>
			<ymin>199</ymin>
			<xmax>1416</xmax>
			<ymax>234</ymax>
		</bndbox>
	</object>
	<object>
		<name>sp23</name>
		<pose>Unspecified</pose>
		<truncated>0</truncated>
		<difficult>0</difficult>
		<bndbox>
			<xmin>1353</xmin>
			<ymin>202</ymin>
			<xmax>1384</xmax>
			<ymax>238</ymax>
		</bndbox>
	</object>
	<object>
		<name>sp23</name>
		<pose>Unspecified</pose>
		<truncated>0</truncated>
		<difficult>0</difficult>
		<bndbox>
			<xmin>1942</xmin>
			<ymin>850</ymin>
			<xmax>1973</xmax>
			<ymax>879</ymax>
		</bndbox>
	</object>
	<object>
		<name>sp23</name>
		<pose>Unspecified</pose>
		<truncated>0</truncated>
		<difficult>0</difficult>
		<bndbox>
			<xmin>1953</xmin>
			<ymin>1276</ymin>
			<xmax>1982</xmax>
			<ymax>1309</ymax>
		</bndbox>
	</object>
	<object>
		<name>sp23</name>
		<pose>Unspecified</pose>
		<truncated>0</truncated>
		<difficult>0</difficult>
		<bndbox>
			<xmin>1904</xmin>
			<ymin>1604</ymin>
			<xmax>1930</xmax>
			<ymax>1628</ymax>
		</bndbox>
	</object>
	<object>
		<name>sp23</name>
		<pose>Unspecified</pose>
		<truncated>0</truncated>
		<difficult>0</difficult>
		<bndbox>
			<xmin>1913</xmin>
			<ymin>1626</ymin>
			<xmax>1943</xmax>
			<ymax>1661</ymax>
		</bndbox>
	</object>
	<object>
		<name>sp23</name>
		<pose>Unspecified</pose>
		<truncated>0</truncated>
		<difficult>0</difficult>
		<bndbox>
			<xmin>1887</xmin>
			<ymin>1676</ymin>
			<xmax>1910</xmax>
			<ymax>1702</ymax>
		</bndbox>
	</object>
	<object>
		<name>sp23</name>
		<pose>Unspecified</pose>
		<truncated>0</truncated>
		<difficult>0</difficult>
		<bndbox>
			<xmin>1880</xmin>
			<ymin>1700</ymin>
			<xmax>1900</xmax>
			<ymax>1723</ymax>
		</bndbox>
	</object>
	<object>
		<name>sp23</name>
		<pose>Unspecified</pose>
		<truncated>0</truncated>
		<difficult>0</difficult>
		<bndbox>
			<xmin>1625</xmin>
			<ymin>1724</ymin>
			<xmax>1666</xmax>
			<ymax>1755</ymax>
		</bndbox>
	</object>
	<object>
		<name>sp23</name>
		<pose>Unspecified</pose>
		<truncated>0</truncated>
		<difficult>0</difficult>
		<bndbox>
			<xmin>1644</xmin>
			<ymin>1773</ymin>
			<xmax>1671</xmax>
			<ymax>1791</ymax>
		</bndbox>
	</object>
	<object>
		<name>sp23</name>
		<pose>Unspecified</pose>
		<truncated>0</truncated>
		<difficult>0</difficult>
		<bndbox>
			<xmin>1628</xmin>
			<ymin>1779</ymin>
			<xmax>1653</xmax>
			<ymax>1801</ymax>
		</bndbox>
	</object>
	<object>
		<name>sp23</name>
		<pose>Unspecified</pose>
		<truncated>0</truncated>
		<difficult>0</difficult>
		<bndbox>
			<xmin>1675</xmin>
			<ymin>1836</ymin>
			<xmax>1706</xmax>
			<ymax>1866</ymax>
		</bndbox>
	</object>
	<object>
		<name>sp23</name>
		<pose>Unspecified</pose>
		<truncated>0</truncated>
		<difficult>0</difficult>
		<bndbox>
			<xmin>1632</xmin>
			<ymin>1868</ymin>
			<xmax>1665</xmax>
			<ymax>1904</ymax>
		</bndbox>
	</object>
	<object>
		<name>sp23</name>
		<pose>Unspecified</pose>
		<truncated>0</truncated>
		<difficult>0</difficult>
		<bndbox>
			<xmin>1698</xmin>
			<ymin>1874</ymin>
			<xmax>1726</xmax>
			<ymax>1909</ymax>
		</bndbox>
	</object>
	<object>
		<name>sp23</name>
		<pose>Unspecified</pose>
		<truncated>0</truncated>
		<difficult>0</difficult>
		<bndbox>
			<xmin>2004</xmin>
			<ymin>701</ymin>
			<xmax>2027</xmax>
			<ymax>727</ymax>
		</bndbox>
	</object>
	<object>
		<name>sp23</name>
		<pose>Unspecified</pose>
		<truncated>0</truncated>
		<difficult>0</difficult>
		<bndbox>
			<xmin>2021</xmin>
			<ymin>725</ymin>
			<xmax>2043</xmax>
			<ymax>745</ymax>
		</bndbox>
	</object>
	<object>
		<name>sp23</name>
		<pose>Unspecified</pose>
		<truncated>0</truncated>
		<difficult>0</difficult>
		<bndbox>
			<xmin>2018</xmin>
			<ymin>745</ymin>
			<xmax>2039</xmax>
			<ymax>768</ymax>
		</bndbox>
	</object>
	<object>
		<name>sp23</name>
		<pose>Unspecified</pose>
		<truncated>0</truncated>
		<difficult>0</difficult>
		<bndbox>
			<xmin>2038</xmin>
			<ymin>760</ymin>
			<xmax>2058</xmax>
			<ymax>782</ymax>
		</bndbox>
	</object>
	<object>
		<name>sp23</name>
		<pose>Unspecified</pose>
		<truncated>0</truncated>
		<difficult>0</difficult>
		<bndbox>
			<xmin>2019</xmin>
			<ymin>763</ymin>
			<xmax>2038</xmax>
			<ymax>786</ymax>
		</bndbox>
	</object>
	<object>
		<name>sp23</name>
		<pose>Unspecified</pose>
		<truncated>0</truncated>
		<difficult>0</difficult>
		<bndbox>
			<xmin>2019</xmin>
			<ymin>787</ymin>
			<xmax>2048</xmax>
			<ymax>808</ymax>
		</bndbox>
	</object>
	<object>
		<name>sp23</name>
		<pose>Unspecified</pose>
		<truncated>0</truncated>
		<difficult>0</difficult>
		<bndbox>
			<xmin>1987</xmin>
			<ymin>945</ymin>
			<xmax>2007</xmax>
			<ymax>962</ymax>
		</bndbox>
	</object>
	<object>
		<name>sp23</name>
		<pose>Unspecified</pose>
		<truncated>0</truncated>
		<difficult>0</difficult>
		<bndbox>
			<xmin>2009</xmin>
			<ymin>1046</ymin>
			<xmax>2030</xmax>
			<ymax>1071</ymax>
		</bndbox>
	</object>
	<object>
		<name>sp23</name>
		<pose>Unspecified</pose>
		<truncated>0</truncated>
		<difficult>0</difficult>
		<bndbox>
			<xmin>2022</xmin>
			<ymin>1063</ymin>
			<xmax>2045</xmax>
			<ymax>1085</ymax>
		</bndbox>
	</object>
	<object>
		<name>sp23</name>
		<pose>Unspecified</pose>
		<truncated>0</truncated>
		<difficult>0</difficult>
		<bndbox>
			<xmin>2021</xmin>
			<ymin>1086</ymin>
			<xmax>2048</xmax>
			<ymax>1103</ymax>
		</bndbox>
	</object>
	<object>
		<name>sp23</name>
		<pose>Unspecified</pose>
		<truncated>0</truncated>
		<difficult>0</difficult>
		<bndbox>
			<xmin>2016</xmin>
			<ymin>1098</ymin>
			<xmax>2040</xmax>
			<ymax>1117</ymax>
		</bndbox>
	</object>
	<object>
		<name>sp23</name>
		<pose>Unspecified</pose>
		<truncated>0</truncated>
		<difficult>0</difficult>
		<bndbox>
			<xmin>1989</xmin>
			<ymin>1257</ymin>
			<xmax>2021</xmax>
			<ymax>1283</ymax>
		</bndbox>
	</object>
	<object>
		<name>sp23</name>
		<pose>Unspecified</pose>
		<truncated>0</truncated>
		<difficult>0</difficult>
		<bndbox>
			<xmin>1990</xmin>
			<ymin>1284</ymin>
			<xmax>2021</xmax>
			<ymax>1309</ymax>
		</bndbox>
	</object>
	<object>
		<name>sp23</name>
		<pose>Unspecified</pose>
		<truncated>0</truncated>
		<difficult>0</difficult>
		<bndbox>
			<xmin>1964</xmin>
			<ymin>1319</ymin>
			<xmax>1999</xmax>
			<ymax>1350</ymax>
		</bndbox>
	</object>
	<object>
		<name>sp23</name>
		<pose>Unspecified</pose>
		<truncated>0</truncated>
		<difficult>0</difficult>
		<bndbox>
			<xmin>2010</xmin>
			<ymin>1172</ymin>
			<xmax>2036</xmax>
			<ymax>1197</ymax>
		</bndbox>
	</object>
	<object>
		<name>sp23</name>
		<pose>Unspecified</pose>
		<truncated>0</truncated>
		<difficult>0</difficult>
		<bndbox>
			<xmin>1986</xmin>
			<ymin>1149</ymin>
			<xmax>2011</xmax>
			<ymax>1180</ymax>
		</bndbox>
	</object>
	<object>
		<name>sp23</name>
		<pose>Unspecified</pose>
		<truncated>0</truncated>
		<difficult>0</difficult>
		<bndbox>
			<xmin>2007</xmin>
			<ymin>1145</ymin>
			<xmax>2034</xmax>
			<ymax>1168</ymax>
		</bndbox>
	</object>
	<object>
		<name>sp23</name>
		<pose>Unspecified</pose>
		<truncated>0</truncated>
		<difficult>0</difficult>
		<bndbox>
			<xmin>2012</xmin>
			<ymin>1130</ymin>
			<xmax>2039</xmax>
			<ymax>1154</ymax>
		</bndbox>
	</object>
	<object>
		<name>sp23</name>
		<pose>Unspecified</pose>
		<truncated>0</truncated>
		<difficult>0</difficult>
		<bndbox>
			<xmin>301</xmin>
			<ymin>1793</ymin>
			<xmax>341</xmax>
			<ymax>1832</ymax>
		</bndbox>
	</object>
	<object>
		<name>sp23</name>
		<pose>Unspecified</pose>
		<truncated>0</truncated>
		<difficult>0</difficult>
		<bndbox>
			<xmin>161</xmin>
			<ymin>1483</ymin>
			<xmax>191</xmax>
			<ymax>1522</ymax>
		</bndbox>
	</object>
	<object>
		<name>sp23</name>
		<pose>Unspecified</pose>
		<truncated>0</truncated>
		<difficult>0</difficult>
		<bndbox>
			<xmin>132</xmin>
			<ymin>1504</ymin>
			<xmax>157</xmax>
			<ymax>1535</ymax>
		</bndbox>
	</object>
	<object>
		<name>sp23</name>
		<pose>Unspecified</pose>
		<truncated>0</truncated>
		<difficult>0</difficult>
		<bndbox>
			<xmin>320</xmin>
			<ymin>1549</ymin>
			<xmax>357</xmax>
			<ymax>1580</ymax>
		</bndbox>
	</object>
	<object>
		<name>sp23</name>
		<pose>Unspecified</pose>
		<truncated>0</truncated>
		<difficult>0</difficult>
		<bndbox>
			<xmin>374</xmin>
			<ymin>1544</ymin>
			<xmax>413</xmax>
			<ymax>1595</ymax>
		</bndbox>
	</object>
	<object>
		<name>sp23</name>
		<pose>Unspecified</pose>
		<truncated>0</truncated>
		<difficult>0</difficult>
		<bndbox>
			<xmin>701</xmin>
			<ymin>1609</ymin>
			<xmax>737</xmax>
			<ymax>1642</ymax>
		</bndbox>
	</object>
	<object>
		<name>sp23</name>
		<pose>Unspecified</pose>
		<truncated>0</truncated>
		<difficult>0</difficult>
		<bndbox>
			<xmin>679</xmin>
			<ymin>1539</ymin>
			<xmax>703</xmax>
			<ymax>1576</ymax>
		</bndbox>
	</object>
	<object>
		<name>sp23</name>
		<pose>Unspecified</pose>
		<truncated>0</truncated>
		<difficult>0</difficult>
		<bndbox>
			<xmin>647</xmin>
			<ymin>1536</ymin>
			<xmax>674</xmax>
			<ymax>1581</ymax>
		</bndbox>
	</object>
	<object>
		<name>sp23</name>
		<pose>Unspecified</pose>
		<truncated>0</truncated>
		<difficult>0</difficult>
		<bndbox>
			<xmin>375</xmin>
			<ymin>1841</ymin>
			<xmax>403</xmax>
			<ymax>1877</ymax>
		</bndbox>
	</object>
	<object>
		<name>sp23</name>
		<pose>Unspecified</pose>
		<truncated>0</truncated>
		<difficult>0</difficult>
		<bndbox>
			<xmin>389</xmin>
			<ymin>1878</ymin>
			<xmax>420</xmax>
			<ymax>1914</ymax>
		</bndbox>
	</object>
	<object>
		<name>sp23</name>
		<pose>Unspecified</pose>
		<truncated>0</truncated>
		<difficult>0</difficult>
		<bndbox>
			<xmin>335</xmin>
			<ymin>1867</ymin>
			<xmax>363</xmax>
			<ymax>1900</ymax>
		</bndbox>
	</object>
	<object>
		<name>sp23</name>
		<pose>Unspecified</pose>
		<truncated>0</truncated>
		<difficult>0</difficult>
		<bndbox>
			<xmin>317</xmin>
			<ymin>1894</ymin>
			<xmax>345</xmax>
			<ymax>1924</ymax>
		</bndbox>
	</object>
	<object>
		<name>sp23</name>
		<pose>Unspecified</pose>
		<truncated>0</truncated>
		<difficult>0</difficult>
		<bndbox>
			<xmin>627</xmin>
			<ymin>1220</ymin>
			<xmax>660</xmax>
			<ymax>1248</ymax>
		</bndbox>
	</object>
	<object>
		<name>sp23</name>
		<pose>Unspecified</pose>
		<truncated>0</truncated>
		<difficult>0</difficult>
		<bndbox>
			<xmin>552</xmin>
			<ymin>1310</ymin>
			<xmax>601</xmax>
			<ymax>1353</ymax>
		</bndbox>
	</object>
	<object>
		<name>sp23</name>
		<pose>Unspecified</pose>
		<truncated>0</truncated>
		<difficult>0</difficult>
		<bndbox>
			<xmin>458</xmin>
			<ymin>1308</ymin>
			<xmax>491</xmax>
			<ymax>1338</ymax>
		</bndbox>
	</object>
	<object>
		<name>sp23</name>
		<pose>Unspecified</pose>
		<truncated>0</truncated>
		<difficult>0</difficult>
		<bndbox>
			<xmin>459</xmin>
			<ymin>1356</ymin>
			<xmax>495</xmax>
			<ymax>1393</ymax>
		</bndbox>
	</object>
	<object>
		<name>sp23</name>
		<pose>Unspecified</pose>
		<truncated>0</truncated>
		<difficult>0</difficult>
		<bndbox>
			<xmin>387</xmin>
			<ymin>1367</ymin>
			<xmax>424</xmax>
			<ymax>1400</ymax>
		</bndbox>
	</object>
	<object>
		<name>sp23</name>
		<pose>Unspecified</pose>
		<truncated>0</truncated>
		<difficult>0</difficult>
		<bndbox>
			<xmin>321</xmin>
			<ymin>1370</ymin>
			<xmax>358</xmax>
			<ymax>1407</ymax>
		</bndbox>
	</object>
	<object>
		<name>sp23</name>
		<pose>Unspecified</pose>
		<truncated>0</truncated>
		<difficult>0</difficult>
		<bndbox>
			<xmin>277</xmin>
			<ymin>1386</ymin>
			<xmax>308</xmax>
			<ymax>1420</ymax>
		</bndbox>
	</object>
	<object>
		<name>sp23</name>
		<pose>Unspecified</pose>
		<truncated>0</truncated>
		<difficult>0</difficult>
		<bndbox>
			<xmin>293</xmin>
			<ymin>1322</ymin>
			<xmax>315</xmax>
			<ymax>1358</ymax>
		</bndbox>
	</object>
	<object>
		<name>sp23</name>
		<pose>Unspecified</pose>
		<truncated>0</truncated>
		<difficult>0</difficult>
		<bndbox>
			<xmin>311</xmin>
			<ymin>1283</ymin>
			<xmax>341</xmax>
			<ymax>1313</ymax>
		</bndbox>
	</object>
	<object>
		<name>sp23</name>
		<pose>Unspecified</pose>
		<truncated>0</truncated>
		<difficult>0</difficult>
		<bndbox>
			<xmin>319</xmin>
			<ymin>1319</ymin>
			<xmax>344</xmax>
			<ymax>1344</ymax>
		</bndbox>
	</object>
	<object>
		<name>sp23</name>
		<pose>Unspecified</pose>
		<truncated>0</truncated>
		<difficult>0</difficult>
		<bndbox>
			<xmin>359</xmin>
			<ymin>1298</ymin>
			<xmax>386</xmax>
			<ymax>1340</ymax>
		</bndbox>
	</object>
	<object>
		<name>sp23</name>
		<pose>Unspecified</pose>
		<truncated>0</truncated>
		<difficult>0</difficult>
		<bndbox>
			<xmin>401</xmin>
			<ymin>1298</ymin>
			<xmax>437</xmax>
			<ymax>1352</ymax>
		</bndbox>
	</object>
	<object>
		<name>sp23</name>
		<pose>Unspecified</pose>
		<truncated>0</truncated>
		<difficult>0</difficult>
		<bndbox>
			<xmin>508</xmin>
			<ymin>1091</ymin>
			<xmax>532</xmax>
			<ymax>1124</ymax>
		</bndbox>
	</object>
	<object>
		<name>sp23</name>
		<pose>Unspecified</pose>
		<truncated>0</truncated>
		<difficult>0</difficult>
		<bndbox>
			<xmin>529</xmin>
			<ymin>1114</ymin>
			<xmax>568</xmax>
			<ymax>1145</ymax>
		</bndbox>
	</object>
	<object>
		<name>sp23</name>
		<pose>Unspecified</pose>
		<truncated>0</truncated>
		<difficult>0</difficult>
		<bndbox>
			<xmin>546</xmin>
			<ymin>1156</ymin>
			<xmax>588</xmax>
			<ymax>1184</ymax>
		</bndbox>
	</object>
	<object>
		<name>sp23</name>
		<pose>Unspecified</pose>
		<truncated>0</truncated>
		<difficult>0</difficult>
		<bndbox>
			<xmin>707</xmin>
			<ymin>1132</ymin>
			<xmax>738</xmax>
			<ymax>1168</ymax>
		</bndbox>
	</object>
	<object>
		<name>sp23</name>
		<pose>Unspecified</pose>
		<truncated>0</truncated>
		<difficult>0</difficult>
		<bndbox>
			<xmin>712</xmin>
			<ymin>1076</ymin>
			<xmax>739</xmax>
			<ymax>1101</ymax>
		</bndbox>
	</object>
	<object>
		<name>sp23</name>
		<pose>Unspecified</pose>
		<truncated>0</truncated>
		<difficult>0</difficult>
		<bndbox>
			<xmin>695</xmin>
			<ymin>1094</ymin>
			<xmax>719</xmax>
			<ymax>1118</ymax>
		</bndbox>
	</object>
	<object>
		<name>sp23</name>
		<pose>Unspecified</pose>
		<truncated>0</truncated>
		<difficult>0</difficult>
		<bndbox>
			<xmin>212</xmin>
			<ymin>1020</ymin>
			<xmax>233</xmax>
			<ymax>1044</ymax>
		</bndbox>
	</object>
	<object>
		<name>sp23</name>
		<pose>Unspecified</pose>
		<truncated>0</truncated>
		<difficult>0</difficult>
		<bndbox>
			<xmin>206</xmin>
			<ymin>1035</ymin>
			<xmax>222</xmax>
			<ymax>1059</ymax>
		</bndbox>
	</object>
	<object>
		<name>sp23</name>
		<pose>Unspecified</pose>
		<truncated>0</truncated>
		<difficult>0</difficult>
		<bndbox>
			<xmin>369</xmin>
			<ymin>697</ymin>
			<xmax>417</xmax>
			<ymax>739</ymax>
		</bndbox>
	</object>
	<object>
		<name>sp23</name>
		<pose>Unspecified</pose>
		<truncated>0</truncated>
		<difficult>0</difficult>
		<bndbox>
			<xmin>422</xmin>
			<ymin>677</ymin>
			<xmax>446</xmax>
			<ymax>705</ymax>
		</bndbox>
	</object>
	<object>
		<name>sp23</name>
		<pose>Unspecified</pose>
		<truncated>0</truncated>
		<difficult>0</difficult>
		<bndbox>
			<xmin>435</xmin>
			<ymin>661</ymin>
			<xmax>454</xmax>
			<ymax>682</ymax>
		</bndbox>
	</object>
	<object>
		<name>sp23</name>
		<pose>Unspecified</pose>
		<truncated>0</truncated>
		<difficult>0</difficult>
		<bndbox>
			<xmin>459</xmin>
			<ymin>632</ymin>
			<xmax>489</xmax>
			<ymax>672</ymax>
		</bndbox>
	</object>
	<object>
		<name>sp23</name>
		<pose>Unspecified</pose>
		<truncated>0</truncated>
		<difficult>0</difficult>
		<bndbox>
			<xmin>701</xmin>
			<ymin>846</ymin>
			<xmax>746</xmax>
			<ymax>888</ymax>
		</bndbox>
	</object>
	<object>
		<name>sp23</name>
		<pose>Unspecified</pose>
		<truncated>0</truncated>
		<difficult>0</difficult>
		<bndbox>
			<xmin>656</xmin>
			<ymin>882</ymin>
			<xmax>690</xmax>
			<ymax>916</ymax>
		</bndbox>
	</object>
	<object>
		<name>sp23</name>
		<pose>Unspecified</pose>
		<truncated>0</truncated>
		<difficult>0</difficult>
		<bndbox>
			<xmin>606</xmin>
			<ymin>925</ymin>
			<xmax>628</xmax>
			<ymax>949</ymax>
		</bndbox>
	</object>
	<object>
		<name>sp23</name>
		<pose>Unspecified</pose>
		<truncated>0</truncated>
		<difficult>0</difficult>
		<bndbox>
			<xmin>631</xmin>
			<ymin>958</ymin>
			<xmax>656</xmax>
			<ymax>983</ymax>
		</bndbox>
	</object>
	<object>
		<name>sp23</name>
		<pose>Unspecified</pose>
		<truncated>0</truncated>
		<difficult>0</difficult>
		<bndbox>
			<xmin>641</xmin>
			<ymin>934</ymin>
			<xmax>659</xmax>
			<ymax>959</ymax>
		</bndbox>
	</object>
	<object>
		<name>sp23</name>
		<pose>Unspecified</pose>
		<truncated>0</truncated>
		<difficult>0</difficult>
		<bndbox>
			<xmin>655</xmin>
			<ymin>922</ymin>
			<xmax>691</xmax>
			<ymax>950</ymax>
		</bndbox>
	</object>
	<object>
		<name>sp23</name>
		<pose>Unspecified</pose>
		<truncated>0</truncated>
		<difficult>0</difficult>
		<bndbox>
			<xmin>700</xmin>
			<ymin>919</ymin>
			<xmax>727</xmax>
			<ymax>949</ymax>
		</bndbox>
	</object>
	<object>
		<name>sp23</name>
		<pose>Unspecified</pose>
		<truncated>0</truncated>
		<difficult>0</difficult>
		<bndbox>
			<xmin>438</xmin>
			<ymin>900</ymin>
			<xmax>477</xmax>
			<ymax>936</ymax>
		</bndbox>
	</object>
	<object>
		<name>sp23</name>
		<pose>Unspecified</pose>
		<truncated>0</truncated>
		<difficult>0</difficult>
		<bndbox>
			<xmin>405</xmin>
			<ymin>852</ymin>
			<xmax>432</xmax>
			<ymax>882</ymax>
		</bndbox>
	</object>
	<object>
		<name>sp23</name>
		<pose>Unspecified</pose>
		<truncated>0</truncated>
		<difficult>0</difficult>
		<bndbox>
			<xmin>438</xmin>
			<ymin>860</ymin>
			<xmax>468</xmax>
			<ymax>887</ymax>
		</bndbox>
	</object>
	<object>
		<name>sp23</name>
		<pose>Unspecified</pose>
		<truncated>0</truncated>
		<difficult>0</difficult>
		<bndbox>
			<xmin>441</xmin>
			<ymin>809</ymin>
			<xmax>465</xmax>
			<ymax>837</ymax>
		</bndbox>
	</object>
	<object>
		<name>sp23</name>
		<pose>Unspecified</pose>
		<truncated>0</truncated>
		<difficult>0</difficult>
		<bndbox>
			<xmin>470</xmin>
			<ymin>816</ymin>
			<xmax>494</xmax>
			<ymax>841</ymax>
		</bndbox>
	</object>
	<object>
		<name>sp23</name>
		<pose>Unspecified</pose>
		<truncated>0</truncated>
		<difficult>0</difficult>
		<bndbox>
			<xmin>450</xmin>
			<ymin>834</ymin>
			<xmax>481</xmax>
			<ymax>856</ymax>
		</bndbox>
	</object>
	<object>
		<name>sp23</name>
		<pose>Unspecified</pose>
		<truncated>0</truncated>
		<difficult>0</difficult>
		<bndbox>
			<xmin>223</xmin>
			<ymin>928</ymin>
			<xmax>250</xmax>
			<ymax>947</ymax>
		</bndbox>
	</object>
	<object>
		<name>sp23</name>
		<pose>Unspecified</pose>
		<truncated>0</truncated>
		<difficult>0</difficult>
		<bndbox>
			<xmin>226</xmin>
			<ymin>945</ymin>
			<xmax>245</xmax>
			<ymax>973</ymax>
		</bndbox>
	</object>
	<object>
		<name>sp23</name>
		<pose>Unspecified</pose>
		<truncated>0</truncated>
		<difficult>0</difficult>
		<bndbox>
			<xmin>203</xmin>
			<ymin>966</ymin>
			<xmax>230</xmax>
			<ymax>991</ymax>
		</bndbox>
	</object>
	<object>
		<name>sp23</name>
		<pose>Unspecified</pose>
		<truncated>0</truncated>
		<difficult>0</difficult>
		<bndbox>
			<xmin>244</xmin>
			<ymin>952</ymin>
			<xmax>269</xmax>
			<ymax>976</ymax>
		</bndbox>
	</object>
	<object>
		<name>sp23</name>
		<pose>Unspecified</pose>
		<truncated>0</truncated>
		<difficult>0</difficult>
		<bndbox>
			<xmin>230</xmin>
			<ymin>976</ymin>
			<xmax>251</xmax>
			<ymax>995</ymax>
		</bndbox>
	</object>
	<object>
		<name>sp23</name>
		<pose>Unspecified</pose>
		<truncated>0</truncated>
		<difficult>0</difficult>
		<bndbox>
			<xmin>253</xmin>
			<ymin>979</ymin>
			<xmax>271</xmax>
			<ymax>1015</ymax>
		</bndbox>
	</object>
	<object>
		<name>sp23</name>
		<pose>Unspecified</pose>
		<truncated>0</truncated>
		<difficult>0</difficult>
		<bndbox>
			<xmin>265</xmin>
			<ymin>969</ymin>
			<xmax>293</xmax>
			<ymax>991</ymax>
		</bndbox>
	</object>
	<object>
		<name>sp23</name>
		<pose>Unspecified</pose>
		<truncated>0</truncated>
		<difficult>0</difficult>
		<bndbox>
			<xmin>549</xmin>
			<ymin>1038</ymin>
			<xmax>576</xmax>
			<ymax>1071</ymax>
		</bndbox>
	</object>
	<object>
		<name>sp23</name>
		<pose>Unspecified</pose>
		<truncated>0</truncated>
		<difficult>0</difficult>
		<bndbox>
			<xmin>613</xmin>
			<ymin>1084</ymin>
			<xmax>646</xmax>
			<ymax>1109</ymax>
		</bndbox>
	</object>
	<object>
		<name>sp23</name>
		<pose>Unspecified</pose>
		<truncated>0</truncated>
		<difficult>0</difficult>
		<bndbox>
			<xmin>594</xmin>
			<ymin>1056</ymin>
			<xmax>618</xmax>
			<ymax>1075</ymax>
		</bndbox>
	</object>
	<object>
		<name>sp23</name>
		<pose>Unspecified</pose>
		<truncated>0</truncated>
		<difficult>0</difficult>
		<bndbox>
			<xmin>594</xmin>
			<ymin>1044</ymin>
			<xmax>616</xmax>
			<ymax>1062</ymax>
		</bndbox>
	</object>
	<object>
		<name>sp23</name>
		<pose>Unspecified</pose>
		<truncated>0</truncated>
		<difficult>0</difficult>
		<bndbox>
			<xmin>586</xmin>
			<ymin>1020</ymin>
			<xmax>611</xmax>
			<ymax>1044</ymax>
		</bndbox>
	</object>
	<object>
		<name>sp23</name>
		<pose>Unspecified</pose>
		<truncated>0</truncated>
		<difficult>0</difficult>
		<bndbox>
			<xmin>553</xmin>
			<ymin>1023</ymin>
			<xmax>577</xmax>
			<ymax>1036</ymax>
		</bndbox>
	</object>
	<object>
		<name>sp23</name>
		<pose>Unspecified</pose>
		<truncated>0</truncated>
		<difficult>0</difficult>
		<bndbox>
			<xmin>558</xmin>
			<ymin>997</ymin>
			<xmax>580</xmax>
			<ymax>1019</ymax>
		</bndbox>
	</object>
	<object>
		<name>sp23</name>
		<pose>Unspecified</pose>
		<truncated>0</truncated>
		<difficult>0</difficult>
		<bndbox>
			<xmin>778</xmin>
			<ymin>727</ymin>
			<xmax>838</xmax>
			<ymax>758</ymax>
		</bndbox>
	</object>
	<object>
		<name>sp23</name>
		<pose>Unspecified</pose>
		<truncated>0</truncated>
		<difficult>0</difficult>
		<bndbox>
			<xmin>730</xmin>
			<ymin>779</ymin>
			<xmax>761</xmax>
			<ymax>810</ymax>
		</bndbox>
	</object>
	<object>
		<name>sp23</name>
		<pose>Unspecified</pose>
		<truncated>0</truncated>
		<difficult>0</difficult>
		<bndbox>
			<xmin>779</xmin>
			<ymin>771</ymin>
			<xmax>792</xmax>
			<ymax>787</ymax>
		</bndbox>
	</object>
	<object>
		<name>sp23</name>
		<pose>Unspecified</pose>
		<truncated>0</truncated>
		<difficult>0</difficult>
		<bndbox>
			<xmin>784</xmin>
			<ymin>785</ymin>
			<xmax>796</xmax>
			<ymax>804</ymax>
		</bndbox>
	</object>
	<object>
		<name>sp23</name>
		<pose>Unspecified</pose>
		<truncated>0</truncated>
		<difficult>0</difficult>
		<bndbox>
			<xmin>794</xmin>
			<ymin>779</ymin>
			<xmax>815</xmax>
			<ymax>803</ymax>
		</bndbox>
	</object>
	<object>
		<name>sp23</name>
		<pose>Unspecified</pose>
		<truncated>0</truncated>
		<difficult>0</difficult>
		<bndbox>
			<xmin>813</xmin>
			<ymin>777</ymin>
			<xmax>847</xmax>
			<ymax>795</ymax>
		</bndbox>
	</object>
	<object>
		<name>sp23</name>
		<pose>Unspecified</pose>
		<truncated>0</truncated>
		<difficult>0</difficult>
		<bndbox>
			<xmin>831</xmin>
			<ymin>794</ymin>
			<xmax>859</xmax>
			<ymax>819</ymax>
		</bndbox>
	</object>
	<object>
		<name>sp23</name>
		<pose>Unspecified</pose>
		<truncated>0</truncated>
		<difficult>0</difficult>
		<bndbox>
			<xmin>815</xmin>
			<ymin>801</ymin>
			<xmax>834</xmax>
			<ymax>829</ymax>
		</bndbox>
	</object>
	<object>
		<name>sp23</name>
		<pose>Unspecified</pose>
		<truncated>0</truncated>
		<difficult>0</difficult>
		<bndbox>
			<xmin>848</xmin>
			<ymin>807</ymin>
			<xmax>876</xmax>
			<ymax>828</ymax>
		</bndbox>
	</object>
	<object>
		<name>sp23</name>
		<pose>Unspecified</pose>
		<truncated>0</truncated>
		<difficult>0</difficult>
		<bndbox>
			<xmin>845</xmin>
			<ymin>834</ymin>
			<xmax>870</xmax>
			<ymax>858</ymax>
		</bndbox>
	</object>
	<object>
		<name>sp23</name>
		<pose>Unspecified</pose>
		<truncated>0</truncated>
		<difficult>0</difficult>
		<bndbox>
			<xmin>366</xmin>
			<ymin>1435</ymin>
			<xmax>408</xmax>
			<ymax>1471</ymax>
		</bndbox>
	</object>
	<object>
		<name>sp23</name>
		<pose>Unspecified</pose>
		<truncated>0</truncated>
		<difficult>0</difficult>
		<bndbox>
			<xmin>332</xmin>
			<ymin>1525</ymin>
			<xmax>359</xmax>
			<ymax>1546</ymax>
		</bndbox>
	</object>
	<object>
		<name>sp23</name>
		<pose>Unspecified</pose>
		<truncated>0</truncated>
		<difficult>0</difficult>
		<bndbox>
			<xmin>330</xmin>
			<ymin>1498</ymin>
			<xmax>355</xmax>
			<ymax>1525</ymax>
		</bndbox>
	</object>
	<object>
		<name>sp23</name>
		<pose>Unspecified</pose>
		<truncated>0</truncated>
		<difficult>0</difficult>
		<bndbox>
			<xmin>411</xmin>
			<ymin>1485</ymin>
			<xmax>441</xmax>
			<ymax>1519</ymax>
		</bndbox>
	</object>
	<object>
		<name>sp23</name>
		<pose>Unspecified</pose>
		<truncated>0</truncated>
		<difficult>0</difficult>
		<bndbox>
			<xmin>443</xmin>
			<ymin>1480</ymin>
			<xmax>459</xmax>
			<ymax>1516</ymax>
		</bndbox>
	</object>
	<object>
		<name>sp23</name>
		<pose>Unspecified</pose>
		<truncated>0</truncated>
		<difficult>0</difficult>
		<bndbox>
			<xmin>470</xmin>
			<ymin>1459</ymin>
			<xmax>494</xmax>
			<ymax>1501</ymax>
		</bndbox>
	</object>
	<object>
		<name>sp23</name>
		<pose>Unspecified</pose>
		<truncated>0</truncated>
		<difficult>0</difficult>
		<bndbox>
			<xmin>511</xmin>
			<ymin>1423</ymin>
			<xmax>541</xmax>
			<ymax>1450</ymax>
		</bndbox>
	</object>
	<object>
		<name>sp23</name>
		<pose>Unspecified</pose>
		<truncated>0</truncated>
		<difficult>0</difficult>
		<bndbox>
			<xmin>507</xmin>
			<ymin>1453</ymin>
			<xmax>534</xmax>
			<ymax>1486</ymax>
		</bndbox>
	</object>
	<object>
		<name>sp23</name>
		<pose>Unspecified</pose>
		<truncated>0</truncated>
		<difficult>0</difficult>
		<bndbox>
			<xmin>538</xmin>
			<ymin>1440</ymin>
			<xmax>563</xmax>
			<ymax>1482</ymax>
		</bndbox>
	</object>
	<object>
		<name>sp23</name>
		<pose>Unspecified</pose>
		<truncated>0</truncated>
		<difficult>0</difficult>
		<bndbox>
			<xmin>565</xmin>
			<ymin>1437</ymin>
			<xmax>583</xmax>
			<ymax>1480</ymax>
		</bndbox>
	</object>
	<object>
		<name>sp23</name>
		<pose>Unspecified</pose>
		<truncated>0</truncated>
		<difficult>0</difficult>
		<bndbox>
			<xmin>583</xmin>
			<ymin>1432</ymin>
			<xmax>610</xmax>
			<ymax>1472</ymax>
		</bndbox>
	</object>
	<object>
		<name>sp23</name>
		<pose>Unspecified</pose>
		<truncated>0</truncated>
		<difficult>0</difficult>
		<bndbox>
			<xmin>613</xmin>
			<ymin>1410</ymin>
			<xmax>634</xmax>
			<ymax>1428</ymax>
		</bndbox>
	</object>
	<object>
		<name>sp23</name>
		<pose>Unspecified</pose>
		<truncated>0</truncated>
		<difficult>0</difficult>
		<bndbox>
			<xmin>610</xmin>
			<ymin>1431</ymin>
			<xmax>626</xmax>
			<ymax>1453</ymax>
		</bndbox>
	</object>
	<object>
		<name>sp23</name>
		<pose>Unspecified</pose>
		<truncated>0</truncated>
		<difficult>0</difficult>
		<bndbox>
			<xmin>628</xmin>
			<ymin>1423</ymin>
			<xmax>649</xmax>
			<ymax>1439</ymax>
		</bndbox>
	</object>
	<object>
		<name>sp23</name>
		<pose>Unspecified</pose>
		<truncated>0</truncated>
		<difficult>0</difficult>
		<bndbox>
			<xmin>624</xmin>
			<ymin>1435</ymin>
			<xmax>661</xmax>
			<ymax>1466</ymax>
		</bndbox>
	</object>
	<object>
		<name>sp23</name>
		<pose>Unspecified</pose>
		<truncated>0</truncated>
		<difficult>0</difficult>
		<bndbox>
			<xmin>680</xmin>
			<ymin>1361</ymin>
			<xmax>699</xmax>
			<ymax>1391</ymax>
		</bndbox>
	</object>
	<object>
		<name>sp23</name>
		<pose>Unspecified</pose>
		<truncated>0</truncated>
		<difficult>0</difficult>
		<bndbox>
			<xmin>662</xmin>
			<ymin>1350</ymin>
			<xmax>680</xmax>
			<ymax>1375</ymax>
		</bndbox>
	</object>
	<object>
		<name>sp23</name>
		<pose>Unspecified</pose>
		<truncated>0</truncated>
		<difficult>0</difficult>
		<bndbox>
			<xmin>665</xmin>
			<ymin>1331</ymin>
			<xmax>681</xmax>
			<ymax>1355</ymax>
		</bndbox>
	</object>
	<object>
		<name>sp23</name>
		<pose>Unspecified</pose>
		<truncated>0</truncated>
		<difficult>0</difficult>
		<bndbox>
			<xmin>691</xmin>
			<ymin>1335</ymin>
			<xmax>719</xmax>
			<ymax>1351</ymax>
		</bndbox>
	</object>
	<object>
		<name>sp23</name>
		<pose>Unspecified</pose>
		<truncated>0</truncated>
		<difficult>0</difficult>
		<bndbox>
			<xmin>682</xmin>
			<ymin>1316</ymin>
			<xmax>710</xmax>
			<ymax>1343</ymax>
		</bndbox>
	</object>
	<object>
		<name>sp23</name>
		<pose>Unspecified</pose>
		<truncated>0</truncated>
		<difficult>0</difficult>
		<bndbox>
			<xmin>671</xmin>
			<ymin>1293</ymin>
			<xmax>696</xmax>
			<ymax>1321</ymax>
		</bndbox>
	</object>
	<object>
		<name>sp23</name>
		<pose>Unspecified</pose>
		<truncated>0</truncated>
		<difficult>0</difficult>
		<bndbox>
			<xmin>703</xmin>
			<ymin>1272</ymin>
			<xmax>736</xmax>
			<ymax>1311</ymax>
		</bndbox>
	</object>
	<object>
		<name>sp23</name>
		<pose>Unspecified</pose>
		<truncated>0</truncated>
		<difficult>0</difficult>
		<bndbox>
			<xmin>695</xmin>
			<ymin>1198</ymin>
			<xmax>723</xmax>
			<ymax>1222</ymax>
		</bndbox>
	</object>
	<object>
		<name>sp23</name>
		<pose>Unspecified</pose>
		<truncated>0</truncated>
		<difficult>0</difficult>
		<bndbox>
			<xmin>689</xmin>
			<ymin>1221</ymin>
			<xmax>723</xmax>
			<ymax>1248</ymax>
		</bndbox>
	</object>
	<object>
		<name>sp23</name>
		<pose>Unspecified</pose>
		<truncated>0</truncated>
		<difficult>0</difficult>
		<bndbox>
			<xmin>752</xmin>
			<ymin>1184</ymin>
			<xmax>768</xmax>
			<ymax>1208</ymax>
		</bndbox>
	</object>
	<object>
		<name>sp23</name>
		<pose>Unspecified</pose>
		<truncated>0</truncated>
		<difficult>0</difficult>
		<bndbox>
			<xmin>767</xmin>
			<ymin>1196</ymin>
			<xmax>785</xmax>
			<ymax>1218</ymax>
		</bndbox>
	</object>
	<object>
		<name>sp23</name>
		<pose>Unspecified</pose>
		<truncated>0</truncated>
		<difficult>0</difficult>
		<bndbox>
			<xmin>770</xmin>
			<ymin>1216</ymin>
			<xmax>794</xmax>
			<ymax>1240</ymax>
		</bndbox>
	</object>
	<object>
		<name>sp23</name>
		<pose>Unspecified</pose>
		<truncated>0</truncated>
		<difficult>0</difficult>
		<bndbox>
			<xmin>784</xmin>
			<ymin>1232</ymin>
			<xmax>802</xmax>
			<ymax>1260</ymax>
		</bndbox>
	</object>
	<object>
		<name>sp23</name>
		<pose>Unspecified</pose>
		<truncated>0</truncated>
		<difficult>0</difficult>
		<bndbox>
			<xmin>801</xmin>
			<ymin>1229</ymin>
			<xmax>819</xmax>
			<ymax>1257</ymax>
		</bndbox>
	</object>
	<object>
		<name>sp23</name>
		<pose>Unspecified</pose>
		<truncated>0</truncated>
		<difficult>0</difficult>
		<bndbox>
			<xmin>821</xmin>
			<ymin>1241</ymin>
			<xmax>845</xmax>
			<ymax>1266</ymax>
		</bndbox>
	</object>
	<object>
		<name>sp23</name>
		<pose>Unspecified</pose>
		<truncated>0</truncated>
		<difficult>0</difficult>
		<bndbox>
			<xmin>846</xmin>
			<ymin>1235</ymin>
			<xmax>868</xmax>
			<ymax>1254</ymax>
		</bndbox>
	</object>
	<object>
		<name>sp23</name>
		<pose>Unspecified</pose>
		<truncated>0</truncated>
		<difficult>0</difficult>
		<bndbox>
			<xmin>846</xmin>
			<ymin>1253</ymin>
			<xmax>862</xmax>
			<ymax>1280</ymax>
		</bndbox>
	</object>
	<object>
		<name>sp23</name>
		<pose>Unspecified</pose>
		<truncated>0</truncated>
		<difficult>0</difficult>
		<bndbox>
			<xmin>839</xmin>
			<ymin>1269</ymin>
			<xmax>854</xmax>
			<ymax>1297</ymax>
		</bndbox>
	</object>
	<object>
		<name>sp23</name>
		<pose>Unspecified</pose>
		<truncated>0</truncated>
		<difficult>0</difficult>
		<bndbox>
			<xmin>804</xmin>
			<ymin>1257</ymin>
			<xmax>828</xmax>
			<ymax>1282</ymax>
		</bndbox>
	</object>
	<object>
		<name>sp23</name>
		<pose>Unspecified</pose>
		<truncated>0</truncated>
		<difficult>0</difficult>
		<bndbox>
			<xmin>806</xmin>
			<ymin>1281</ymin>
			<xmax>836</xmax>
			<ymax>1302</ymax>
		</bndbox>
	</object>
	<object>
		<name>sp23</name>
		<pose>Unspecified</pose>
		<truncated>0</truncated>
		<difficult>0</difficult>
		<bndbox>
			<xmin>622</xmin>
			<ymin>997</ymin>
			<xmax>641</xmax>
			<ymax>1019</ymax>
		</bndbox>
	</object>
	<object>
		<name>sp23</name>
		<pose>Unspecified</pose>
		<truncated>0</truncated>
		<difficult>0</difficult>
		<bndbox>
			<xmin>637</xmin>
			<ymin>1005</ymin>
			<xmax>659</xmax>
			<ymax>1023</ymax>
		</bndbox>
	</object>
	<object>
		<name>sp23</name>
		<pose>Unspecified</pose>
		<truncated>0</truncated>
		<difficult>0</difficult>
		<bndbox>
			<xmin>625</xmin>
			<ymin>1018</ymin>
			<xmax>646</xmax>
			<ymax>1043</ymax>
		</bndbox>
	</object>
	<object>
		<name>sp23</name>
		<pose>Unspecified</pose>
		<truncated>0</truncated>
		<difficult>0</difficult>
		<bndbox>
			<xmin>643</xmin>
			<ymin>1027</ymin>
			<xmax>658</xmax>
			<ymax>1057</ymax>
		</bndbox>
	</object>
	<object>
		<name>sp23</name>
		<pose>Unspecified</pose>
		<truncated>0</truncated>
		<difficult>0</difficult>
		<bndbox>
			<xmin>656</xmin>
			<ymin>1024</ymin>
			<xmax>680</xmax>
			<ymax>1049</ymax>
		</bndbox>
	</object>
	<object>
		<name>sp23</name>
		<pose>Unspecified</pose>
		<truncated>0</truncated>
		<difficult>0</difficult>
		<bndbox>
			<xmin>659</xmin>
			<ymin>1045</ymin>
			<xmax>684</xmax>
			<ymax>1072</ymax>
		</bndbox>
	</object>
	<object>
		<name>sp23</name>
		<pose>Unspecified</pose>
		<truncated>0</truncated>
		<difficult>0</difficult>
		<bndbox>
			<xmin>757</xmin>
			<ymin>982</ymin>
			<xmax>778</xmax>
			<ymax>1009</ymax>
		</bndbox>
	</object>
	<object>
		<name>sp23</name>
		<pose>Unspecified</pose>
		<truncated>0</truncated>
		<difficult>0</difficult>
		<bndbox>
			<xmin>740</xmin>
			<ymin>981</ymin>
			<xmax>768</xmax>
			<ymax>1002</ymax>
		</bndbox>
	</object>
	<object>
		<name>sp23</name>
		<pose>Unspecified</pose>
		<truncated>0</truncated>
		<difficult>0</difficult>
		<bndbox>
			<xmin>773</xmin>
			<ymin>954</ymin>
			<xmax>797</xmax>
			<ymax>969</ymax>
		</bndbox>
	</object>
	<object>
		<name>sp23</name>
		<pose>Unspecified</pose>
		<truncated>0</truncated>
		<difficult>0</difficult>
		<bndbox>
			<xmin>763</xmin>
			<ymin>936</ymin>
			<xmax>791</xmax>
			<ymax>954</ymax>
		</bndbox>
	</object>
	<object>
		<name>sp23</name>
		<pose>Unspecified</pose>
		<truncated>0</truncated>
		<difficult>0</difficult>
		<bndbox>
			<xmin>749</xmin>
			<ymin>951</ymin>
			<xmax>774</xmax>
			<ymax>976</ymax>
		</bndbox>
	</object>
	<object>
		<name>sp23</name>
		<pose>Unspecified</pose>
		<truncated>0</truncated>
		<difficult>0</difficult>
		<bndbox>
			<xmin>731</xmin>
			<ymin>957</ymin>
			<xmax>753</xmax>
			<ymax>978</ymax>
		</bndbox>
	</object>
	<object>
		<name>sp23</name>
		<pose>Unspecified</pose>
		<truncated>0</truncated>
		<difficult>0</difficult>
		<bndbox>
			<xmin>780</xmin>
			<ymin>487</ymin>
			<xmax>794</xmax>
			<ymax>523</ymax>
		</bndbox>
	</object>
	<object>
		<name>sp23</name>
		<pose>Unspecified</pose>
		<truncated>0</truncated>
		<difficult>0</difficult>
		<bndbox>
			<xmin>793</xmin>
			<ymin>489</ymin>
			<xmax>812</xmax>
			<ymax>523</ymax>
		</bndbox>
	</object>
	<object>
		<name>sp23</name>
		<pose>Unspecified</pose>
		<truncated>0</truncated>
		<difficult>0</difficult>
		<bndbox>
			<xmin>967</xmin>
			<ymin>473</ymin>
			<xmax>997</xmax>
			<ymax>506</ymax>
		</bndbox>
	</object>
	<object>
		<name>sp23</name>
		<pose>Unspecified</pose>
		<truncated>0</truncated>
		<difficult>0</difficult>
		<bndbox>
			<xmin>953</xmin>
			<ymin>441</ymin>
			<xmax>986</xmax>
			<ymax>467</ymax>
		</bndbox>
	</object>
	<object>
		<name>sp23</name>
		<pose>Unspecified</pose>
		<truncated>0</truncated>
		<difficult>0</difficult>
		<bndbox>
			<xmin>974</xmin>
			<ymin>404</ymin>
			<xmax>999</xmax>
			<ymax>438</ymax>
		</bndbox>
	</object>
	<object>
		<name>sp23</name>
		<pose>Unspecified</pose>
		<truncated>0</truncated>
		<difficult>0</difficult>
		<bndbox>
			<xmin>971</xmin>
			<ymin>368</ymin>
			<xmax>1010</xmax>
			<ymax>408</ymax>
		</bndbox>
	</object>
	<object>
		<name>sp23</name>
		<pose>Unspecified</pose>
		<truncated>0</truncated>
		<difficult>0</difficult>
		<bndbox>
			<xmin>963</xmin>
			<ymin>320</ymin>
			<xmax>1000</xmax>
			<ymax>357</ymax>
		</bndbox>
	</object>
	<object>
		<name>sp23</name>
		<pose>Unspecified</pose>
		<truncated>0</truncated>
		<difficult>0</difficult>
		<bndbox>
			<xmin>984</xmin>
			<ymin>183</ymin>
			<xmax>1009</xmax>
			<ymax>213</ymax>
		</bndbox>
	</object>
	<object>
		<name>sp23</name>
		<pose>Unspecified</pose>
		<truncated>0</truncated>
		<difficult>0</difficult>
		<bndbox>
			<xmin>958</xmin>
			<ymin>188</ymin>
			<xmax>981</xmax>
			<ymax>224</ymax>
		</bndbox>
	</object>
	<object>
		<name>sp23</name>
		<pose>Unspecified</pose>
		<truncated>0</truncated>
		<difficult>0</difficult>
		<bndbox>
			<xmin>1186</xmin>
			<ymin>296</ymin>
			<xmax>1200</xmax>
			<ymax>333</ymax>
		</bndbox>
	</object>
	<object>
		<name>sp23</name>
		<pose>Unspecified</pose>
		<truncated>0</truncated>
		<difficult>0</difficult>
		<bndbox>
			<xmin>1200</xmin>
			<ymin>310</ymin>
			<xmax>1233</xmax>
			<ymax>343</ymax>
		</bndbox>
	</object>
	<object>
		<name>sp23</name>
		<pose>Unspecified</pose>
		<truncated>0</truncated>
		<difficult>0</difficult>
		<bndbox>
			<xmin>1203</xmin>
			<ymin>346</ymin>
			<xmax>1239</xmax>
			<ymax>379</ymax>
		</bndbox>
	</object>
	<object>
		<name>sp23</name>
		<pose>Unspecified</pose>
		<truncated>0</truncated>
		<difficult>0</difficult>
		<bndbox>
			<xmin>1297</xmin>
			<ymin>276</ymin>
			<xmax>1320</xmax>
			<ymax>319</ymax>
		</bndbox>
	</object>
	<object>
		<name>sp23</name>
		<pose>Unspecified</pose>
		<truncated>0</truncated>
		<difficult>0</difficult>
		<bndbox>
			<xmin>1325</xmin>
			<ymin>303</ymin>
			<xmax>1355</xmax>
			<ymax>337</ymax>
		</bndbox>
	</object>
	<object>
		<name>sp23</name>
		<pose>Unspecified</pose>
		<truncated>0</truncated>
		<difficult>0</difficult>
		<bndbox>
			<xmin>1270</xmin>
			<ymin>140</ymin>
			<xmax>1293</xmax>
			<ymax>187</ymax>
		</bndbox>
	</object>
	<object>
		<name>sp23</name>
		<pose>Unspecified</pose>
		<truncated>0</truncated>
		<difficult>0</difficult>
		<bndbox>
			<xmin>1244</xmin>
			<ymin>140</ymin>
			<xmax>1267</xmax>
			<ymax>177</ymax>
		</bndbox>
	</object>
</annotation>