<annotation>
	<folder>my-project-name</folder>
	<filename>sp24_img08.jpg</filename>
	<path>/my-project-name/sp24_img08.jpg</path>
	<source>
		<database>Unspecified</database>
	</source>
	<size>
		<width>2985</width>
		<height>2976</height>
		<depth>3</depth>
	</size>
	<object>
		<name>sp24</name>
		<pose>Unspecified</pose>
		<truncated>0</truncated>
		<difficult>0</difficult>
		<bndbox>
			<xmin>1402</xmin>
			<ymin>512</ymin>
			<xmax>1493</xmax>
			<ymax>623</ymax>
		</bndbox>
	</object>
	<object>
		<name>sp24</name>
		<pose>Unspecified</pose>
		<truncated>0</truncated>
		<difficult>0</difficult>
		<bndbox>
			<xmin>1827</xmin>
			<ymin>582</ymin>
			<xmax>1908</xmax>
			<ymax>667</ymax>
		</bndbox>
	</object>
	<object>
		<name>sp24</name>
		<pose>Unspecified</pose>
		<truncated>0</truncated>
		<difficult>0</difficult>
		<bndbox>
			<xmin>878</xmin>
			<ymin>829</ymin>
			<xmax>984</xmax>
			<ymax>890</ymax>
		</bndbox>
	</object>
	<object>
		<name>sp24</name>
		<pose>Unspecified</pose>
		<truncated>0</truncated>
		<difficult>0</difficult>
		<bndbox>
			<xmin>1007</xmin>
			<ymin>1066</ymin>
			<xmax>1083</xmax>
			<ymax>1142</ymax>
		</bndbox>
	</object>
	<object>
		<name>sp24</name>
		<pose>Unspecified</pose>
		<truncated>0</truncated>
		<difficult>0</difficult>
		<bndbox>
			<xmin>2094</xmin>
			<ymin>1031</ymin>
			<xmax>2170</xmax>
			<ymax>1092</ymax>
		</bndbox>
	</object>
	<object>
		<name>sp24</name>
		<pose>Unspecified</pose>
		<truncated>0</truncated>
		<difficult>0</difficult>
		<bndbox>
			<xmin>2094</xmin>
			<ymin>1071</ymin>
			<xmax>2160</xmax>
			<ymax>1127</ymax>
		</bndbox>
	</object>
	<object>
		<name>sp24</name>
		<pose>Unspecified</pose>
		<truncated>0</truncated>
		<difficult>0</difficult>
		<bndbox>
			<xmin>2129</xmin>
			<ymin>1090</ymin>
			<xmax>2190</xmax>
			<ymax>1162</ymax>
		</bndbox>
	</object>
	<object>
		<name>sp24</name>
		<pose>Unspecified</pose>
		<truncated>0</truncated>
		<difficult>0</difficult>
		<bndbox>
			<xmin>2168</xmin>
			<ymin>1170</ymin>
			<xmax>2254</xmax>
			<ymax>1255</ymax>
		</bndbox>
	</object>
	<object>
		<name>sp24</name>
		<pose>Unspecified</pose>
		<truncated>0</truncated>
		<difficult>0</difficult>
		<bndbox>
			<xmin>1822</xmin>
			<ymin>1392</ymin>
			<xmax>1913</xmax>
			<ymax>1473</ymax>
		</bndbox>
	</object>
	<object>
		<name>sp24</name>
		<pose>Unspecified</pose>
		<truncated>0</truncated>
		<difficult>0</difficult>
		<bndbox>
			<xmin>1200</xmin>
			<ymin>1239</ymin>
			<xmax>1300</xmax>
			<ymax>1335</ymax>
		</bndbox>
	</object>
	<object>
		<name>sp24</name>
		<pose>Unspecified</pose>
		<truncated>0</truncated>
		<difficult>0</difficult>
		<bndbox>
			<xmin>1679</xmin>
			<ymin>1422</ymin>
			<xmax>1750</xmax>
			<ymax>1498</ymax>
		</bndbox>
	</object>
	<object>
		<name>sp24</name>
		<pose>Unspecified</pose>
		<truncated>0</truncated>
		<difficult>0</difficult>
		<bndbox>
			<xmin>1733</xmin>
			<ymin>1426</ymin>
			<xmax>1790</xmax>
			<ymax>1498</ymax>
		</bndbox>
	</object>
	<object>
		<name>sp24</name>
		<pose>Unspecified</pose>
		<truncated>0</truncated>
		<difficult>0</difficult>
		<bndbox>
			<xmin>1872</xmin>
			<ymin>1555</ymin>
			<xmax>1943</xmax>
			<ymax>1641</ymax>
		</bndbox>
	</object>
	<object>
		<name>sp24</name>
		<pose>Unspecified</pose>
		<truncated>0</truncated>
		<difficult>0</difficult>
		<bndbox>
			<xmin>2642</xmin>
			<ymin>1634</ymin>
			<xmax>2723</xmax>
			<ymax>1730</ymax>
		</bndbox>
	</object>
	<object>
		<name>sp24</name>
		<pose>Unspecified</pose>
		<truncated>0</truncated>
		<difficult>0</difficult>
		<bndbox>
			<xmin>2148</xmin>
			<ymin>1718</ymin>
			<xmax>2229</xmax>
			<ymax>1789</ymax>
		</bndbox>
	</object>
	<object>
		<name>sp24</name>
		<pose>Unspecified</pose>
		<truncated>0</truncated>
		<difficult>0</difficult>
		<bndbox>
			<xmin>1639</xmin>
			<ymin>1748</ymin>
			<xmax>1750</xmax>
			<ymax>1853</ymax>
		</bndbox>
	</object>
	<object>
		<name>sp24</name>
		<pose>Unspecified</pose>
		<truncated>0</truncated>
		<difficult>0</difficult>
		<bndbox>
			<xmin>1407</xmin>
			<ymin>1634</ymin>
			<xmax>1503</xmax>
			<ymax>1700</ymax>
		</bndbox>
	</object>
	<object>
		<name>sp24</name>
		<pose>Unspecified</pose>
		<truncated>0</truncated>
		<difficult>0</difficult>
		<bndbox>
			<xmin>1313</xmin>
			<ymin>1703</ymin>
			<xmax>1409</xmax>
			<ymax>1789</ymax>
		</bndbox>
	</object>
	<object>
		<name>sp24</name>
		<pose>Unspecified</pose>
		<truncated>0</truncated>
		<difficult>0</difficult>
		<bndbox>
			<xmin>1980</xmin>
			<ymin>1916</ymin>
			<xmax>2037</xmax>
			<ymax>1977</ymax>
		</bndbox>
	</object>
	<object>
		<name>sp24</name>
		<pose>Unspecified</pose>
		<truncated>0</truncated>
		<difficult>0</difficult>
		<bndbox>
			<xmin>2188</xmin>
			<ymin>2049</ymin>
			<xmax>2269</xmax>
			<ymax>2120</ymax>
		</bndbox>
	</object>
	<object>
		<name>sp24</name>
		<pose>Unspecified</pose>
		<truncated>0</truncated>
		<difficult>0</difficult>
		<bndbox>
			<xmin>1995</xmin>
			<ymin>2039</ymin>
			<xmax>2086</xmax>
			<ymax>2125</ymax>
		</bndbox>
	</object>
	<object>
		<name>sp24</name>
		<pose>Unspecified</pose>
		<truncated>0</truncated>
		<difficult>0</difficult>
		<bndbox>
			<xmin>1842</xmin>
			<ymin>2103</ymin>
			<xmax>1918</xmax>
			<ymax>2199</ymax>
		</bndbox>
	</object>
	<object>
		<name>sp24</name>
		<pose>Unspecified</pose>
		<truncated>0</truncated>
		<difficult>0</difficult>
		<bndbox>
			<xmin>780</xmin>
			<ymin>1234</ymin>
			<xmax>866</xmax>
			<ymax>1315</ymax>
		</bndbox>
	</object>
	<object>
		<name>sp24</name>
		<pose>Unspecified</pose>
		<truncated>0</truncated>
		<difficult>0</difficult>
		<bndbox>
			<xmin>740</xmin>
			<ymin>1303</ymin>
			<xmax>831</xmax>
			<ymax>1379</ymax>
		</bndbox>
	</object>
	<object>
		<name>sp24</name>
		<pose>Unspecified</pose>
		<truncated>0</truncated>
		<difficult>0</difficult>
		<bndbox>
			<xmin>696</xmin>
			<ymin>1417</ymin>
			<xmax>777</xmax>
			<ymax>1493</ymax>
		</bndbox>
	</object>
	<object>
		<name>sp24</name>
		<pose>Unspecified</pose>
		<truncated>0</truncated>
		<difficult>0</difficult>
		<bndbox>
			<xmin>701</xmin>
			<ymin>1550</ymin>
			<xmax>796</xmax>
			<ymax>1651</ymax>
		</bndbox>
	</object>
	<object>
		<name>sp24</name>
		<pose>Unspecified</pose>
		<truncated>0</truncated>
		<difficult>0</difficult>
		<bndbox>
			<xmin>542</xmin>
			<ymin>1703</ymin>
			<xmax>633</xmax>
			<ymax>1769</ymax>
		</bndbox>
	</object>
	<object>
		<name>sp24</name>
		<pose>Unspecified</pose>
		<truncated>0</truncated>
		<difficult>0</difficult>
		<bndbox>
			<xmin>473</xmin>
			<ymin>1244</ymin>
			<xmax>549</xmax>
			<ymax>1330</ymax>
		</bndbox>
	</object>
	<object>
		<name>sp24</name>
		<pose>Unspecified</pose>
		<truncated>0</truncated>
		<difficult>0</difficult>
		<bndbox>
			<xmin>147</xmin>
			<ymin>1268</ymin>
			<xmax>223</xmax>
			<ymax>1335</ymax>
		</bndbox>
	</object>
	<object>
		<name>sp24</name>
		<pose>Unspecified</pose>
		<truncated>0</truncated>
		<difficult>0</difficult>
		<bndbox>
			<xmin>152</xmin>
			<ymin>1352</ymin>
			<xmax>243</xmax>
			<ymax>1419</ymax>
		</bndbox>
	</object>
	<object>
		<name>sp24</name>
		<pose>Unspecified</pose>
		<truncated>0</truncated>
		<difficult>0</difficult>
		<bndbox>
			<xmin>206</xmin>
			<ymin>1594</ymin>
			<xmax>278</xmax>
			<ymax>1661</ymax>
		</bndbox>
	</object>
	<object>
		<name>sp24</name>
		<pose>Unspecified</pose>
		<truncated>0</truncated>
		<difficult>0</difficult>
		<bndbox>
			<xmin>2222</xmin>
			<ymin>2375</ymin>
			<xmax>2318</xmax>
			<ymax>2466</ymax>
		</bndbox>
	</object>
	<object>
		<name>sp24</name>
		<pose>Unspecified</pose>
		<truncated>0</truncated>
		<difficult>0</difficult>
		<bndbox>
			<xmin>1625</xmin>
			<ymin>2612</ymin>
			<xmax>1730</xmax>
			<ymax>2713</ymax>
		</bndbox>
	</object>
	<object>
		<name>sp24</name>
		<pose>Unspecified</pose>
		<truncated>0</truncated>
		<difficult>0</difficult>
		<bndbox>
			<xmin>1521</xmin>
			<ymin>2677</ymin>
			<xmax>1602</xmax>
			<ymax>2743</ymax>
		</bndbox>
	</object>
	<object>
		<name>sp24</name>
		<pose>Unspecified</pose>
		<truncated>0</truncated>
		<difficult>0</difficult>
		<bndbox>
			<xmin>1244</xmin>
			<ymin>2746</ymin>
			<xmax>1320</xmax>
			<ymax>2827</ymax>
		</bndbox>
	</object>
	<object>
		<name>sp24</name>
		<pose>Unspecified</pose>
		<truncated>0</truncated>
		<difficult>0</difficult>
		<bndbox>
			<xmin>1333</xmin>
			<ymin>2751</ymin>
			<xmax>1429</xmax>
			<ymax>2837</ymax>
		</bndbox>
	</object>
	<object>
		<name>sp24</name>
		<pose>Unspecified</pose>
		<truncated>0</truncated>
		<difficult>0</difficult>
		<bndbox>
			<xmin>1447</xmin>
			<ymin>2775</ymin>
			<xmax>1498</xmax>
			<ymax>2856</ymax>
		</bndbox>
	</object>
</annotation>