<annotation>
	<folder>my-project-name</folder>
	<filename>sp24_img14.jpg</filename>
	<path>/my-project-name/sp24_img14.jpg</path>
	<source>
		<database>Unspecified</database>
	</source>
	<size>
		<width>3060</width>
		<height>2960</height>
		<depth>3</depth>
	</size>
	<object>
		<name>sp24</name>
		<pose>Unspecified</pose>
		<truncated>0</truncated>
		<difficult>0</difficult>
		<bndbox>
			<xmin>881</xmin>
			<ymin>137</ymin>
			<xmax>982</xmax>
			<ymax>218</ymax>
		</bndbox>
	</object>
	<object>
		<name>sp24</name>
		<pose>Unspecified</pose>
		<truncated>0</truncated>
		<difficult>0</difficult>
		<bndbox>
			<xmin>1647</xmin>
			<ymin>428</ymin>
			<xmax>1743</xmax>
			<ymax>504</ymax>
		</bndbox>
	</object>
	<object>
		<name>sp24</name>
		<pose>Unspecified</pose>
		<truncated>0</truncated>
		<difficult>0</difficult>
		<bndbox>
			<xmin>1444</xmin>
			<ymin>433</ymin>
			<xmax>1570</xmax>
			<ymax>529</ymax>
		</bndbox>
	</object>
	<object>
		<name>sp24</name>
		<pose>Unspecified</pose>
		<truncated>0</truncated>
		<difficult>0</difficult>
		<bndbox>
			<xmin>1543</xmin>
			<ymin>557</ymin>
			<xmax>1644</xmax>
			<ymax>623</ymax>
		</bndbox>
	</object>
	<object>
		<name>sp24</name>
		<pose>Unspecified</pose>
		<truncated>0</truncated>
		<difficult>0</difficult>
		<bndbox>
			<xmin>1523</xmin>
			<ymin>656</ymin>
			<xmax>1604</xmax>
			<ymax>737</ymax>
		</bndbox>
	</object>
	<object>
		<name>sp24</name>
		<pose>Unspecified</pose>
		<truncated>0</truncated>
		<difficult>0</difficult>
		<bndbox>
			<xmin>1444</xmin>
			<ymin>700</ymin>
			<xmax>1525</xmax>
			<ymax>766</ymax>
		</bndbox>
	</object>
	<object>
		<name>sp24</name>
		<pose>Unspecified</pose>
		<truncated>0</truncated>
		<difficult>0</difficult>
		<bndbox>
			<xmin>1256</xmin>
			<ymin>705</ymin>
			<xmax>1342</xmax>
			<ymax>781</ymax>
		</bndbox>
	</object>
	<object>
		<name>sp24</name>
		<pose>Unspecified</pose>
		<truncated>0</truncated>
		<difficult>0</difficult>
		<bndbox>
			<xmin>1953</xmin>
			<ymin>898</ymin>
			<xmax>2024</xmax>
			<ymax>959</ymax>
		</bndbox>
	</object>
	<object>
		<name>sp24</name>
		<pose>Unspecified</pose>
		<truncated>0</truncated>
		<difficult>0</difficult>
		<bndbox>
			<xmin>1894</xmin>
			<ymin>779</ymin>
			<xmax>1955</xmax>
			<ymax>865</ymax>
		</bndbox>
	</object>
	<object>
		<name>sp24</name>
		<pose>Unspecified</pose>
		<truncated>0</truncated>
		<difficult>0</difficult>
		<bndbox>
			<xmin>1933</xmin>
			<ymin>918</ymin>
			<xmax>2000</xmax>
			<ymax>999</ymax>
		</bndbox>
	</object>
	<object>
		<name>sp24</name>
		<pose>Unspecified</pose>
		<truncated>0</truncated>
		<difficult>0</difficult>
		<bndbox>
			<xmin>1676</xmin>
			<ymin>789</ymin>
			<xmax>1762</xmax>
			<ymax>860</ymax>
		</bndbox>
	</object>
	<object>
		<name>sp24</name>
		<pose>Unspecified</pose>
		<truncated>0</truncated>
		<difficult>0</difficult>
		<bndbox>
			<xmin>2383</xmin>
			<ymin>932</ymin>
			<xmax>2479</xmax>
			<ymax>1004</ymax>
		</bndbox>
	</object>
	<object>
		<name>sp24</name>
		<pose>Unspecified</pose>
		<truncated>0</truncated>
		<difficult>0</difficult>
		<bndbox>
			<xmin>2151</xmin>
			<ymin>1081</ymin>
			<xmax>2252</xmax>
			<ymax>1147</ymax>
		</bndbox>
	</object>
	<object>
		<name>sp24</name>
		<pose>Unspecified</pose>
		<truncated>0</truncated>
		<difficult>0</difficult>
		<bndbox>
			<xmin>2067</xmin>
			<ymin>1100</ymin>
			<xmax>2133</xmax>
			<ymax>1176</ymax>
		</bndbox>
	</object>
	<object>
		<name>sp24</name>
		<pose>Unspecified</pose>
		<truncated>0</truncated>
		<difficult>0</difficult>
		<bndbox>
			<xmin>2348</xmin>
			<ymin>1100</ymin>
			<xmax>2434</xmax>
			<ymax>1181</ymax>
		</bndbox>
	</object>
	<object>
		<name>sp24</name>
		<pose>Unspecified</pose>
		<truncated>0</truncated>
		<difficult>0</difficult>
		<bndbox>
			<xmin>2339</xmin>
			<ymin>1194</ymin>
			<xmax>2420</xmax>
			<ymax>1260</ymax>
		</bndbox>
	</object>
	<object>
		<name>sp24</name>
		<pose>Unspecified</pose>
		<truncated>0</truncated>
		<difficult>0</difficult>
		<bndbox>
			<xmin>2398</xmin>
			<ymin>1525</ymin>
			<xmax>2484</xmax>
			<ymax>1601</ymax>
		</bndbox>
	</object>
	<object>
		<name>sp24</name>
		<pose>Unspecified</pose>
		<truncated>0</truncated>
		<difficult>0</difficult>
		<bndbox>
			<xmin>2348</xmin>
			<ymin>1649</ymin>
			<xmax>2434</xmax>
			<ymax>1715</ymax>
		</bndbox>
	</object>
	<object>
		<name>sp24</name>
		<pose>Unspecified</pose>
		<truncated>0</truncated>
		<difficult>0</difficult>
		<bndbox>
			<xmin>2482</xmin>
			<ymin>1293</ymin>
			<xmax>2573</xmax>
			<ymax>1384</ymax>
		</bndbox>
	</object>
	<object>
		<name>sp24</name>
		<pose>Unspecified</pose>
		<truncated>0</truncated>
		<difficult>0</difficult>
		<bndbox>
			<xmin>2556</xmin>
			<ymin>1387</ymin>
			<xmax>2632</xmax>
			<ymax>1453</ymax>
		</bndbox>
	</object>
	<object>
		<name>sp24</name>
		<pose>Unspecified</pose>
		<truncated>0</truncated>
		<difficult>0</difficult>
		<bndbox>
			<xmin>2373</xmin>
			<ymin>1590</ymin>
			<xmax>2464</xmax>
			<ymax>1666</ymax>
		</bndbox>
	</object>
	<object>
		<name>sp24</name>
		<pose>Unspecified</pose>
		<truncated>0</truncated>
		<difficult>0</difficult>
		<bndbox>
			<xmin>1395</xmin>
			<ymin>957</ymin>
			<xmax>1471</xmax>
			<ymax>1028</ymax>
		</bndbox>
	</object>
	<object>
		<name>sp24</name>
		<pose>Unspecified</pose>
		<truncated>0</truncated>
		<difficult>0</difficult>
		<bndbox>
			<xmin>1548</xmin>
			<ymin>1091</ymin>
			<xmax>1619</xmax>
			<ymax>1157</ymax>
		</bndbox>
	</object>
	<object>
		<name>sp24</name>
		<pose>Unspecified</pose>
		<truncated>0</truncated>
		<difficult>0</difficult>
		<bndbox>
			<xmin>1503</xmin>
			<ymin>1071</ymin>
			<xmax>1570</xmax>
			<ymax>1137</ymax>
		</bndbox>
	</object>
	<object>
		<name>sp24</name>
		<pose>Unspecified</pose>
		<truncated>0</truncated>
		<difficult>0</difficult>
		<bndbox>
			<xmin>446</xmin>
			<ymin>626</ymin>
			<xmax>522</xmax>
			<ymax>702</ymax>
		</bndbox>
	</object>
	<object>
		<name>sp24</name>
		<pose>Unspecified</pose>
		<truncated>0</truncated>
		<difficult>0</difficult>
		<bndbox>
			<xmin>466</xmin>
			<ymin>809</ymin>
			<xmax>537</xmax>
			<ymax>870</ymax>
		</bndbox>
	</object>
	<object>
		<name>sp24</name>
		<pose>Unspecified</pose>
		<truncated>0</truncated>
		<difficult>0</difficult>
		<bndbox>
			<xmin>436</xmin>
			<ymin>903</ymin>
			<xmax>492</xmax>
			<ymax>959</ymax>
		</bndbox>
	</object>
	<object>
		<name>sp24</name>
		<pose>Unspecified</pose>
		<truncated>0</truncated>
		<difficult>0</difficult>
		<bndbox>
			<xmin>896</xmin>
			<ymin>997</ymin>
			<xmax>967</xmax>
			<ymax>1063</ymax>
		</bndbox>
	</object>
	<object>
		<name>sp24</name>
		<pose>Unspecified</pose>
		<truncated>0</truncated>
		<difficult>0</difficult>
		<bndbox>
			<xmin>466</xmin>
			<ymin>903</ymin>
			<xmax>527</xmax>
			<ymax>959</ymax>
		</bndbox>
	</object>
	<object>
		<name>sp24</name>
		<pose>Unspecified</pose>
		<truncated>0</truncated>
		<difficult>0</difficult>
		<bndbox>
			<xmin>871</xmin>
			<ymin>1041</ymin>
			<xmax>957</xmax>
			<ymax>1107</ymax>
		</bndbox>
	</object>
	<object>
		<name>sp24</name>
		<pose>Unspecified</pose>
		<truncated>0</truncated>
		<difficult>0</difficult>
		<bndbox>
			<xmin>411</xmin>
			<ymin>1100</ymin>
			<xmax>473</xmax>
			<ymax>1157</ymax>
		</bndbox>
	</object>
	<object>
		<name>sp24</name>
		<pose>Unspecified</pose>
		<truncated>0</truncated>
		<difficult>0</difficult>
		<bndbox>
			<xmin>446</xmin>
			<ymin>1110</ymin>
			<xmax>502</xmax>
			<ymax>1162</ymax>
		</bndbox>
	</object>
	<object>
		<name>sp24</name>
		<pose>Unspecified</pose>
		<truncated>0</truncated>
		<difficult>0</difficult>
		<bndbox>
			<xmin>441</xmin>
			<ymin>1145</ymin>
			<xmax>502</xmax>
			<ymax>1191</ymax>
		</bndbox>
	</object>
	<object>
		<name>sp24</name>
		<pose>Unspecified</pose>
		<truncated>0</truncated>
		<difficult>0</difficult>
		<bndbox>
			<xmin>841</xmin>
			<ymin>1095</ymin>
			<xmax>912</xmax>
			<ymax>1167</ymax>
		</bndbox>
	</object>
	<object>
		<name>sp24</name>
		<pose>Unspecified</pose>
		<truncated>0</truncated>
		<difficult>0</difficult>
		<bndbox>
			<xmin>416</xmin>
			<ymin>1328</ymin>
			<xmax>483</xmax>
			<ymax>1389</ymax>
		</bndbox>
	</object>
	<object>
		<name>sp24</name>
		<pose>Unspecified</pose>
		<truncated>0</truncated>
		<difficult>0</difficult>
		<bndbox>
			<xmin>169</xmin>
			<ymin>1580</ymin>
			<xmax>231</xmax>
			<ymax>1651</ymax>
		</bndbox>
	</object>
	<object>
		<name>sp24</name>
		<pose>Unspecified</pose>
		<truncated>0</truncated>
		<difficult>0</difficult>
		<bndbox>
			<xmin>239</xmin>
			<ymin>1758</ymin>
			<xmax>310</xmax>
			<ymax>1814</ymax>
		</bndbox>
	</object>
	<object>
		<name>sp24</name>
		<pose>Unspecified</pose>
		<truncated>0</truncated>
		<difficult>0</difficult>
		<bndbox>
			<xmin>1321</xmin>
			<ymin>2331</ymin>
			<xmax>1377</xmax>
			<ymax>2392</ymax>
		</bndbox>
	</object>
	<object>
		<name>sp24</name>
		<pose>Unspecified</pose>
		<truncated>0</truncated>
		<difficult>0</difficult>
		<bndbox>
			<xmin>1291</xmin>
			<ymin>2346</ymin>
			<xmax>1342</xmax>
			<ymax>2407</ymax>
		</bndbox>
	</object>
	<object>
		<name>sp24</name>
		<pose>Unspecified</pose>
		<truncated>0</truncated>
		<difficult>0</difficult>
		<bndbox>
			<xmin>1202</xmin>
			<ymin>2316</ymin>
			<xmax>1278</xmax>
			<ymax>2377</ymax>
		</bndbox>
	</object>
	<object>
		<name>sp24</name>
		<pose>Unspecified</pose>
		<truncated>0</truncated>
		<difficult>0</difficult>
		<bndbox>
			<xmin>970</xmin>
			<ymin>2044</ymin>
			<xmax>1036</xmax>
			<ymax>2115</ymax>
		</bndbox>
	</object>
	<object>
		<name>sp24</name>
		<pose>Unspecified</pose>
		<truncated>0</truncated>
		<difficult>0</difficult>
		<bndbox>
			<xmin>906</xmin>
			<ymin>2069</ymin>
			<xmax>977</xmax>
			<ymax>2130</ymax>
		</bndbox>
	</object>
	<object>
		<name>sp24</name>
		<pose>Unspecified</pose>
		<truncated>0</truncated>
		<difficult>0</difficult>
		<bndbox>
			<xmin>876</xmin>
			<ymin>2029</ymin>
			<xmax>937</xmax>
			<ymax>2100</ymax>
		</bndbox>
	</object>
	<object>
		<name>sp24</name>
		<pose>Unspecified</pose>
		<truncated>0</truncated>
		<difficult>0</difficult>
		<bndbox>
			<xmin>812</xmin>
			<ymin>1985</ymin>
			<xmax>853</xmax>
			<ymax>2051</ymax>
		</bndbox>
	</object>
	<object>
		<name>sp24</name>
		<pose>Unspecified</pose>
		<truncated>0</truncated>
		<difficult>0</difficult>
		<bndbox>
			<xmin>841</xmin>
			<ymin>1990</ymin>
			<xmax>888</xmax>
			<ymax>2046</ymax>
		</bndbox>
	</object>
	<object>
		<name>sp24</name>
		<pose>Unspecified</pose>
		<truncated>0</truncated>
		<difficult>0</difficult>
		<bndbox>
			<xmin>792</xmin>
			<ymin>2049</ymin>
			<xmax>843</xmax>
			<ymax>2105</ymax>
		</bndbox>
	</object>
	<object>
		<name>sp24</name>
		<pose>Unspecified</pose>
		<truncated>0</truncated>
		<difficult>0</difficult>
		<bndbox>
			<xmin>757</xmin>
			<ymin>1990</ymin>
			<xmax>819</xmax>
			<ymax>2051</ymax>
		</bndbox>
	</object>
	<object>
		<name>sp24</name>
		<pose>Unspecified</pose>
		<truncated>0</truncated>
		<difficult>0</difficult>
		<bndbox>
			<xmin>827</xmin>
			<ymin>1787</ymin>
			<xmax>898</xmax>
			<ymax>1863</ymax>
		</bndbox>
	</object>
	<object>
		<name>sp24</name>
		<pose>Unspecified</pose>
		<truncated>0</truncated>
		<difficult>0</difficult>
		<bndbox>
			<xmin>930</xmin>
			<ymin>1703</ymin>
			<xmax>992</xmax>
			<ymax>1764</ymax>
		</bndbox>
	</object>
	<object>
		<name>sp24</name>
		<pose>Unspecified</pose>
		<truncated>0</truncated>
		<difficult>0</difficult>
		<bndbox>
			<xmin>995</xmin>
			<ymin>1674</ymin>
			<xmax>1056</xmax>
			<ymax>1735</ymax>
		</bndbox>
	</object>
	<object>
		<name>sp24</name>
		<pose>Unspecified</pose>
		<truncated>0</truncated>
		<difficult>0</difficult>
		<bndbox>
			<xmin>1568</xmin>
			<ymin>1545</ymin>
			<xmax>1624</xmax>
			<ymax>1611</ymax>
		</bndbox>
	</object>
	<object>
		<name>sp24</name>
		<pose>Unspecified</pose>
		<truncated>0</truncated>
		<difficult>0</difficult>
		<bndbox>
			<xmin>1528</xmin>
			<ymin>1535</ymin>
			<xmax>1589</xmax>
			<ymax>1596</ymax>
		</bndbox>
	</object>
	<object>
		<name>sp24</name>
		<pose>Unspecified</pose>
		<truncated>0</truncated>
		<difficult>0</difficult>
		<bndbox>
			<xmin>1217</xmin>
			<ymin>1718</ymin>
			<xmax>1288</xmax>
			<ymax>1779</ymax>
		</bndbox>
	</object>
	<object>
		<name>sp24</name>
		<pose>Unspecified</pose>
		<truncated>0</truncated>
		<difficult>0</difficult>
		<bndbox>
			<xmin>1177</xmin>
			<ymin>1743</ymin>
			<xmax>1248</xmax>
			<ymax>1814</ymax>
		</bndbox>
	</object>
	<object>
		<name>sp24</name>
		<pose>Unspecified</pose>
		<truncated>0</truncated>
		<difficult>0</difficult>
		<bndbox>
			<xmin>1138</xmin>
			<ymin>1822</ymin>
			<xmax>1209</xmax>
			<ymax>1873</ymax>
		</bndbox>
	</object>
	<object>
		<name>sp24</name>
		<pose>Unspecified</pose>
		<truncated>0</truncated>
		<difficult>0</difficult>
		<bndbox>
			<xmin>1503</xmin>
			<ymin>2192</ymin>
			<xmax>1570</xmax>
			<ymax>2254</ymax>
		</bndbox>
	</object>
	<object>
		<name>sp24</name>
		<pose>Unspecified</pose>
		<truncated>0</truncated>
		<difficult>0</difficult>
		<bndbox>
			<xmin>1454</xmin>
			<ymin>2212</ymin>
			<xmax>1535</xmax>
			<ymax>2298</ymax>
		</bndbox>
	</object>
	<object>
		<name>sp24</name>
		<pose>Unspecified</pose>
		<truncated>0</truncated>
		<difficult>0</difficult>
		<bndbox>
			<xmin>634</xmin>
			<ymin>1837</ymin>
			<xmax>700</xmax>
			<ymax>1913</ymax>
		</bndbox>
	</object>
	<object>
		<name>sp24</name>
		<pose>Unspecified</pose>
		<truncated>0</truncated>
		<difficult>0</difficult>
		<bndbox>
			<xmin>495</xmin>
			<ymin>2148</ymin>
			<xmax>567</xmax>
			<ymax>2229</ymax>
		</bndbox>
	</object>
	<object>
		<name>sp24</name>
		<pose>Unspecified</pose>
		<truncated>0</truncated>
		<difficult>0</difficult>
		<bndbox>
			<xmin>451</xmin>
			<ymin>2138</ymin>
			<xmax>507</xmax>
			<ymax>2224</ymax>
		</bndbox>
	</object>
	<object>
		<name>sp24</name>
		<pose>Unspecified</pose>
		<truncated>0</truncated>
		<difficult>0</difficult>
		<bndbox>
			<xmin>604</xmin>
			<ymin>1975</ymin>
			<xmax>665</xmax>
			<ymax>2041</ymax>
		</bndbox>
	</object>
	<object>
		<name>sp24</name>
		<pose>Unspecified</pose>
		<truncated>0</truncated>
		<difficult>0</difficult>
		<bndbox>
			<xmin>486</xmin>
			<ymin>1827</ymin>
			<xmax>547</xmax>
			<ymax>1908</ymax>
		</bndbox>
	</object>
	<object>
		<name>sp24</name>
		<pose>Unspecified</pose>
		<truncated>0</truncated>
		<difficult>0</difficult>
		<bndbox>
			<xmin>659</xmin>
			<ymin>1644</ymin>
			<xmax>720</xmax>
			<ymax>1715</ymax>
		</bndbox>
	</object>
	<object>
		<name>sp24</name>
		<pose>Unspecified</pose>
		<truncated>0</truncated>
		<difficult>0</difficult>
		<bndbox>
			<xmin>500</xmin>
			<ymin>1520</ymin>
			<xmax>572</xmax>
			<ymax>1596</ymax>
		</bndbox>
	</object>
	<object>
		<name>sp24</name>
		<pose>Unspecified</pose>
		<truncated>0</truncated>
		<difficult>0</difficult>
		<bndbox>
			<xmin>273</xmin>
			<ymin>1901</ymin>
			<xmax>339</xmax>
			<ymax>1977</ymax>
		</bndbox>
	</object>
	<object>
		<name>sp24</name>
		<pose>Unspecified</pose>
		<truncated>0</truncated>
		<difficult>0</difficult>
		<bndbox>
			<xmin>733</xmin>
			<ymin>2153</ymin>
			<xmax>814</xmax>
			<ymax>2219</ymax>
		</bndbox>
	</object>
	<object>
		<name>sp24</name>
		<pose>Unspecified</pose>
		<truncated>0</truncated>
		<difficult>0</difficult>
		<bndbox>
			<xmin>1059</xmin>
			<ymin>2405</ymin>
			<xmax>1125</xmax>
			<ymax>2481</ymax>
		</bndbox>
	</object>
	<object>
		<name>sp24</name>
		<pose>Unspecified</pose>
		<truncated>0</truncated>
		<difficult>0</difficult>
		<bndbox>
			<xmin>1380</xmin>
			<ymin>1283</ymin>
			<xmax>1446</xmax>
			<ymax>1349</ymax>
		</bndbox>
	</object>
	<object>
		<name>sp24</name>
		<pose>Unspecified</pose>
		<truncated>0</truncated>
		<difficult>0</difficult>
		<bndbox>
			<xmin>1059</xmin>
			<ymin>1303</ymin>
			<xmax>1115</xmax>
			<ymax>1384</ymax>
		</bndbox>
	</object>
	<object>
		<name>sp24</name>
		<pose>Unspecified</pose>
		<truncated>0</truncated>
		<difficult>0</difficult>
		<bndbox>
			<xmin>1079</xmin>
			<ymin>1718</ymin>
			<xmax>1130</xmax>
			<ymax>1784</ymax>
		</bndbox>
	</object>
	<object>
		<name>sp24</name>
		<pose>Unspecified</pose>
		<truncated>0</truncated>
		<difficult>0</difficult>
		<bndbox>
			<xmin>797</xmin>
			<ymin>1827</ymin>
			<xmax>853</xmax>
			<ymax>1888</ymax>
		</bndbox>
	</object>
	<object>
		<name>sp24</name>
		<pose>Unspecified</pose>
		<truncated>0</truncated>
		<difficult>0</difficult>
		<bndbox>
			<xmin>584</xmin>
			<ymin>1842</ymin>
			<xmax>641</xmax>
			<ymax>1903</ymax>
		</bndbox>
	</object>
	<object>
		<name>sp24</name>
		<pose>Unspecified</pose>
		<truncated>0</truncated>
		<difficult>0</difficult>
		<bndbox>
			<xmin>1113</xmin>
			<ymin>1990</ymin>
			<xmax>1174</xmax>
			<ymax>2066</ymax>
		</bndbox>
	</object>
	<object>
		<name>sp24</name>
		<pose>Unspecified</pose>
		<truncated>0</truncated>
		<difficult>0</difficult>
		<bndbox>
			<xmin>644</xmin>
			<ymin>1950</ymin>
			<xmax>710</xmax>
			<ymax>2021</ymax>
		</bndbox>
	</object>
	<object>
		<name>sp24</name>
		<pose>Unspecified</pose>
		<truncated>0</truncated>
		<difficult>0</difficult>
		<bndbox>
			<xmin>787</xmin>
			<ymin>2420</ymin>
			<xmax>863</xmax>
			<ymax>2491</ymax>
		</bndbox>
	</object>
	<object>
		<name>sp24</name>
		<pose>Unspecified</pose>
		<truncated>0</truncated>
		<difficult>0</difficult>
		<bndbox>
			<xmin>1365</xmin>
			<ymin>2612</ymin>
			<xmax>1441</xmax>
			<ymax>2693</ymax>
		</bndbox>
	</object>
	<object>
		<name>sp24</name>
		<pose>Unspecified</pose>
		<truncated>0</truncated>
		<difficult>0</difficult>
		<bndbox>
			<xmin>950</xmin>
			<ymin>2514</ymin>
			<xmax>1021</xmax>
			<ymax>2595</ymax>
		</bndbox>
	</object>
	<object>
		<name>sp24</name>
		<pose>Unspecified</pose>
		<truncated>0</truncated>
		<difficult>0</difficult>
		<bndbox>
			<xmin>1158</xmin>
			<ymin>2375</ymin>
			<xmax>1219</xmax>
			<ymax>2451</ymax>
		</bndbox>
	</object>
	<object>
		<name>sp24</name>
		<pose>Unspecified</pose>
		<truncated>0</truncated>
		<difficult>0</difficult>
		<bndbox>
			<xmin>1755</xmin>
			<ymin>2247</ymin>
			<xmax>1832</xmax>
			<ymax>2328</ymax>
		</bndbox>
	</object>
	<object>
		<name>sp24</name>
		<pose>Unspecified</pose>
		<truncated>0</truncated>
		<difficult>0</difficult>
		<bndbox>
			<xmin>1251</xmin>
			<ymin>2459</ymin>
			<xmax>1318</xmax>
			<ymax>2535</ymax>
		</bndbox>
	</object>
	<object>
		<name>sp24</name>
		<pose>Unspecified</pose>
		<truncated>0</truncated>
		<difficult>0</difficult>
		<bndbox>
			<xmin>1306</xmin>
			<ymin>2430</ymin>
			<xmax>1372</xmax>
			<ymax>2491</ymax>
		</bndbox>
	</object>
	<object>
		<name>sp24</name>
		<pose>Unspecified</pose>
		<truncated>0</truncated>
		<difficult>0</difficult>
		<bndbox>
			<xmin>1587</xmin>
			<ymin>1980</ymin>
			<xmax>1668</xmax>
			<ymax>2066</ymax>
		</bndbox>
	</object>
	<object>
		<name>sp24</name>
		<pose>Unspecified</pose>
		<truncated>0</truncated>
		<difficult>0</difficult>
		<bndbox>
			<xmin>1202</xmin>
			<ymin>1931</ymin>
			<xmax>1283</xmax>
			<ymax>2007</ymax>
		</bndbox>
	</object>
	<object>
		<name>sp24</name>
		<pose>Unspecified</pose>
		<truncated>0</truncated>
		<difficult>0</difficult>
		<bndbox>
			<xmin>1271</xmin>
			<ymin>1990</ymin>
			<xmax>1342</xmax>
			<ymax>2061</ymax>
		</bndbox>
	</object>
	<object>
		<name>sp24</name>
		<pose>Unspecified</pose>
		<truncated>0</truncated>
		<difficult>0</difficult>
		<bndbox>
			<xmin>1202</xmin>
			<ymin>1451</ymin>
			<xmax>1288</xmax>
			<ymax>1527</ymax>
		</bndbox>
	</object>
	<object>
		<name>sp24</name>
		<pose>Unspecified</pose>
		<truncated>0</truncated>
		<difficult>0</difficult>
		<bndbox>
			<xmin>1419</xmin>
			<ymin>1851</ymin>
			<xmax>1500</xmax>
			<ymax>1928</ymax>
		</bndbox>
	</object>
	<object>
		<name>sp24</name>
		<pose>Unspecified</pose>
		<truncated>0</truncated>
		<difficult>0</difficult>
		<bndbox>
			<xmin>1380</xmin>
			<ymin>1935</ymin>
			<xmax>1461</xmax>
			<ymax>2016</ymax>
		</bndbox>
	</object>
	<object>
		<name>sp24</name>
		<pose>Unspecified</pose>
		<truncated>0</truncated>
		<difficult>0</difficult>
		<bndbox>
			<xmin>1592</xmin>
			<ymin>1674</ymin>
			<xmax>1693</xmax>
			<ymax>1779</ymax>
		</bndbox>
	</object>
	<object>
		<name>sp24</name>
		<pose>Unspecified</pose>
		<truncated>0</truncated>
		<difficult>0</difficult>
		<bndbox>
			<xmin>1400</xmin>
			<ymin>1511</ymin>
			<xmax>1476</xmax>
			<ymax>1601</ymax>
		</bndbox>
	</object>
	<object>
		<name>sp24</name>
		<pose>Unspecified</pose>
		<truncated>0</truncated>
		<difficult>0</difficult>
		<bndbox>
			<xmin>1459</xmin>
			<ymin>1367</ymin>
			<xmax>1550</xmax>
			<ymax>1448</ymax>
		</bndbox>
	</object>
	<object>
		<name>sp24</name>
		<pose>Unspecified</pose>
		<truncated>0</truncated>
		<difficult>0</difficult>
		<bndbox>
			<xmin>1513</xmin>
			<ymin>1298</ymin>
			<xmax>1584</xmax>
			<ymax>1389</ymax>
		</bndbox>
	</object>
</annotation>