<annotation>
	<folder>my-project-name</folder>
	<filename>sp24_img12.jpg</filename>
	<path>/my-project-name/sp24_img12.jpg</path>
	<source>
		<database>Unspecified</database>
	</source>
	<size>
		<width>2823</width>
		<height>2857</height>
		<depth>3</depth>
	</size>
	<object>
		<name>sp24</name>
		<pose>Unspecified</pose>
		<truncated>0</truncated>
		<difficult>0</difficult>
		<bndbox>
			<xmin>1372</xmin>
			<ymin>99</ymin>
			<xmax>1481</xmax>
			<ymax>167</ymax>
		</bndbox>
	</object>
	<object>
		<name>sp24</name>
		<pose>Unspecified</pose>
		<truncated>0</truncated>
		<difficult>0</difficult>
		<bndbox>
			<xmin>1208</xmin>
			<ymin>174</ymin>
			<xmax>1315</xmax>
			<ymax>272</ymax>
		</bndbox>
	</object>
	<object>
		<name>sp24</name>
		<pose>Unspecified</pose>
		<truncated>0</truncated>
		<difficult>0</difficult>
		<bndbox>
			<xmin>1047</xmin>
			<ymin>241</ymin>
			<xmax>1151</xmax>
			<ymax>317</ymax>
		</bndbox>
	</object>
	<object>
		<name>sp24</name>
		<pose>Unspecified</pose>
		<truncated>0</truncated>
		<difficult>0</difficult>
		<bndbox>
			<xmin>880</xmin>
			<ymin>254</ymin>
			<xmax>979</xmax>
			<ymax>342</ymax>
		</bndbox>
	</object>
	<object>
		<name>sp24</name>
		<pose>Unspecified</pose>
		<truncated>0</truncated>
		<difficult>0</difficult>
		<bndbox>
			<xmin>633</xmin>
			<ymin>404</ymin>
			<xmax>768</xmax>
			<ymax>480</ymax>
		</bndbox>
	</object>
	<object>
		<name>sp24</name>
		<pose>Unspecified</pose>
		<truncated>0</truncated>
		<difficult>0</difficult>
		<bndbox>
			<xmin>642</xmin>
			<ymin>471</ymin>
			<xmax>781</xmax>
			<ymax>564</ymax>
		</bndbox>
	</object>
	<object>
		<name>sp24</name>
		<pose>Unspecified</pose>
		<truncated>0</truncated>
		<difficult>0</difficult>
		<bndbox>
			<xmin>405</xmin>
			<ymin>743</ymin>
			<xmax>509</xmax>
			<ymax>855</ymax>
		</bndbox>
	</object>
	<object>
		<name>sp24</name>
		<pose>Unspecified</pose>
		<truncated>0</truncated>
		<difficult>0</difficult>
		<bndbox>
			<xmin>317</xmin>
			<ymin>893</ymin>
			<xmax>418</xmax>
			<ymax>967</ymax>
		</bndbox>
	</object>
	<object>
		<name>sp24</name>
		<pose>Unspecified</pose>
		<truncated>0</truncated>
		<difficult>0</difficult>
		<bndbox>
			<xmin>419</xmin>
			<ymin>999</ymin>
			<xmax>531</xmax>
			<ymax>1058</ymax>
		</bndbox>
	</object>
	<object>
		<name>sp24</name>
		<pose>Unspecified</pose>
		<truncated>0</truncated>
		<difficult>0</difficult>
		<bndbox>
			<xmin>667</xmin>
			<ymin>699</ymin>
			<xmax>765</xmax>
			<ymax>780</ymax>
		</bndbox>
	</object>
	<object>
		<name>sp24</name>
		<pose>Unspecified</pose>
		<truncated>0</truncated>
		<difficult>0</difficult>
		<bndbox>
			<xmin>778</xmin>
			<ymin>729</ymin>
			<xmax>837</xmax>
			<ymax>814</ymax>
		</bndbox>
	</object>
	<object>
		<name>sp24</name>
		<pose>Unspecified</pose>
		<truncated>0</truncated>
		<difficult>0</difficult>
		<bndbox>
			<xmin>822</xmin>
			<ymin>696</ymin>
			<xmax>895</xmax>
			<ymax>786</ymax>
		</bndbox>
	</object>
	<object>
		<name>sp24</name>
		<pose>Unspecified</pose>
		<truncated>0</truncated>
		<difficult>0</difficult>
		<bndbox>
			<xmin>830</xmin>
			<ymin>566</ymin>
			<xmax>906</xmax>
			<ymax>639</ymax>
		</bndbox>
	</object>
	<object>
		<name>sp24</name>
		<pose>Unspecified</pose>
		<truncated>0</truncated>
		<difficult>0</difficult>
		<bndbox>
			<xmin>861</xmin>
			<ymin>610</ymin>
			<xmax>929</xmax>
			<ymax>694</ymax>
		</bndbox>
	</object>
	<object>
		<name>sp24</name>
		<pose>Unspecified</pose>
		<truncated>0</truncated>
		<difficult>0</difficult>
		<bndbox>
			<xmin>944</xmin>
			<ymin>613</ymin>
			<xmax>1037</xmax>
			<ymax>672</ymax>
		</bndbox>
	</object>
	<object>
		<name>sp24</name>
		<pose>Unspecified</pose>
		<truncated>0</truncated>
		<difficult>0</difficult>
		<bndbox>
			<xmin>967</xmin>
			<ymin>557</ymin>
			<xmax>1048</xmax>
			<ymax>619</ymax>
		</bndbox>
	</object>
	<object>
		<name>sp24</name>
		<pose>Unspecified</pose>
		<truncated>0</truncated>
		<difficult>0</difficult>
		<bndbox>
			<xmin>969</xmin>
			<ymin>468</ymin>
			<xmax>1037</xmax>
			<ymax>528</ymax>
		</bndbox>
	</object>
	<object>
		<name>sp24</name>
		<pose>Unspecified</pose>
		<truncated>0</truncated>
		<difficult>0</difficult>
		<bndbox>
			<xmin>1125</xmin>
			<ymin>629</ymin>
			<xmax>1237</xmax>
			<ymax>705</ymax>
		</bndbox>
	</object>
	<object>
		<name>sp24</name>
		<pose>Unspecified</pose>
		<truncated>0</truncated>
		<difficult>0</difficult>
		<bndbox>
			<xmin>1250</xmin>
			<ymin>468</ymin>
			<xmax>1370</xmax>
			<ymax>575</ymax>
		</bndbox>
	</object>
	<object>
		<name>sp24</name>
		<pose>Unspecified</pose>
		<truncated>0</truncated>
		<difficult>0</difficult>
		<bndbox>
			<xmin>1430</xmin>
			<ymin>396</ymin>
			<xmax>1495</xmax>
			<ymax>467</ymax>
		</bndbox>
	</object>
	<object>
		<name>sp24</name>
		<pose>Unspecified</pose>
		<truncated>0</truncated>
		<difficult>0</difficult>
		<bndbox>
			<xmin>1594</xmin>
			<ymin>418</ymin>
			<xmax>1679</xmax>
			<ymax>492</ymax>
		</bndbox>
	</object>
	<object>
		<name>sp24</name>
		<pose>Unspecified</pose>
		<truncated>0</truncated>
		<difficult>0</difficult>
		<bndbox>
			<xmin>1655</xmin>
			<ymin>402</ymin>
			<xmax>1731</xmax>
			<ymax>447</ymax>
		</bndbox>
	</object>
	<object>
		<name>sp24</name>
		<pose>Unspecified</pose>
		<truncated>0</truncated>
		<difficult>0</difficult>
		<bndbox>
			<xmin>1661</xmin>
			<ymin>424</ymin>
			<xmax>1720</xmax>
			<ymax>497</ymax>
		</bndbox>
	</object>
	<object>
		<name>sp24</name>
		<pose>Unspecified</pose>
		<truncated>0</truncated>
		<difficult>0</difficult>
		<bndbox>
			<xmin>1819</xmin>
			<ymin>410</ymin>
			<xmax>1915</xmax>
			<ymax>461</ymax>
		</bndbox>
	</object>
	<object>
		<name>sp24</name>
		<pose>Unspecified</pose>
		<truncated>0</truncated>
		<difficult>0</difficult>
		<bndbox>
			<xmin>1839</xmin>
			<ymin>457</ymin>
			<xmax>1923</xmax>
			<ymax>519</ymax>
		</bndbox>
	</object>
	<object>
		<name>sp24</name>
		<pose>Unspecified</pose>
		<truncated>0</truncated>
		<difficult>0</difficult>
		<bndbox>
			<xmin>1911</xmin>
			<ymin>441</ymin>
			<xmax>2004</xmax>
			<ymax>508</ymax>
		</bndbox>
	</object>
	<object>
		<name>sp24</name>
		<pose>Unspecified</pose>
		<truncated>0</truncated>
		<difficult>0</difficult>
		<bndbox>
			<xmin>2064</xmin>
			<ymin>413</ymin>
			<xmax>2190</xmax>
			<ymax>489</ymax>
		</bndbox>
	</object>
	<object>
		<name>sp24</name>
		<pose>Unspecified</pose>
		<truncated>0</truncated>
		<difficult>0</difficult>
		<bndbox>
			<xmin>1600</xmin>
			<ymin>774</ymin>
			<xmax>1718</xmax>
			<ymax>864</ymax>
		</bndbox>
	</object>
	<object>
		<name>sp24</name>
		<pose>Unspecified</pose>
		<truncated>0</truncated>
		<difficult>0</difficult>
		<bndbox>
			<xmin>1703</xmin>
			<ymin>829</ymin>
			<xmax>1768</xmax>
			<ymax>917</ymax>
		</bndbox>
	</object>
	<object>
		<name>sp24</name>
		<pose>Unspecified</pose>
		<truncated>0</truncated>
		<difficult>0</difficult>
		<bndbox>
			<xmin>1736</xmin>
			<ymin>863</ymin>
			<xmax>1812</xmax>
			<ymax>933</ymax>
		</bndbox>
	</object>
	<object>
		<name>sp24</name>
		<pose>Unspecified</pose>
		<truncated>0</truncated>
		<difficult>0</difficult>
		<bndbox>
			<xmin>1444</xmin>
			<ymin>993</ymin>
			<xmax>1531</xmax>
			<ymax>1061</ymax>
		</bndbox>
	</object>
	<object>
		<name>sp24</name>
		<pose>Unspecified</pose>
		<truncated>0</truncated>
		<difficult>0</difficult>
		<bndbox>
			<xmin>1094</xmin>
			<ymin>885</ymin>
			<xmax>1165</xmax>
			<ymax>939</ymax>
		</bndbox>
	</object>
	<object>
		<name>sp24</name>
		<pose>Unspecified</pose>
		<truncated>0</truncated>
		<difficult>0</difficult>
		<bndbox>
			<xmin>1133</xmin>
			<ymin>938</ymin>
			<xmax>1195</xmax>
			<ymax>1005</ymax>
		</bndbox>
	</object>
	<object>
		<name>sp24</name>
		<pose>Unspecified</pose>
		<truncated>0</truncated>
		<difficult>0</difficult>
		<bndbox>
			<xmin>1092</xmin>
			<ymin>1018</ymin>
			<xmax>1154</xmax>
			<ymax>1067</ymax>
		</bndbox>
	</object>
	<object>
		<name>sp24</name>
		<pose>Unspecified</pose>
		<truncated>0</truncated>
		<difficult>0</difficult>
		<bndbox>
			<xmin>975</xmin>
			<ymin>749</ymin>
			<xmax>1040</xmax>
			<ymax>825</ymax>
		</bndbox>
	</object>
	<object>
		<name>sp24</name>
		<pose>Unspecified</pose>
		<truncated>0</truncated>
		<difficult>0</difficult>
		<bndbox>
			<xmin>1005</xmin>
			<ymin>779</ymin>
			<xmax>1109</xmax>
			<ymax>855</ymax>
		</bndbox>
	</object>
	<object>
		<name>sp24</name>
		<pose>Unspecified</pose>
		<truncated>0</truncated>
		<difficult>0</difficult>
		<bndbox>
			<xmin>800</xmin>
			<ymin>835</ymin>
			<xmax>856</xmax>
			<ymax>894</ymax>
		</bndbox>
	</object>
	<object>
		<name>sp24</name>
		<pose>Unspecified</pose>
		<truncated>0</truncated>
		<difficult>0</difficult>
		<bndbox>
			<xmin>755</xmin>
			<ymin>841</ymin>
			<xmax>820</xmax>
			<ymax>922</ymax>
		</bndbox>
	</object>
	<object>
		<name>sp24</name>
		<pose>Unspecified</pose>
		<truncated>0</truncated>
		<difficult>0</difficult>
		<bndbox>
			<xmin>772</xmin>
			<ymin>910</ymin>
			<xmax>845</xmax>
			<ymax>1008</ymax>
		</bndbox>
	</object>
	<object>
		<name>sp24</name>
		<pose>Unspecified</pose>
		<truncated>0</truncated>
		<difficult>0</difficult>
		<bndbox>
			<xmin>803</xmin>
			<ymin>1024</ymin>
			<xmax>904</xmax>
			<ymax>1122</ymax>
		</bndbox>
	</object>
	<object>
		<name>sp24</name>
		<pose>Unspecified</pose>
		<truncated>0</truncated>
		<difficult>0</difficult>
		<bndbox>
			<xmin>858</xmin>
			<ymin>1129</ymin>
			<xmax>948</xmax>
			<ymax>1217</ymax>
		</bndbox>
	</object>
	<object>
		<name>sp24</name>
		<pose>Unspecified</pose>
		<truncated>0</truncated>
		<difficult>0</difficult>
		<bndbox>
			<xmin>825</xmin>
			<ymin>1202</ymin>
			<xmax>893</xmax>
			<ymax>1258</ymax>
		</bndbox>
	</object>
	<object>
		<name>sp24</name>
		<pose>Unspecified</pose>
		<truncated>0</truncated>
		<difficult>0</difficult>
		<bndbox>
			<xmin>458</xmin>
			<ymin>1074</ymin>
			<xmax>551</xmax>
			<ymax>1150</ymax>
		</bndbox>
	</object>
	<object>
		<name>sp24</name>
		<pose>Unspecified</pose>
		<truncated>0</truncated>
		<difficult>0</difficult>
		<bndbox>
			<xmin>497</xmin>
			<ymin>1127</ymin>
			<xmax>629</xmax>
			<ymax>1205</ymax>
		</bndbox>
	</object>
	<object>
		<name>sp24</name>
		<pose>Unspecified</pose>
		<truncated>0</truncated>
		<difficult>0</difficult>
		<bndbox>
			<xmin>392</xmin>
			<ymin>1166</ymin>
			<xmax>462</xmax>
			<ymax>1233</ymax>
		</bndbox>
	</object>
	<object>
		<name>sp24</name>
		<pose>Unspecified</pose>
		<truncated>0</truncated>
		<difficult>0</difficult>
		<bndbox>
			<xmin>236</xmin>
			<ymin>1293</ymin>
			<xmax>359</xmax>
			<ymax>1383</ymax>
		</bndbox>
	</object>
	<object>
		<name>sp24</name>
		<pose>Unspecified</pose>
		<truncated>0</truncated>
		<difficult>0</difficult>
		<bndbox>
			<xmin>419</xmin>
			<ymin>1227</ymin>
			<xmax>515</xmax>
			<ymax>1336</ymax>
		</bndbox>
	</object>
	<object>
		<name>sp24</name>
		<pose>Unspecified</pose>
		<truncated>0</truncated>
		<difficult>0</difficult>
		<bndbox>
			<xmin>492</xmin>
			<ymin>1210</ymin>
			<xmax>570</xmax>
			<ymax>1253</ymax>
		</bndbox>
	</object>
	<object>
		<name>sp24</name>
		<pose>Unspecified</pose>
		<truncated>0</truncated>
		<difficult>0</difficult>
		<bndbox>
			<xmin>519</xmin>
			<ymin>1241</ymin>
			<xmax>565</xmax>
			<ymax>1308</ymax>
		</bndbox>
	</object>
	<object>
		<name>sp24</name>
		<pose>Unspecified</pose>
		<truncated>0</truncated>
		<difficult>0</difficult>
		<bndbox>
			<xmin>611</xmin>
			<ymin>1357</ymin>
			<xmax>670</xmax>
			<ymax>1428</ymax>
		</bndbox>
	</object>
	<object>
		<name>sp24</name>
		<pose>Unspecified</pose>
		<truncated>0</truncated>
		<difficult>0</difficult>
		<bndbox>
			<xmin>622</xmin>
			<ymin>1404</ymin>
			<xmax>723</xmax>
			<ymax>1478</ymax>
		</bndbox>
	</object>
	<object>
		<name>sp24</name>
		<pose>Unspecified</pose>
		<truncated>0</truncated>
		<difficult>0</difficult>
		<bndbox>
			<xmin>561</xmin>
			<ymin>1641</ymin>
			<xmax>676</xmax>
			<ymax>1711</ymax>
		</bndbox>
	</object>
	<object>
		<name>sp24</name>
		<pose>Unspecified</pose>
		<truncated>0</truncated>
		<difficult>0</difficult>
		<bndbox>
			<xmin>819</xmin>
			<ymin>1474</ymin>
			<xmax>918</xmax>
			<ymax>1569</ymax>
		</bndbox>
	</object>
	<object>
		<name>sp24</name>
		<pose>Unspecified</pose>
		<truncated>0</truncated>
		<difficult>0</difficult>
		<bndbox>
			<xmin>853</xmin>
			<ymin>1274</ymin>
			<xmax>943</xmax>
			<ymax>1361</ymax>
		</bndbox>
	</object>
	<object>
		<name>sp24</name>
		<pose>Unspecified</pose>
		<truncated>0</truncated>
		<difficult>0</difficult>
		<bndbox>
			<xmin>953</xmin>
			<ymin>1321</ymin>
			<xmax>1031</xmax>
			<ymax>1405</ymax>
		</bndbox>
	</object>
	<object>
		<name>sp24</name>
		<pose>Unspecified</pose>
		<truncated>0</truncated>
		<difficult>0</difficult>
		<bndbox>
			<xmin>978</xmin>
			<ymin>1079</ymin>
			<xmax>1068</xmax>
			<ymax>1144</ymax>
		</bndbox>
	</object>
	<object>
		<name>sp24</name>
		<pose>Unspecified</pose>
		<truncated>0</truncated>
		<difficult>0</difficult>
		<bndbox>
			<xmin>1044</xmin>
			<ymin>1116</ymin>
			<xmax>1129</xmax>
			<ymax>1167</ymax>
		</bndbox>
	</object>
	<object>
		<name>sp24</name>
		<pose>Unspecified</pose>
		<truncated>0</truncated>
		<difficult>0</difficult>
		<bndbox>
			<xmin>1069</xmin>
			<ymin>1129</ymin>
			<xmax>1156</xmax>
			<ymax>1222</ymax>
		</bndbox>
	</object>
	<object>
		<name>sp24</name>
		<pose>Unspecified</pose>
		<truncated>0</truncated>
		<difficult>0</difficult>
		<bndbox>
			<xmin>1328</xmin>
			<ymin>1141</ymin>
			<xmax>1412</xmax>
			<ymax>1200</ymax>
		</bndbox>
	</object>
	<object>
		<name>sp24</name>
		<pose>Unspecified</pose>
		<truncated>0</truncated>
		<difficult>0</difficult>
		<bndbox>
			<xmin>1247</xmin>
			<ymin>1332</ymin>
			<xmax>1351</xmax>
			<ymax>1392</ymax>
		</bndbox>
	</object>
	<object>
		<name>sp24</name>
		<pose>Unspecified</pose>
		<truncated>0</truncated>
		<difficult>0</difficult>
		<bndbox>
			<xmin>1086</xmin>
			<ymin>1504</ymin>
			<xmax>1190</xmax>
			<ymax>1569</ymax>
		</bndbox>
	</object>
	<object>
		<name>sp24</name>
		<pose>Unspecified</pose>
		<truncated>0</truncated>
		<difficult>0</difficult>
		<bndbox>
			<xmin>1233</xmin>
			<ymin>1418</ymin>
			<xmax>1326</xmax>
			<ymax>1478</ymax>
		</bndbox>
	</object>
	<object>
		<name>sp24</name>
		<pose>Unspecified</pose>
		<truncated>0</truncated>
		<difficult>0</difficult>
		<bndbox>
			<xmin>1217</xmin>
			<ymin>1466</ymin>
			<xmax>1331</xmax>
			<ymax>1533</ymax>
		</bndbox>
	</object>
	<object>
		<name>sp24</name>
		<pose>Unspecified</pose>
		<truncated>0</truncated>
		<difficult>0</difficult>
		<bndbox>
			<xmin>1378</xmin>
			<ymin>1377</ymin>
			<xmax>1462</xmax>
			<ymax>1444</ymax>
		</bndbox>
	</object>
	<object>
		<name>sp24</name>
		<pose>Unspecified</pose>
		<truncated>0</truncated>
		<difficult>0</difficult>
		<bndbox>
			<xmin>1439</xmin>
			<ymin>1404</ymin>
			<xmax>1540</xmax>
			<ymax>1530</ymax>
		</bndbox>
	</object>
	<object>
		<name>sp24</name>
		<pose>Unspecified</pose>
		<truncated>0</truncated>
		<difficult>0</difficult>
		<bndbox>
			<xmin>1472</xmin>
			<ymin>1296</ymin>
			<xmax>1548</xmax>
			<ymax>1367</ymax>
		</bndbox>
	</object>
	<object>
		<name>sp24</name>
		<pose>Unspecified</pose>
		<truncated>0</truncated>
		<difficult>0</difficult>
		<bndbox>
			<xmin>1714</xmin>
			<ymin>1293</ymin>
			<xmax>1862</xmax>
			<ymax>1392</ymax>
		</bndbox>
	</object>
	<object>
		<name>sp24</name>
		<pose>Unspecified</pose>
		<truncated>0</truncated>
		<difficult>0</difficult>
		<bndbox>
			<xmin>1678</xmin>
			<ymin>1388</ymin>
			<xmax>1754</xmax>
			<ymax>1480</ymax>
		</bndbox>
	</object>
	<object>
		<name>sp24</name>
		<pose>Unspecified</pose>
		<truncated>0</truncated>
		<difficult>0</difficult>
		<bndbox>
			<xmin>1633</xmin>
			<ymin>1460</ymin>
			<xmax>1759</xmax>
			<ymax>1516</ymax>
		</bndbox>
	</object>
	<object>
		<name>sp24</name>
		<pose>Unspecified</pose>
		<truncated>0</truncated>
		<difficult>0</difficult>
		<bndbox>
			<xmin>1992</xmin>
			<ymin>1191</ymin>
			<xmax>2101</xmax>
			<ymax>1267</ymax>
		</bndbox>
	</object>
	<object>
		<name>sp24</name>
		<pose>Unspecified</pose>
		<truncated>0</truncated>
		<difficult>0</difficult>
		<bndbox>
			<xmin>2005</xmin>
			<ymin>1335</ymin>
			<xmax>2101</xmax>
			<ymax>1447</ymax>
		</bndbox>
	</object>
	<object>
		<name>sp24</name>
		<pose>Unspecified</pose>
		<truncated>0</truncated>
		<difficult>0</difficult>
		<bndbox>
			<xmin>2030</xmin>
			<ymin>1424</ymin>
			<xmax>2126</xmax>
			<ymax>1517</ymax>
		</bndbox>
	</object>
	<object>
		<name>sp24</name>
		<pose>Unspecified</pose>
		<truncated>0</truncated>
		<difficult>0</difficult>
		<bndbox>
			<xmin>1914</xmin>
			<ymin>1577</ymin>
			<xmax>2006</xmax>
			<ymax>1675</ymax>
		</bndbox>
	</object>
	<object>
		<name>sp24</name>
		<pose>Unspecified</pose>
		<truncated>0</truncated>
		<difficult>0</difficult>
		<bndbox>
			<xmin>1958</xmin>
			<ymin>1757</ymin>
			<xmax>2045</xmax>
			<ymax>1850</ymax>
		</bndbox>
	</object>
	<object>
		<name>sp24</name>
		<pose>Unspecified</pose>
		<truncated>0</truncated>
		<difficult>0</difficult>
		<bndbox>
			<xmin>1783</xmin>
			<ymin>1816</ymin>
			<xmax>1865</xmax>
			<ymax>1864</ymax>
		</bndbox>
	</object>
	<object>
		<name>sp24</name>
		<pose>Unspecified</pose>
		<truncated>0</truncated>
		<difficult>0</difficult>
		<bndbox>
			<xmin>1847</xmin>
			<ymin>1843</ymin>
			<xmax>1918</xmax>
			<ymax>1903</ymax>
		</bndbox>
	</object>
	<object>
		<name>sp24</name>
		<pose>Unspecified</pose>
		<truncated>0</truncated>
		<difficult>0</difficult>
		<bndbox>
			<xmin>1658</xmin>
			<ymin>2018</ymin>
			<xmax>1748</xmax>
			<ymax>2119</ymax>
		</bndbox>
	</object>
	<object>
		<name>sp24</name>
		<pose>Unspecified</pose>
		<truncated>0</truncated>
		<difficult>0</difficult>
		<bndbox>
			<xmin>1633</xmin>
			<ymin>1918</ymin>
			<xmax>1709</xmax>
			<ymax>2011</ymax>
		</bndbox>
	</object>
	<object>
		<name>sp24</name>
		<pose>Unspecified</pose>
		<truncated>0</truncated>
		<difficult>0</difficult>
		<bndbox>
			<xmin>1772</xmin>
			<ymin>2204</ymin>
			<xmax>1868</xmax>
			<ymax>2319</ymax>
		</bndbox>
	</object>
	<object>
		<name>sp24</name>
		<pose>Unspecified</pose>
		<truncated>0</truncated>
		<difficult>0</difficult>
		<bndbox>
			<xmin>1655</xmin>
			<ymin>2188</ymin>
			<xmax>1701</xmax>
			<ymax>2292</ymax>
		</bndbox>
	</object>
	<object>
		<name>sp24</name>
		<pose>Unspecified</pose>
		<truncated>0</truncated>
		<difficult>0</difficult>
		<bndbox>
			<xmin>1558</xmin>
			<ymin>2166</ymin>
			<xmax>1618</xmax>
			<ymax>2278</ymax>
		</bndbox>
	</object>
	<object>
		<name>sp24</name>
		<pose>Unspecified</pose>
		<truncated>0</truncated>
		<difficult>0</difficult>
		<bndbox>
			<xmin>1436</xmin>
			<ymin>2332</ymin>
			<xmax>1559</xmax>
			<ymax>2392</ymax>
		</bndbox>
	</object>
	<object>
		<name>sp24</name>
		<pose>Unspecified</pose>
		<truncated>0</truncated>
		<difficult>0</difficult>
		<bndbox>
			<xmin>1386</xmin>
			<ymin>2388</ymin>
			<xmax>1462</xmax>
			<ymax>2472</ymax>
		</bndbox>
	</object>
	<object>
		<name>sp24</name>
		<pose>Unspecified</pose>
		<truncated>0</truncated>
		<difficult>0</difficult>
		<bndbox>
			<xmin>1255</xmin>
			<ymin>2221</ymin>
			<xmax>1345</xmax>
			<ymax>2311</ymax>
		</bndbox>
	</object>
	<object>
		<name>sp24</name>
		<pose>Unspecified</pose>
		<truncated>0</truncated>
		<difficult>0</difficult>
		<bndbox>
			<xmin>1194</xmin>
			<ymin>2171</ymin>
			<xmax>1256</xmax>
			<ymax>2325</ymax>
		</bndbox>
	</object>
	<object>
		<name>sp24</name>
		<pose>Unspecified</pose>
		<truncated>0</truncated>
		<difficult>0</difficult>
		<bndbox>
			<xmin>1114</xmin>
			<ymin>2199</ymin>
			<xmax>1215</xmax>
			<ymax>2261</ymax>
		</bndbox>
	</object>
	<object>
		<name>sp24</name>
		<pose>Unspecified</pose>
		<truncated>0</truncated>
		<difficult>0</difficult>
		<bndbox>
			<xmin>2536</xmin>
			<ymin>843</ymin>
			<xmax>2631</xmax>
			<ymax>969</ymax>
		</bndbox>
	</object>
	<object>
		<name>sp24</name>
		<pose>Unspecified</pose>
		<truncated>0</truncated>
		<difficult>0</difficult>
		<bndbox>
			<xmin>2225</xmin>
			<ymin>1371</ymin>
			<xmax>2318</xmax>
			<ymax>1500</ymax>
		</bndbox>
	</object>
	<object>
		<name>sp24</name>
		<pose>Unspecified</pose>
		<truncated>0</truncated>
		<difficult>0</difficult>
		<bndbox>
			<xmin>2225</xmin>
			<ymin>1513</ymin>
			<xmax>2343</xmax>
			<ymax>1633</ymax>
		</bndbox>
	</object>
	<object>
		<name>sp24</name>
		<pose>Unspecified</pose>
		<truncated>0</truncated>
		<difficult>0</difficult>
		<bndbox>
			<xmin>2139</xmin>
			<ymin>1466</ymin>
			<xmax>2243</xmax>
			<ymax>1564</ymax>
		</bndbox>
	</object>
</annotation>