<annotation>
	<folder>my-project-name</folder>
	<filename>sp24_img03.jpg</filename>
	<path>/my-project-name/sp24_img03.jpg</path>
	<source>
		<database>Unspecified</database>
	</source>
	<size>
		<width>2977</width>
		<height>3072</height>
		<depth>3</depth>
	</size>
	<object>
		<name>sp24</name>
		<pose>Unspecified</pose>
		<truncated>0</truncated>
		<difficult>0</difficult>
		<bndbox>
			<xmin>1505</xmin>
			<ymin>1321</ymin>
			<xmax>1623</xmax>
			<ymax>1422</ymax>
		</bndbox>
	</object>
	<object>
		<name>sp24</name>
		<pose>Unspecified</pose>
		<truncated>0</truncated>
		<difficult>0</difficult>
		<bndbox>
			<xmin>2070</xmin>
			<ymin>821</ymin>
			<xmax>2202</xmax>
			<ymax>931</ymax>
		</bndbox>
	</object>
	<object>
		<name>sp24</name>
		<pose>Unspecified</pose>
		<truncated>0</truncated>
		<difficult>0</difficult>
		<bndbox>
			<xmin>1740</xmin>
			<ymin>108</ymin>
			<xmax>1850</xmax>
			<ymax>201</ymax>
		</bndbox>
	</object>
	<object>
		<name>sp24</name>
		<pose>Unspecified</pose>
		<truncated>0</truncated>
		<difficult>0</difficult>
		<bndbox>
			<xmin>244</xmin>
			<ymin>865</ymin>
			<xmax>337</xmax>
			<ymax>966</ymax>
		</bndbox>
	</object>
	<object>
		<name>sp24</name>
		<pose>Unspecified</pose>
		<truncated>0</truncated>
		<difficult>0</difficult>
		<bndbox>
			<xmin>436</xmin>
			<ymin>1174</ymin>
			<xmax>558</xmax>
			<ymax>1275</ymax>
		</bndbox>
	</object>
</annotation>