<annotation>
	<folder>my-project-name</folder>
	<filename>sp24_img02.jpg</filename>
	<path>/my-project-name/sp24_img02.jpg</path>
	<source>
		<database>Unspecified</database>
	</source>
	<size>
		<width>2947</width>
		<height>2890</height>
		<depth>3</depth>
	</size>
	<object>
		<name>sp24</name>
		<pose>Unspecified</pose>
		<truncated>0</truncated>
		<difficult>0</difficult>
		<bndbox>
			<xmin>1754</xmin>
			<ymin>353</ymin>
			<xmax>1835</xmax>
			<ymax>429</ymax>
		</bndbox>
	</object>
	<object>
		<name>sp24</name>
		<pose>Unspecified</pose>
		<truncated>0</truncated>
		<difficult>0</difficult>
		<bndbox>
			<xmin>1685</xmin>
			<ymin>427</ymin>
			<xmax>1786</xmax>
			<ymax>513</ymax>
		</bndbox>
	</object>
	<object>
		<name>sp24</name>
		<pose>Unspecified</pose>
		<truncated>0</truncated>
		<difficult>0</difficult>
		<bndbox>
			<xmin>1285</xmin>
			<ymin>1959</ymin>
			<xmax>1361</xmax>
			<ymax>2060</ymax>
		</bndbox>
	</object>
	<object>
		<name>sp24</name>
		<pose>Unspecified</pose>
		<truncated>0</truncated>
		<difficult>0</difficult>
		<bndbox>
			<xmin>1522</xmin>
			<ymin>2102</ymin>
			<xmax>1628</xmax>
			<ymax>2193</ymax>
		</bndbox>
	</object>
</annotation>